订单号,订单重量(t),坯料钢种,订单直径(mm),订单定尺(mm),所有密度为9.86 g/cm^3
A20260101,28.901,GB40,28.00 ,6400,
A20260102,60.744,GB40,28.00 ,6300,
A20260103,35.372,GB40,28.00 ,6400,
A20260104,40.435,GB40,28.00 ,6400,
A20260105,46.522,GB40,28.00 ,4750,
A20260106,35.524,GB40,28.00 ,4900,
A20260107,52.609,GB40,28.00 ,6100,
A20260108,22.167,GB40,28.00 ,4550,
A20260109,16.128,GB40,28.00 ,5270,
A20260110,47.206,GB40,28.00 ,4900,
A20260111,22.640,GB40,28.00 ,4900,
A20260112,16.319,GB40,28.00 ,4900,
A20260113,60.560,GB40,28.00 ,4900,
A20260114,73.200,GB40,28.00 ,4900,
A20260115,53.027,GB40,28.00 ,4900,
A20260116,22.253,GB40,28.00 ,4900,
A20260117,40.620,GB40,28.00 ,6900,
A20260118,25.320,GB40,28.00 ,4150,
A20260119,116.782,GB40,28.00 ,4900,
A20260120,34.638,GB40,28.00 ,6100,
A20260121,124.908,GB40,28.00 ,6100,
A20260122,124.700,GB40,28.00 ,6100,
A20260123,71.470,GB40,28.00 ,6100,
A20260124,63.270,GB40,28.00 ,6150,
A20260125,46.525,GB40,28.00 ,4450,
A20260126,40.370,GB40,28.00 ,4900,
A20260127,16.074,GB40,28.00 ,4600,
A20260128,22.976,GB40,28.00 ,5400,
A20260129,22.600,GB40,28.00 ,4900,
A20260130,126.200,GB40,28.00 ,4900,
A20260131,55.323,GB40,28.00 ,7900,
A20260132,105.094,GB40,28.00 ,4901,
A20260133,76.352,GB40,28.00 ,4900,
A20260134,34.364,GB40,28.00 ,4900,
A20260135,35.170,GB40,28.00 ,6400,
A20260136,92.784,GB40,28.00 ,6400,
A20260137,79.748,GB40,28.00 ,7900,
A20260138,124.225,GB40,28.00 ,7900,
A20260139,86.540,GB40,28.00 ,7900,
A20260140,16.089,GB40,28.00 ,4900,
A20260141,28.480,GB40,28.00 ,4900,
A20260142,85.360,GB40,28.00 ,6360,
A20260143,25.056,GB40,28.00 ,6070,
A20260144,52.196,GB40,28.00 ,6140,
A20260145,17.660,GB40,28.00 ,6200,
A20260146,33.046,GB40,28.00 ,6200,
A20260147,25.363,GB40,28.00 ,5840,
A20260148,30.600,GB40,28.00 ,6100,
A20260149,22.264,GB40,28.00 ,7900,
A20260150,76.814,GB40,28.00 ,4900,
A20260151,22.740,GB40,28.00 ,6400,
A20260152,26.376,GB40,28.00 ,6400,
A20260153,48.052,GB40,28.00 ,6400,
A20260154,47.992,GB40,28.00 ,4900,
A20260155,84.127,GB40,28.00 ,6550,
A20260156,24.913,GB40,28.00 ,6550,
A20260157,59.140,GB40,28.00 ,6550,
A20260158,41.580,GB40,28.00 ,6250,
A20260159,28.990,GB40,28.00 ,6250,
A20260160,59.140,GB40,28.00 ,6650,
A20260161,120.520,GB40,28.00 ,6650,
A20260162,114.500,GB40,28.00 ,6650,
A20260163,28.460,GB40,28.00 ,6650,
A20260164,34.352,GB40,28.00 ,4700,
A20260165,34.364,GB40,28.00 ,6800,
A20260166,96.088,GB40,28.00 ,6400,
A20260167,25.812,GB40,28.00 ,6400,
A20260168,34.948,GB40,28.00 ,3900,
A20260169,30.505,GB40,28.00 ,4900,
A20260170,18.316,GB40,28.00 ,4900,
A20260171,68.211,GB40,28.00 ,4900,
A20260172,38.945,GB40,28.00 ,4900,
A20260173,22.178,GB40,28.00 ,10680,
A20260174,52.940,GB40,28.00 ,4700,
A20260175,92.400,GB40,28.00 ,4950,
A20260176,22.360,GB40,28.00 ,6100,
A20260177,142.100,GB40,28.00 ,6100,
A20260178,72.025,GB40,28.00 ,6100,
A20260179,38.957,GB40,28.00 ,6100,
A20260180,33.793,GB40,28.00 ,6100,
A20260181,125.240,GB40,28.00 ,6100,
A20260182,55.229,GB40,28.00 ,6100,
A20260183,22.148,GB40,28.00 ,5018,
A20260184,96.331,GB40,28.00 ,6100,
A20260185,51.070,GB40,28.00 ,6100,
A20260186,50.974,GB40,28.00 ,4900,
A20260187,30.680,GB40,28.00 ,5000,
A20260188,75.700,GB40,28.00 ,5000,
A20260189,51.000,GB40,28.00 ,5000,
A20260190,44.119,GB40,28.00 ,5100,
A20260191,26.246,GB40,28.00 ,5200,
A20260192,17.578,GB40,28.00 ,5200,
A20260193,22.405,GB40,28.00 ,6400,
A20260194,22.312,GB40,28.00 ,6400,
A20260195,29.594,GB40,28.00 ,6400,
A20260196,60.386,GB40,28.00 ,6400,
A20260197,48.530,GB40,28.00 ,6400,
A20260198,48.526,GB40,28.00 ,6400,
A20260199,79.354,GB40,28.00 ,6400,
A20260200,63.534,GB40,28.00 ,4900,
A20260201,71.110,GB40,28.00 ,4900,
A20260202,35.368,GB40,28.00 ,6400,
A20260203,52.623,GB40,28.00 ,4900,
A20260204,19.960,GB40,28.00 ,4900,
A20260205,34.160,GB40,28.00 ,4900,
A20260206,35.358,GB40,28.00 ,4900,
A20260207,16.080,GB40,28.00 ,4900,
A20260208,34.364,GB40,28.00 ,4900,
A20260209,72.190,GB40,28.00 ,6400,
A20260210,73.631,GB40,28.00 ,7750,
A20260211,100.935,GB40,28.00 ,7750,
A20260212,45.725,GB40,28.00 ,7750,
A20260213,138.900,GB40,28.00 ,7750,
A20260214,138.910,GB40,28.00 ,7750,
A20260215,138.950,GB40,28.00 ,7750,
A20260216,138.920,GB40,28.00 ,7750,
A20260217,138.890,GB40,28.00 ,7750,
A20260218,34.934,GB40,28.00 ,4900,
A20260219,69.800,GB40,28.00 ,4900,
A20260220,22.178,GB40,28.00 ,4900,
A20260221,45.434,GB40,28.00 ,7000,
A20260222,27.986,GB40,28.00 ,5900,
A20260223,27.980,GB40,28.00 ,4400,
A20260224,21.946,GB40,28.00 ,7000,
A20260225,21.964,GB40,28.00 ,7000,
A20260226,51.930,GB40,28.00 ,5900,
A20260227,22.000,GB40,28.00 ,7000,
A20260228,21.974,GB40,28.00 ,7000,
A20260229,82.020,GB40,28.00 ,7000,
A20260230,40.066,GB40,28.00 ,7000,
A20260231,22.020,GB40,28.00 ,7000,
A20260232,52.006,GB40,28.00 ,7000,
A20260233,52.074,GB40,28.00 ,5900,
A20260234,21.986,GB40,28.00 ,5900,
A20260235,33.994,GB40,28.00 ,5900,
A20260236,22.000,GB40,28.00 ,5900,
A20260237,93.540,GB40,28.00 ,5900,
A20260238,73.614,GB40,28.00 ,8050,
A20260239,51.169,GB40,28.00 ,8050,
A20260240,17.546,GB40,28.00 ,5900,
A20260241,34.720,GB40,28.00 ,4900,
A20260242,30.316,GB40,28.00 ,4900,
A20260243,26.430,GB40,28.00 ,4900,
A20260244,104.770,GB40,28.00 ,4900,
A20260245,49.660,GB40,28.00 ,4900,
A20260246,41.738,GB40,28.00 ,4900,
A20260247,120.560,GB40,28.00 ,4900,
A20260248,136.180,GB40,28.00 ,4900,
A20260249,136.240,GB40,28.00 ,4900,
A20260250,89.108,GB40,28.00 ,4900,
A20260251,83.930,GB40,28.00 ,6100,
A20260252,125.060,GB40,28.00 ,6100,
A20260253,141.600,GB40,28.00 ,6100,
A20260254,125.220,GB40,28.00 ,6100,
A20260255,108.928,GB40,28.00 ,6100,
A20260256,108.934,GB40,28.00 ,6100,
A20260257,109.024,GB40,28.00 ,6100,
A20260258,26.516,GB40,28.00 ,5060,
A20260259,125.420,GB40,28.00 ,5060,
A20260260,22.172,GB40,28.00 ,7240,
A20260261,142.080,GB40,28.00 ,6100,
A20260262,142.040,GB40,28.00 ,6100,
A20260263,125.540,GB40,28.00 ,6100,
A20260264,100.618,GB40,28.00 ,6100,
A20260265,34.722,GB40,28.00 ,4900,
A20260266,125.700,GB40,28.00 ,4900,
A20260267,125.480,GB40,28.00 ,4900,
A20260268,38.889,GB40,28.00 ,4900,
A20260269,96.671,GB40,28.00 ,5600,
A20260270,141.820,GB40,28.00 ,5600,
A20260271,36.488,GB40,28.00 ,11400,
A20260272,34.670,GB40,28.00 ,4900,
A20260273,126.060,GB40,28.00 ,4900,
A20260274,17.540,GB40,28.00 ,8280,
A20260275,36.397,GB40,28.00 ,8280,
A20260276,41.905,GB40,28.00 ,4900,
A20260277,34.852,GB40,28.00 ,4900,
A20260278,79.710,GB40,28.00 ,4900,
A20260279,13.370,GB40,28.00 ,4900,
A20260280,42.776,GB40,28.00 ,4900,
A20260281,67.054,GB40,28.00 ,4500,
A20260282,48.178,GB40,28.00 ,4500,
A20260283,41.815,GB40,28.00 ,4700,
A20260284,95.387,GB40,28.00 ,4900,
A20260285,107.440,GB40,28.00 ,5150,
A20260286,46.273,GB40,28.00 ,4900,
A20260287,22.168,GB40,28.00 ,5360,
A20260288,22.187,GB40,28.00 ,8230,
A20260289,28.267,GB40,28.00 ,11050,
A20260290,22.178,GB40,28.00 ,8400,
A20260291,46.534,GB40,28.00 ,6780,
A20260292,34.336,GB40,28.00 ,7960,
A20260293,22.168,GB40,28.00 ,6840,
A20260294,46.500,GB40,28.00 ,9000,
A20260295,52.588,GB40,28.00 ,8900,
A20260296,22.560,GB40,28.00 ,6400,
A20260297,41.605,GB40,28.00 ,4900,
A20260298,34.328,GB40,28.00 ,4900,
A20260299,58.387,GB40,28.00 ,4900,
A20260300,70.480,GB40,28.00 ,4900,
A20260301,38.952,GB40,28.00 ,4900,
A20260302,143.311,GB40,28.00 ,4500,
A20260303,28.276,GB40,28.00 ,5400,
A20260304,46.575,GB40,28.00 ,4900,
A20260305,22.192,GB40,28.00 ,4900,
A20260306,46.229,GB40,28.00 ,4900,
A20260307,25.162,GB40,28.00 ,6900,
A20260308,41.496,GB40,28.00 ,4900,
A20260309,21.960,GB40,28.00 ,5900,
A20260310,33.993,GB40,28.00 ,5900,
A20260311,33.967,GB40,28.00 ,5900,
A20260312,45.960,GB40,28.00 ,6900,
A20260313,21.986,GB40,28.00 ,6900,
A20260314,27.960,GB40,28.00 ,7000,
A20260315,21.946,GB40,28.00 ,7000,
A20260316,87.874,GB40,28.00 ,7000,
A20260317,75.666,GB40,28.00 ,7000,
A20260318,81.693,GB40,28.00 ,7000,
A20260319,22.026,GB40,28.00 ,7000,
A20260320,40.021,GB40,28.00 ,7000,
A20260321,64.033,GB40,28.00 ,7000,
A20260322,21.960,GB40,28.00 ,7000,
A20260323,52.020,GB40,28.00 ,7000,
A20260324,16.013,GB40,28.00 ,5900,
A20260325,40.027,GB40,28.00 ,5900,
A20260326,22.010,GB40,28.00 ,5900,
A20260327,40.010,GB40,28.00 ,5900,
A20260328,64.060,GB40,28.00 ,5900,
A20260329,22.014,GB40,28.00 ,5900,
A20260330,70.040,GB40,28.00 ,5900,
A20260331,28.020,GB40,28.00 ,5900,
A20260332,22.000,GB40,28.00 ,5900,
A20260333,75.960,GB40,28.00 ,5900,
A20260334,22.026,GB40,28.00 ,5900,
A20260335,34.014,GB40,28.00 ,5900,
A20260336,51.960,GB40,28.00 ,5900,
A20260337,21.926,GB40,28.00 ,5900,
A20260338,34.014,GB40,28.00 ,5900,
A20260339,22.006,GB40,28.00 ,4900,
A20260340,39.985,GB40,28.00 ,4900,
A20260341,89.700,GB40,28.00 ,6400,
A20260342,121.580,GB40,28.00 ,5400,
A20260343,27.849,GB40,28.00 ,5900,
A20260344,22.040,GB40,28.00 ,5900,
A20260345,94.080,GB40,28.00 ,5900,
A20260346,21.920,GB40,28.00 ,5900,
A20260347,27.840,GB40,28.00 ,5900,
A20260348,16.113,GB40,28.00 ,5900,
A20260349,57.844,GB40,28.00 ,5900,
A20260350,45.690,GB40,28.00 ,7000,
A20260351,22.014,GB40,28.00 ,6900,
A20260352,39.940,30C,45.00 ,6900,
A20260353,40.059,30C,45.00 ,5900,
A20260354,52.300,30C,45.00 ,4900,
A20260355,25.045,30C,45.00 ,4900,
A20260356,45.080,30C,45.00 ,4900,
A20260357,105.640,30C,45.00 ,4901,
A20260358,53.868,30C,45.00 ,4901,
A20260359,22.282,30C,45.00 ,7900,
A20260360,21.385,30C,45.00 ,4940,
A20260361,36.537,30C,45.00 ,4900,
A20260362,129.980,30C,45.00 ,4900,
A20260363,129.860,30C,45.00 ,4900,
A20260364,129.940,30C,45.00 ,4900,
A20260365,39.968,30C,45.00 ,4900,
A20260366,21.841,30C,45.00 ,5970,
A20260367,16.489,30C,45.00 ,5970,
A20260368,61.389,30C,45.00 ,5900,
A20260369,61.116,30C,45.00 ,5700,
A20260370,34.288,30C,45.00 ,5220,
A20260371,41.615,30C,45.00 ,4900,
A20260372,72.649,30C,45.00 ,4901,
A20260373,67.862,30C,45.00 ,4901,
A20260374,67.858,30C,45.00 ,4901,
A20260375,59.464,30C,45.00 ,4901,
A20260376,59.464,30C,45.00 ,4901,
A20260377,25.804,30C,45.00 ,6400,
A20260378,102.488,30C,45.00 ,6400,
A20260379,91.944,30C,45.00 ,5000,
A20260380,34.588,30C,45.00 ,5000,
A20260381,16.363,30C,45.00 ,4600,
A20260382,59.060,30C,45.00 ,6350,
A20260383,89.920,30C,45.00 ,6350,
A20260384,25.084,30C,45.00 ,10900,
A20260385,58.720,30C,45.00 ,6540,
A20260386,71.791,30C,45.00 ,4900,
A20260387,51.530,30C,45.00 ,4901,
A20260388,77.792,30C,45.00 ,4901,
A20260389,22.441,30C,45.00 ,4901,
A20260390,100.152,30C,45.00 ,4900,
A20260391,26.388,30C,45.00 ,4900,
A20260392,13.853,30C,45.00 ,6400,
A20260393,29.265,30C,45.00 ,6400,
A20260394,133.500,30C,45.00 ,6400,
A20260395,29.270,30C,45.00 ,6400,
A20260396,108.332,30C,45.00 ,4900,
A20260397,22.291,30C,45.00 ,4900,
A20260398,22.262,30C,45.00 ,5995,
A20260399,34.350,30C,45.00 ,5330,
A20260400,71.160,30C,45.00 ,5330,
A20260401,58.930,30C,45.00 ,5080,
A20260402,58.960,30C,45.00 ,5080,
A20260403,55.364,30C,45.00 ,6100,
A20260404,40.646,30C,45.00 ,4900,
A20260405,22.261,30C,45.00 ,4900,
A20260406,35.028,30C,45.00 ,5300,
A20260407,101.370,30C,45.00 ,4901,
A20260408,34.876,30C,45.00 ,4901,
A20260409,52.931,30C,45.00 ,4750,
A20260410,40.665,30C,45.00 ,4525,
A20260411,65.204,30C,45.00 ,4780,
A20260412,40.360,30C,45.00 ,4900,
A20260413,34.600,30C,45.00 ,4950,
A20260414,34.373,30C,45.00 ,5400,
A20260415,40.400,30C,45.00 ,5400,
A20260416,46.540,30C,45.00 ,5400,
A20260417,34.347,30C,45.00 ,5400,
A20260418,21.851,30C,45.00 ,6400,
A20260419,25.728,30C,45.00 ,6400,
A20260420,37.516,30C,45.00 ,6400,
A20260421,35.512,30C,45.00 ,6400,
A20260422,101.224,30C,45.00 ,4901,
A20260423,30.730,30C,45.00 ,4901,
A20260424,73.310,30C,45.00 ,6400,
A20260425,16.293,30C,45.00 ,5900,
A20260426,47.749,30C,45.00 ,4900,
A20260427,22.586,30C,45.00 ,4900,
A20260428,84.628,30C,45.00 ,4900,
A20260429,30.680,30C,45.00 ,4900,
A20260430,48.273,30C,45.00 ,4901,
A20260431,48.280,30C,45.00 ,4901,
A20260432,60.487,30C,45.00 ,6400,
A20260433,122.397,30C,45.00 ,4900,
A20260434,16.423,30C,45.00 ,4900,
A20260435,144.800,30C,45.00 ,4900,
A20260436,129.900,30C,45.00 ,4900,
A20260437,99.880,30C,45.00 ,4900,
A20260438,21.253,30C,45.00 ,4900,
A20260439,39.960,30C,45.00 ,4900,
A20260440,22.642,30C,45.00 ,4900,
A20260441,16.094,30C,45.00 ,6400,
A20260442,45.433,30C,45.00 ,4900,
A20260443,49.510,30C,45.00 ,4900,
A20260444,49.984,30C,45.00 ,4900,
A20260445,44.986,30C,45.00 ,4900,
A20260446,29.089,30C,45.00 ,4500,
A20260447,64.800,30C,45.00 ,8150,
A20260448,22.180,30C,45.00 ,7200,
A20260449,52.637,30C,45.00 ,7080,
A20260450,118.787,30C,45.00 ,4900,
A20260451,100.012,30C,45.00 ,4900,
A20260452,40.008,30C,45.00 ,4900,
A20260453,130.120,30C,45.00 ,4900,
A20260454,85.310,30C,45.00 ,4900,
A20260455,32.590,30C,45.00 ,4900,
A20260456,24.852,30C,45.00 ,4900,
A20260457,24.852,30C,45.00 ,4900,
A20260458,24.852,30C,45.00 ,4900,
A20260459,24.852,30C,45.00 ,4900,
A20260460,54.542,30C,45.00 ,4900,
A20260461,63.327,30C,45.00 ,4900,
A20260462,29.590,30C,45.00 ,4900,
A20260463,36.663,30C,45.00 ,4900,
A20260464,28.740,30C,45.00 ,4900,
A20260465,28.740,30C,45.00 ,4900,
A20260466,28.740,30C,45.00 ,4900,
A20260467,66.220,30C,45.00 ,4900,
A20260468,16.425,30C,45.00 ,4900,
A20260469,95.400,30C,45.00 ,4900,
A20260470,138.130,30C,45.00 ,4900,
A20260471,58.784,30C,45.00 ,4900,
A20260472,83.176,30C,45.00 ,4900,
A20260473,34.580,30C,45.00 ,4900,
A20260474,28.435,30C,45.00 ,4900,
A20260475,65.305,30C,45.00 ,4900,
A20260476,40.455,30C,45.00 ,7400,
A20260477,40.455,30C,45.00 ,6600,
A20260478,40.415,30C,45.00 ,6300,
A20260479,46.498,30C,45.00 ,10900,
A20260480,22.180,30C,45.00 ,11000,
A20260481,40.168,30C,45.00 ,8970,
A20260482,43.947,30C,45.00 ,8970,
A20260483,23.156,30C,45.00 ,8100,
A20260484,44.529,30C,45.00 ,8780,
A20260485,55.400,30C,45.00 ,9340,
A20260486,59.348,30C,45.00 ,9340,
A20260487,20.576,30C,45.00 ,9340,
A20260488,70.827,30C,45.00 ,10000,
A20260489,40.385,30C,45.00 ,10060,
A20260490,40.385,30C,45.00 ,10060,
A20260491,40.385,30C,45.00 ,5300,
A20260492,22.182,30C,45.00 ,5300,
A20260493,22.191,30C,45.00 ,5200,
A20260494,34.328,30C,45.00 ,4900,
A20260495,55.584,30C,45.00 ,4900,
A20260496,34.870,30C,45.00 ,4900,
A20260497,30.725,30C,45.00 ,3800,
A20260498,49.984,30C,45.00 ,4600,
A20260499,30.050,30C,45.00 ,4900,
A20260500,45.378,30C,45.00 ,4900,
A20260501,15.826,30C,45.00 ,6000,
A20260502,16.065,30C,45.00 ,4900,
A20260503,110.100,30C,45.00 ,4900,
A20260504,22.610,30C,45.00 ,6400,
A20260505,58.683,30C,45.00 ,6400,
A20260506,26.492,30C,45.00 ,4900,
A20260507,51.290,30C,45.00 ,4900,
A20260508,51.290,30C,45.00 ,4900,
A20260509,43.040,30C,45.00 ,4900,
A20260510,47.170,30C,45.00 ,4900,
A20260511,62.444,30C,45.00 ,4900,
A20260512,72.288,30C,45.00 ,6400,
A20260513,30.722,30C,45.00 ,4900,
A20260514,76.320,30C,45.00 ,4900,
A20260515,30.725,30C,45.00 ,4901,
A20260516,59.188,30C,45.00 ,4901,
A20260517,50.990,30C,45.00 ,4901,
A20260518,48.280,30C,45.00 ,6400,
A20260519,48.280,30C,45.00 ,6400,
A20260520,124.830,30C,45.00 ,6400,
A20260521,29.128,30C,45.00 ,6400,
A20260522,143.730,30C,45.00 ,6400,
A20260523,86.488,30C,45.00 ,6400,
A20260524,22.560,30C,45.00 ,5550,
A20260525,26.588,30C,45.00 ,6700,
A20260526,26.588,30C,45.00 ,5900,
A20260527,34.882,30C,45.00 ,5700,
A20260528,47.305,30C,45.00 ,4900,
A20260529,80.533,30C,45.00 ,4900,
A20260530,55.647,30C,45.00 ,4900,
A20260531,72.160,30C,45.00 ,4900,
A20260532,30.720,30C,45.00 ,4700,
A20260533,80.456,30C,45.00 ,4900,
A20260534,63.768,30C,45.00 ,4900,
A20260535,34.882,30C,45.00 ,4900,
A20260536,41.465,30C,45.00 ,6280,
A20260537,16.253,30C,45.00 ,4970,
A20260538,36.805,30C,45.00 ,4970,
A20260539,53.340,30C,45.00 ,4900,
A20260540,33.658,30C,45.00 ,4900,
A20260541,41.250,30C,45.00 ,4420,
A20260542,68.930,30C,45.00 ,4420,
A20260543,89.703,30C,45.00 ,4420,
A20260544,46.795,30C,45.00 ,4675,
A20260545,22.268,30C,45.00 ,4675,
A20260546,70.720,30C,45.00 ,4900,
A20260547,44.135,30C,45.00 ,4900,
A20260548,36.565,30C,45.00 ,4900,
A20260549,44.155,30C,45.00 ,4900,
A20260550,63.807,30C,45.00 ,4900,
A20260551,54.450,30C,45.00 ,7392,
A20260552,120.320,30C,45.00 ,4900,
A20260553,138.690,30C,45.00 ,4900,
A20260554,138.710,30C,45.00 ,4900,
A20260555,83.520,30C,45.00 ,4900,
A20260556,87.843,30C,45.00 ,4930,
A20260557,16.152,30C,45.00 ,7300,
A20260558,25.819,30C,45.00 ,7300,
A20260559,22.224,30C,45.00 ,7300,
A20260560,22.220,30C,45.00 ,10900,
A20260561,22.220,30C,45.00 ,10620,
A20260562,28.360,30C,45.00 ,10620,
A20260563,28.333,30C,45.00 ,10620,
A20260564,28.327,30C,45.00 ,10620,
A20260565,25.861,30C,45.00 ,10620,
A20260566,58.648,30C,45.00 ,6250,
A20260567,22.224,30C,45.00 ,5150,
A20260568,28.231,30C,45.00 ,5150,
A20260569,28.234,30C,45.00 ,5150,
A20260570,41.485,30C,45.00 ,4900,
A20260571,35.188,30C,45.00 ,4900,
A20260572,50.020,30C,45.00 ,4900,
A20260573,110.020,30C,45.00 ,4900,
A20260574,50.020,30C,45.00 ,4900,
A20260575,20.020,30C,45.00 ,4900,
A20260576,25.020,30C,45.00 ,4900,
A20260577,45.040,30C,45.00 ,4900,
A20260578,34.965,30C,45.00 ,4900,
A20260579,16.140,30C,45.00 ,6400,
A20260580,34.955,30C,45.00 ,4900,
A20260581,25.000,30C,45.00 ,4900,
A20260582,24.960,30C,45.00 ,4900,
A20260583,54.935,30C,45.00 ,4900,
A20260584,49.500,30C,45.00 ,4900,
A20260585,33.568,30C,45.00 ,7000,
A20260586,25.712,30C,45.00 ,7200,
A20260587,109.980,30C,45.00 ,4900,
A20260588,41.246,30C,45.00 ,4900,
A20260589,22.514,30C,45.00 ,4900,
A20260590,84.960,30C,45.00 ,4900,
A20260591,35.040,30C,45.00 ,4900,
A20260592,75.095,30C,45.00 ,4900,
A20260593,47.777,30C,45.00 ,4900,
A20260594,22.626,30C,45.00 ,4900,
A20260595,28.939,30C,45.00 ,4900,
A20260596,29.500,30C,45.00 ,4900,
A20260597,39.358,30C,45.00 ,4900,
A20260598,29.880,30C,45.00 ,4900,
A20260599,44.805,30C,45.00 ,4900,
A20260600,30.735,30C,45.00 ,4900,
A20260601,22.441,30C,45.00 ,4900,
A20260602,29.089,30C,45.00 ,4500,
A20260603,29.079,30C,45.00 ,4700,
A20260604,29.020,30C,45.00 ,4700,
A20260605,29.947,30C,45.00 ,4900,
A20260606,24.996,30C,45.00 ,4900,
A20260607,79.976,30C,45.00 ,5900,
A20260608,65.022,30C,45.00 ,5900,
A20260609,22.150,30C,45.00 ,8650,
A20260610,46.450,30C,45.00 ,8200,
A20260611,22.300,30C,45.00 ,8200,
A20260612,40.750,30C,45.00 ,11120,
A20260613,40.555,30C,45.00 ,4830,
A20260614,71.110,30C,45.00 ,4830,
A20260615,40.407,30C,45.00 ,8120,
A20260616,43.168,30C,45.00 ,5900,
A20260617,30.722,30C,45.00 ,6900,
A20260618,18.294,30C,45.00 ,6900,
A20260619,29.020,30C,45.00 ,4900,
A20260620,35.026,30C,45.00 ,4900,
A20260621,19.974,30C,45.00 ,4900,
A20260622,19.986,30C,45.00 ,4900,
A20260623,29.984,30C,45.00 ,4900,
A20260624,19.910,30C,45.00 ,6300,
A20260625,14.965,30C,45.00 ,6300,
A20260626,64.905,30C,45.00 ,4900,
A20260627,29.940,30C,45.00 ,4900,
A20260628,69.940,30C,45.00 ,4900,
A20260629,55.702,30C,45.00 ,4900,
A20260630,111.005,30C,45.00 ,4900,
A20260631,69.785,30C,45.00 ,4900,
A20260632,37.175,30C,45.00 ,4900,
A20260633,26.247,30C,45.00 ,4900,
A20260634,142.520,30C,45.00 ,4900,
A20260635,60.480,30C,45.00 ,4900,
A20260636,30.045,30C,45.00 ,4900,
A20260637,24.955,30C,45.00 ,4900,
A20260638,50.100,30C,45.00 ,4900,
A20260639,45.070,30C,45.00 ,4900,
A20260640,45.070,30C,45.00 ,4900,
A20260641,22.150,30C,45.00 ,6850,
A20260642,29.032,30C,45.00 ,4900,
A20260643,30.735,30C,45.00 ,6900,
A20260644,30.735,30C,45.00 ,4900,
A20260645,22.291,30C,45.00 ,4800,
A20260646,18.280,30C,45.00 ,4900,
A20260647,34.882,30C,45.00 ,4900,
A20260648,47.677,30C,45.00 ,3820,
A20260649,15.383,30C,45.00 ,3820,
A20260650,43.160,30C,45.00 ,4700,
A20260651,38.945,30C,45.00 ,4700,
A20260652,22.278,30C,45.00 ,5400,
A20260653,52.973,30C,45.00 ,5470,
A20260654,35.376,30C,45.00 ,4900,
A20260655,41.720,30C,45.00 ,4900,
A20260656,22.748,30C,45.00 ,6400,
A20260657,28.455,30C,45.00 ,12300,
A20260658,20.543,30C,45.00 ,12300,
A20260659,89.430,30C,45.00 ,4790,
A20260660,28.915,30C,45.00 ,4900,
A20260661,129.719,30C,45.00 ,4900,
A20260662,24.955,30C,45.00 ,4900,
A20260663,24.985,30C,45.00 ,4900,
A20260664,14.995,30C,45.00 ,4900,
A20260665,29.970,30C,45.00 ,4900,
A20260666,90.080,30C,45.00 ,4900,
A20260667,70.040,30C,45.00 ,4900,
A20260668,35.020,30C,45.00 ,4900,
A20260669,45.020,30C,45.00 ,4900,
A20260670,54.995,30C,45.00 ,4900,
A20260671,34.935,30C,45.00 ,4900,
A20260672,30.040,30C,45.00 ,4900,
A20260673,30.080,30C,45.00 ,4900,
A20260674,123.560,30C,45.00 ,4900,
A20260675,100.881,30C,45.00 ,4900,
A20260676,39.029,30C,45.00 ,6400,
A20260677,47.327,30C,45.00 ,6401,
A20260678,18.288,30C,45.00 ,6401,
A20260679,55.584,30C,45.00 ,4900,
A20260680,55.496,30C,45.00 ,4700,
A20260681,48.064,30C,45.00 ,7000,
A20260682,29.036,30C,45.00 ,4900,
A20260683,26.540,30C,45.00 ,4900,
A20260684,26.544,30C,45.00 ,4900,
A20260685,22.218,30C,45.00 ,6400,
A20260686,22.218,30C,45.00 ,5300,
A20260687,28.507,30C,45.00 ,9540,
A20260688,15.288,30C,45.00 ,9540,
A20260689,28.325,30C,45.00 ,9540,
A20260690,28.322,30C,45.00 ,9540,
A20260691,22.150,30C,45.00 ,6250,
A20260692,23.156,30C,45.00 ,10500,
A20260693,34.882,30C,45.00 ,4900,
A20260694,22.295,30C,45.00 ,4930,
A20260695,30.465,30C,45.00 ,4930,
A20260696,22.282,30C,45.00 ,5530,
A20260697,25.787,30C,45.00 ,5530,
A20260698,95.660,30C,45.00 ,5530,
A20260699,46.768,30C,45.00 ,5530,
A20260700,46.772,30C,45.00 ,5600,
A20260701,41.751,30C,45.00 ,4900,
A20260702,73.560,30C,45.00 ,4700,
A20260703,28.360,30C,45.00 ,6300,
A20260704,28.400,30C,45.00 ,6300,
A20260705,22.222,30C,45.00 ,10860,
A20260706,28.450,30C,45.00 ,11540,
A20260707,26.439,30C,45.00 ,9520,
A20260708,46.450,30C,45.00 ,7400,
A20260709,28.230,30C,45.00 ,5300,
A20260710,53.067,30C,45.00 ,5300,
A20260711,41.642,30C,45.00 ,5300,
A20260712,77.023,30C,45.00 ,5300,
A20260713,13.364,30C,45.00 ,7400,
A20260714,33.546,30C,45.00 ,7400,
A20260715,25.710,30C,45.00 ,7400,
A20260716,98.368,30C,45.00 ,4900,
A20260717,75.518,30C,45.00 ,6400,
A20260718,35.020,30C,45.00 ,7000,
A20260719,66.280,30C,45.00 ,7000,
A20260720,109.660,30C,45.00 ,7000,
A20260721,28.780,30C,45.00 ,7000,
A20260722,41.240,30C,45.00 ,7000,
A20260723,47.968,30C,45.00 ,4940,
A20260724,22.642,30C,45.00 ,4940,
A20260725,54.244,30C,45.00 ,4900,
A20260726,55.430,30C,45.00 ,4900,
A20260727,43.024,30C,45.00 ,4900,
A20260728,43.024,30C,45.00 ,4900,
A20260729,22.268,30C,45.00 ,4795,
A20260730,83.608,30C,45.00 ,4815,
A20260731,37.344,30C,45.00 ,4900,
A20260732,20.976,30C,45.00 ,5200,
A20260733,28.494,30C,45.00 ,5200,
A20260734,102.130,30C,45.00 ,5900,
A20260735,41.780,30C,45.00 ,4630,
A20260736,34.290,30C,45.00 ,4900,
A20260737,19.036,30C,45.00 ,4900,
A20260738,97.924,30C,45.00 ,4900,
A20260739,19.249,30C,45.00 ,4900,
A20260740,94.956,30C,45.00 ,4900,
A20260741,33.646,30C,45.00 ,4900,
A20260742,57.316,30C,45.00 ,4700,
A20260743,48.552,30C,45.00 ,6400,
A20260744,79.354,30C,45.00 ,6400,
A20260745,33.118,30C,45.00 ,6400,
A20260746,53.491,UE503,45.00 ,6600,
A20260747,96.986,UE503,45.00 ,5800,
A20260748,42.720,UE503,45.00 ,4900,
A20260749,47.080,UE503,45.00 ,8650,
A20260750,29.240,UE503,45.00 ,6400,
A20260751,16.598,UE503,45.00 ,6400,
A20260752,40.789,UE503,45.00 ,6400,
A20260753,23.193,UE503,45.00 ,6400,
A20260754,73.530,UE503,45.00 ,6400,
A20260755,41.630,UE503,45.00 ,7900,
A20260756,38.630,UE503,45.00 ,7900,
A20260757,46.972,UE503,45.00 ,7900,
A20260758,125.010,UE503,45.00 ,7900,
A20260759,63.400,UE503,45.00 ,4850,
A20260760,63.780,UE503,45.00 ,4400,
A20260761,22.712,UE503,45.00 ,4400,
A20260762,35.421,UE503,45.00 ,4400,
A20260763,48.106,UE503,45.00 ,4400,
A20260764,73.507,UE503,45.00 ,4400,
A20260765,16.351,UE503,45.00 ,4400,
A20260766,22.656,UE503,38.00 ,4900,
A20260767,20.020,UE503,38.00 ,4900,
A20260768,25.192,UE503,38.00 ,4900,
A20260769,54.192,UE503,38.00 ,4900,
A20260770,16.213,UE503,38.00 ,6400,
A20260771,21.880,UE503,38.00 ,4900,
A20260772,41.640,UE503,38.00 ,4900,
A20260773,41.640,UE503,38.00 ,4900,
A20260774,40.555,UE503,38.00 ,4900,
A20260775,58.880,UE503,38.00 ,4900,
A20260776,47.278,UE503,38.00 ,4900,
A20260777,40.828,UE503,38.00 ,6400,
A20260778,44.749,UE503,38.00 ,6400,
A20260779,63.859,UE503,38.00 ,4900,
A20260780,76.288,UE503,38.00 ,4901,
A20260781,22.413,UE503,38.00 ,4901,
A20260782,22.435,UE503,38.00 ,4901,
A20260783,140.486,UE503,38.00 ,4901,
A20260784,59.080,UE503,38.00 ,7900,
A20260785,120.515,UE503,38.00 ,5000,
A20260786,92.059,UE503,38.00 ,5000,
A20260787,26.392,UE503,38.00 ,5000,
A20260788,22.276,UE503,38.00 ,6000,
A20260789,22.270,UE503,38.00 ,5995,
A20260790,71.350,UE503,38.00 ,5995,
A20260791,28.405,UE503,38.00 ,4795,
A20260792,52.955,UE503,38.00 ,4930,
A20260793,40.675,UE503,38.00 ,4930,
A20260794,26.580,UE503,38.00 ,4900,
A20260795,88.831,UE503,38.00 ,4900,
A20260796,30.745,UE503,38.00 ,4901,
A20260797,43.184,UE503,38.00 ,4901,
A20260798,92.960,UE503,38.00 ,4901,
A20260799,42.944,UE503,38.00 ,6450,
A20260800,22.443,UE503,38.00 ,4901,
A20260801,72.168,UE503,38.00 ,4901,
A20260802,126.280,UE503,38.00 ,4901,
A20260803,126.280,UE503,38.00 ,4901,
A20260804,93.100,UE503,38.00 ,4901,
A20260805,43.240,UE503,38.00 ,4900,
A20260806,25.194,UE503,38.00 ,4900,
A20260807,13.036,UE503,38.00 ,4900,
A20260808,28.279,UE503,38.00 ,6140,
A20260809,40.560,UE503,38.00 ,5840,
A20260810,71.420,UE503,38.00 ,6550,
A20260811,22.480,UE503,38.00 ,4900,
A20260812,75.610,UE503,38.00 ,4950,
A20260813,80.880,UE503,38.00 ,5010,
A20260814,34.700,UE503,38.00 ,5010,
A20260815,40.926,UE503,38.00 ,4850,
A20260816,59.556,UE503,38.00 ,4850,
A20260817,43.980,UE503,38.00 ,4850,
A20260818,89.755,UE503,38.00 ,5980,
A20260819,53.204,UE503,38.00 ,5980,
A20260820,41.060,UE503,38.00 ,4900,
A20260821,40.555,UE503,38.00 ,4900,
A20260822,22.186,UE503,38.00 ,10000,
A20260823,22.192,UE503,38.00 ,10000,
A20260824,22.222,UE503,38.00 ,5620,
A20260825,34.754,UE503,38.00 ,4700,
A20260826,28.233,UE503,38.00 ,4900,
A20260827,40.864,UE503,38.00 ,6400,
A20260828,22.444,UE503,38.00 ,4900,
A20260829,34.692,UE503,38.00 ,4900,
A20260830,42.464,UE503,38.00 ,4900,
A20260831,142.860,UE503,38.00 ,4901,
A20260832,92.960,UE503,38.00 ,4901,
A20260833,59.760,UE503,38.00 ,4901,
A20260834,142.740,UE503,38.00 ,4901,
A20260835,126.520,UE503,38.00 ,4901,
A20260836,51.540,UE503,38.00 ,4901,
A20260837,22.280,UE503,38.00 ,4900,
A20260838,28.640,UE503,38.00 ,4900,
A20260839,57.929,UE503,38.00 ,4900,
A20260840,28.414,UE503,38.00 ,4900,
A20260841,84.780,UE503,38.00 ,6500,
A20260842,51.470,UE503,38.00 ,6500,
A20260843,28.874,UE503,38.00 ,4900,
A20260844,34.875,UE503,38.00 ,4900,
A20260845,40.370,UE503,38.00 ,7000,
A20260846,85.880,UE503,38.00 ,6100,
A20260847,40.366,UE503,38.00 ,6100,
A20260848,51.970,UE503,38.00 ,7001,
A20260849,22.213,UE503,38.00 ,7001,
A20260850,29.598,UE503,38.00 ,7001,
A20260851,21.840,UE503,38.00 ,6900,
A20260852,93.800,UE503,38.00 ,6900,
A20260853,22.000,UE503,38.00 ,6900,
A20260854,93.800,UE503,38.00 ,7000,
A20260855,22.014,UE503,38.00 ,7000,
A20260856,93.946,UE503,38.00 ,7000,
A20260857,33.947,UE503,38.00 ,7000,
A20260858,88.507,UE503,38.00 ,4900,
A20260859,34.890,UE503,38.00 ,4940,
A20260860,22.444,UE503,38.00 ,4901,
A20260861,72.120,UE503,38.00 ,4901,
A20260862,46.828,UE503,38.00 ,4900,
A20260863,34.507,UE503,38.00 ,4860,
A20260864,40.511,UE503,38.00 ,4860,
A20260865,25.089,UE503,38.00 ,5000,
A20260866,47.293,UE503,38.00 ,5000,
A20260867,25.724,XL2,38.00 ,4900,
A20260868,96.494,XL2,38.00 ,4900,
A20260869,34.692,XL2,38.00 ,4900,
A20260870,47.112,XL2,38.00 ,5210,
A20260871,47.284,XL2,38.00 ,5210,
A20260872,92.340,XL2,38.00 ,5210,
A20260873,26.929,XL2,38.00 ,4900,
A20260874,65.557,XL2,38.00 ,4900,
A20260875,22.173,XL2,38.00 ,4900,
A20260876,34.848,XL2,38.00 ,4900,
A20260877,22.432,42A,34.00 ,4901,
A20260878,65.926,42A,34.00 ,4901,
A20260879,55.612,42A,34.00 ,4901,
A20260880,33.858,42A,34.00 ,4901,
A20260881,34.324,42A,34.00 ,7250,
A20260882,40.455,42A,34.00 ,7250,
A20260883,28.509,42A,34.00 ,4900,
A20260884,42.940,42A,34.00 ,5700,
A20260885,125.200,42A,34.00 ,5700,
A20260886,67.792,42A,34.00 ,5700,
A20260887,67.788,42A,34.00 ,5110,
A20260888,125.580,42A,34.00 ,6100,
A20260889,125.520,42A,34.00 ,6100,
A20260890,108.948,42A,34.00 ,6100,
A20260891,125.740,42A,34.00 ,6100,
A20260892,125.480,42A,34.00 ,6100,
A20260893,141.720,42A,34.00 ,6100,
A20260894,42.944,42A,34.00 ,6100,
A20260895,67.652,42A,34.00 ,5410,
A20260896,26.472,42A,34.00 ,4900,
A20260897,28.232,42A,34.00 ,4900,
A20260898,34.692,42A,34.00 ,6290,
A20260899,38.833,42A,34.00 ,6290,
A20260900,75.904,SALE01,34.00 ,4900,
A20260901,30.587,SALE01,34.00 ,5110,
A20260902,88.299,SALE01,34.00 ,5110,
A20260903,47.081,SALE01,34.00 ,6100,
A20260904,38.812,SALE01,34.00 ,6100,
A20260905,41.075,SALE01,34.00 ,4901,
A20260906,22.344,SALE01,34.00 ,5750,
A20260907,40.150,SALE01,34.00 ,6290,
A20260908,16.153,SALE01,34.00 ,4900,
A20260909,43.425,SALE01,34.00 ,4900,
A20260910,25.692,SALE01,34.00 ,9140,
A20260911,26.464,SALE02,24.00 ,4900,
A20260912,58.240,SALE02,24.00 ,6335,
A20260913,22.060,SALE02,24.00 ,6065,
A20260914,37.740,SALE02,24.00 ,4900,
A20260915,19.294,SALE02,24.00 ,4900,
A20260916,34.530,SALE02,24.00 ,4900,
A20260917,134.870,SALE02,24.00 ,4900,
A20260918,34.920,SALE02,24.00 ,4900,
A20260919,31.880,SALE02,24.00 ,4900,
A20260920,37.430,SALE02,24.00 ,4900,
A20260921,13.170,SALE02,24.00 ,4900,
A20260922,22.430,SALE03,24.00 ,4900,
A20260923,97.015,SALE03,24.00 ,4901,
A20260924,84.564,SALE03,24.00 ,4901,
A20260925,121.820,SALE03,24.00 ,4901,
A20260926,122.000,SALE03,24.00 ,4901,
A20260927,22.276,SALE03,24.00 ,4900,
A20260928,37.250,SALE03,24.00 ,4900,
A20260929,92.250,SALE03,24.00 ,7850,
A20260930,129.720,SALE03,24.00 ,7850,
A20260931,21.250,SALE03,24.00 ,7850,
A20260932,65.605,SALE03,24.00 ,4900,
A20260933,50.865,SALE03,24.00 ,5900,
A20260934,22.573,SALE03,24.00 ,4900,
A20260935,29.860,SALE03,24.00 ,4900,
A20260936,35.320,SALE03,24.00 ,4900,
A20260937,34.894,SALE03,24.00 ,4900,
A20260938,40.140,SALE03,24.00 ,5215,
A20260939,34.120,SALE03,24.00 ,5215,
A20260940,142.580,SALE03,24.00 ,5370,
A20260941,42.928,SALE04,27.80 ,6100,
A20260942,30.580,SALE04,27.80 ,6100,
A20260943,26.476,SALE04,27.80 ,4900,
A20260944,59.488,SALE04,27.80 ,4900,
A20260945,75.972,SALE04,27.80 ,5100,
A20260946,63.679,SALE04,27.80 ,5100,
A20260947,54.119,SALE04,27.80 ,5100,
A20260948,80.023,SALE04,27.80 ,5100,
A20260949,22.344,SALE04,27.80 ,-1100,
A20260950,114.800,SALE04,27.80 ,4900,
A20260951,103.040,SALE04,27.80 ,4900,
A20260952,43.024,SALE04,27.80 ,4900,
A20260953,40.150,SALE04,27.80 ,6010,
A20260954,34.376,SALE04,27.80 ,4680,
A20260955,22.122,SALE04,27.80 ,4680,
A20260956,28.189,SALE04,27.80 ,4680,
A20260957,34.108,SALE04,27.80 ,5050,
A20260958,64.252,SALE04,27.80 ,5148,
A20260959,28.282,SALE04,27.80 ,4480,
A20260960,34.252,SALE04,27.80 ,4480,
A20260961,22.372,SALE04,27.80 ,4480,
A20260962,34.136,SALE04,27.80 ,4820,
A20260963,28.186,SALE04,27.80 ,5520,
A20260964,46.180,SALE04,27.80 ,5985,
A20260965,22.282,SALE05,23.00 ,7900,
A20260966,35.494,SALE05,23.00 ,4900,
A20260967,22.447,SALE05,23.00 ,4901,
A20260968,40.126,SALE05,23.00 ,6100,
A20260969,50.483,SALE05,23.00 ,6100,
A20260970,15.061,SALE05,23.00 ,6100,
A20260971,48.124,SALE05,23.00 ,6300,
A20260972,28.333,SALE05,23.00 ,8100,
A20260973,22.372,SALE05,23.00 ,4670,
A20260974,22.060,SALE05,23.00 ,6105,
A20260975,40.560,SALE05,23.00 ,5348,
A20260976,28.336,SALE05,23.00 ,5176,
A20260977,22.224,SALE05,23.00 ,5944,
A20260978,30.750,SALE05,23.00 ,4900,
A20260979,34.130,SALE05,23.00 ,4840,
A20260980,22.228,SALE05,23.00 ,4840,
A20260981,46.672,SALE05,23.00 ,4530,
A20260982,28.333,SALE06,23.00 ,9950,
A20260983,22.222,SALE06,23.00 ,8100,
A20260984,22.222,SALE06,23.00 ,9160,
A20260985,69.040,SALE06,23.00 ,6400,
A20260986,13.933,SALE06,23.00 ,6400,
A20260987,35.460,SALE06,23.00 ,4900,
A20260988,35.400,SALE06,23.00 ,4900,
A20260989,50.640,SALE06,23.00 ,6100,
A20260990,45.540,SALE06,23.00 ,6400,
A20260991,124.220,SALE06,23.00 ,6200,
A20260992,123.726,SALE06,23.00 ,4900,
A20260993,119.521,SALE06,23.00 ,7900,
A20260994,27.839,SALE06,23.00 ,6400,
A20260995,68.696,SALE06,23.00 ,6400,
A20260996,78.884,SALE06,23.00 ,4900,
A20260997,50.736,SALE06,23.00 ,4900,
A20260998,53.282,SALE06,23.00 ,6400,
A20260999,27.802,SALE06,23.00 ,4900,
A20261000,101.368,SALE06,23.00 ,4900,
A20261001,45.532,SALE06,23.00 ,4900,
A20261002,17.554,SALE06,23.00 ,4900,
A20261003,103.166,SALE06,23.00 ,6900,
A20261004,35.160,SALE06,23.00 ,4900,
A20261005,47.860,SALE06,23.00 ,4900,
A20261006,85.720,SALE06,23.00 ,4900,
A20261007,15.487,SALE07,34.00 ,4900,
A20261008,21.898,SALE07,34.00 ,4900,
A20261009,37.692,SALE07,34.00 ,4900,
A20261010,25.864,SALE07,34.00 ,4900,
A20261011,51.480,SALE07,34.00 ,4900,
A20261012,26.475,SALE07,34.00 ,4900,
A20261013,26.600,SALE07,34.00 ,4900,
A20261014,18.294,SALE07,34.00 ,4900,
A20261015,35.218,SALE07,34.00 ,4901,
A20261016,49.310,SALE07,34.00 ,4900,
A20261017,65.024,SALE07,34.00 ,4900,
A20261018,49.519,SALE07,34.00 ,4900,
A20261019,16.776,SALE07,34.00 ,4900,
A20261020,61.389,SALE07,34.00 ,4900,
A20261021,16.776,SALE07,34.00 ,4900,
A20261022,86.300,SALE07,34.00 ,4900,
A20261023,15.450,SALE07,34.00 ,4900,
A20261024,41.515,SALE07,34.00 ,7900,
A20261025,60.740,SALE07,34.00 ,6400,
A20261026,25.566,SALE07,34.00 ,6400,
A20261027,23.346,SALE08,36.00 ,6400,
A20261028,75.582,SALE08,36.00 ,6400,
A20261029,21.574,SALE08,36.00 ,6400,
A20261030,64.054,SALE08,36.00 ,6400,
A20261031,34.894,SALE08,36.00 ,4901,
A20261032,22.447,SALE08,36.00 ,4901,
A20261033,42.912,SALE08,36.00 ,4900,
A20261034,35.212,SALE08,36.00 ,4900,
A20261035,54.121,SALE08,36.00 ,4901,
A20261036,33.460,SALE08,36.00 ,4900,
A20261037,119.480,SALE08,36.00 ,4900,
A20261038,37.482,SALE08,36.00 ,4900,
A20261039,92.438,SALE08,36.00 ,4900,
A20261040,85.664,SALE08,36.00 ,4900,
A20261041,28.909,SALE08,36.00 ,6400,
A20261042,35.208,SALE08,36.00 ,6400,
A20261043,17.410,SALE08,36.00 ,4900,
A20261044,43.363,SALE08,36.00 ,4900,
A20261045,50.789,SALE08,36.00 ,4900,
A20261046,50.691,SALE08,36.00 ,4900,
A20261047,128.400,SALE08,36.00 ,4900,
A20261048,25.030,SALE08,36.00 ,4900,
A20261049,22.604,UE502,50.00 ,5030,
A20261050,35.208,UE502,50.00 ,4900,
A20261051,60.420,UE502,50.00 ,4901,
A20261052,99.166,UE502,50.00 ,3900,
A20261053,41.790,UE502,50.00 ,3900,
A20261054,28.974,UE502,50.00 ,5036,
A20261055,47.938,UE502,50.00 ,5036,
A20261056,86.104,UE502,50.00 ,4901,
A20261057,22.684,UE502,50.00 ,4900,
A20261058,29.059,UE502,50.00 ,4900,
A20261059,34.886,UE502,50.00 ,4900,
A20261060,27.045,UE502,50.00 ,4900,
A20261061,17.506,UE502,50.00 ,5990,
A20261062,55.036,UE502,50.00 ,5990,
A20261063,73.580,UE502,50.00 ,4700,
A20261064,54.471,UE502,50.00 ,4900,
A20261065,20.182,UE502,50.00 ,4900,
A20261066,35.412,UE502,50.00 ,6400,
A20261067,28.275,UE502,50.00 ,7000,
A20261068,25.901,UE502,50.00 ,7000,
A20261069,22.224,UE502,50.00 ,5500,
A20261070,60.776,UE502,50.00 ,4900,
A20261071,34.688,UE502,50.00 ,4525,
A20261072,28.520,UE501,40.00 ,4750,
A20261073,138.820,UE501,40.00 ,4750,
A20261074,46.744,UE501,40.00 ,5200,
A20261075,71.539,UE501,40.00 ,5400,
A20261076,60.368,UE501,40.00 ,4970,
A20261077,85.645,UE501,40.00 ,7900,
A20261078,54.212,UE501,40.00 ,4900,
A20261079,41.805,UE501,40.00 ,4400,
A20261080,34.172,UE501,40.00 ,7740,
A20261081,46.672,UE501,40.00 ,12080,
A20261082,54.527,UE501,40.00 ,3600,
A20261083,25.010,UE501,40.00 ,4900,
A20261084,24.998,UE501,40.00 ,4900,
A20261085,49.872,UE501,40.00 ,4900,
A20261086,64.828,UE501,40.00 ,4900,
A20261087,60.824,UE501,40.00 ,6100,
A20261088,46.450,UE501,40.00 ,6000,
A20261089,34.300,UE501,40.00 ,6000,
A20261090,28.930,UE501,40.00 ,4900,
A20261091,70.640,UE501,40.00 ,4900,
A20261092,50.384,UE501,40.00 ,4900,
A20261093,60.010,UE501,40.00 ,4900,
A20261094,84.820,UE501,40.00 ,4900,
A20261095,80.070,UE501,40.00 ,4900,
A20261096,47.752,UE501,40.00 ,4900,
A20261097,63.028,UE501,40.00 ,4900,
A20261098,75.240,UE501,40.00 ,4900,
A20261099,120.600,UE501,40.00 ,5430,
A20261100,53.395,UE501,40.00 ,5430,
A20261101,22.586,UE501,40.00 ,5900,
A20261102,42.784,UE501,40.00 ,5000,
A20261103,30.750,UE501,40.00 ,4900,
A20261104,67.246,UE505,40.00 ,4900,
A20261105,35.464,UE505,40.00 ,4900,
A20261106,41.830,UE505,40.00 ,4100,
A20261107,124.480,UE505,40.00 ,4900,
A20261108,18.292,UE505,40.00 ,4901,
A20261109,34.894,UE505,40.00 ,4901,
A20261110,70.641,UE505,40.00 ,4900,
A20261111,29.559,UE505,40.00 ,4900,
A20261112,25.189,UE505,40.00 ,4900,
A20261113,16.088,UE505,40.00 ,7000,
A20261114,60.584,UE505,40.00 ,4900,
A20261115,52.773,UE505,40.00 ,8280,
A20261116,82.561,UE505,40.00 ,4900,
A20261117,25.286,UE505,40.00 ,4900,
A20261118,36.733,UE505,40.00 ,4900,
A20261119,43.363,UE505,40.00 ,4900,
A20261120,13.704,UE505,40.00 ,4900,
A20261121,43.957,UE505,40.00 ,6900,
A20261122,25.012,UE505,37.50 ,4900,
A20261123,30.016,UE505,37.50 ,4900,
A20261124,25.144,UE505,37.50 ,6900,
A20261125,25.144,UE505,37.50 ,6900,
A20261126,24.905,UE505,37.50 ,3900,
A20261127,29.980,UE505,37.50 ,4900,
A20261128,39.970,UE505,37.50 ,4900,
A20261129,67.291,UE505,37.50 ,4400,
A20261130,124.555,UE505,37.50 ,4400,
A20261131,73.660,UE505,37.50 ,4400,
A20261132,22.276,UE505,37.50 ,4900,
A20261133,28.420,UE505,37.50 ,5300,
A20261134,34.920,UE505,37.50 ,5300,
A20261135,58.960,UE505,37.50 ,4900,
A20261136,48.082,UE505,37.50 ,4900,
A20261137,34.648,AB-2,37.50 ,4900,
A20261138,30.450,AB-2,37.50 ,4900,
A20261139,30.258,AB-2,37.50 ,4900,
A20261140,34.540,AB-2,37.50 ,4900,
A20261141,63.170,AB-2,37.50 ,4900,
A20261142,85.804,AB-2,37.50 ,4900,
A20261143,35.182,AB-2,37.50 ,4900,
A20261144,71.100,AB-2,37.50 ,6360,
A20261145,22.216,AB-2,37.50 ,11400,
A20261146,40.613,AB-2,37.50 ,4900,
A20261147,22.086,AB-2,37.50 ,10750,
A20261148,22.400,AB-2,37.50 ,4900,
A20261149,22.284,AB-2,37.50 ,5600,
A20261150,16.146,AB-2,37.50 ,5600,
A20261151,41.830,AB-2,37.50 ,4100,
A20261152,60.448,AB-2,37.50 ,7900,
A20261153,66.727,AB-2,37.50 ,4900,
A20261154,85.668,AB-2,37.50 ,4900,
A20261155,67.008,AB-2,37.50 ,4900,
A20261156,63.170,AB-2,37.50 ,4900,
A20261157,26.476,AB-2,37.50 ,6400,
A20261158,18.246,AB-2,37.50 ,6400,
A20261159,18.246,AB-2,37.50 ,4900,
A20261160,34.732,AB-2,37.50 ,4900,
A20261161,22.366,AB-2,37.50 ,4900,
A20261162,41.615,AB-2,37.50 ,4950,
A20261163,22.653,AB-2,37.50 ,4900,
A20261164,35.276,AB-2,37.50 ,4900,
A20261165,41.595,AB-2,37.50 ,4900,
A20261166,35.448,AB-2,37.50 ,4900,
A20261167,60.336,AB-2,37.50 ,4900,
A20261168,60.336,AB-2,37.50 ,4900,
A20261169,70.910,AB-2,37.50 ,6920,
A20261170,34.128,AB-2,37.50 ,6200,
A20261171,22.073,AB-2,38.83 ,6200,
A20261172,52.637,AB-2,38.83 ,5900,
A20261173,34.373,AB-2,38.83 ,4901,
A20261174,35.376,AB-2,38.83 ,4900,
A20261175,41.715,AB-2,38.83 ,4900,
A20261176,35.372,AB-2,38.83 ,4900,
A20261177,41.713,AB-2,38.83 ,4900,
A20261178,60.744,AB-2,38.83 ,4900,
A20261179,22.026,AB-2,38.83 ,7000,
A20261180,76.294,AB-2,38.83 ,7000,
A20261181,21.990,AB-2,38.83 ,7000,
A20261182,81.990,AB-2,38.83 ,7000,
A20261183,22.040,AB-2,38.83 ,7000,
A20261184,82.140,AB-2,38.83 ,7000,
A20261185,22.000,AB-2,38.83 ,7000,
A20261186,57.980,AB-2,38.83 ,7000,
A20261187,28.020,AB-2,38.83 ,7000,
A20261188,14.852,AB-2,38.83 ,7000,
A20261189,22.067,AB-2,38.83 ,7000,
A20261190,58.240,AB-2,38.83 ,7000,
A20261191,28.120,AB-2,38.83 ,7000,
A20261192,14.893,AB-2,38.83 ,7000,
A20261193,22.000,AB-2,38.83 ,7000,
A20261194,69.893,AB-2,38.83 ,7000,
A20261195,14.835,AB-2,38.83 ,7000,
A20261196,34.000,AB-2,38.83 ,7000,
A20261197,22.054,AB-2,38.83 ,7000,
A20261198,28.046,AB-2,38.83 ,7000,
A20261199,64.080,AB-2,38.83 ,7000,
A20261200,28.040,AB-2,38.83 ,5900,
A20261201,21.986,AB-2,38.83 ,5900,
A20261202,28.060,AB-2,38.83 ,5900,
A20261203,22.027,AB-2,38.83 ,5900,
A20261204,21.987,AB-2,38.83 ,6900,
A20261205,22.120,AB-2,38.83 ,6900,
A20261206,34.240,AB-2,38.83 ,6900,
A20261207,60.468,AB-2,38.83 ,4900,
A20261208,30.196,AB-2,38.83 ,4900,
A20261209,70.584,AB-2,38.83 ,4900,
A20261210,25.186,AB-2,38.83 ,4900,
A20261211,20.124,AB-2,38.83 ,4900,
A20261212,80.868,AB-2,38.83 ,4900,
A20261213,65.605,AB-2,38.83 ,4900,
A20261214,43.354,AB-2,38.83 ,4900,
A20261215,43.354,AB-2,38.83 ,4900,
A20261216,119.940,AB-2,38.83 ,6400,
A20261217,26.604,AB-2,38.83 ,4901,
A20261218,30.725,AB-2,38.83 ,4901,
A20261219,46.826,AB-2,38.83 ,4900,
A20261220,34.574,AB-2,38.83 ,6400,
A20261221,22.836,AB-2,38.83 ,4900,
A20261222,67.722,AB-2,38.83 ,4900,
A20261223,67.718,AB-2,38.83 ,4900,
A20261224,105.377,AB-2,38.83 ,3900,
A20261225,29.095,AB-2,38.83 ,3900,
A20261226,73.620,AB-2,38.83 ,3900,
A20261227,35.442,AB-2,38.83 ,3900,
A20261228,48.140,AB-2,38.83 ,3900,
A20261229,40.101,C60,26.50 ,6400,
A20261230,71.944,C60,26.50 ,6300,
A20261231,46.572,C60,26.50 ,6400,
A20261232,51.635,C60,26.50 ,6400,
A20261233,57.722,C60,26.50 ,4750,
A20261234,46.724,C60,26.50 ,4900,
A20261235,63.809,C60,26.50 ,6100,
A20261236,33.367,C60,26.50 ,4550,
A20261237,27.328,C60,26.50 ,5270,
A20261238,58.406,C60,26.50 ,4900,
A20261239,33.840,C60,26.50 ,4900,
A20261240,27.519,C60,26.50 ,4900,
A20261241,71.760,C60,26.50 ,4900,
A20261242,84.400,C60,26.50 ,4900,
A20261243,64.227,C60,26.50 ,4900,
A20261244,33.453,C60,26.50 ,4900,
A20261245,51.820,C60,26.50 ,6900,
A20261246,36.520,C60,26.50 ,4150,
A20261247,127.982,C60,26.50 ,4900,
A20261248,45.838,C60,26.50 ,6100,
A20261249,136.108,C60,26.50 ,6100,
A20261250,135.900,C60,26.50 ,6100,
A20261251,82.670,C60,26.50 ,6100,
A20261252,74.470,C60,26.50 ,6150,
A20261253,57.725,C60,26.50 ,4450,
A20261254,51.570,C60,26.50 ,4900,
A20261255,27.274,C60,26.50 ,4600,
A20261256,34.176,C60,26.50 ,5400,
A20261257,33.800,C60,26.50 ,4900,
A20261258,137.400,C60,26.50 ,4900,
A20261259,66.523,C60,26.50 ,7900,
A20261260,116.294,C60,26.50 ,4901,
A20261261,87.552,C60,26.50 ,4900,
A20261262,45.564,C60,26.50 ,4900,
A20261263,46.370,C60,26.50 ,6400,
A20261264,103.984,C60,26.50 ,6400,
A20261265,90.948,C60,26.50 ,7900,
A20261266,135.425,C60,26.50 ,7900,
A20261267,97.740,C60,26.50 ,7900,
A20261268,27.289,C60,26.50 ,4900,
A20261269,39.680,C60,26.50 ,4900,
A20261270,96.560,C60,26.50 ,6360,
A20261271,36.256,C60,26.50 ,6070,
A20261272,63.396,C60,26.50 ,6140,
A20261273,28.860,C60,26.50 ,6200,
A20261274,44.246,C60,26.50 ,6200,
A20261275,36.563,C60,26.50 ,5840,
A20261276,41.800,C60,26.50 ,6100,
A20261277,33.464,C60,26.50 ,7900,
A20261278,88.014,C60,26.50 ,4900,
A20261279,33.940,C60,26.50 ,6400,
A20261280,37.576,C60,26.50 ,6400,
A20261281,59.252,C60,26.50 ,6400,
A20261282,59.192,C60,26.50 ,4900,
A20261283,95.327,C60,26.50 ,6550,
A20261284,36.113,C60,26.50 ,6550,
A20261285,70.340,C60,26.50 ,6550,
A20261286,52.780,C60,26.50 ,6250,
A20261287,40.190,C60,26.50 ,6250,
A20261288,70.340,C60,26.50 ,6650,
A20261289,131.720,C60,26.50 ,6650,
A20261290,125.700,C60,26.50 ,6650,
A20261291,39.660,C60,26.50 ,6650,
A20261292,45.552,C60,26.50 ,4700,
A20261293,45.564,C60,26.50 ,6800,
A20261294,107.288,C60,26.50 ,6400,
A20261295,37.012,C60,26.50 ,6400,
A20261296,46.148,C60,26.50 ,3900,
A20261297,41.705,C60,26.50 ,4900,
A20261298,29.516,C60,26.50 ,4900,
A20261299,79.411,C60,26.50 ,4900,
A20261300,50.145,C60,26.50 ,4900,
A20261301,33.378,C60,26.50 ,10680,
A20261302,64.140,C60,26.50 ,4700,
A20261303,103.600,C60,26.50 ,4950,
A20261304,33.560,C60,26.50 ,6100,
A20261305,153.300,C60,26.50 ,6100,
A20261306,83.225,C60,26.50 ,6100,
A20261307,50.157,C60,26.50 ,6100,
A20261308,44.993,C60,26.50 ,6100,
A20261309,136.440,C60,26.50 ,6100,
A20261310,66.429,C60,26.50 ,6100,
A20261311,33.348,C60,26.50 ,5018,
A20261312,107.531,C60,26.50 ,6100,
A20261313,62.270,C60,26.50 ,6100,
A20261314,62.174,C60,26.50 ,4900,
A20261315,41.880,C60,26.50 ,5000,
A20261316,86.900,C60,26.50 ,5000,
A20261317,62.200,C60,26.50 ,5000,
A20261318,55.319,C60,26.50 ,5100,
A20261319,37.446,C60,26.50 ,5200,
A20261320,28.778,C60,26.50 ,5200,
A20261321,33.605,C60,26.50 ,6400,
A20261322,33.512,C60,26.50 ,6400,
A20261323,40.794,C60,26.50 ,6400,
A20261324,71.586,C60,26.50 ,6400,
A20261325,59.730,C60,26.50 ,6400,
A20261326,59.726,C60,26.50 ,6400,
A20261327,90.554,C60,26.50 ,6400,
A20261328,74.734,C60,26.50 ,4900,
A20261329,82.310,C60,26.50 ,4900,
A20261330,46.568,C60,26.50 ,6400,
A20261331,63.823,C60,26.50 ,4900,
A20261332,31.160,C60,26.50 ,4900,
A20261333,45.360,C60,26.50 ,4900,
A20261334,46.558,C60,26.50 ,4900,
A20261335,27.280,C60,26.50 ,4900,
A20261336,45.564,C60,26.50 ,4900,
A20261337,83.390,C60,26.50 ,6400,
A20261338,84.831,C60,26.50 ,7750,
A20261339,112.135,C60,26.50 ,7750,
A20261340,56.925,C60,26.50 ,7750,
A20261341,150.100,C60,26.50 ,7750,
A20261342,150.110,C60,26.50 ,7750,
A20261343,150.150,C60,26.50 ,7750,
A20261344,150.120,C60,26.50 ,7750,
A20261345,150.090,C60,26.50 ,7750,
A20261346,46.134,C60,26.50 ,4900,
A20261347,81.000,C60,26.50 ,4900,
A20261348,33.378,C60,26.50 ,4900,
A20261349,56.634,C60,26.50 ,7000,
A20261350,39.186,C60,26.50 ,5900,
A20261351,39.180,C60,26.50 ,4400,
A20261352,33.146,C60,26.50 ,7000,
A20261353,33.164,C60,26.50 ,7000,
A20261354,63.130,C60,26.50 ,5900,
A20261355,33.200,C60,26.50 ,7000,
A20261356,33.174,C60,26.50 ,7000,
A20261357,93.220,C60,26.50 ,7000,
A20261358,51.266,C60,26.50 ,7000,
A20261359,33.220,C60,26.50 ,7000,
A20261360,63.206,C60,26.50 ,7000,
A20261361,63.274,C60,26.50 ,5900,
A20261362,33.186,C60,26.50 ,5900,
A20261363,45.194,C60,26.50 ,5900,
A20261364,33.200,C60,26.50 ,5900,
A20261365,104.740,C60,26.50 ,5900,
A20261366,84.814,C60,26.50 ,8050,
A20261367,62.369,C60,26.50 ,8050,
A20261368,28.746,C60,26.50 ,5900,
A20261369,45.920,C60,26.50 ,4900,
A20261370,41.516,C60,26.50 ,4900,
A20261371,37.630,C60,26.50 ,4900,
A20261372,115.970,C60,26.50 ,4900,
A20261373,60.860,C60,26.50 ,4900,
A20261374,52.938,C60,26.50 ,4900,
A20261375,131.760,C60,26.50 ,4900,
A20261376,147.380,C60,26.50 ,4900,
A20261377,147.440,C60,26.50 ,4900,
A20261378,100.308,C60,26.50 ,4900,
A20261379,95.130,C60,26.50 ,6100,
A20261380,136.260,C60,26.50 ,6100,
A20261381,152.800,C60,26.50 ,6100,
A20261382,136.420,C60,26.50 ,6100,
A20261383,120.128,C60,26.50 ,6100,
A20261384,120.134,C60,26.50 ,6100,
A20261385,120.224,C60,26.50 ,6100,
A20261386,37.716,C60,26.50 ,5060,
A20261387,136.620,C60,26.50 ,5060,
A20261388,33.372,C60,26.50 ,7240,
A20261389,153.280,C60,26.50 ,6100,
A20261390,153.240,C60,26.50 ,6100,
A20261391,136.740,C60,26.50 ,6100,
A20261392,111.818,C60,26.50 ,6100,
A20261393,45.922,C60,26.50 ,4900,
A20261394,136.900,C60,26.50 ,4900,
A20261395,136.680,C60,26.50 ,4900,
A20261396,50.089,C60,26.50 ,4900,
A20261397,107.871,C60,26.50 ,5600,
A20261398,153.020,C60,26.50 ,5600,
A20261399,47.688,C60,26.50 ,11400,
A20261400,45.870,C60,26.50 ,4900,
A20261401,137.260,C60,26.50 ,4900,
A20261402,28.740,C60,26.50 ,8280,
A20261403,47.597,C60,26.50 ,8280,
A20261404,53.105,C60,26.50 ,4900,
A20261405,46.052,C60,26.50 ,4900,
A20261406,90.910,C60,26.50 ,4900,
A20261407,24.570,C60,26.50 ,4900,
A20261408,53.976,C60,26.50 ,4900,
A20261409,78.254,C60,26.50 ,4500,
A20261410,59.378,C60,26.50 ,4500,
A20261411,53.015,C60,26.50 ,4700,
A20261412,106.587,C60,26.50 ,4900,
A20261413,118.640,C60,26.50 ,5150,
A20261414,57.473,C60,26.50 ,4900,
A20261415,33.368,C60,26.50 ,5360,
A20261416,33.387,C60,26.50 ,8230,
A20261417,39.467,C60,26.50 ,11050,
A20261418,33.378,C60,26.50 ,8400,
A20261419,57.734,C60,26.50 ,6780,
A20261420,45.536,C60,26.50 ,7960,
A20261421,33.368,C60,26.50 ,6840,
A20261422,57.700,C60,26.50 ,9000,
A20261423,63.788,C60,26.50 ,8900,
A20261424,33.760,C60,26.50 ,6400,
A20261425,52.805,C60,26.50 ,4900,
A20261426,45.528,C60,26.50 ,4900,
A20261427,69.587,C60,26.50 ,4900,
A20261428,81.680,C60,26.50 ,4900,
A20261429,50.152,C60,26.50 ,4900,
A20261430,154.511,C60,26.50 ,4500,
A20261431,39.476,C60,26.50 ,5400,
A20261432,57.775,C60,26.50 ,4900,
A20261433,33.392,C60,26.50 ,4900,
A20261434,57.429,C60,26.50 ,4900,
A20261435,36.362,C60,26.50 ,6900,
A20261436,52.696,C60,26.50 ,4900,
A20261437,33.160,C60,26.50 ,5900,
A20261438,45.193,C60,26.50 ,5900,
A20261439,45.167,C60,26.50 ,5900,
A20261440,57.160,C60,26.50 ,6900,
A20261441,33.186,C60,26.50 ,6900,
A20261442,39.160,C60,26.50 ,7000,
A20261443,33.146,C60,26.50 ,7000,
A20261444,99.074,C60,26.50 ,7000,
A20261445,86.866,C60,26.50 ,7000,
A20261446,92.893,C60,26.50 ,7000,
A20261447,33.226,C60,26.50 ,7000,
A20261448,51.221,C60,26.50 ,7000,
A20261449,75.233,C60,26.50 ,7000,
A20261450,33.160,C60,26.50 ,7000,
A20261451,63.220,C60,26.50 ,7000,
A20261452,27.213,C60,26.50 ,5900,
A20261453,51.227,C60,26.50 ,5900,
A20261454,33.210,C60,26.50 ,5900,
A20261455,51.210,C60,26.50 ,5900,
A20261456,75.260,C60,26.50 ,5900,
A20261457,33.214,C60,26.50 ,5900,
A20261458,81.240,C60,26.50 ,5900,
A20261459,39.220,C60,26.50 ,5900,
A20261460,33.200,C60,26.50 ,5900,
A20261461,87.160,C60,26.50 ,5900,
A20261462,33.226,C60,26.50 ,5900,
A20261463,45.214,C60,26.50 ,5900,
A20261464,63.160,C60,26.50 ,5900,
A20261465,33.126,C60,26.50 ,5900,
A20261466,45.214,C60,26.50 ,5900,
A20261467,33.206,C60,26.50 ,4900,
A20261468,51.185,C60,26.50 ,4900,
A20261469,100.900,C60,26.50 ,6400,
A20261470,132.780,C60,26.50 ,5400,
A20261471,39.049,C60,26.50 ,5900,
A20261472,33.240,C60,26.50 ,5900,
A20261473,105.280,C60,26.50 ,5900,
A20261474,33.120,C60,26.50 ,5900,
A20261475,39.040,C60,26.50 ,5900,
A20261476,27.313,C60,26.50 ,5900,
A20261477,69.044,C60,26.50 ,5900,
A20261478,56.890,C60,26.50 ,7000,
A20261479,33.214,C60,26.50 ,6900,
A20261480,51.140,C60,26.50 ,6900,
A20261481,51.259,C60,26.50 ,5900,
A20261482,63.500,C60,26.50 ,4900,
A20261483,36.245,C60,26.50 ,4900,
A20261484,56.280,C60,26.50 ,4900,
A20261485,116.840,C60,26.50 ,4901,
A20261486,65.068,C60,26.50 ,4901,
A20261487,33.482,C60,26.50 ,7900,
A20261488,32.585,C60,26.50 ,4940,
A20261489,47.737,C60,26.50 ,4900,
A20261490,141.180,C60,26.50 ,4900,
A20261491,141.060,C60,26.50 ,4900,
A20261492,141.140,C60,26.50 ,4900,
A20261493,51.168,C60,26.50 ,4900,
A20261494,33.041,C60,26.50 ,5970,
A20261495,27.689,C60,26.50 ,5970,
A20261496,72.589,C60,26.50 ,5900,
A20261497,72.316,C60,26.50 ,5700,
A20261498,45.488,C60,26.50 ,5220,
A20261499,52.815,C60,26.50 ,4900,
A20261500,83.849,C60,26.50 ,4901,
A20261501,79.062,C60,26.50 ,4901,
A20261502,79.058,C60,26.50 ,4901,
A20261503,70.664,C60,26.50 ,4901,
A20261504,70.664,C60,26.50 ,4901,
A20261505,37.004,C60,26.50 ,6400,
A20261506,113.688,C60,26.50 ,6400,
A20261507,103.144,C60,26.50 ,5000,
A20261508,45.788,C60,26.50 ,5000,
A20261509,27.563,C60,26.50 ,4600,
A20261510,70.260,C60,26.50 ,6350,
A20261511,101.120,C60,26.50 ,6350,
A20261512,36.284,C60,26.50 ,10900,
A20261513,69.920,C60,26.50 ,6540,
A20261514,82.991,C60,26.50 ,4900,
A20261515,62.730,C60,26.50 ,4901,
A20261516,88.992,C60,26.50 ,4901,
A20261517,33.641,C60,26.50 ,4901,
A20261518,111.352,C60,26.50 ,4900,
A20261519,37.588,C60,26.50 ,4900,
A20261520,25.053,C60,26.50 ,6400,
A20261521,40.465,C60,26.50 ,6400,
A20261522,144.700,C60,26.50 ,6400,
A20261523,40.470,C60,26.50 ,6400,
A20261524,119.532,C60,26.50 ,4900,
A20261525,33.491,C60,26.50 ,4900,
A20261526,33.462,C60,26.50 ,5995,
A20261527,45.550,C60,26.50 ,5330,
A20261528,82.360,C60,26.50 ,5330,
A20261529,70.130,C60,26.50 ,5080,
A20261530,70.160,C60,26.50 ,5080,
A20261531,66.564,C60,26.50 ,6100,
A20261532,51.846,C60,26.50 ,4900,
A20261533,33.461,C60,26.50 ,4900,
A20261534,46.228,C60,26.50 ,5300,
A20261535,112.570,C60,26.50 ,4901,
A20261536,46.076,C60,26.50 ,4901,
A20261537,64.131,C60,26.50 ,4750,
A20261538,51.865,C60,26.50 ,4525,
A20261539,76.404,C60,26.50 ,4780,
A20261540,51.560,C60,26.50 ,4900,
A20261541,45.800,C60,26.50 ,4950,
A20261542,45.573,C60,26.50 ,5400,
A20261543,51.600,C60,26.50 ,5400,
A20261544,57.740,C60,26.50 ,5400,
A20261545,45.547,C60,26.50 ,5400,
A20261546,33.051,C60,26.50 ,6400,
A20261547,36.928,C60,26.50 ,6400,
A20261548,48.716,C60,26.50 ,6400,
A20261549,46.712,C60,26.50 ,6400,
A20261550,112.424,C60,26.50 ,4901,
A20261551,41.930,C60,26.50 ,4901,
A20261552,84.510,C60,26.50 ,6400,
A20261553,27.493,C60,26.50 ,5900,
A20261554,58.949,C60,26.50 ,4900,
A20261555,33.786,C60,26.50 ,4900,
A20261556,95.828,C60,26.50 ,4900,
A20261557,41.880,C60,26.50 ,4900,
A20261558,59.473,C60,26.50 ,4901,
A20261559,59.480,C60,26.50 ,4901,
A20261560,71.687,C60,26.50 ,6400,
A20261561,133.597,C60,26.50 ,4900,
A20261562,27.623,C60,26.50 ,4900,
A20261563,156.000,C60,26.50 ,4900,
A20261564,141.100,C60,26.50 ,4900,
A20261565,111.080,C60,26.50 ,4900,
A20261566,32.453,C60,26.50 ,4900,
A20261567,51.160,C60,26.50 ,4900,
A20261568,33.842,C60,26.50 ,4900,
A20261569,27.294,C60,26.50 ,6400,
A20261570,56.633,C60,26.50 ,4900,
A20261571,60.710,C60,26.50 ,4900,
A20261572,61.184,C60,26.50 ,4900,
A20261573,56.186,C60,26.50 ,4900,
A20261574,40.289,C60,26.50 ,4500,
A20261575,76.000,C60,26.50 ,8150,
A20261576,33.380,C60,26.50 ,7200,
A20261577,63.837,C60,26.50 ,7080,
A20261578,129.987,C60,26.50 ,4900,
A20261579,111.212,C60,26.50 ,4900,
A20261580,51.208,C60,26.50 ,4900,
A20261581,141.320,C60,26.50 ,4900,
A20261582,96.510,C60,26.50 ,4900,
A20261583,43.790,C60,26.50 ,4900,
A20261584,36.052,C60,26.50 ,4900,
A20261585,36.052,C60,26.50 ,4900,
A20261586,36.052,C60,26.50 ,4900,
A20261587,36.052,C60,26.50 ,4900,
A20261588,65.742,C60,26.50 ,4900,
A20261589,74.527,C60,26.50 ,4900,
A20261590,40.790,C60,26.50 ,4900,
A20261591,47.863,C60,26.50 ,4900,
A20261592,39.940,C60,26.50 ,4900,
A20261593,39.940,C60,26.50 ,4900,
A20261594,39.940,C60,26.50 ,4900,
A20261595,77.420,C60,26.50 ,4900,
A20261596,27.625,C60,26.50 ,4900,
A20261597,106.600,C60,26.50 ,4900,
A20261598,149.330,C60,26.50 ,4900,
A20261599,69.984,C60,26.50 ,4900,
A20261600,94.376,C60,26.50 ,4900,
A20261601,45.780,C60,26.50 ,4900,
A20261602,39.635,C60,26.50 ,4900,
A20261603,76.505,C60,26.50 ,4900,
A20261604,51.655,C60,26.50 ,7400,
A20261605,51.655,C60,26.50 ,6600,
A20261606,51.615,C60,26.50 ,6300,
A20261607,57.698,C60,26.50 ,10900,
A20261608,33.380,C60,26.50 ,11000,
A20261609,51.368,C60,26.50 ,8970,
A20261610,55.147,C60,26.50 ,8970,
A20261611,34.356,C60,26.50 ,8100,
A20261612,55.729,C60,26.50 ,8780,
A20261613,66.600,C60,26.50 ,9340,
A20261614,70.548,C60,26.50 ,9340,
A20261615,31.776,C60,26.50 ,9340,
A20261616,82.027,C60,26.50 ,10000,
A20261617,51.585,C60,26.50 ,10060,
A20261618,51.585,C60,26.50 ,10060,
A20261619,51.585,C60,26.50 ,5300,
A20261620,33.382,C60,26.50 ,5300,
A20261621,33.391,C60,26.50 ,5200,
A20261622,45.528,C60,26.50 ,4900,
A20261623,66.784,C60,26.50 ,4900,
A20261624,46.070,C60,26.50 ,4900,
A20261625,41.925,C60,26.50 ,3800,
A20261626,61.184,C60,26.50 ,4600,
A20261627,41.250,C60,26.50 ,4900,
A20261628,56.578,C60,26.50 ,4900,
A20261629,27.026,C60,26.50 ,6000,
A20261630,27.265,C60,26.50 ,4900,
A20261631,121.300,C60,26.50 ,4900,
A20261632,33.810,C60,26.50 ,6400,
A20261633,69.883,C60,26.50 ,6400,
A20261634,37.692,C60,26.50 ,4900,
A20261635,62.490,C60,26.50 ,4900,
A20261636,62.490,C60,26.50 ,4900,
A20261637,54.240,C60,26.50 ,4900,
A20261638,58.370,C60,26.50 ,4900,
A20261639,73.644,C60,26.50 ,4900,
A20261640,83.488,C60,26.50 ,6400,
A20261641,41.922,C60,26.50 ,4900,
A20261642,87.520,C60,26.50 ,4900,
A20261643,41.925,C60,26.50 ,4901,
A20261644,70.388,C60,26.50 ,4901,
A20261645,62.190,C60,26.50 ,4901,
A20261646,59.480,C60,26.50 ,6400,
A20261647,59.480,C60,26.50 ,6400,
A20261648,136.030,C60,26.50 ,6400,
A20261649,40.328,C60,26.50 ,6400,
A20261650,154.930,C60,26.50 ,6400,
A20261651,97.688,C60,26.50 ,6400,
A20261652,33.760,C60,26.50 ,5550,
A20261653,37.788,C60,26.50 ,6700,
A20261654,37.788,C60,26.50 ,5900,
A20261655,46.082,C60,26.50 ,5700,
A20261656,58.505,C60,26.50 ,4900,
A20261657,91.733,C60,26.50 ,4900,
A20261658,66.847,C60,26.50 ,4900,
A20261659,83.360,C60,26.50 ,4900,
A20261660,41.920,C60,26.50 ,4700,
A20261661,91.656,C60,26.50 ,4900,
A20261662,74.968,C60,26.50 ,4900,
A20261663,46.082,C60,26.50 ,4900,
A20261664,52.665,C60,26.50 ,6280,
A20261665,27.453,C60,26.50 ,4970,
A20261666,48.005,C60,26.50 ,4970,
A20261667,64.540,C60,26.50 ,4900,
A20261668,44.858,C60,26.50 ,4900,
A20261669,52.450,C60,26.50 ,4420,
A20261670,80.130,C60,26.50 ,4420,
A20261671,100.903,C60,26.50 ,4420,
A20261672,57.995,C60,26.50 ,4675,
A20261673,33.468,C60,26.50 ,4675,
A20261674,81.920,C60,26.50 ,4900,
A20261675,55.335,C60,26.50 ,4900,
A20261676,47.765,C60,26.50 ,4900,
A20261677,55.355,C60,26.50 ,4900,
A20261678,75.007,C60,26.50 ,4900,
A20261679,65.650,C60,26.50 ,7392,
A20261680,131.520,C60,26.50 ,4900,
A20261681,149.890,C60,26.50 ,4900,
A20261682,149.910,C60,26.50 ,4900,
A20261683,94.720,C60,26.50 ,4900,
A20261684,99.043,C60,26.50 ,4930,
A20261685,27.352,C60,26.50 ,7300,
A20261686,37.019,C60,26.50 ,7300,
A20261687,33.424,C60,26.50 ,7300,
A20261688,33.420,C60,26.50 ,10900,
A20261689,33.420,C60,26.50 ,10620,
A20261690,39.560,C60,26.50 ,10620,
A20261691,39.533,C60,26.50 ,10620,
A20261692,39.527,C60,26.50 ,10620,
A20261693,37.061,C60,26.50 ,10620,
A20261694,69.848,C60,26.50 ,6250,
A20261695,33.424,C60,26.50 ,5150,
A20261696,39.431,C60,26.50 ,5150,
A20261697,39.434,C60,26.50 ,5150,
A20261698,52.685,C60,26.50 ,4900,
A20261699,46.388,C60,26.50 ,4900,
A20261700,61.220,C60,26.50 ,4900,
A20261701,121.220,C60,26.50 ,4900,
A20261702,61.220,C60,26.50 ,4900,
A20261703,31.220,C60,26.50 ,4900,
A20261704,36.220,C60,26.50 ,4900,
A20261705,56.240,C60,26.50 ,4900,
A20261706,46.165,C60,26.50 ,4900,
A20261707,27.340,C60,26.50 ,6400,
A20261708,46.155,C60,26.50 ,4900,
A20261709,36.200,C60,26.50 ,4900,
A20261710,36.160,C60,26.50 ,4900,
A20261711,66.135,C60,26.50 ,4900,
A20261712,60.700,C60,26.50 ,4900,
A20261713,44.768,C60,26.50 ,7000,
A20261714,36.912,C60,26.50 ,7200,
A20261715,121.180,C60,26.50 ,4900,
A20261716,52.446,C60,26.50 ,4900,
A20261717,33.714,C60,26.50 ,4900,
A20261718,96.160,C60,26.50 ,4900,
A20261719,46.240,C60,26.50 ,4900,
A20261720,86.295,C60,26.50 ,4900,
A20261721,58.977,C60,26.50 ,4900,
A20261722,33.826,C60,26.50 ,4900,
A20261723,40.139,C60,26.50 ,4900,
A20261724,40.700,C60,26.50 ,4900,
A20261725,50.558,C60,26.50 ,4900,
A20261726,41.080,C60,26.50 ,4900,
A20261727,56.005,C60,26.50 ,4900,
A20261728,41.935,C60,26.50 ,4900,
A20261729,33.641,C60,26.50 ,4900,
A20261730,40.289,C60,26.50 ,4500,
A20261731,40.279,C60,26.50 ,4700,
A20261732,40.220,C60,26.50 ,4700,
A20261733,41.147,C60,26.50 ,4900,
A20261734,36.196,C60,26.50 ,4900,
A20261735,91.176,C60,26.50 ,5900,
A20261736,76.222,C60,26.50 ,5900,
A20261737,33.350,C60,26.50 ,8650,
A20261738,57.650,C60,26.50 ,8200,
A20261739,33.500,C60,26.50 ,8200,
A20261740,51.950,C60,26.50 ,11120,
A20261741,51.755,C60,26.50 ,4830,
A20261742,82.310,C60,26.50 ,4830,
A20261743,51.607,C60,26.50 ,8120,
A20261744,54.368,C60,26.50 ,5900,
A20261745,41.922,C60,26.50 ,6900,
A20261746,29.494,C60,26.50 ,6900,
A20261747,40.220,C60,26.50 ,4900,
A20261748,46.226,C60,26.50 ,4900,
A20261749,31.174,C60,26.50 ,4900,
A20261750,31.186,C60,26.50 ,4900,
A20261751,41.184,C60,26.50 ,4900,
A20261752,31.110,C60,26.50 ,6300,
A20261753,26.165,C60,26.50 ,6300,
A20261754,76.105,C60,26.50 ,4900,
A20261755,41.140,C60,26.50 ,4900,
A20261756,81.140,C60,26.50 ,4900,
A20261757,66.902,C60,26.50 ,4900,
A20261758,122.205,C60,26.50 ,4900,
A20261759,80.985,C60,26.50 ,4900,
A20261760,48.375,C60,26.50 ,4900,
A20261761,37.447,C60,26.50 ,4900,
A20261762,153.720,C60,26.50 ,4900,
A20261763,71.680,C60,26.50 ,4900,
A20261764,41.245,C60,26.50 ,4900,
A20261765,36.155,C60,26.50 ,4900,
A20261766,61.300,C60,26.50 ,4900,
A20261767,56.270,C60,26.50 ,4900,
A20261768,56.270,C60,26.50 ,4900,
A20261769,33.350,C60,26.50 ,6850,
A20261770,40.232,C60,26.50 ,4900,
A20261771,41.935,C60,26.50 ,6900,
A20261772,41.935,C60,26.50 ,4900,
A20261773,33.491,C60,26.50 ,4800,
A20261774,29.480,C60,26.50 ,4900,
A20261775,46.082,C60,26.50 ,4900,
A20261776,58.877,C60,26.50 ,3820,
A20261777,26.583,C60,26.50 ,3820,
A20261778,54.360,C60,26.50 ,4700,
A20261779,50.145,C60,26.50 ,4700,
A20261780,33.478,C60,26.50 ,5400,
A20261781,64.173,C60,26.50 ,5470,
A20261782,46.576,C60,26.50 ,4900,
A20261783,52.920,C60,26.50 ,4900,
A20261784,33.948,C60,26.50 ,6400,
A20261785,39.655,C60,26.50 ,12300,
A20261786,31.743,C60,26.50 ,12300,
A20261787,100.630,C60,26.50 ,4790,
A20261788,40.115,C60,26.50 ,4900,
A20261789,140.919,C60,26.50 ,4900,
A20261790,36.155,C60,26.50 ,4900,
A20261791,36.185,C60,26.50 ,4900,
A20261792,26.195,C60,26.50 ,4900,
A20261793,41.170,C60,26.50 ,4900,
A20261794,101.280,C60,26.50 ,4900,
A20261795,81.240,C60,26.50 ,4900,
A20261796,46.220,C60,26.50 ,4900,
A20261797,56.220,C60,26.50 ,4900,
A20261798,66.195,C60,26.50 ,4900,
A20261799,46.135,C60,26.50 ,4900,
A20261800,41.240,C60,26.50 ,6401,
A20261801,41.280,C60,26.50 ,4900,
A20261802,134.760,C60,26.50 ,4700,
A20261803,112.081,C60,26.50 ,7000,
A20261804,50.229,C60,26.50 ,4900,
A20261805,58.527,C60,26.50 ,4900,
A20261806,29.488,C60,26.50 ,4900,
A20261807,66.784,C60,26.50 ,6400,
A20261808,66.696,C60,26.50 ,5300,
A20261809,59.264,C60,26.50 ,9540,
A20261810,40.236,C60,26.50 ,9540,
A20261811,37.740,C60,26.50 ,9540,
A20261812,37.744,C60,26.50 ,9540,
A20261813,33.418,C60,26.50 ,6250,
A20261814,33.418,C60,26.50 ,10500,
A20261815,39.707,C60,26.50 ,4900,
A20261816,26.488,C60,26.50 ,4930,
A20261817,39.525,C60,26.50 ,4930,
A20261818,39.522,C60,26.50 ,5530,
A20261819,33.350,C60,26.50 ,5530,
A20261820,34.356,C60,26.50 ,5530,
A20261821,46.082,C60,26.50 ,5530,
A20261822,33.495,C60,26.50 ,5600,
A20261823,41.665,C60,26.50 ,4900,
A20261824,33.482,C60,26.50 ,4700,
A20261825,36.987,C60,26.50 ,6300,
A20261826,106.860,C60,26.50 ,6300,
A20261827,57.968,C60,26.50 ,10860,
A20261828,57.972,C60,26.50 ,11540,
A20261829,52.951,C60,26.50 ,9520,
A20261830,84.760,C60,26.50 ,7400,
A20261831,39.560,C60,26.50 ,5300,
A20261832,39.600,C60,26.50 ,5300,
A20261833,33.422,C60,26.50 ,5300,
A20261834,39.650,C60,26.50 ,5300,
A20261835,37.639,C60,26.50 ,7400,
A20261836,57.650,C60,26.50 ,7400,
A20261837,39.430,C60,26.50 ,7400,
A20261838,64.267,C60,26.50 ,4900,
A20261839,52.842,C60,26.50 ,6400,
A20261840,88.223,C60,26.50 ,7000,
A20261841,24.564,C60,26.50 ,7000,
A20261842,44.746,C60,26.50 ,7000,
A20261843,36.910,C60,26.50 ,7000,
A20261844,109.568,C60,26.50 ,7000,
A20261845,86.718,C60,26.50 ,4940,
A20261846,46.220,C60,26.50 ,4940,
A20261847,77.480,C60,26.50 ,4900,
A20261848,120.860,C60,26.50 ,4900,
A20261849,39.980,C60,26.50 ,4900,
A20261850,52.440,C60,26.50 ,4900,
A20261851,59.168,C60,26.50 ,4900,
A20261852,33.842,C60,26.50 ,4900,
A20261853,65.444,C60,26.50 ,4900,
A20261854,66.630,C60,26.50 ,4900,
A20261855,54.224,C60,26.50 ,6400,
A20261856,54.224,C60,26.50 ,7750,
A20261857,33.468,C60,26.50 ,7750,
A20261858,94.808,C60,26.50 ,7750,
A20261859,48.544,C60,26.50 ,7750,
A20261860,32.176,C60,26.50 ,7750,
A20261861,39.694,C60,26.50 ,7750,
A20261862,113.330,C60,26.50 ,7750,
A20261863,52.980,C60,26.50 ,7750,
A20261864,45.490,C60,26.50 ,4900,
A20261865,30.236,C60,26.50 ,4900,
A20261866,109.124,C60,26.50 ,4900,
A20261867,30.449,C60,26.50 ,7000,
A20261868,106.156,C60,26.50 ,5900,
A20261869,44.846,C60,26.50 ,4400,
A20261870,68.516,C60,26.50 ,7000,
A20261871,59.752,C60,26.50 ,7000,
A20261872,90.554,C60,26.50 ,5900,
A20261873,44.318,C60,26.50 ,7000,
A20261874,64.691,C60,26.50 ,7000,
A20261875,108.186,C60,26.50 ,7000,
A20261876,53.920,C60,26.50 ,7000,
A20261877,58.280,C60,26.50 ,7000,
A20261878,40.440,C60,26.50 ,7000,
A20261879,27.798,C60,26.50 ,5900,
A20261880,51.989,C60,26.50 ,5900,
A20261881,34.393,C60,26.50 ,5900,
A20261882,84.730,C60,26.50 ,5900,
A20261883,52.830,C60,26.50 ,5900,
A20261884,49.830,C60,26.50 ,8050,
A20261885,58.172,C60,26.50 ,8050,
A20261886,136.210,C60,26.50 ,5900,
A20261887,74.600,C60,26.50 ,4900,
A20261888,74.980,C60,26.50 ,4900,
A20261889,33.912,C60,26.50 ,4900,
A20261890,46.621,C60,26.50 ,4900,
A20261891,59.306,C60,26.50 ,4900,
A20261892,84.707,C60,26.50 ,4900,
A20261893,27.551,C60,26.50 ,4900,
A20261894,33.856,C60,26.50 ,4900,
A20261895,31.220,C60,26.50 ,4900,
A20261896,36.392,C60,26.50 ,4900,
A20261897,65.392,C60,26.50 ,6100,
A20261898,27.413,C60,26.50 ,6100,
A20261899,33.080,C60,26.50 ,6100,
A20261900,52.840,C60,26.50 ,6100,
A20261901,52.840,C60,26.50 ,6100,
A20261902,51.755,C60,26.50 ,6100,
A20261903,70.080,C60,26.50 ,6100,
A20261904,58.478,C60,26.50 ,5060,
A20261905,52.028,C60,26.50 ,5060,
A20261906,55.949,C60,26.50 ,7240,
A20261907,75.059,C60,26.50 ,6100,
A20261908,87.488,C60,26.50 ,6100,
A20261909,33.613,C60,26.50 ,6100,
A20261910,33.635,C60,26.50 ,6100,
A20261911,151.686,C60,26.50 ,4900,
A20261912,70.280,C60,26.50 ,4900,
A20261913,131.715,C60,26.50 ,4900,
A20261914,103.259,C60,26.50 ,4900,
A20261915,37.592,C60,26.50 ,5600,
A20261916,33.476,C60,26.50 ,5600,
A20261917,33.470,C60,26.50 ,11400,
A20261918,82.550,C60,26.50 ,4900,
A20261919,39.605,C60,26.50 ,4900,
A20261920,64.155,C60,26.50 ,8280,
A20261921,51.875,C60,26.50 ,8280,
A20261922,37.780,C60,26.50 ,4900,
A20261923,100.031,C60,26.50 ,4900,
A20261924,41.945,C60,26.50 ,4900,
A20261925,54.384,C60,26.50 ,4900,
A20261926,104.160,C60,26.50 ,4900,
A20261927,54.144,C60,26.50 ,4500,
A20261928,33.643,C60,26.50 ,4500,
A20261929,83.368,C60,26.50 ,4700,
A20261930,137.480,C60,26.50 ,4900,
A20261931,137.480,C60,26.50 ,5150,
A20261932,104.300,C60,26.50 ,4900,
A20261933,54.440,C60,26.50 ,5360,
A20261934,36.394,C60,26.50 ,8230,
A20261935,24.236,C60,26.50 ,11050,
A20261936,39.479,C60,26.50 ,8400,
A20261937,51.760,C60,26.50 ,6780,
A20261938,82.620,C60,26.50 ,7960,
A20261939,33.680,C60,26.50 ,6840,
A20261940,86.810,C60,26.50 ,9000,
A20261941,92.080,C60,26.50 ,4900,
A20261942,45.900,C60,26.50 ,4900,
A20261943,52.126,C60,26.50 ,4900,
A20261944,70.756,C60,26.50 ,4900,
A20261945,55.180,C60,26.50 ,6400,
A20261946,100.955,C60,26.50 ,7750,
A20261947,64.404,C60,26.50 ,7750,
A20261948,52.260,C60,26.50 ,7750,
A20261949,51.755,C60,26.50 ,7750,
A20261950,33.386,C60,26.50 ,7750,
A20261951,33.392,C60,26.50 ,7750,
A20261952,33.422,C60,26.50 ,7750,
A20261953,45.954,C60,26.50 ,7750,
A20261954,39.433,C60,26.50 ,4900,
A20261955,52.064,C60,26.50 ,4900,
A20261956,33.644,C60,26.50 ,4900,
A20261957,45.892,C60,26.50 ,7000,
A20261958,53.664,C60,26.50 ,5900,
A20261959,154.060,C60,26.50 ,4400,
A20261960,104.160,C60,26.50 ,7000,
A20261961,70.960,C60,26.50 ,7000,
A20261962,153.940,C60,26.50 ,5900,
A20261963,137.720,C60,26.50 ,7000,
A20261964,62.740,C60,26.50 ,7000,
A20261965,33.480,C60,26.50 ,7000,
A20261966,39.840,C60,26.50 ,7000,
A20261967,69.129,C60,26.50 ,7000,
A20261968,39.614,C60,26.50 ,7000,
A20261969,95.980,C60,26.50 ,5900,
A20261970,62.670,C60,26.50 ,5900,
A20261971,40.074,C60,26.50 ,5900,
A20261972,46.075,C60,26.50 ,5900,
A20261973,51.570,C60,26.50 ,5900,
A20261974,97.080,C60,26.50 ,8050,
A20261975,51.566,C60,26.50 ,8050,
A20261976,63.170,C60,26.50 ,5900,
A20261977,33.413,C60,26.50 ,4900,
A20261978,40.798,C60,26.50 ,4900,
A20261979,33.040,C60,26.50 ,4900,
A20261980,105.000,C60,26.50 ,4900,
A20261981,33.200,C60,26.50 ,4900,
A20261982,105.000,C60,26.50 ,4900,
A20261983,33.214,C60,26.50 ,4900,
A20261984,105.146,C60,26.50 ,4900,
A20261985,45.147,C60,26.50 ,4900,
A20261986,99.707,C60,26.50 ,4900,
A20261987,46.090,C60,26.50 ,6100,
A20261988,33.644,C60,26.50 ,6100,
A20261989,83.320,C60,26.50 ,6100,
A20261990,58.028,C60,26.50 ,6100,
A20261991,45.707,C60,26.50 ,6100,
A20261992,51.711,C60,26.50 ,6100,
A20261993,36.289,C60,26.50 ,6100,
A20261994,58.493,C60,26.50 ,5060,
A20261995,36.924,C60,26.50 ,5060,
A20261996,107.694,C60,26.50 ,7240,
A20261997,45.892,C60,26.50 ,6100,
A20261998,58.312,C60,26.50 ,6100,
A20261999,58.484,C60,26.50 ,6100,
A20262000,103.540,C60,26.50 ,6100,
A20262001,38.129,C60,26.50 ,4900,
A20262002,76.757,C60,26.50 ,4900,
A20262003,33.373,C60,26.50 ,4900,
A20262004,46.048,C60,26.50 ,4900,
A20262005,33.632,C60,26.50 ,5600,
A20262006,77.126,C60,26.50 ,5600,
A20262007,66.812,C60,26.50 ,11400,
A20262008,45.058,C60,26.50 ,4900,
A20262009,45.524,C60,26.50 ,4900,
A20262010,51.655,C60,26.50 ,8280,
A20262011,39.709,C60,26.50 ,8280,
A20262012,54.140,C60,26.50 ,4900,
A20262013,136.400,C60,26.50 ,4900,
A20262014,78.992,C60,26.50 ,4900,
A20262015,78.988,C60,26.50 ,4900,
A20262016,136.780,C60,26.50 ,4900,
A20262017,136.720,C60,26.50 ,4500,
A20262018,120.148,C60,26.50 ,4500,
A20262019,136.940,C60,26.50 ,4700,
A20262020,136.680,C60,26.50 ,4900,
A20262021,152.920,C60,26.50 ,5150,
A20262022,54.144,C60,26.50 ,4900,
A20262023,78.852,C60,26.50 ,5360,
A20262024,37.672,C60,26.50 ,8230,
A20262025,39.432,C60,26.50 ,11050,
A20262026,45.892,C60,26.50 ,8400,
A20262027,50.033,C60,26.50 ,6780,
A20262028,87.104,C60,26.50 ,7960,
A20262029,41.787,C60,26.50 ,6840,
A20262030,99.499,C60,26.50 ,9000,
A20262031,58.281,C60,26.50 ,4800,
A20262032,50.012,C60,26.50 ,4800,
A20262033,52.275,C60,26.50 ,4800,
A20262034,33.544,C60,26.50 ,4800,
A20262035,51.350,C60,26.50 ,6300,
A20262036,27.353,C60,26.50 ,7650,
A20262037,54.625,C60,26.50 ,7650,
A20262038,36.892,C60,26.50 ,7650,
A20262039,37.664,C60,26.50 ,7650,
A20262040,69.440,C60,26.50 ,7650,
A20262041,33.260,C60,26.50 ,7650,
A20262042,48.940,C60,26.50 ,7650,
A20262043,30.494,C60,26.50 ,7650,
A20262044,45.730,C60,26.50 ,4800,
A20262045,146.070,C60,26.50 ,4800,
A20262046,46.120,C60,26.50 ,4800,
A20262047,43.080,C60,26.50 ,6900,
A20262048,48.630,C60,26.50 ,5800,
A20262049,24.370,C60,26.50 ,4300,
A20262050,33.630,C60,26.50 ,6900,
A20262051,108.215,C60,26.50 ,6900,
A20262052,95.764,C60,26.50 ,5800,
A20262053,133.020,C60,26.50 ,6900,
A20262054,133.200,C60,26.50 ,6900,
A20262055,33.476,C60,26.50 ,6900,
A20262056,48.450,C60,26.50 ,6900,
A20262057,103.450,C60,26.50 ,6900,
A20262058,140.920,C60,26.50 ,6900,
A20262059,32.450,C60,26.50 ,5800,
A20262060,76.805,C60,26.50 ,5800,
A20262061,62.065,C60,26.50 ,5800,
A20262062,33.773,C60,26.50 ,5800,
A20262063,41.060,C60,26.50 ,5800,
A20262064,46.520,C60,26.50 ,7950,
A20262065,46.094,C60,26.50 ,7950,
A20262066,51.340,C60,26.50 ,5800,
A20262067,45.320,C60,26.50 ,4800,
A20262068,153.780,C60,26.50 ,4800,
A20262069,54.128,C60,26.50 ,4800,
A20262070,41.780,C60,26.50 ,4800,
A20262071,37.676,C60,26.50 ,4800,
A20262072,70.688,C60,26.50 ,4800,
A20262073,87.172,C60,26.50 ,4800,
A20262074,74.879,C60,26.50 ,4800,
A20262075,65.319,C60,26.50 ,4800,
A20262076,91.223,C60,26.50 ,4800,
A20262077,33.544,C60,26.50 ,6000,
A20262078,126.000,C60,26.50 ,6000,
A20262079,114.240,C60,26.50 ,6000,
A20262080,54.224,C60,26.50 ,6000,
A20262081,51.350,C60,26.50 ,6000,
A20262082,45.576,C60,26.50 ,6000,
A20262083,33.322,C60,26.50 ,6000,
A20262084,39.389,C60,26.50 ,4960,
A20262085,45.308,C60,26.50 ,4960,
A20262086,75.452,C60,26.50 ,7140,
A20262087,39.482,C60,26.50 ,6000,
A20262088,45.452,C60,26.50 ,6000,
A20262089,33.572,C60,26.50 ,6000,
A20262090,45.336,C60,26.50 ,6000,
A20262091,39.386,C60,26.50 ,4800,
A20262092,57.380,C60,26.50 ,4800,
A20262093,33.482,C60,26.50 ,4800,
A20262094,46.694,C60,26.50 ,4800,
A20262095,33.647,C60,26.50 ,5500,
A20262096,51.326,C60,26.50 ,5500,
A20262097,61.683,C60,26.50 ,11300,
A20262098,26.261,C60,26.50 ,4800,
A20262099,59.324,C60,26.50 ,4800,
A20262100,39.533,C60,26.50 ,8180,
A20262101,33.572,C60,26.50 ,8180,
A20262102,33.260,C60,26.50 ,4800,
A20262103,51.760,C60,26.50 ,4800,
A20262104,39.536,C60,26.50 ,4800,
A20262105,33.424,C60,26.50 ,4800,
A20262106,41.950,C60,26.50 ,4800,
A20262107,45.330,C60,26.50 ,4400,
A20262108,33.428,C60,26.50 ,4400,
A20262109,57.872,C60,26.50 ,4600,
A20262110,39.533,C60,26.50 ,4800,
A20262111,33.422,C60,26.50 ,5050,
A20262112,33.422,C60,26.50 ,4800,
A20262113,80.240,C60,26.50 ,5260,
A20262114,25.133,C60,26.50 ,8130,
A20262115,46.660,C60,26.50 ,10950,
A20262116,46.600,C60,26.50 ,8300,
A20262117,61.840,C60,26.50 ,6680,
A20262118,56.740,C60,26.50 ,7860,
A20262119,135.420,C60,26.50 ,6740,
A20262120,134.926,C60,26.50 ,8900,
A20262121,130.721,C60,26.50 ,4900,
A20262122,39.039,C60,26.50 ,4900,
A20262123,79.896,C60,26.50 ,4900,
A20262124,90.084,C60,26.50 ,4900,
A20262125,61.936,C60,26.50 ,4900,
A20262126,64.482,C60,26.50 ,6400,
A20262127,39.002,C60,26.50 ,4900,
A20262128,112.568,C60,26.50 ,4900,
A20262129,56.732,C60,26.50 ,4900,
A20262130,28.754,C60,26.50 ,4900,
A20262131,114.366,C60,26.50 ,4500,
A20262132,46.360,C60,26.50 ,8150,
A20262133,59.060,C60,26.50 ,7200,
A20262134,96.920,C60,26.50 ,7080,
A20262135,26.687,C60,26.50 ,4900,
A20262136,33.098,C60,26.50 ,4900,
A20262137,48.892,C60,26.50 ,4900,
A20262138,37.064,C60,26.50 ,4900,
A20262139,62.680,C60,26.50 ,4900,
A20262140,37.675,C60,26.50 ,4900,
A20262141,37.800,C60,26.50 ,4900,
A20262142,29.494,C60,26.50 ,4900,
A20262143,46.418,C60,26.50 ,4900,
A20262144,60.510,C60,26.50 ,4900,
A20262145,76.224,C60,26.50 ,4900,
A20262146,60.719,C60,26.50 ,4900,
A20262147,27.976,C60,26.50 ,4900,
A20262148,72.589,C60,26.50 ,4900,
A20262149,27.976,C60,26.50 ,4900,
A20262150,97.500,C60,26.50 ,4900,
A20262151,26.650,C60,26.50 ,4900,
A20262152,52.715,C60,26.50 ,4900,
A20262153,71.940,C60,26.50 ,4900,
A20262154,36.766,C60,26.50 ,4900,
A20262155,34.546,C60,26.50 ,4900,
A20262156,86.782,C60,26.50 ,4900,
A20262157,32.774,C60,26.50 ,4900,
A20262158,75.254,C60,26.50 ,4900,
A20262159,46.094,C60,26.50 ,4900,
A20262160,33.647,C60,26.50 ,4900,
A20262161,54.112,C60,26.50 ,7400,
A20262162,46.412,C60,26.50 ,6600,
A20262163,65.321,C60,26.50 ,6300,
A20262164,44.660,C60,26.50 ,10900,
A20262165,130.680,C60,26.50 ,11000,
A20262166,48.682,C60,26.50 ,8970,
A20262167,103.638,C60,26.50 ,8970,
A20262168,96.864,C60,26.50 ,8100,
A20262169,40.109,C60,26.50 ,8780,
A20262170,46.408,C60,26.50 ,9340,
A20262171,28.610,C60,26.50 ,9340,
A20262172,54.563,C60,26.50 ,9340,
A20262173,61.989,C60,26.50 ,10000,
A20262174,61.891,C60,26.50 ,10060,
A20262175,139.600,C60,26.50 ,10060,
A20262176,36.230,C60,26.50 ,5300,
A20262177,33.804,C60,26.50 ,5300,
A20262178,46.408,C60,26.50 ,5200,
A20262179,71.620,C60,26.50 ,4900,
A20262180,110.366,C60,26.50 ,4900,
A20262181,52.990,C60,26.50 ,4900,
A20262182,40.174,C60,26.50 ,3800,
A20262183,59.138,C60,26.50 ,4600,
A20262184,97.304,C60,26.50 ,4900,
A20262185,33.884,C60,26.50 ,4900,
A20262186,40.259,C60,26.50 ,6000,
A20262187,46.086,C60,26.50 ,4900,
A20262188,38.245,C60,26.50 ,4900,
A20262189,28.706,C60,26.50 ,6400,
A20262190,66.236,C60,26.50 ,6400,
A20262191,84.780,C60,26.50 ,4900,
A20262192,65.671,C60,26.50 ,4900,
A20262193,31.382,C60,26.50 ,4900,
A20262194,46.612,C60,26.50 ,4900,
A20262195,39.475,C60,26.50 ,4900,
A20262196,37.101,C60,26.50 ,4900,
A20262197,33.424,C60,26.50 ,6400,
A20262198,71.976,C60,26.50 ,4900,
A20262199,45.888,C60,26.50 ,4900,
A20262200,39.720,C60,26.50 ,4901,
A20262201,150.020,C60,26.50 ,4901,
A20262202,57.944,C60,26.50 ,4901,
A20262203,82.739,C60,26.50 ,6400,
A20262204,71.568,C60,26.50 ,6400,
A20262205,96.845,C60,26.50 ,6400,
A20262206,65.412,C60,26.50 ,6400,
A20262207,53.005,C60,26.50 ,6400,
A20262208,45.372,C60,26.50 ,4900,
A20262209,57.872,C60,26.50 ,4900,
A20262210,65.727,C60,26.50 ,4900,
A20262211,36.210,C60,26.50 ,4900,
A20262212,36.198,C60,26.50 ,4900,
A20262213,61.072,C60,26.50 ,6400,
A20262214,76.028,C60,26.50 ,4900,
A20262215,72.024,C60,26.50 ,4900,
A20262216,57.650,C60,26.50 ,4900,
A20262217,45.500,C60,26.50 ,4900,
A20262218,40.130,C60,26.50 ,4500,
A20262219,81.840,C60,26.50 ,8150,
A20262220,61.584,C60,26.50 ,7200,
A20262221,71.210,C60,26.50 ,7080,
A20262222,96.020,C60,26.50 ,4900,
A20262223,91.270,C60,26.50 ,4900,
A20262224,58.952,C60,26.50 ,4900,
A20262225,74.228,C60,26.50 ,4900,
A20262226,86.440,C60,26.50 ,4900,
A20262227,131.800,C60,26.50 ,4900,
A20262228,64.595,C60,26.50 ,4900,
A20262229,33.786,C60,26.50 ,4900,
A20262230,53.984,C60,26.50 ,4900,
A20262231,41.950,C60,26.50 ,4900,
A20262232,78.446,C60,26.50 ,4900,
A20262233,46.664,C60,26.50 ,4900,
A20262234,53.030,C60,26.50 ,4900,
A20262235,135.680,C60,26.50 ,4900,
A20262236,29.492,C60,26.50 ,4900,
A20262237,46.094,C60,26.50 ,4900,
A20262238,81.841,C60,26.50 ,4900,
A20262239,40.759,C60,26.50 ,4900,
A20262240,36.389,C60,26.50 ,4900,
A20262241,27.288,C60,26.50 ,4900,
A20262242,71.784,C60,26.50 ,4900,
A20262243,63.973,C60,26.50 ,4900,
A20262244,93.761,C60,26.50 ,4900,
A20262245,36.486,C60,26.50 ,4900,
A20262246,47.933,C60,26.50 ,4900,
A20262247,54.563,C60,26.50 ,4900,
A20262248,24.904,C60,26.50 ,7400,
A20262249,55.157,C60,26.50 ,6600,
A20262250,36.212,C60,26.50 ,6300,
A20262251,41.216,C60,26.50 ,10900,
A20262252,36.344,C60,26.50 ,11000,
A20262253,36.344,C60,26.50 ,8970,
A20262254,36.105,C60,26.50 ,8970,
A20262255,41.180,C60,26.50 ,8100,
A20262256,51.170,C60,26.50 ,8780,
A20262257,78.491,C60,26.50 ,9340,
A20262258,135.755,C60,26.50 ,9340,
A20262259,84.860,C60,26.50 ,9340,
A20262260,33.476,C60,26.50 ,10000,
A20262261,39.620,C60,26.50 ,10060,
A20262262,46.120,C60,26.50 ,10060,
A20262263,70.160,C60,26.50 ,5300,
A20262264,59.282,C60,26.50 ,5300,
A20262265,45.848,C60,26.50 ,5200,
A20262266,41.650,C60,26.50 ,4900,
A20262267,41.458,C60,26.50 ,4900,
A20262268,45.740,C60,26.50 ,4900,
A20262269,74.370,C60,26.50 ,3800,
A20262270,97.004,C60,26.50 ,4600,
A20262271,46.382,C60,26.50 ,4900,
A20262272,82.300,C60,26.50 ,4900,
A20262273,33.416,C60,26.50 ,6000,
A20262274,51.813,C60,26.50 ,4900,
A20262275,33.286,C60,26.50 ,4900,
A20262276,33.600,C60,26.50 ,6400,
A20262277,33.484,C60,26.50 ,6400,
A20262278,27.346,C60,26.50 ,4900,
A20262279,53.030,C60,26.50 ,4900,
A20262280,71.648,C60,26.50 ,4900,
A20262281,77.927,C60,26.50 ,4900,
A20262282,96.868,C60,26.50 ,4900,
A20262283,78.208,C60,26.50 ,4900,
A20262284,74.370,C60,26.50 ,6400,
A20262285,37.676,C60,26.50 ,4900,
A20262286,29.446,C60,26.50 ,4900,
A20262287,29.446,C60,26.50 ,4901,
A20262288,45.932,C60,26.50 ,4901,
A20262289,33.566,C60,26.50 ,4901,
A20262290,52.815,C60,26.50 ,6400,
A20262291,33.853,C60,26.50 ,6400,
A20262292,46.476,C60,26.50 ,6400,
A20262293,52.795,C60,26.50 ,6400,
A20262294,46.648,C60,26.50 ,6400,
A20262295,71.536,C60,26.50 ,4900,
A20262296,71.536,C60,26.50 ,4900,
A20262297,82.110,C60,26.50 ,4900,
A20262298,45.328,C60,26.50 ,4900,
A20262299,33.273,C60,26.50 ,4900,
A20262300,63.837,C60,26.50 ,6400,
A20262301,45.573,C60,26.50 ,4900,
A20262302,46.576,C60,26.50 ,4900,
A20262303,52.915,C60,26.50 ,4900,
A20262304,46.572,C60,26.50 ,4900,
A20262305,52.913,C60,26.50 ,4500,
A20262306,71.944,C60,26.50 ,8150,
A20262307,33.226,C60,26.50 ,7200,
A20262308,87.494,C60,26.50 ,7080,
A20262309,33.190,C60,26.50 ,4900,
A20262310,93.190,C60,26.50 ,4900,
A20262311,33.240,C60,26.50 ,4900,
A20262312,93.340,C60,26.50 ,4900,
A20262313,33.200,C60,26.50 ,4900,
A20262314,69.180,C60,26.50 ,4900,
A20262315,39.220,C60,26.50 ,4900,
A20262316,26.052,C60,26.50 ,4900,
A20262317,33.267,C60,26.50 ,4900,
A20262318,69.440,C60,26.50 ,4900,
A20262319,39.320,C60,26.50 ,4900,
A20262320,26.093,C60,26.50 ,4900,
A20262321,33.200,C60,26.50 ,4900,
A20262322,81.093,C60,26.50 ,4900,
A20262323,26.035,C60,26.50 ,4900,
A20262324,45.200,C60,26.50 ,4900,
A20262325,33.254,C60,26.50 ,4900,
A20262326,39.246,C60,26.50 ,4900,
A20262327,75.280,C60,26.50 ,4900,
A20262328,39.240,C60,26.50 ,4900,
A20262329,33.186,C60,26.50 ,4900,
A20262330,39.260,C60,26.50 ,4900,
A20262331,33.227,Z30,23.00 ,4900,
A20262332,33.187,Z30,23.00 ,4900,
A20262333,33.320,Z30,23.00 ,4900,
A20262334,45.440,Z30,23.00 ,4900,
A20262335,71.668,Z30,23.00 ,7400,
A20262336,41.396,Z30,23.00 ,6600,
A20262337,81.784,Z30,23.00 ,6300,
A20262338,36.386,Z30,23.00 ,10900,
A20262339,31.324,Z30,23.00 ,11000,
A20262340,92.068,Z30,23.00 ,8970,
A20262341,76.805,Z30,23.00 ,8970,
A20262342,54.554,Z30,23.00 ,8100,
A20262343,54.554,Z30,23.00 ,8780,
A20262344,131.140,Z30,23.00 ,9340,
A20262345,37.804,Z30,23.00 ,9340,
A20262346,41.925,Z30,23.00 ,9340,
A20262347,58.026,Z30,23.00 ,10000,
A20262348,45.774,Z30,23.00 ,10060,
A20262349,34.036,Z30,23.00 ,10060,
A20262350,78.922,Z30,23.00 ,5300,
A20262351,78.918,Z30,23.00 ,5300,
A20262352,18.901,NP01,43.00 ,5200,
A20262353,50.744,NP01,43.00 ,4900,
A20262354,25.372,NP01,43.00 ,4900,
A20262355,30.435,NP01,43.00 ,4900,
A20262356,36.522,NP01,43.00 ,3800,
A20262357,25.524,NP01,43.00 ,4600,
A20262358,42.609,NP01,43.00 ,4900,
A20262359,12.167,NP01,43.00 ,4900,
A20262360,6.128,NP01,43.00 ,6000,
A20262361,37.206,NP01,43.00 ,4900,
A20262362,12.640,NP01,43.00 ,4900,
A20262363,6.319,NP01,43.00 ,6400,
A20262364,50.560,NP01,43.00 ,6400,
A20262365,63.200,NP01,43.00 ,4900,
A20262366,43.027,NP01,43.00 ,4900,
A20262367,12.253,NP01,43.00 ,4900,
A20262368,30.620,NP01,43.00 ,4900,
A20262369,15.320,NP01,43.00 ,4900,
A20262370,106.782,NP01,43.00 ,4900,
A20262371,24.638,NP01,43.00 ,6400,
A20262372,114.908,NP01,43.00 ,4900,
A20262373,114.700,NP01,43.00 ,4900,
A20262374,61.470,NP01,43.00 ,4901,
A20262375,53.270,NP01,43.00 ,4901,
A20262376,36.525,NP01,43.00 ,4901,
A20262377,30.370,NP01,43.00 ,6400,
A20262378,6.074,NP01,43.00 ,6400,
A20262379,12.976,NP01,43.00 ,6400,
A20262380,12.600,NP01,43.00 ,6400,
A20262381,116.200,NP01,43.00 ,6400,
A20262382,45.323,NP01,43.00 ,6400,
A20262383,95.094,NP01,43.00 ,4750,
A20262384,66.352,NP01,43.00 ,4900,
A20262385,24.364,NP01,43.00 ,6100,
A20262386,25.170,NP01,43.00 ,4550,
A20262387,82.784,NP01,43.00 ,5270,
A20262388,69.748,NP01,43.00 ,4900,
A20262389,114.225,NP01,43.00 ,4900,
A20262390,76.540,NP01,43.00 ,4900,
A20262391,6.089,NP01,43.00 ,4900,
A20262392,18.480,NP01,43.00 ,4900,
A20262393,75.360,NP01,43.00 ,4900,
A20262394,15.056,NP01,43.00 ,4900,
A20262395,42.196,NP01,43.00 ,6900,
A20262396,7.660,NP01,43.00 ,4150,
A20262397,23.046,NP01,43.00 ,4900,
A20262398,15.363,NP01,43.00 ,6100,
A20262399,20.600,NP01,43.00 ,6100,
A20262400,12.264,NP01,43.00 ,6100,
A20262401,66.814,NP01,43.00 ,6100,
A20262402,12.740,NP01,43.00 ,6150,
A20262403,16.376,NP01,43.00 ,4450,
A20262404,38.052,NP01,43.00 ,4900,
A20262405,37.992,NP01,43.00 ,4600,
A20262406,74.127,NP01,43.00 ,5400,
A20262407,14.913,NP01,43.00 ,4900,
A20262408,49.140,NP01,43.00 ,4900,
A20262409,31.580,NP01,43.00 ,7900,
A20262410,18.990,NP01,43.00 ,4901,
A20262411,49.140,NP01,43.00 ,4900,
A20262412,110.520,NP01,43.00 ,4900,
A20262413,104.500,NP01,43.00 ,6400,
A20262414,18.460,NP01,43.00 ,6400,
A20262415,24.352,NP01,43.00 ,7900,
A20262416,24.364,NP01,43.00 ,7900,
A20262417,86.088,NP01,43.00 ,7900,
A20262418,15.812,NP01,43.00 ,4900,
A20262419,24.948,NP01,43.00 ,4900,
A20262420,20.505,NP01,43.00 ,6360,
A20262421,8.316,NP01,43.00 ,6070,
A20262422,58.211,NP01,43.00 ,6140,
A20262423,28.945,NP01,43.00 ,6200,
A20262424,12.178,NP01,43.00 ,6200,
A20262425,42.940,NP01,43.00 ,5840,
A20262426,82.400,NP01,43.00 ,6100,
A20262427,12.360,NP01,43.00 ,7900,
A20262428,132.100,NP01,43.00 ,4900,
A20262429,62.025,NP01,43.00 ,6400,
A20262430,28.957,NP01,43.00 ,6400,
A20262431,23.793,NP01,43.00 ,6400,
A20262432,115.240,NP01,43.00 ,4900,
A20262433,45.229,NP01,43.00 ,6550,
A20262434,12.148,NP01,43.00 ,6550,
A20262435,86.331,NP01,43.00 ,6550,
A20262436,41.070,NP01,43.00 ,6250,
A20262437,40.974,NP01,43.00 ,6250,
A20262438,20.680,NP01,43.00 ,6650,
A20262439,65.700,NP01,43.00 ,6650,
A20262440,41.000,NP01,43.00 ,6650,
A20262441,34.119,NP01,43.00 ,6650,
A20262442,16.246,NP01,43.00 ,4700,
A20262443,7.578,NP01,43.00 ,6800,
A20262444,12.405,NP01,43.00 ,6400,
A20262445,12.312,NP01,43.00 ,6400,
A20262446,19.594,NP01,43.00 ,3900,
A20262447,50.386,NP01,43.00 ,4900,
A20262448,38.530,NP01,43.00 ,4900,
A20262449,38.526,NP01,43.00 ,4900,
A20262450,69.354,NP01,43.00 ,4900,
A20262451,53.534,NP01,43.00 ,10680,
A20262452,61.110,NP01,43.00 ,4700,
A20262453,25.368,NP01,43.00 ,4950,
A20262454,42.623,NP01,43.00 ,6100,
A20262455,9.960,NP01,43.00 ,6100,
A20262456,24.160,NP01,43.00 ,6100,
A20262457,25.358,NP01,43.00 ,6100,
A20262458,6.080,NP01,43.00 ,6100,
A20262459,24.364,NP01,43.00 ,6100,
A20262460,62.190,NP01,43.00 ,6100,
A20262461,63.631,NP01,43.00 ,5018,
A20262462,90.935,NP01,43.00 ,6100,
A20262463,35.725,NP01,43.00 ,6100,
A20262464,128.900,NP01,43.00 ,4900,
A20262465,128.910,NP01,43.00 ,5000,
A20262466,128.950,NP01,43.00 ,5000,
A20262467,128.920,NP01,43.00 ,5000,
A20262468,128.890,NP01,43.00 ,5100,
A20262469,24.934,NP01,43.00 ,5200,
A20262470,59.800,NP01,43.00 ,5200,
A20262471,12.178,NP01,43.00 ,6400,
A20262472,35.434,NP01,43.00 ,6400,
A20262473,17.986,NP01,43.00 ,6400,
A20262474,17.980,NP01,43.00 ,6400,
A20262475,11.946,NP01,43.00 ,6400,
A20262476,11.964,NP01,43.00 ,6400,
A20262477,41.930,NP01,43.00 ,6400,
A20262478,12.000,NP01,43.00 ,4900,
A20262479,11.974,NP01,43.00 ,4900,
A20262480,72.020,NP01,43.00 ,6400,
A20262481,30.066,NP01,43.00 ,4900,
A20262482,12.020,NP01,43.00 ,4900,
A20262483,42.006,NP01,43.00 ,4900,
A20262484,42.074,NP01,43.00 ,4900,
A20262485,11.986,NP01,43.00 ,4900,
A20262486,23.994,NP01,43.00 ,4900,
A20262487,12.000,NP01,43.00 ,6400,
A20262488,83.540,NP01,43.00 ,7750,
A20262489,63.614,NP01,43.00 ,7750,
A20262490,41.169,NP01,43.00 ,7750,
A20262491,7.546,NP01,43.00 ,7750,
A20262492,24.720,NP01,43.00 ,7750,
A20262493,20.316,NP01,43.00 ,7750,
A20262494,16.430,NP01,43.00 ,7750,
A20262495,94.770,NP01,43.00 ,7750,
A20262496,39.660,NP01,43.00 ,4900,
A20262497,31.738,NP01,43.00 ,4900,
A20262498,110.560,NP01,43.00 ,4900,
A20262499,126.180,NP01,43.00 ,7000,
A20262500,126.240,NP01,43.00 ,5900,
A20262501,79.108,NP01,43.00 ,4400,
A20262502,73.930,NP01,43.00 ,7000,
A20262503,115.060,NP01,43.00 ,7000,
A20262504,131.600,NP01,43.00 ,5900,
A20262505,115.220,NP01,43.00 ,7000,
A20262506,98.928,NP01,43.00 ,7000,
A20262507,98.934,NP01,43.00 ,7000,
A20262508,99.024,NP01,43.00 ,7000,
A20262509,16.516,NP01,43.00 ,7000,
A20262510,115.420,NP01,43.00 ,7000,
A20262511,12.172,NP01,43.00 ,5900,
A20262512,132.080,NP01,43.00 ,5900,
A20262513,132.040,NP01,43.00 ,5900,
A20262514,115.540,NP01,43.00 ,5900,
A20262515,90.618,NP01,43.00 ,5900,
A20262516,24.722,NP01,43.00 ,8050,
A20262517,115.700,NP01,43.00 ,8050,
A20262518,115.480,NP01,43.00 ,5900,
A20262519,28.889,NP01,43.00 ,4900,
A20262520,86.671,NP01,43.00 ,4900,
A20262521,131.820,NP01,43.00 ,4900,
A20262522,26.488,NP01,43.00 ,4900,
A20262523,24.670,NP01,43.00 ,4900,
A20262524,116.060,NP01,43.00 ,4900,
A20262525,7.540,NP01,43.00 ,4900,
A20262526,26.397,NP01,43.00 ,4900,
A20262527,31.905,NP01,43.00 ,4900,
A20262528,24.852,NP01,43.00 ,4900,
A20262529,69.710,NP01,43.00 ,6100,
A20262530,3.370,NP01,43.00 ,6100,
A20262531,32.776,NP01,43.00 ,6100,
A20262532,57.054,NP01,43.00 ,6100,
A20262533,38.178,NP01,43.00 ,6100,
A20262534,31.815,NP01,43.00 ,6100,
A20262535,85.387,NP01,43.00 ,6100,
A20262536,97.440,NP01,43.00 ,5060,
A20262537,36.273,NP01,43.00 ,5060,
A20262538,12.168,NP01,43.00 ,7240,
A20262539,12.187,NP01,43.00 ,6100,
A20262540,18.267,NP01,43.00 ,6100,
A20262541,12.178,NP01,43.00 ,6100,
A20262542,36.534,NP01,43.00 ,6100,
A20262543,24.336,NP01,43.00 ,4900,
A20262544,12.168,NP01,43.00 ,4900,
A20262545,36.500,NP01,43.00 ,4900,
A20262546,42.588,NP01,43.00 ,4900,
A20262547,12.560,NP01,43.00 ,5600,
A20262548,31.605,NP01,43.00 ,5600,
A20262549,24.328,NP01,43.00 ,11400,
A20262550,48.387,NP01,43.00 ,4900,
A20262551,60.480,NP01,43.00 ,4900,
A20262552,28.952,NP01,43.00 ,8280,
A20262553,133.311,NP01,43.00 ,8280,
A20262554,18.276,NP01,43.00 ,4900,
A20262555,36.575,NP01,43.00 ,4900,
A20262556,12.192,NP01,43.00 ,4900,
A20262557,36.229,NP01,43.00 ,4900,
A20262558,15.162,NP01,43.00 ,4900,
A20262559,31.496,NP01,43.00 ,4500,
A20262560,11.960,NP01,43.00 ,4500,
A20262561,23.993,NP01,43.00 ,4700,
A20262562,23.967,NP01,43.00 ,4900,
A20262563,35.960,NP01,43.00 ,5150,
A20262564,11.986,NP01,43.00 ,4900,
A20262565,17.960,NP01,43.00 ,5360,
A20262566,11.946,NP01,43.00 ,8230,
A20262567,77.874,NP01,43.00 ,11050,
A20262568,65.666,NP01,43.00 ,8400,
A20262569,71.693,NP01,43.00 ,6780,
A20262570,12.026,NP01,43.00 ,7960,
A20262571,30.021,NP01,43.00 ,6840,
A20262572,54.033,NP01,43.00 ,9000,
A20262573,11.960,NP01,43.00 ,8900,
A20262574,42.020,NP01,43.00 ,6400,
A20262575,6.013,NP01,43.00 ,4900,
A20262576,30.027,NP01,43.00 ,4900,
A20262577,12.010,NP01,43.00 ,4900,
A20262578,30.010,NP01,43.00 ,4900,
A20262579,54.060,NP01,43.00 ,4900,
A20262580,12.014,NP01,43.00 ,4500,
A20262581,60.040,NP01,43.00 ,5400,
A20262582,18.020,NP01,43.00 ,4900,
A20262583,12.000,NP01,43.00 ,4900,
A20262584,65.960,NP01,43.00 ,4900,
A20262585,12.026,NP01,43.00 ,6900,
A20262586,24.014,NP01,43.00 ,4900,
A20262587,41.960,NP01,43.00 ,5900,
A20262588,11.926,NP01,43.00 ,5900,
A20262589,24.014,NP01,43.00 ,5900,
A20262590,12.006,NP01,43.00 ,6900,
A20262591,29.985,NP01,43.00 ,6900,
A20262592,79.700,NP01,43.00 ,7000,
A20262593,111.580,NP01,43.00 ,7000,
A20262594,17.849,NP01,43.00 ,7000,
A20262595,12.040,NP01,43.00 ,7000,
A20262596,84.080,NP01,43.00 ,7000,
A20262597,11.920,NP01,43.00 ,7000,
A20262598,17.840,NP01,43.00 ,7000,
A20262599,6.113,NP01,43.00 ,7000,
A20262600,47.844,NP01,43.00 ,7000,
A20262601,35.690,NP01,43.00 ,7000,
A20262602,12.014,NP01,43.00 ,5900,
A20262603,29.940,NP01,43.00 ,5900,
A20262604,30.059,NP01,43.00 ,5900,
A20262605,42.300,NP01,43.00 ,5900,
A20262606,15.045,NP01,43.00 ,5900,
A20262607,35.080,NP01,43.00 ,5900,
A20262608,95.640,NP01,43.00 ,5900,
A20262609,43.868,NP01,43.00 ,5900,
A20262610,12.282,NP01,43.00 ,5900,
A20262611,11.385,NP01,43.00 ,5900,
A20262612,26.537,NP01,43.00 ,5900,
A20262613,119.980,NP01,43.00 ,5900,
A20262614,119.860,NP01,43.00 ,5900,
A20262615,119.940,NP01,43.00 ,5900,
A20262616,29.968,NP01,43.00 ,5900,
A20262617,11.841,NP01,43.00 ,4900,
A20262618,6.489,NP01,43.00 ,4900,
A20262619,51.389,NP01,43.00 ,6400,
A20262620,51.116,NP01,43.00 ,5400,
A20262621,24.288,NP01,43.00 ,5900,
A20262622,31.615,NP01,43.00 ,5900,
A20262623,62.649,NP01,43.00 ,5900,
A20262624,57.862,NP01,43.00 ,5900,
A20262625,57.858,NP01,43.00 ,5900,
A20262626,49.464,NP01,43.00 ,5900,
A20262627,49.464,NP01,43.00 ,5900,
A20262628,15.804,NP01,43.00 ,7000,
A20262629,92.488,NP01,43.00 ,6900,
A20262630,81.944,NP01,43.00 ,6900,
A20262631,24.588,NP01,43.00 ,5900,
A20262632,6.363,NP01,43.00 ,4900,
A20262633,49.060,NP01,43.00 ,4900,
A20262634,79.920,NP01,43.00 ,4900,
A20262635,15.084,NP01,43.00 ,4901,
A20262636,48.720,NP01,43.00 ,4901,
A20262637,61.791,NP01,43.00 ,7900,
A20262638,41.530,NP01,43.00 ,4940,
A20262639,67.792,NP01,43.00 ,4900,
A20262640,12.441,NP01,43.00 ,4900,
A20262641,90.152,NP01,43.00 ,4900,
A20262642,16.388,NP01,43.00 ,4900,
A20262643,3.853,NP01,43.00 ,4900,
A20262644,19.265,NP01,43.00 ,5970,
A20262645,123.500,NP01,43.00 ,5970,
A20262646,19.270,NP01,43.00 ,5900,
A20262647,98.332,NP01,43.00 ,5700,
A20262648,12.291,NP01,43.00 ,5220,
A20262649,12.262,NP01,43.00 ,4900,
A20262650,24.350,NP01,43.00 ,4901,
A20262651,61.160,NP01,43.00 ,4901,
A20262652,48.930,NP01,43.00 ,4901,
A20262653,48.960,NP01,43.00 ,4901,
A20262654,45.364,NP01,43.00 ,4901,
A20262655,30.646,NP01,43.00 ,6400,
A20262656,12.261,NP01,43.00 ,6400,
A20262657,25.028,NP01,43.00 ,5000,
A20262658,91.370,NP01,43.00 ,5000,
A20262659,24.876,NP01,43.00 ,4600,
A20262660,42.931,NP01,43.00 ,6350,
A20262661,30.665,NP01,43.00 ,6350,
A20262662,55.204,NP01,43.00 ,10900,
A20262663,30.360,NP01,43.00 ,6540,
A20262664,24.600,NP01,43.00 ,4900,
A20262665,24.373,NP01,43.00 ,4901,
A20262666,30.400,NP01,43.00 ,4901,
A20262667,36.540,NP01,43.00 ,4901,
A20262668,24.347,NP01,43.00 ,4900,
A20262669,11.851,NP01,43.00 ,4900,
A20262670,15.728,NP01,43.00 ,6400,
A20262671,27.516,NP01,43.00 ,6400,
A20262672,25.512,NP01,43.00 ,6400,
A20262673,91.224,NP01,43.00 ,6400,
A20262674,20.730,NP01,43.00 ,4900,
A20262675,63.310,NP01,43.00 ,4900,
A20262676,6.293,NP01,43.00 ,5995,
A20262677,37.749,NP01,43.00 ,5330,
A20262678,12.586,NP01,43.00 ,5330,
A20262679,74.628,NP01,43.00 ,5080,
A20262680,20.680,NP01,43.00 ,5080,
A20262681,38.273,NP01,43.00 ,6100,
A20262682,38.280,NP01,43.00 ,4900,
A20262683,50.487,NP01,43.00 ,4900,
A20262684,112.397,NP01,43.00 ,5300,
A20262685,6.423,NP01,43.00 ,4901,
A20262686,134.800,NP01,43.00 ,4901,
A20262687,119.900,NP01,43.00 ,4750,
A20262688,89.880,NP01,43.00 ,4525,
A20262689,11.253,NP01,43.00 ,4780,
A20262690,29.960,NP01,43.00 ,4900,
A20262691,12.642,NP01,43.00 ,4950,
A20262692,6.094,NP01,43.00 ,5400,
A20262693,35.433,NP01,43.00 ,5400,
A20262694,39.510,NP01,43.00 ,5400,
A20262695,39.984,NP01,43.00 ,5400,
A20262696,34.986,NP01,43.00 ,6400,
A20262697,19.089,NP01,43.00 ,6400,
A20262698,54.800,NP01,43.00 ,6400,
A20262699,12.180,NP01,43.00 ,6400,
A20262700,42.637,NP01,43.00 ,4901,
A20262701,108.787,NP01,43.00 ,4901,
A20262702,90.012,NP01,43.00 ,6400,
A20262703,30.008,NP01,43.00 ,5900,
A20262704,120.120,NP01,43.00 ,4900,
A20262705,75.310,NP01,43.00 ,4900,
A20262706,22.590,NP01,43.00 ,4900,
A20262707,14.852,NP01,43.00 ,4900,
A20262708,14.852,NP01,43.00 ,4901,
A20262709,14.852,NP01,43.00 ,4901,
A20262710,14.852,NP01,43.00 ,6400,
A20262711,44.542,NP01,43.00 ,4900,
A20262712,53.327,NP01,43.00 ,4900,
A20262713,19.590,NP01,43.00 ,4900,
A20262714,26.663,NP01,43.00 ,4900,
A20262715,18.740,NP01,43.00 ,4900,
A20262716,18.740,NP01,43.00 ,4900,
A20262717,18.740,NP01,43.00 ,4900,
A20262718,56.220,NP01,43.00 ,4900,
A20262719,6.425,NP01,43.00 ,6400,
A20262720,85.400,NP01,43.00 ,4900,
A20262721,128.130,NP01,43.00 ,4900,
A20262722,48.784,NP01,43.00 ,4900,
A20262723,73.176,NP01,43.00 ,4900,
A20262724,24.580,NP01,43.00 ,4500,
A20262725,18.435,NP01,43.00 ,8150,
A20262726,55.305,NP01,43.00 ,7200,
A20262727,30.455,NP01,43.00 ,7080,
A20262728,30.455,NP01,43.00 ,4900,
A20262729,30.415,NP01,43.00 ,4900,
A20262730,36.498,NP01,43.00 ,4900,
A20262731,12.180,NP01,43.00 ,4900,
A20262732,30.168,NP01,43.00 ,4900,
A20262733,33.947,NP01,43.00 ,4900,
A20262734,13.156,NP01,43.00 ,4900,
A20262735,34.529,NP01,43.00 ,4900,
A20262736,45.400,NP01,43.00 ,4900,
A20262737,49.348,NP01,43.00 ,4900,
A20262738,10.576,NP01,43.00 ,4900,
A20262739,60.827,NP01,43.00 ,4900,
A20262740,30.385,NP01,43.00 ,4900,
A20262741,30.385,NP01,43.00 ,4900,
A20262742,30.385,NP01,43.00 ,4900,
A20262743,12.182,NP01,43.00 ,4900,
A20262744,12.191,NP01,43.00 ,4900,
A20262745,24.328,NP01,43.00 ,4900,
A20262746,45.584,NP01,43.00 ,4900,
A20262747,24.870,NP01,43.00 ,4900,
A20262748,20.725,NP01,43.00 ,4900,
A20262749,39.984,NP01,43.00 ,4900,
A20262750,20.050,NP01,43.00 ,4900,
A20262751,35.378,NP01,43.00 ,4900,
A20262752,5.826,NP01,43.00 ,4900,
A20262753,6.065,NP01,43.00 ,4900,
A20262754,100.100,NP01,43.00 ,7400,
A20262755,12.610,NP01,43.00 ,6600,
A20262756,48.683,NP01,43.00 ,6300,
A20262757,16.492,NP01,43.00 ,10900,
A20262758,41.290,NP01,43.00 ,11000,
A20262759,41.290,NP01,43.00 ,8970,
A20262760,33.040,NP01,43.00 ,8970,
A20262761,37.170,NP01,43.00 ,8100,
A20262762,52.444,NP01,43.00 ,8780,
A20262763,62.288,NP01,43.00 ,9340,
A20262764,20.722,NP01,43.00 ,9340,
A20262765,66.320,NP01,43.00 ,9340,
A20262766,20.725,NP01,43.00 ,10000,
A20262767,49.188,NP01,43.00 ,10060,
A20262768,40.990,NP01,43.00 ,10060,
A20262769,38.280,NP01,43.00 ,5300,
A20262770,38.280,NP01,43.00 ,5300,
A20262771,114.830,NP01,43.00 ,5200,
A20262772,19.128,NP01,43.00 ,4900,
A20262773,133.730,NP01,43.00 ,4900,
A20262774,76.488,NP01,43.00 ,4900,
A20262775,12.560,NP01,43.00 ,3800,
A20262776,16.588,NP01,43.00 ,4600,
A20262777,16.588,NP01,43.00 ,4900,
A20262778,24.882,NP01,43.00 ,4900,
A20262779,37.305,NP01,43.00 ,6000,
A20262780,70.533,NP01,43.00 ,4900,
A20262781,45.647,NP01,43.00 ,4900,
A20262782,62.160,NP01,43.00 ,6400,
A20262783,20.720,NP01,43.00 ,6400,
A20262784,70.456,NP01,43.00 ,4900,
A20262785,53.768,NP01,43.00 ,4900,
A20262786,24.882,NP01,43.00 ,4900,
A20262787,31.465,NP01,43.00 ,4900,
A20262788,6.253,NP01,43.00 ,4900,
A20262789,26.805,NP01,43.00 ,4900,
A20262790,43.340,NP01,43.00 ,6400,
A20262791,23.658,NP01,43.00 ,4900,
A20262792,31.250,NP01,43.00 ,4900,
A20262793,58.930,NP01,43.00 ,4901,
A20262794,79.703,NP01,43.00 ,4901,
A20262795,36.795,NP01,43.00 ,4901,
A20262796,12.268,NP01,43.00 ,6400,
A20262797,60.720,NP01,43.00 ,6400,
A20262798,34.135,NP01,43.00 ,6400,
A20262799,26.565,NP01,43.00 ,6400,
A20262800,34.155,NP01,43.00 ,6400,
A20262801,53.807,NP01,43.00 ,6400,
A20262802,44.450,NP01,43.00 ,5550,
A20262803,110.320,NP01,43.00 ,6700,
A20262804,128.690,NP01,43.00 ,5900,
A20262805,128.710,NP01,43.00 ,5700,
A20262806,73.520,NP01,43.00 ,4900,
A20262807,77.843,NP01,43.00 ,4900,
A20262808,6.152,NP01,43.00 ,4900,
A20262809,15.819,NP01,43.00 ,6400,
A20262810,12.224,NP01,43.00 ,4750,
A20262811,12.220,NP01,43.00 ,4900,
A20262812,12.220,NP01,43.00 ,6100,
A20262813,18.360,NP01,43.00 ,4550,
A20262814,18.333,NP01,43.00 ,5270,
A20262815,18.327,NP01,43.00 ,4900,
A20262816,15.861,NP01,43.00 ,4900,
A20262817,48.648,NP01,43.00 ,4900,
A20262818,12.224,NP01,43.00 ,4900,
A20262819,18.231,NP01,43.00 ,4900,
A20262820,18.234,NP01,43.00 ,4900,
A20262821,31.485,NP01,43.00 ,4900,
A20262822,25.188,NP01,43.00 ,6900,
A20262823,40.020,NP01,43.00 ,4150,
A20262824,100.020,NP01,43.00 ,4900,
A20262825,40.020,NP01,43.00 ,6100,
A20262826,10.020,NP01,43.00 ,6100,
A20262827,15.020,NP01,43.00 ,6100,
A20262828,35.040,NP01,43.00 ,6100,
A20262829,24.965,NP01,43.00 ,6150,
A20262830,6.140,NP01,43.00 ,4450,
A20262831,24.955,NP01,43.00 ,4900,
A20262832,15.000,NP01,43.00 ,4600,
A20262833,14.960,NP01,43.00 ,5400,
A20262834,44.935,NP01,43.00 ,4900,
A20262835,39.500,NP01,43.00 ,4900,
A20262836,23.568,NP01,43.00 ,7900,
A20262837,15.712,NP01,43.00 ,4901,
A20262838,99.980,NP01,43.00 ,4900,
A20262839,31.246,NP01,43.00 ,4900,
A20262840,12.514,NP01,43.00 ,6400,
A20262841,74.960,NP01,43.00 ,6400,
A20262842,25.040,NP01,43.00 ,7900,
A20262843,65.095,NP01,43.00 ,7900,
A20262844,37.777,NP01,43.00 ,7900,
A20262845,12.626,NP01,43.00 ,4900,
A20262846,18.939,NP01,43.00 ,4900,
A20262847,19.500,NP01,43.00 ,6360,
A20262848,29.358,NP01,43.00 ,6070,
A20262849,19.880,NP01,43.00 ,6140,
A20262850,34.805,NP01,43.00 ,6200,
A20262851,20.735,NP01,43.00 ,6200,
A20262852,12.441,NP01,43.00 ,5840,
A20262853,19.089,NP01,43.00 ,6100,
A20262854,19.079,NP01,43.00 ,7900,
A20262855,19.020,NP01,43.00 ,4900,
A20262856,19.947,NP01,43.00 ,6400,
A20262857,14.996,NP01,43.00 ,6400,
A20262858,69.976,NP01,43.00 ,6400,
A20262859,55.022,NP01,43.00 ,4900,
A20262860,12.150,NP01,43.00 ,6550,
A20262861,36.450,NP01,43.00 ,6550,
A20262862,12.300,NP01,43.00 ,6550,
A20262863,30.750,NP01,43.00 ,6250,
A20262864,30.555,NP01,43.00 ,6250,
A20262865,61.110,NP01,43.00 ,6650,
A20262866,30.407,NP01,43.00 ,6650,
A20262867,33.168,NP01,43.00 ,6650,
A20262868,20.722,NP01,43.00 ,6650,
A20262869,8.294,NP01,43.00 ,4700,
A20262870,19.020,NP01,43.00 ,6800,
A20262871,25.026,NP01,43.00 ,6400,
A20262872,9.974,NP01,43.00 ,6400,
A20262873,9.986,NP01,43.00 ,3900,
A20262874,19.984,NP01,43.00 ,4900,
A20262875,9.910,NP01,43.00 ,4900,
A20262876,4.965,NP01,43.00 ,4900,
A20262877,54.905,NP01,43.00 ,4900,
A20262878,19.940,NP01,43.00 ,10680,
A20262879,59.940,NP01,43.00 ,4700,
A20262880,45.702,NP01,43.00 ,4950,
A20262881,101.005,NP01,43.00 ,6100,
A20262882,59.785,NP01,43.00 ,6100,
A20262883,27.175,NP01,43.00 ,6100,
A20262884,16.247,NP01,43.00 ,6100,
A20262885,132.520,NP01,43.00 ,6100,
A20262886,50.480,NP01,43.00 ,6100,
A20262887,20.045,NP01,43.00 ,6100,
A20262888,14.955,NP01,43.00 ,5018,
A20262889,40.100,NP01,43.00 ,6100,
A20262890,35.070,NP01,43.00 ,6100,
A20262891,35.070,NP01,43.00 ,4900,
A20262892,12.150,NP01,43.00 ,5000,
A20262893,19.032,NP01,43.00 ,5000,
A20262894,20.735,NP01,43.00 ,5000,
A20262895,20.735,NP01,43.00 ,5100,
A20262896,12.291,NP01,43.00 ,5200,
A20262897,8.280,NP01,43.00 ,5200,
A20262898,24.882,NP01,43.00 ,6400,
A20262899,37.677,NP01,43.00 ,6400,
A20262900,5.383,NP01,43.00 ,6400,
A20262901,33.160,NP01,43.00 ,6400,
A20262902,28.945,NP01,43.00 ,6400,
A20262903,12.278,NP01,43.00 ,6400,
A20262904,42.973,NP01,43.00 ,6400,
A20262905,25.376,NP01,43.00 ,4900,
A20262906,31.720,NP01,43.00 ,4900,
A20262907,12.748,NP01,43.00 ,6400,
A20262908,18.455,NP01,43.00 ,4900,
A20262909,10.543,NP01,43.00 ,4900,
A20262910,79.430,NP01,43.00 ,4900,
A20262911,18.915,NP01,43.00 ,4900,
A20262912,119.719,NP01,43.00 ,4900,
A20262913,14.955,NP01,43.00 ,4900,
A20262914,14.985,NP01,43.00 ,6400,
A20262915,4.995,NP01,43.00 ,7750,
A20262916,19.970,NP01,43.00 ,7750,
A20262917,80.080,NP01,43.00 ,7750,
A20262918,60.040,NP01,43.00 ,7750,
A20262919,25.020,NP01,43.00 ,7750,
A20262920,35.020,NP01,43.00 ,7750,
A20262921,44.995,NP01,43.00 ,7750,
A20262922,24.935,NP01,43.00 ,7750,
A20262923,20.040,NP01,43.00 ,4900,
A20262924,20.080,NP01,43.00 ,4900,
A20262925,113.560,NP01,43.00 ,4900,
A20262926,90.881,NP01,43.00 ,7000,
A20262927,29.029,NP01,43.00 ,5900,
A20262928,37.327,NP01,43.00 ,4400,
A20262929,8.288,NP01,43.00 ,7000,
A20262930,45.584,NP01,43.00 ,7000,
A20262931,45.496,NP01,43.00 ,5900,
A20262932,38.064,NP01,43.00 ,7000,
A20262933,19.036,NP01,43.00 ,7000,
A20262934,16.540,NP01,43.00 ,7000,
A20262935,16.544,NP01,43.00 ,7000,
A20262936,12.218,NP01,43.00 ,7000,
A20262937,12.218,NP01,43.00 ,7000,
A20262938,18.507,NP01,43.00 ,5900,
A20262939,5.288,NP01,43.00 ,5900,
A20262940,18.325,NP01,43.00 ,5900,
A20262941,18.322,NP01,43.00 ,5900,
A20262942,12.150,NP01,43.00 ,5900,
A20262943,13.156,NP01,43.00 ,8050,
A20262944,24.882,NP01,43.00 ,8050,
A20262945,12.295,NP01,43.00 ,5900,
A20262946,20.465,NP01,43.00 ,4900,
A20262947,12.282,NP01,43.00 ,4900,
A20262948,15.787,NP01,43.00 ,4900,
A20262949,85.660,NP01,43.00 ,4900,
A20262950,36.768,NP01,43.00 ,4900,
A20262951,36.772,NP01,43.00 ,4900,
A20262952,31.751,NP01,43.00 ,4900,
A20262953,63.560,NP01,43.00 ,4900,
A20262954,18.360,NP01,43.00 ,4900,
A20262955,18.400,NP01,43.00 ,4900,
A20262956,12.222,NP01,43.00 ,6100,
A20262957,18.450,NP01,43.00 ,6100,
A20262958,16.439,NP01,43.00 ,6100,
A20262959,36.450,NP01,43.00 ,6100,
A20262960,18.230,NP01,43.00 ,6100,
A20262961,43.067,NP01,43.00 ,6100,
A20262962,31.642,NP01,43.00 ,6100,
A20262963,67.023,NP01,43.00 ,5060,
A20262964,3.364,NP01,43.00 ,5060,
A20262965,23.546,NP01,43.00 ,7240,
A20262966,15.710,NP01,43.00 ,6100,
A20262967,88.368,NP01,43.00 ,6100,
A20262968,65.518,NP01,43.00 ,6100,
A20262969,25.020,NP01,43.00 ,6100,
A20262970,56.280,NP01,43.00 ,4900,
A20262971,99.660,NP01,43.00 ,4900,
A20262972,18.780,NP01,43.00 ,4900,
A20262973,31.240,NP01,43.00 ,4900,
A20262974,37.968,NP01,43.00 ,5600,
A20262975,12.642,NP01,43.00 ,5600,
A20262976,44.244,NP01,43.00 ,11400,
A20262977,45.430,NP01,43.00 ,4900,
A20262978,33.024,NP01,43.00 ,4900,
A20262979,33.024,NP01,43.00 ,8280,
A20262980,12.268,NP01,43.00 ,8280,
A20262981,73.608,NP01,43.00 ,4900,
A20262982,27.344,NP01,43.00 ,4900,
A20262983,10.976,NP01,43.00 ,4900,
A20262984,18.494,NP01,43.00 ,4900,
A20262985,92.130,NP01,43.00 ,4900,
A20262986,31.780,NP01,43.00 ,4500,
A20262987,24.290,NP01,43.00 ,4500,
A20262988,9.036,NP01,43.00 ,4700,
A20262989,87.924,NP01,43.00 ,4900,
A20262990,9.249,NP01,43.00 ,5150,
A20262991,84.956,NP01,43.00 ,4900,
A20262992,23.646,NP01,43.00 ,5360,
A20262993,47.316,NP01,43.00 ,8230,
A20262994,38.552,NP01,43.00 ,11050,
A20262995,69.354,NP01,43.00 ,8400,
A20262996,23.118,NP01,43.00 ,6780,
A20262997,43.491,NP01,43.00 ,7960,
A20262998,86.986,NP01,43.00 ,6840,
A20262999,32.720,NP01,43.00 ,9000,
A20263000,37.080,NP01,43.00 ,8900,
A20263001,19.240,NP01,43.00 ,6400,
A20263002,6.598,NP01,43.00 ,4900,
A20263003,30.789,NP01,43.00 ,4900,
A20263004,13.193,NP01,43.00 ,4900,
A20263005,63.530,NP01,43.00 ,4900,
A20263006,31.630,NP01,43.00 ,4900,
A20263007,28.630,NP01,43.00 ,4500,
A20263008,36.972,NP01,43.00 ,5400,
A20263009,115.010,NP01,43.00 ,4900,
A20263010,53.400,NP01,43.00 ,4900,
A20263011,53.780,NP01,43.00 ,4900,
A20263012,12.712,NP01,43.00 ,6900,
A20263013,25.421,NP01,43.00 ,4900,
A20263014,38.106,NP01,43.00 ,5900,
A20263015,63.507,NP01,43.00 ,5900,
A20263016,6.351,NP01,43.00 ,5900,
A20263017,12.656,NP01,43.00 ,6900,
A20263018,10.020,NP01,43.00 ,6900,
A20263019,15.192,NP01,43.00 ,7000,
A20263020,44.192,NP01,43.00 ,7000,
A20263021,6.213,NP01,43.00 ,7000,
A20263022,11.880,NP01,43.00 ,7000,
A20263023,31.640,NP01,43.00 ,7000,
A20263024,31.640,NP01,43.00 ,7000,
A20263025,30.555,NP01,43.00 ,7000,
A20263026,48.880,NP01,43.00 ,7000,
A20263027,37.278,NP01,43.00 ,7000,
A20263028,30.828,NP01,43.00 ,7000,
A20263029,34.749,NP01,43.00 ,5900,
A20263030,53.859,NP01,43.00 ,5900,
A20263031,66.288,NP01,43.00 ,5900,
A20263032,12.413,NP01,43.00 ,5900,
A20263033,12.435,NP01,43.00 ,5900,
A20263034,130.486,NP01,43.00 ,5900,
A20263035,49.080,NP01,43.00 ,5900,
A20263036,110.515,NP01,43.00 ,5900,
A20263037,82.059,NP01,43.00 ,5900,
A20263038,16.392,NP01,43.00 ,5900,
A20263039,12.276,NP01,43.00 ,5900,
A20263040,12.270,NP01,43.00 ,5900,
A20263041,61.350,NP01,43.00 ,5900,
A20263042,18.405,NP01,43.00 ,5900,
A20263043,42.955,NP01,43.00 ,5900,
A20263044,30.675,NP01,43.00 ,4900,
A20263045,16.580,NP01,43.00 ,4900,
A20263046,78.831,NP01,43.00 ,6400,
A20263047,20.745,NP01,43.00 ,5400,
A20263048,33.184,NP01,43.00 ,5900,
A20263049,82.960,NP01,43.00 ,5900,
A20263050,32.944,NP01,43.00 ,5900,
A20263051,12.443,NP01,43.00 ,5900,
A20263052,62.168,NP01,43.00 ,5900,
A20263053,116.280,NP01,43.00 ,5900,
A20263054,116.280,NP01,43.00 ,5900,
A20263055,83.100,NP01,43.00 ,7000,
A20263056,33.240,NP01,43.00 ,6900,
A20263057,15.194,NP01,43.00 ,6900,
A20263058,3.036,NP01,43.00 ,5900,
A20263059,18.279,NP01,43.00 ,4900,
A20263060,30.560,NP01,43.00 ,4900,
A20263061,61.420,NP01,43.00 ,4900,
A20263062,12.480,NP01,43.00 ,4901,
A20263063,65.610,NP01,43.00 ,4901,
A20263064,70.880,NP01,43.00 ,7900,
A20263065,24.700,NP01,43.00 ,4940,
A20263066,30.926,NP01,43.00 ,4900,
A20263067,49.556,NP01,43.00 ,4900,
A20263068,33.980,NP01,43.00 ,4900,
A20263069,79.755,NP01,43.00 ,4900,
A20263070,43.204,NP01,43.00 ,4900,
A20263071,31.060,NP01,43.00 ,5970,
A20263072,30.555,NP01,43.00 ,5970,
A20263073,12.186,NP01,43.00 ,5900,
A20263074,12.192,NP01,43.00 ,5700,
A20263075,12.222,NP01,43.00 ,5220,
A20263076,24.754,NP01,43.00 ,4900,
A20263077,18.233,NP01,43.00 ,4901,
A20263078,30.864,NP01,43.00 ,4901,
A20263079,12.444,NP01,43.00 ,4901,
A20263080,24.692,NP01,43.00 ,4901,
A20263081,32.464,NP01,43.00 ,4901,
A20263082,132.860,NP01,43.00 ,6400,
A20263083,82.960,NP01,43.00 ,6400,
A20263084,49.760,NP01,43.00 ,5000,
A20263085,132.740,NP01,43.00 ,5000,
A20263086,116.520,NP01,43.00 ,4600,
A20263087,41.540,NP01,43.00 ,6350,
A20263088,12.280,NP01,43.00 ,6350,
A20263089,18.640,NP01,43.00 ,10900,
A20263090,47.929,NP01,43.00 ,6540,
A20263091,18.414,NP01,43.00 ,4900,
A20263092,74.780,NP01,43.00 ,4901,
A20263093,41.470,NP01,43.00 ,4901,
A20263094,18.874,NP01,43.00 ,4901,
A20263095,24.875,NP01,43.00 ,4900,
A20263096,30.370,NP01,43.00 ,4900,
A20263097,75.880,NP01,43.00 ,6400,
A20263098,30.366,NP01,43.00 ,6400,
A20263099,41.970,NP01,43.00 ,6400,
A20263100,12.213,NP01,43.00 ,6400,
A20263101,19.598,NP01,43.00 ,4900,
A20263102,11.840,NP01,43.00 ,4900,
A20263103,83.800,NP01,43.00 ,5995,
A20263104,12.000,NP01,43.00 ,5330,
A20263105,83.800,NP01,43.00 ,5330,
A20263106,12.014,NP01,43.00 ,5080,
A20263107,83.946,NP01,43.00 ,5080,
A20263108,23.947,NP01,43.00 ,6100,
A20263109,78.507,NP01,43.00 ,4900,
A20263110,24.890,NP01,43.00 ,4900,
A20263111,12.444,NP01,43.00 ,5300,
A20263112,62.120,NP01,43.00 ,4901,
A20263113,36.828,NP01,43.00 ,4901,
A20263114,24.507,NP01,43.00 ,4750,
A20263115,30.511,NP01,43.00 ,4525,
A20263116,15.089,NP01,43.00 ,4780,
A20263117,37.293,NP01,43.00 ,4900,
A20263118,15.724,NP01,43.00 ,4950,
A20263119,86.494,NP01,43.00 ,5400,
A20263120,24.692,NP01,43.00 ,5400,
A20263121,37.112,NP01,43.00 ,5400,
A20263122,37.284,NP01,43.00 ,5400,
A20263123,82.340,NP01,43.00 ,6400,
A20263124,16.929,NP01,43.00 ,6400,
A20263125,55.557,NP01,43.00 ,6400,
A20263126,12.173,NP01,43.00 ,6400,
A20263127,24.848,NP01,43.00 ,4901,
A20263128,12.432,NP01,43.00 ,4901,
A20263129,55.926,NP01,43.00 ,6400,
A20263130,45.612,NP01,43.00 ,5900,
A20263131,23.858,NP01,43.00 ,4900,
A20263132,24.324,NP01,43.00 ,4900,
A20263133,30.455,NP01,43.00 ,4900,
A20263134,18.509,NP01,43.00 ,4900,
A20263135,32.940,NP01,43.00 ,4901,
A20263136,115.200,NP01,43.00 ,4901,
A20263137,57.792,NP01,43.00 ,6400,
A20263138,57.788,NP01,43.00 ,4900,
A20263139,115.580,NP01,43.00 ,4900,
A20263140,115.520,NP01,43.00 ,4900,
A20263141,98.948,NP01,43.00 ,4900,
A20263142,115.740,NP01,43.00 ,4900,
A20263143,115.480,NP01,43.00 ,4900,
A20263144,131.720,NP01,43.00 ,4900,
A20263145,32.944,NP01,43.00 ,4900,
A20263146,57.652,NP01,43.00 ,6400,
A20263147,16.472,NP01,43.00 ,4900,
A20263148,18.232,NP01,43.00 ,4900,
A20263149,24.692,NP01,43.00 ,4900,
A20263150,28.833,NP01,43.00 ,4900,
A20263151,65.904,NP01,43.00 ,4500,
A20263152,20.587,NP01,43.00 ,8150,
A20263153,78.299,NP01,43.00 ,7200,
A20263154,37.081,NP01,43.00 ,7080,
A20263155,28.812,NP01,43.00 ,4900,
A20263156,31.075,NP01,43.00 ,4900,
A20263157,12.344,NP01,43.00 ,4900,
A20263158,30.150,NP01,43.00 ,4900,
A20263159,6.153,NP01,43.00 ,4900,
A20263160,33.425,NP01,43.00 ,4900,
A20263161,15.692,NP01,43.00 ,4900,
A20263162,16.464,NP01,43.00 ,4900,
A20263163,48.240,NP01,43.00 ,4900,
A20263164,12.060,NP01,43.00 ,4900,
A20263165,27.740,NP01,43.00 ,4900,
A20263166,9.294,NP01,43.00 ,4900,
A20263167,24.530,NP01,43.00 ,4900,
A20263168,124.870,NP01,43.00 ,4900,
A20263169,24.920,NP01,43.00 ,4900,
A20263170,21.880,NP01,43.00 ,4900,
A20263171,27.430,NP01,43.00 ,4900,
A20263172,3.170,NP01,43.00 ,4900,
A20263173,12.430,NP01,43.00 ,4900,
A20263174,87.015,NP01,43.00 ,4900,
A20263175,74.564,NP01,43.00 ,4900,
A20263176,111.820,NP01,43.00 ,4900,
A20263177,112.000,NP01,43.00 ,4900,
A20263178,12.276,NP01,43.00 ,4900,
A20263179,27.250,NP01,43.00 ,4900,
A20263180,82.250,NP01,43.00 ,4900,
A20263181,119.720,NP01,43.00 ,7400,
A20263182,11.250,NP01,43.00 ,6600,
A20263183,55.605,NP01,43.00 ,6300,
A20263184,40.865,NP01,43.00 ,10900,
A20263185,12.573,NP01,43.00 ,11000,
A20263186,19.860,NP01,43.00 ,8970,
A20263187,25.320,NP01,43.00 ,8970,
A20263188,24.894,NP01,43.00 ,8100,
A20263189,30.140,NP01,43.00 ,8780,
A20263190,24.120,NP01,43.00 ,9340,
A20263191,132.580,NP01,43.00 ,9340,
A20263192,32.928,NP01,43.00 ,9340,
A20263193,20.580,NP01,43.00 ,10000,
A20263194,16.476,NP01,43.00 ,10060,
A20263195,49.488,NP01,43.00 ,10060,
A20263196,65.972,NP01,43.00 ,5300,
A20263197,53.679,NP01,43.00 ,5300,
A20263198,44.119,NP01,43.00 ,5200,
A20263199,70.023,NP01,43.00 ,4900,
A20263200,12.344,NP01,43.00 ,4900,
A20263201,104.800,NP01,43.00 ,4900,
A20263202,93.040,NP01,43.00 ,3800,
A20263203,33.024,NP01,43.00 ,4600,
A20263204,30.150,NP01,43.00 ,4900,
A20263205,24.376,NP01,43.00 ,4900,
A20263206,12.122,NP01,43.00 ,6000,
A20263207,18.189,NP01,43.00 ,4900,
A20263208,24.108,NP01,43.00 ,4900,
A20263209,54.252,NP01,43.00 ,6400,
A20263210,18.282,NP01,43.00 ,6400,
A20263211,24.252,NP01,43.00 ,4900,
A20263212,12.372,NP01,43.00 ,4900,
A20263213,24.136,NP01,43.00 ,4900,
A20263214,18.186,NP01,43.00 ,4900,
A20263215,36.180,NP01,43.00 ,4900,
A20263216,12.282,NP01,43.00 ,4900,
A20263217,25.494,NP01,43.00 ,6400,
A20263218,12.447,NP01,43.00 ,4900,
A20263219,30.126,NP01,43.00 ,4900,
A20263220,40.483,NP01,43.00 ,4901,
A20263221,5.061,NP01,43.00 ,4901,
A20263222,38.124,NP01,43.00 ,4901,
A20263223,18.333,NP01,43.00 ,6400,
A20263224,12.372,NP01,43.00 ,6400,
A20263225,12.060,NP01,43.00 ,6400,
A20263226,30.560,NP01,43.00 ,6400,
A20263227,18.336,NP01,43.00 ,6400,
A20263228,12.224,NP01,43.00 ,6400,
A20263229,20.750,NP01,43.00 ,5550,
A20263230,24.130,NP01,43.00 ,6700,
A20263231,12.228,NP01,43.00 ,5900,
A20263232,36.672,NP01,43.00 ,5700,
A20263233,18.333,NP01,43.00 ,4900,
A20263234,12.222,NP01,43.00 ,4900,
A20263235,12.222,NP01,43.00 ,4900,
A20263236,59.040,NP01,43.00 ,6400,
A20263237,3.933,NP01,43.00 ,4750,
A20263238,25.460,NP01,43.00 ,4900,
A20263239,25.400,NP01,43.00 ,6100,
A20263240,40.640,NP01,43.00 ,4550,
A20263241,35.540,NP01,43.00 ,5270,
A20263242,114.220,NP01,43.00 ,4900,
A20263243,113.726,NP01,43.00 ,4900,
A20263244,109.521,NP01,43.00 ,4900,
A20263245,17.839,NP01,43.00 ,4900,
A20263246,58.696,NP01,43.00 ,4900,
A20263247,68.884,NP01,43.00 ,4900,
A20263248,40.736,NP01,43.00 ,4900,
A20263249,43.282,NP01,43.00 ,6900,
A20263250,17.802,NP01,43.00 ,4150,
A20263251,91.368,NP01,43.00 ,4900,
A20263252,35.532,NP01,43.00 ,6100,
A20263253,7.554,NP01,43.00 ,6100,
A20263254,93.166,NP01,43.00 ,6100,
A20263255,25.160,NP01,43.00 ,6100,
A20263256,37.860,NP01,43.00 ,6150,
A20263257,75.720,NP01,43.00 ,4450,
A20263258,5.487,NP01,43.00 ,4900,
A20263259,11.898,NP01,43.00 ,4600,
A20263260,27.692,NP01,43.00 ,5400,
A20263261,15.864,NP01,43.00 ,4900,
A20263262,41.480,NP01,43.00 ,4900,
A20263263,16.475,NP01,43.00 ,7900,
A20263264,16.600,NP01,43.00 ,4901,
A20263265,8.294,NP01,43.00 ,4900,
A20263266,25.218,NP01,43.00 ,4900,
A20263267,39.310,NP01,43.00 ,6400,
A20263268,55.024,NP01,43.00 ,6400,
A20263269,39.519,NP01,43.00 ,7900,
A20263270,6.776,NP01,43.00 ,7900,
A20263271,51.389,NP01,43.00 ,7900,
A20263272,6.776,NP01,43.00 ,4900,
A20263273,76.300,NP01,43.00 ,4900,
A20263274,5.450,NP01,43.00 ,6360,
A20263275,31.515,NP01,43.00 ,6070,
A20263276,50.740,NP01,43.00 ,6140,
A20263277,15.566,NP01,43.00 ,6200,
A20263278,13.346,NP01,43.00 ,6200,
A20263279,65.582,NP01,43.00 ,5840,
A20263280,11.574,NP01,43.00 ,6100,
A20263281,54.054,NP01,43.00 ,7900,
A20263282,24.894,NP01,43.00 ,4900,
A20263283,12.447,NP01,43.00 ,6400,
A20263284,32.912,NP01,43.00 ,6400,
A20263285,25.212,NP01,43.00 ,6400,
A20263286,44.121,NP01,43.00 ,4900,
A20263287,23.460,NP01,43.00 ,6550,
A20263288,109.480,NP01,43.00 ,6550,
A20263289,27.482,NP01,43.00 ,6550,
A20263290,82.438,NP01,43.00 ,6250,
A20263291,75.664,NP01,43.00 ,6250,
A20263292,18.909,NP01,43.00 ,6650,
A20263293,25.208,NP01,43.00 ,6650,
A20263294,7.410,NP01,43.00 ,6650,
A20263295,33.363,NP01,43.00 ,6650,
A20263296,40.789,NP01,43.00 ,4700,
A20263297,40.691,NP01,43.00 ,6800,
A20263298,118.400,NP01,43.00 ,6400,
A20263299,15.030,NP01,43.00 ,6400,
A20263300,12.604,NP01,43.00 ,3900,
A20263301,25.208,NP01,43.00 ,4900,
A20263302,50.420,NP01,43.00 ,4900,
A20263303,89.166,NP01,43.00 ,4900,
A20263304,31.790,NP01,43.00 ,4900,
A20263305,18.974,NP01,43.00 ,10680,
A20263306,37.938,NP01,43.00 ,4700,
A20263307,76.104,NP01,43.00 ,4950,
A20263308,12.684,NP01,43.00 ,6100,
A20263309,19.059,NP01,43.00 ,6100,
A20263310,24.886,NP01,43.00 ,6100,
A20263311,17.045,NP01,43.00 ,6100,
A20263312,7.506,NP01,43.00 ,6100,
A20263313,45.036,NP01,43.00 ,6100,
A20263314,63.580,NP01,43.00 ,6100,
A20263315,44.471,NP01,43.00 ,5018,
A20263316,10.182,NP01,43.00 ,6100,
A20263317,25.412,NP01,43.00 ,6100,
A20263318,18.275,NP01,43.00 ,4900,
A20263319,15.901,NP01,43.00 ,5000,
A20263320,12.224,NP01,43.00 ,5000,
A20263321,50.776,NP01,43.00 ,5000,
A20263322,24.688,NP01,43.00 ,5100,
A20263323,18.520,NP01,43.00 ,5200,
A20263324,128.820,NP01,43.00 ,5200,
A20263325,36.744,NP01,43.00 ,6400,
A20263326,61.539,NP01,43.00 ,6400,
A20263327,50.368,NP01,43.00 ,6400,
A20263328,75.645,NP01,43.00 ,6400,
A20263329,44.212,NP01,43.00 ,6400,
A20263330,31.805,NP01,43.00 ,6400,
A20263331,24.172,NP01,43.00 ,6400,
A20263332,36.672,NP01,43.00 ,4900,
A20263333,44.527,NP01,43.00 ,4900,
A20263334,15.010,NP01,43.00 ,6400,
A20263335,14.998,NP01,43.00 ,4900,
A20263336,39.872,NP01,43.00 ,4900,
A20263337,54.828,NP01,43.00 ,4900,
A20263338,50.824,NP01,43.00 ,4900,
A20263339,36.450,NP01,43.00 ,4900,
A20263340,24.300,NP01,43.00 ,4900,
A20263341,18.930,NP01,43.00 ,6400,
A20263342,60.640,NP01,43.00 ,7750,
A20263343,40.384,NP01,43.00 ,7750,
A20263344,50.010,NP01,43.00 ,7750,
A20263345,74.820,NP01,43.00 ,7750,
A20263346,70.070,NP01,43.00 ,7750,
A20263347,37.752,NP01,43.00 ,7750,
A20263348,53.028,NP01,43.00 ,7750,
A20263349,65.240,NP01,43.00 ,7750,
A20263350,110.600,NP01,43.00 ,4900,
A20263351,43.395,NP01,43.00 ,4900,
A20263352,12.586,NP01,43.00 ,4900,
A20263353,32.784,NP01,43.00 ,7000,
A20263354,20.750,NP01,43.00 ,5900,
A20263355,57.246,NP01,43.00 ,4400,
A20263356,25.464,NP01,43.00 ,7000,
A20263357,31.830,NP01,43.00 ,7000,
A20263358,114.480,NP01,43.00 ,5900,
A20263359,8.292,NP01,43.00 ,7000,
A20263360,24.894,NP01,43.00 ,7000,
A20263361,60.641,NP01,43.00 ,7000,
A20263362,19.559,NP01,43.00 ,7000,
A20263363,15.189,NP01,43.00 ,7000,
A20263364,6.088,NP01,43.00 ,7000,
A20263365,50.584,NP01,43.00 ,5900,
A20263366,42.773,NP01,43.00 ,5900,
A20263367,72.561,NP01,43.00 ,5900,
A20263368,15.286,NP01,43.00 ,5900,
A20263369,26.733,NP01,43.00 ,5900,
A20263370,33.363,NP01,43.00 ,8050,
A20263371,3.704,NP01,43.00 ,8050,
A20263372,33.957,NP01,43.00 ,5900,
A20263373,15.012,NP01,43.00 ,4900,
A20263374,20.016,NP01,43.00 ,4900,
A20263375,15.144,NP01,43.00 ,4900,
A20263376,15.144,NP01,43.00 ,4900,
A20263377,14.905,NP01,43.00 ,4900,
A20263378,19.980,NP01,43.00 ,4900,
A20263379,29.970,NP01,43.00 ,4900,
A20263380,57.291,NP01,43.00 ,4900,
A20263381,114.555,NP01,43.00 ,4900,
A20263382,63.660,NP01,43.00 ,4900,
A20263383,12.276,NP01,43.00 ,6100,
A20263384,18.420,NP01,43.00 ,6100,
A20263385,24.920,NP01,43.00 ,6100,
A20263386,48.960,NP01,43.00 ,6100,
A20263387,38.082,NP01,43.00 ,6100,
A20263388,24.648,NP01,43.00 ,6100,
A20263389,20.450,NP01,43.00 ,6100,
A20263390,20.258,NP01,43.00 ,5060,
A20263391,24.540,NP01,43.00 ,5060,
A20263392,53.170,NP01,43.00 ,7240,
A20263393,75.804,NP01,43.00 ,6100,
A20263394,25.182,NP01,43.00 ,6100,
A20263395,61.100,NP01,43.00 ,6100,
A20263396,12.216,NP01,43.00 ,6100,
A20263397,30.613,NP01,43.00 ,4900,
A20263398,12.086,NP01,43.00 ,4900,
A20263399,12.400,NP01,43.00 ,4900,
A20263400,12.284,NP01,43.00 ,4900,
A20263401,6.146,NP01,43.00 ,5600,
A20263402,31.830,NP01,43.00 ,5600,
A20263403,50.448,NP01,43.00 ,11400,
A20263404,56.727,NP01,43.00 ,4900,
A20263405,75.668,NP01,43.00 ,4900,
A20263406,57.008,NP01,43.00 ,8280,
A20263407,53.170,NP01,43.00 ,8280,
A20263408,16.476,NP01,43.00 ,4900,
A20263409,8.246,NP01,43.00 ,4900,
A20263410,8.246,NP01,43.00 ,4900,
A20263411,24.732,NP01,43.00 ,4900,
A20263412,12.366,NP01,43.00 ,4900,
A20263413,31.615,NP01,43.00 ,4500,
A20263414,12.653,NP01,43.00 ,4500,
A20263415,25.276,NP01,43.00 ,4700,
A20263416,31.595,NP01,43.00 ,4900,
A20263417,25.448,NP01,43.00 ,5150,
A20263418,50.336,NP01,43.00 ,4900,
A20263419,50.336,NP01,43.00 ,5360,
A20263420,60.910,NP01,43.00 ,8230,
A20263421,24.128,NP01,43.00 ,11050,
A20263422,12.073,NP01,43.00 ,8400,
A20263423,42.637,NP01,43.00 ,6780,
A20263424,24.373,NP01,43.00 ,7960,
A20263425,25.376,NP01,43.00 ,6840,
A20263426,31.715,NP01,43.00 ,9000,
A20263427,25.372,NP01,43.00 ,8900,
A20263428,31.713,NP01,43.00 ,6400,
A20263429,50.744,NP01,43.00 ,4900,
A20263430,12.026,NP01,43.00 ,4900,
A20263431,66.294,NP01,43.00 ,4900,
A20263432,11.990,NP01,43.00 ,4900,
A20263433,71.990,NP01,43.00 ,4900,
A20263434,12.040,NP01,43.00 ,4500,
A20263435,72.140,NP01,43.00 ,5400,
A20263436,12.000,NP01,43.00 ,4900,
A20263437,47.980,NP01,43.00 ,4900,
A20263438,18.020,NP01,43.00 ,4900,
A20263439,4.852,NP01,43.00 ,6900,
A20263440,12.067,NP01,43.00 ,4900,
A20263441,48.240,NP01,43.00 ,5900,
A20263442,18.120,NP01,43.00 ,5900,
A20263443,4.893,NP01,43.00 ,5900,
A20263444,12.000,NP01,43.00 ,6900,
A20263445,59.893,NP01,43.00 ,6900,
A20263446,4.835,NP01,43.00 ,7000,
A20263447,24.000,NP01,43.00 ,7000,
A20263448,12.054,NP01,43.00 ,7000,
A20263449,18.046,NP01,43.00 ,7000,
A20263450,54.080,NP01,43.00 ,7000,
A20263451,18.040,NP01,43.00 ,7000,
A20263452,11.986,NP01,43.00 ,7000,
A20263453,18.060,NP01,43.00 ,7000,
A20263454,12.027,NP01,43.00 ,7000,
A20263455,11.987,NP01,43.00 ,7000,
A20263456,12.120,NP01,43.00 ,5900,
A20263457,24.240,NP01,43.00 ,5900,
A20263458,50.468,NP01,43.00 ,5900,
A20263459,20.196,NP01,43.00 ,5900,
A20263460,60.584,NP01,43.00 ,5900,
A20263461,15.186,NP01,43.00 ,5900,
A20263462,10.124,NP01,43.00 ,5900,
A20263463,70.868,NP01,43.00 ,5900,
A20263464,55.605,NP01,43.00 ,5900,
A20263465,33.354,NP01,43.00 ,5900,
A20263466,33.354,NP01,43.00 ,5900,
A20263467,109.940,NP01,43.00 ,5900,
A20263468,16.604,NP01,43.00 ,5900,
A20263469,20.725,NP01,43.00 ,5900,
A20263470,36.826,NP01,43.00 ,5900,
A20263471,24.574,NP01,43.00 ,4900,
A20263472,12.836,NP01,43.00 ,4900,
A20263473,57.722,NP01,43.00 ,6400,
A20263474,57.718,NP01,43.00 ,5400,
A20263475,95.377,NP01,43.00 ,5900,
A20263476,19.095,NP01,43.00 ,5900,
A20263477,63.620,NP01,43.00 ,5900,
A20263478,25.442,NP01,43.00 ,5900,
A20263479,38.140,NP01,43.00 ,5900,
A20263480,30.101,NP01,43.00 ,5900,
A20263481,61.944,NP01,43.00 ,5900,
A20263482,36.572,NP01,43.00 ,7000,
A20263483,41.635,NP01,43.00 ,6900,
A20263484,47.722,NP01,43.00 ,6900,
A20263485,36.724,NP01,43.00 ,5900,
A20263486,53.809,NP01,43.00 ,4900,
A20263487,23.367,NP01,43.00 ,4900,
A20263488,17.328,NP01,43.00 ,4900,
A20263489,48.406,NP01,43.00 ,4901,
A20263490,23.840,NP01,43.00 ,4901,
A20263491,17.519,NP01,43.00 ,7900,
A20263492,61.760,NP01,43.00 ,4940,
A20263493,74.400,NP01,43.00 ,4900,
A20263494,54.227,NP01,43.00 ,4900,
A20263495,23.453,NP01,43.00 ,4900,
A20263496,41.820,NP01,43.00 ,4900,
A20263497,26.520,NP01,43.00 ,4900,
A20263498,117.982,NP01,43.00 ,5970,
A20263499,35.838,NP01,43.00 ,5970,
A20263500,126.108,NP01,43.00 ,5900,
A20263501,125.900,NP01,43.00 ,5700,
A20263502,72.670,NP01,43.00 ,5220,
A20263503,64.470,NP01,43.00 ,4900,
A20263504,47.725,NP01,43.00 ,4901,
A20263505,41.570,NP01,43.00 ,4901,
A20263506,17.274,NP01,43.00 ,4901,
A20263507,24.176,NP01,43.00 ,4901,
A20263508,23.800,NP01,43.00 ,4901,
A20263509,127.400,NP01,43.00 ,6400,
A20263510,56.523,NP01,43.00 ,6400,
A20263511,106.294,NP01,43.00 ,5000,
A20263512,77.552,NP01,43.00 ,5000,
A20263513,35.564,NP01,43.00 ,4600,
A20263514,36.370,NP01,43.00 ,6350,
A20263515,93.984,NP01,43.00 ,6350,
A20263516,80.948,NP01,43.00 ,10900,
A20263517,125.425,NP01,43.00 ,6540,
A20263518,87.740,NP01,43.00 ,4900,
A20263519,17.289,NP01,43.00 ,4901,
A20263520,29.680,NP01,43.00 ,4901,
A20263521,86.560,NP01,43.00 ,4901,
A20263522,26.256,NP01,43.00 ,4900,
A20263523,53.396,NP01,43.00 ,4900,
A20263524,18.860,NP01,43.00 ,6400,
A20263525,34.246,NP01,43.00 ,6400,
A20263526,26.563,NP01,43.00 ,6400,
A20263527,31.800,NP01,43.00 ,6400,
A20263528,23.464,NP01,43.00 ,4900,
A20263529,78.014,NP01,43.00 ,4900,
A20263530,23.940,NP01,43.00 ,5995,
A20263531,27.576,NP01,43.00 ,5330,
A20263532,49.252,NP01,43.00 ,5330,
A20263533,49.192,NP01,43.00 ,5080,
A20263534,85.327,NP01,43.00 ,5080,
A20263535,26.113,NP01,43.00 ,6100,
A20263536,60.340,NP01,43.00 ,4900,
A20263537,42.780,NP01,43.00 ,4900,
A20263538,30.190,NP01,43.00 ,5300,
A20263539,60.340,NP01,43.00 ,4901,
A20263540,121.720,NP01,43.00 ,4901,
A20263541,115.700,NP01,43.00 ,4750,
A20263542,29.660,NP01,43.00 ,4525,
A20263543,35.552,NP01,43.00 ,4780,
A20263544,35.564,NP01,43.00 ,4900,
A20263545,97.288,NP01,43.00 ,4950,
A20263546,27.012,NP01,43.00 ,5400,
A20263547,36.148,NP01,43.00 ,5400,
A20263548,31.705,NP01,43.00 ,5400,
A20263549,19.516,NP01,43.00 ,5400,
A20263550,69.411,NP01,43.00 ,6400,
A20263551,40.145,NP01,43.00 ,6400,
A20263552,23.378,NP01,43.00 ,6400,
A20263553,54.140,NP01,43.00 ,6400,
A20263554,93.600,NP01,43.00 ,4901,
A20263555,23.560,NP01,43.00 ,4901,
A20263556,143.300,NP01,43.00 ,6400,
A20263557,73.225,NP01,43.00 ,5900,
A20263558,40.157,NP01,43.00 ,4900,
A20263559,34.993,NP01,43.00 ,4900,
A20263560,126.440,NP01,43.00 ,4900,
A20263561,56.429,NP01,43.00 ,4900,
A20263562,23.348,NP01,43.00 ,4901,
A20263563,97.531,NP01,43.00 ,4901,
A20263564,52.270,NP01,43.00 ,6400,
A20263565,52.174,NP01,43.00 ,4900,
A20263566,31.880,NP01,43.00 ,4900,
A20263567,76.900,NP01,43.00 ,4900,
A20263568,52.200,NP01,43.00 ,4900,
A20263569,45.319,NP01,43.00 ,4900,
A20263570,27.446,NP01,43.00 ,4900,
A20263571,18.778,NP01,43.00 ,4900,
A20263572,23.605,NP01,43.00 ,4900,
A20263573,23.512,NP01,43.00 ,6400,
A20263574,30.794,NP01,43.00 ,4900,
A20263575,61.586,NP01,43.00 ,4900,
A20263576,49.730,NP01,43.00 ,4900,
A20263577,49.726,NP01,43.00 ,4900,
A20263578,80.554,NP01,43.00 ,4500,
A20263579,64.734,NP01,43.00 ,8150,
A20263580,72.310,NP01,43.00 ,7200,
A20263581,36.568,NP01,43.00 ,7080,
A20263582,53.823,NP01,43.00 ,4900,
A20263583,21.160,NP01,43.00 ,4900,
A20263584,35.360,NP01,43.00 ,4900,
A20263585,36.558,NP01,43.00 ,4900,
A20263586,17.280,NP01,43.00 ,4900,
A20263587,35.564,NP01,43.00 ,4900,
A20263588,73.390,NP01,43.00 ,4900,
A20263589,74.831,NP01,43.00 ,4900,
A20263590,102.135,NP01,43.00 ,4900,
A20263591,46.925,NP01,43.00 ,4900,
A20263592,140.100,NP01,43.00 ,4900,
A20263593,140.110,NP01,43.00 ,4900,
A20263594,140.150,NP01,43.00 ,4900,
A20263595,140.120,NP01,43.00 ,4900,
A20263596,140.090,NP01,43.00 ,4900,
A20263597,36.134,NP01,43.00 ,4900,
A20263598,71.000,NP01,43.00 ,4900,
A20263599,23.378,NP01,43.00 ,4900,
A20263600,46.634,NP01,43.00 ,4900,
A20263601,29.186,NP01,43.00 ,4900,
A20263602,29.180,NP01,43.00 ,4900,
A20263603,23.146,NP01,43.00 ,4900,
A20263604,23.164,NP01,43.00 ,4900,
A20263605,53.130,NP01,43.00 ,4900,
A20263606,23.200,NP01,43.00 ,4900,
A20263607,23.174,NP01,43.00 ,4900,
A20263608,83.220,NP01,43.00 ,7400,
A20263609,41.266,NP01,43.00 ,6600,
A20263610,23.220,NP01,43.00 ,6300,
A20263611,53.206,NP01,43.00 ,10900,
A20263612,53.274,NP01,43.00 ,11000,
A20263613,23.186,NP01,43.00 ,8970,
A20263614,35.194,NP01,43.00 ,8970,
A20263615,23.200,NP01,43.00 ,8100,
A20263616,94.740,NP01,43.00 ,8780,
A20263617,74.814,NP01,43.00 ,9340,
A20263618,52.369,NP01,43.00 ,9340,
A20263619,18.746,NP01,43.00 ,9340,
A20263620,35.920,NP01,43.00 ,10000,
A20263621,31.516,NP01,43.00 ,10060,
A20263622,27.630,NP01,43.00 ,10060,
A20263623,105.970,NP01,43.00 ,5300,
A20263624,50.860,NP01,43.00 ,5300,
A20263625,42.938,NP01,43.00 ,5200,
A20263626,121.760,NP01,43.00 ,4900,
A20263627,137.380,NP01,43.00 ,4900,
A20263628,137.440,NP01,43.00 ,4900,
A20263629,90.308,NP01,43.00 ,3800,
A20263630,85.130,NP01,43.00 ,4600,
A20263631,126.260,NP01,43.00 ,4900,
A20263632,142.800,NP01,43.00 ,4900,
A20263633,126.420,NP01,43.00 ,6000,
A20263634,110.128,NP01,43.00 ,4900,
A20263635,110.134,NP01,43.00 ,4900,
A20263636,110.224,NP01,43.00 ,6400,
A20263637,27.716,NP01,43.00 ,6400,
A20263638,126.620,NP01,43.00 ,4900,
A20263639,23.372,NP01,43.00 ,4900,
A20263640,143.280,NP01,43.00 ,4900,
A20263641,143.240,NP01,43.00 ,4900,
A20263642,126.740,NP01,43.00 ,4900,
A20263643,101.818,NP01,43.00 ,4900,
A20263644,35.922,NP01,43.00 ,6400,
A20263645,126.900,NP01,43.00 ,4900,
A20263646,126.680,NP01,43.00 ,4900,
A20263647,40.089,NP01,43.00 ,4901,
A20263648,97.871,NP01,43.00 ,4901,
A20263649,143.020,NP01,43.00 ,4901,
A20263650,37.688,NP01,43.00 ,6400,
A20263651,35.870,NP01,43.00 ,6400,
A20263652,127.260,NP01,43.00 ,6400,
A20263653,18.740,NP01,43.00 ,6400,
A20263654,37.597,NP01,43.00 ,6400,
A20263655,43.105,NP01,43.00 ,6400,
A20263656,36.052,NP01,43.00 ,5550,
A20263657,80.910,NP01,43.00 ,6700,
A20263658,14.570,NP01,43.00 ,5900,
A20263659,43.976,NP01,43.00 ,5700,
A20263660,68.254,NP01,43.00 ,4900,
A20263661,49.378,NP01,43.00 ,4900,
A20263662,43.015,NP01,43.00 ,4900,
A20263663,96.587,NP01,43.00 ,6400,
A20263664,108.640,NP01,43.00 ,4750,
A20263665,47.473,NP01,43.00 ,4900,
A20263666,23.368,NP01,43.00 ,6100,
A20263667,23.387,NP01,43.00 ,4550,
A20263668,29.467,NP01,43.00 ,5270,
A20263669,23.378,NP01,43.00 ,4900,
A20263670,47.734,NP01,43.00 ,4900,
A20263671,35.536,NP01,43.00 ,4900,
A20263672,23.368,NP01,43.00 ,4900,
A20263673,47.700,NP01,43.00 ,4900,
A20263674,53.788,NP01,43.00 ,4900,
A20263675,23.760,NP01,43.00 ,4900,
A20263676,42.805,NP01,43.00 ,6900,
A20263677,35.528,NP01,43.00 ,4150,
A20263678,59.587,NP01,43.00 ,4900,
A20263679,71.680,NP01,43.00 ,6100,
A20263680,40.152,NP01,43.00 ,6100,
A20263681,144.511,NP01,43.00 ,6100,
A20263682,29.476,NP01,43.00 ,6100,
A20263683,47.775,NP01,43.00 ,6150,
A20263684,23.392,NP01,43.00 ,4450,
A20263685,47.429,NP01,43.00 ,4900,
A20263686,26.362,NP01,43.00 ,4600,
A20263687,42.696,NP01,43.00 ,5400,
A20263688,23.160,NP01,43.00 ,4900,
A20263689,35.193,NP01,43.00 ,4900,
A20263690,35.167,NP01,43.00 ,7900,
A20263691,47.160,NP01,43.00 ,4901,
A20263692,23.186,NP01,43.00 ,4900,
A20263693,29.160,NP01,43.00 ,4900,
A20263694,23.146,NP01,43.00 ,6400,
A20263695,89.074,NP01,43.00 ,6400,
A20263696,76.866,NP01,43.00 ,7900,
A20263697,82.893,NP01,43.00 ,7900,
A20263698,23.226,NP01,43.00 ,7900,
A20263699,41.221,NP01,43.00 ,4900,
A20263700,65.233,NP01,43.00 ,4900,
A20263701,23.160,NP01,43.00 ,6360,
A20263702,53.220,NP01,43.00 ,6070,
A20263703,17.213,NP01,43.00 ,6140,
A20263704,41.227,NP01,43.00 ,6200,
A20263705,23.210,NP01,43.00 ,6200,
A20263706,41.210,NP01,43.00 ,5840,
A20263707,65.260,NP01,43.00 ,6100,
A20263708,23.214,NP01,43.00 ,7900,
A20263709,71.240,NP01,43.00 ,4900,
A20263710,29.220,NP01,43.00 ,6400,
A20263711,23.200,NP01,43.00 ,6400,
A20263712,77.160,NP01,43.00 ,6400,
A20263713,23.226,NP01,43.00 ,4900,
A20263714,35.214,NP01,43.00 ,6550,
A20263715,53.160,NP01,43.00 ,6550,
A20263716,23.126,NP01,43.00 ,6550,
A20263717,35.214,NP01,43.00 ,6250,
A20263718,23.206,NP01,43.00 ,6250,
A20263719,41.185,NP01,43.00 ,6650,
A20263720,90.900,NP01,43.00 ,6650,
A20263721,122.780,NP01,43.00 ,6650,
A20263722,29.049,NP01,43.00 ,6650,
A20263723,23.240,NP01,43.00 ,4700,
A20263724,95.280,NP01,43.00 ,6800,
A20263725,23.120,NP01,43.00 ,6400,
A20263726,29.040,NP01,43.00 ,6400,
A20263727,17.313,NP01,43.00 ,3900,
A20263728,59.044,NP01,43.00 ,4900,
A20263729,46.890,NP01,43.00 ,4900,
A20263730,23.214,NP01,43.00 ,4900,
A20263731,41.140,NP01,43.00 ,4900,
A20263732,41.259,NP01,43.00 ,10680,
A20263733,53.500,NP01,43.00 ,4700,
A20263734,26.245,NP01,43.00 ,4950,
A20263735,46.280,NP01,43.00 ,6100,
A20263736,106.840,NP01,43.00 ,6100,
A20263737,55.068,NP01,43.00 ,6100,
A20263738,23.482,NP01,43.00 ,6100,
A20263739,22.585,NP01,43.00 ,6100,
A20263740,37.737,NP01,43.00 ,6100,
A20263741,131.180,NP01,43.00 ,6100,
A20263742,131.060,NP01,43.00 ,5018,
A20263743,131.140,NP01,43.00 ,6100,
A20263744,41.168,NP01,43.00 ,6100,
A20263745,23.041,NP01,43.00 ,4900,
A20263746,17.689,NP01,43.00 ,5000,
A20263747,62.589,NP01,43.00 ,5000,
A20263748,62.316,NP01,43.00 ,5000,
A20263749,35.488,NP01,43.00 ,5100,
A20263750,42.815,NP01,43.00 ,5200,
A20263751,73.849,NP01,43.00 ,5200,
A20263752,69.062,NP01,43.00 ,6400,
A20263753,69.058,NP01,43.00 ,6400,
A20263754,60.664,NP01,43.00 ,6400,
A20263755,60.664,NP01,43.00 ,6400,
A20263756,27.004,NP01,43.00 ,6400,
A20263757,103.688,NP01,43.00 ,6400,
A20263758,93.144,NP01,43.00 ,6400,
A20263759,35.788,NP01,43.00 ,4900,
A20263760,17.563,NP01,43.00 ,4900,
A20263761,60.260,NP01,43.00 ,6400,
A20263762,91.120,NP01,43.00 ,4900,
A20263763,26.284,NP01,43.00 ,4900,
A20263764,59.920,NP01,43.00 ,4900,
A20263765,72.991,NP01,43.00 ,4900,
A20263766,52.730,NP01,43.00 ,4900,
A20263767,78.992,NP01,43.00 ,4900,
A20263768,23.641,NP01,43.00 ,6400,
A20263769,101.352,NP01,43.00 ,7750,
A20263770,27.588,NP01,43.00 ,7750,
A20263771,15.053,NP01,43.00 ,7750,
A20263772,30.465,NP01,43.00 ,7750,
A20263773,134.700,NP01,43.00 ,7750,
A20263774,30.470,NP01,43.00 ,7750,
A20263775,109.532,NP01,43.00 ,7750,
A20263776,23.491,NP01,43.00 ,7750,
A20263777,23.462,NP01,43.00 ,4900,
A20263778,35.550,NP01,43.00 ,4900,
A20263779,72.360,NP01,43.00 ,4900,
A20263780,60.130,NP01,43.00 ,7000,
A20263781,60.160,NP01,43.00 ,5900,
A20263782,56.564,NP01,43.00 ,4400,
A20263783,41.846,NP01,43.00 ,7000,
A20263784,23.461,NP01,43.00 ,7000,
A20263785,36.228,NP01,43.00 ,5900,
A20263786,102.570,NP01,43.00 ,7000,
A20263787,36.076,NP01,43.00 ,7000,
A20263788,54.131,NP01,43.00 ,7000,
A20263789,41.865,NP01,43.00 ,7000,
A20263790,66.404,NP01,43.00 ,7000,
A20263791,41.560,NP01,43.00 ,7000,
A20263792,35.800,NP01,43.00 ,5900,
A20263793,35.573,NP01,43.00 ,5900,
A20263794,41.600,NP01,43.00 ,5900,
A20263795,47.740,NP01,43.00 ,5900,
A20263796,35.547,NP01,43.00 ,5900,
A20263797,23.051,NP01,43.00 ,8050,
A20263798,26.928,NP01,43.00 ,8050,
A20263799,38.716,NP01,43.00 ,5900,
A20263800,36.712,NP01,43.00 ,4900,
A20263801,102.424,NP01,43.00 ,4900,
A20263802,31.930,NP01,43.00 ,4900,
A20263803,74.510,NP01,43.00 ,4900,
A20263804,17.493,NP01,43.00 ,4900,
A20263805,48.949,NP01,43.00 ,4900,
A20263806,23.786,NP01,43.00 ,4900,
A20263807,85.828,NP01,43.00 ,4900,
A20263808,31.880,NP01,43.00 ,4900,
A20263809,49.473,NP01,43.00 ,4900,
A20263810,49.480,NP01,43.00 ,6100,
A20263811,61.687,NP01,43.00 ,6100,
A20263812,123.597,NP01,43.00 ,6100,
A20263813,17.623,NP01,43.00 ,6100,
A20263814,146.000,NP01,43.00 ,6100,
A20263815,131.100,NP01,43.00 ,6100,
A20263816,101.080,NP01,43.00 ,6100,
A20263817,22.453,NP01,43.00 ,5060,
A20263818,41.160,NP01,43.00 ,5060,
A20263819,23.842,NP01,43.00 ,7240,
A20263820,17.294,NP01,43.00 ,6100,
A20263821,46.633,NP01,43.00 ,6100,
A20263822,50.710,NP01,43.00 ,6100,
A20263823,51.184,NP01,43.00 ,6100,
A20263824,46.186,NP01,43.00 ,4900,
A20263825,30.289,NP01,43.00 ,4900,
A20263826,66.000,NP01,43.00 ,4900,
A20263827,23.380,NP01,43.00 ,4900,
A20263828,53.837,NP01,43.00 ,5600,
A20263829,119.987,NP01,43.00 ,5600,
A20263830,101.212,NP01,43.00 ,11400,
A20263831,41.208,NP01,43.00 ,4900,
A20263832,131.320,NP01,43.00 ,4900,
A20263833,86.510,NP01,43.00 ,8280,
A20263834,33.790,NP01,43.00 ,8280,
A20263835,26.052,NP01,43.00 ,4900,
A20263836,26.052,NP01,43.00 ,4900,
A20263837,26.052,NP01,43.00 ,4900,
A20263838,26.052,NP01,43.00 ,4900,
A20263839,55.742,NP01,43.00 ,4900,
A20263840,64.527,NP01,43.00 ,4500,
A20263841,30.790,NP01,43.00 ,4500,
A20263842,37.863,NP01,43.00 ,4700,
A20263843,29.940,NP01,43.00 ,4900,
A20263844,29.940,NP01,43.00 ,5150,
A20263845,29.940,NP01,43.00 ,4900,
A20263846,67.420,NP01,43.00 ,5360,
A20263847,17.625,NP01,43.00 ,8230,
A20263848,96.600,NP01,43.00 ,11050,
A20263849,139.330,NP01,43.00 ,8400,
A20263850,59.984,NP01,43.00 ,6780,
A20263851,84.376,NP01,43.00 ,7960,
A20263852,35.780,NP01,43.00 ,6840,
A20263853,29.635,NP01,43.00 ,9000,
A20263854,66.505,NP01,43.00 ,8900,
A20263855,41.655,NP01,43.00 ,6400,
A20263856,41.655,NP01,43.00 ,4900,
A20263857,41.615,NP01,43.00 ,4900,
A20263858,47.698,NP01,43.00 ,4900,
A20263859,23.380,NP01,43.00 ,4900,
A20263860,41.368,NP01,43.00 ,4900,
A20263861,45.147,NP01,43.00 ,4500,
A20263862,24.356,NP01,43.00 ,5400,
A20263863,45.729,NP01,43.00 ,4900,
A20263864,56.600,NP01,43.00 ,4900,
A20263865,60.548,NP01,43.00 ,4900,
A20263866,21.776,NP01,43.00 ,6900,
A20263867,72.027,NP01,43.00 ,4900,
A20263868,41.585,NP01,43.00 ,5900,
A20263869,41.585,NP01,43.00 ,5900,
A20263870,41.585,NP01,43.00 ,5900,
A20263871,23.382,NP01,43.00 ,6900,
A20263872,23.391,NP01,43.00 ,6900,
A20263873,35.528,NP01,43.00 ,7000,
A20263874,56.784,NP01,43.00 ,7000,
A20263875,36.070,NP01,43.00 ,7000,
A20263876,31.925,NP01,43.00 ,7000,
A20263877,51.184,NP01,43.00 ,7000,
A20263878,31.250,NP01,43.00 ,7000,
A20263879,46.578,NP01,43.00 ,7000,
A20263880,17.026,NP01,43.00 ,7000,
A20263881,17.265,NP01,43.00 ,7000,
A20263882,111.300,NP01,43.00 ,7000,
A20263883,23.810,NP01,43.00 ,5900,
A20263884,59.883,NP01,43.00 ,5900,
A20263885,27.692,NP01,43.00 ,5900,
A20263886,52.490,NP01,43.00 ,5900,
A20263887,52.490,NP01,43.00 ,5900,
A20263888,44.240,NP01,43.00 ,5900,
A20263889,48.370,NP01,43.00 ,5900,
A20263890,63.644,NP01,43.00 ,5900,
A20263891,73.488,NP01,43.00 ,5900,
A20263892,31.922,NP01,43.00 ,5900,
A20263893,77.520,NP01,43.00 ,5900,
A20263894,31.925,NP01,43.00 ,5900,
A20263895,60.388,NP01,43.00 ,5900,
A20263896,52.190,NP01,43.00 ,5900,
A20263897,49.480,NP01,43.00 ,5900,
A20263898,49.480,NP01,43.00 ,4900,
A20263899,126.030,NP01,43.00 ,4900,
A20263900,30.328,NP01,43.00 ,6400,
A20263901,144.930,NP01,43.00 ,5400,
A20263902,87.688,NP01,43.00 ,5900,
A20263903,23.760,NP01,43.00 ,5900,
A20263904,27.788,NP01,43.00 ,5900,
A20263905,27.788,NP01,43.00 ,5900,
A20263906,36.082,NP01,43.00 ,5900,
A20263907,48.505,NP01,43.00 ,5900,
A20263908,81.733,NP01,43.00 ,5900,
A20263909,56.847,NP01,43.00 ,7000,
A20263910,73.360,NP01,43.00 ,6900,
A20263911,31.920,NP01,43.00 ,6900,
A20263912,81.656,NP01,43.00 ,5900,
A20263913,64.968,NP01,43.00 ,4900,
A20263914,36.082,NP01,43.00 ,4900,
A20263915,42.665,NP01,43.00 ,4900,
A20263916,17.453,NP01,43.00 ,4901,
A20263917,38.005,NP01,43.00 ,4901,
A20263918,54.540,NP01,43.00 ,7900,
A20263919,34.858,NP01,43.00 ,4940,
A20263920,42.450,NP01,43.00 ,4900,
A20263921,70.130,NP01,43.00 ,4900,
A20263922,90.903,NP01,43.00 ,4900,
A20263923,47.995,NP01,43.00 ,4900,
A20263924,23.468,NP01,43.00 ,4900,
A20263925,71.920,NP01,43.00 ,5970,
A20263926,45.335,NP01,43.00 ,5970,
A20263927,37.765,NP01,43.00 ,5900,
A20263928,45.355,NP01,43.00 ,5700,
A20263929,65.007,NP01,43.00 ,5220,
A20263930,55.650,NP01,43.00 ,4900,
A20263931,121.520,NP01,43.00 ,4901,
A20263932,139.890,NP01,43.00 ,4901,
A20263933,139.910,NP01,43.00 ,4901,
A20263934,84.720,NP01,43.00 ,4901,
A20263935,89.043,NP01,43.00 ,4901,
A20263936,17.352,NP01,43.00 ,6400,
A20263937,27.019,NP01,43.00 ,6400,
A20263938,23.424,NP01,43.00 ,5000,
A20263939,23.420,NP01,43.00 ,5000,
A20263940,23.420,NP01,43.00 ,4600,
A20263941,29.560,NP01,43.00 ,6350,
A20263942,29.533,NP01,43.00 ,6350,
A20263943,29.527,NP01,43.00 ,10900,
A20263944,27.061,NP01,43.00 ,6540,
A20263945,59.848,NP01,43.00 ,4900,
A20263946,23.424,NP01,43.00 ,4901,
A20263947,29.431,NP01,43.00 ,4901,
A20263948,29.434,NP01,43.00 ,4901,
A20263949,42.685,NP01,43.00 ,4900,
A20263950,36.388,NP01,43.00 ,4900,
A20263951,51.220,NP01,43.00 ,6400,
A20263952,111.220,NP01,43.00 ,6400,
A20263953,51.220,NP01,43.00 ,6400,
A20263954,21.220,NP01,43.00 ,6400,
A20263955,26.220,NP01,43.00 ,4900,
A20263956,46.240,NP01,43.00 ,4900,
A20263957,36.165,NP01,43.00 ,5995,
A20263958,17.340,NP01,43.00 ,5330,
A20263959,36.155,NP01,43.00 ,5330,
A20263960,26.200,NP01,43.00 ,5080,
A20263961,26.160,NP01,43.00 ,5080,
A20263962,56.135,NP01,43.00 ,6100,
A20263963,50.700,NP01,43.00 ,4900,
A20263964,34.768,NP01,43.00 ,4900,
A20263965,26.912,NP01,43.00 ,5300,
A20263966,111.180,NP01,43.00 ,4901,
A20263967,42.446,NP01,43.00 ,4901,
A20263968,23.714,NP01,43.00 ,4750,
A20263969,86.160,NP01,43.00 ,4525,
A20263970,36.240,NP01,43.00 ,4780,
A20263971,76.295,NP01,43.00 ,4900,
A20263972,48.977,NP01,43.00 ,4950,
A20263973,23.826,NP01,43.00 ,5400,
A20263974,30.139,NP01,43.00 ,5400,
A20263975,30.700,NP01,43.00 ,5400,
A20263976,40.558,NP01,43.00 ,5400,
A20263977,31.080,NP01,43.00 ,6400,
A20263978,46.005,NP01,43.00 ,6400,
A20263979,31.935,NP01,43.00 ,6400,
A20263980,23.641,NP01,43.00 ,6400,
A20263981,30.289,NP01,43.00 ,4901,
A20263982,30.279,NP01,43.00 ,4901,
A20263983,30.220,NP01,43.00 ,6400,
A20263984,31.147,NP01,43.00 ,5900,
A20263985,26.196,NP01,43.00 ,4900,
A20263986,81.176,NP01,43.00 ,4900,
A20263987,66.222,NP01,43.00 ,4900,
A20263988,23.350,NP01,43.00 ,4900,
A20263989,47.650,NP01,43.00 ,4901,
A20263990,23.500,NP01,43.00 ,4901,
A20263991,41.950,NP01,43.00 ,6400,
A20263992,41.755,NP01,43.00 ,4900,
A20263993,72.310,NP01,43.00 ,4900,
A20263994,41.607,NP01,43.00 ,4900,
A20263995,44.368,NP01,43.00 ,4900,
A20263996,31.922,NP01,43.00 ,4900,
A20263997,19.494,NP01,43.00 ,4900,
A20263998,30.220,NP01,43.00 ,4900,
A20263999,36.226,NP01,43.00 ,4900,
A20264000,21.174,NP01,43.00 ,6400,
A20264001,21.186,NP01,43.00 ,4900,
A20264002,31.184,NP01,43.00 ,4900,
A20264003,21.110,NP01,43.00 ,4900,
A20264004,16.165,NP01,43.00 ,4900,
A20264005,66.105,NP01,43.00 ,4500,
A20264006,31.140,NP01,43.00 ,8150,
A20264007,71.140,NP01,43.00 ,7200,
A20264008,56.902,NP01,43.00 ,7080,
A20264009,112.205,NP01,43.00 ,4900,
A20264010,70.985,NP01,43.00 ,4900,
A20264011,38.375,NP01,43.00 ,4900,
A20264012,27.447,NP01,43.00 ,4900,
A20264013,143.720,NP01,43.00 ,4900,
A20264014,61.680,NP01,43.00 ,4900,
A20264015,31.245,NP01,43.00 ,4900,
A20264016,26.155,NP01,43.00 ,4900,
A20264017,51.300,NP01,43.00 ,4900,
A20264018,46.270,NP01,43.00 ,4900,
A20264019,46.270,NP01,43.00 ,4900,
A20264020,23.350,NP01,43.00 ,4900,
A20264021,30.232,NP01,43.00 ,4900,
A20264022,31.935,NP01,43.00 ,4900,
A20264023,31.935,NP01,43.00 ,4900,
A20264024,23.491,NP01,43.00 ,4900,
A20264025,19.480,NP01,43.00 ,4900,
A20264026,36.082,NP01,43.00 ,4900,
A20264027,48.877,NP01,43.00 ,4900,
A20264028,16.583,NP01,43.00 ,4900,
A20264029,44.360,NP01,43.00 ,4900,
A20264030,40.145,NP01,43.00 ,4900,
A20264031,23.478,NP01,43.00 ,4900,
A20264032,54.173,NP01,43.00 ,4900,
A20264033,36.576,NP01,43.00 ,4900,
A20264034,42.920,NP01,43.00 ,4900,
A20264035,23.948,NP01,43.00 ,7400,
A20264036,29.655,NP01,43.00 ,6600,
A20264037,21.743,NP01,43.00 ,6300,
A20264038,90.630,NP01,43.00 ,10900,
A20264039,30.115,NP01,43.00 ,11000,
A20264040,130.919,NP01,43.00 ,8970,
A20264041,26.155,NP01,43.00 ,8970,
A20264042,26.185,NP01,43.00 ,8100,
A20264043,16.195,NP01,43.00 ,8780,
A20264044,31.170,NP01,43.00 ,9340,
A20264045,91.280,NP01,43.00 ,9340,
A20264046,71.240,NP01,43.00 ,9340,
A20264047,36.220,NP01,43.00 ,10000,
A20264048,46.220,NP01,43.00 ,10060,
A20264049,56.195,NP01,43.00 ,10060,
A20264050,36.135,NP01,43.00 ,5300,
A20264051,31.240,NP01,43.00 ,5300,
A20264052,31.280,NP01,43.00 ,5200,
A20264053,124.760,NP01,43.00 ,4900,
A20264054,102.081,NP01,43.00 ,4900,
A20264055,40.229,NP01,43.00 ,4900,
A20264056,48.527,NP01,43.00 ,3800,
A20264057,19.488,NP01,43.00 ,4600,
A20264058,56.784,NP01,43.00 ,4900,
A20264059,56.696,NP01,43.00 ,4900,
A20264060,49.264,NP01,43.00 ,6000,
A20264061,30.236,NP01,43.00 ,4900,
A20264062,27.740,NP01,43.00 ,4900,
A20264063,27.744,NP01,43.00 ,6400,
A20264064,23.418,NP01,43.00 ,6400,
A20264065,23.418,NP01,43.00 ,4900,
A20264066,29.707,NP01,43.00 ,4900,
A20264067,16.488,NP01,43.00 ,4900,
A20264068,29.525,NP01,43.00 ,4900,
A20264069,29.522,NP01,43.00 ,4900,
A20264070,23.350,NP01,43.00 ,4900,
A20264071,24.356,NP01,43.00 ,6400,
A20264072,36.082,NP01,43.00 ,4900,
A20264073,23.495,NP01,43.00 ,4900,
A20264074,31.665,NP01,43.00 ,4901,
A20264075,23.482,NP01,43.00 ,4901,
A20264076,26.987,NP01,43.00 ,4901,
A20264077,96.860,NP01,43.00 ,6400,
A20264078,47.968,NP01,43.00 ,6400,
A20264079,47.972,NP01,43.00 ,6400,
A20264080,42.951,NP01,43.00 ,6400,
A20264081,74.760,NP01,43.00 ,6400,
A20264082,29.560,NP01,43.00 ,6400,
A20264083,29.600,NP01,43.00 ,5550,
A20264084,23.422,NP01,43.00 ,6700,
A20264085,29.650,NP01,43.00 ,5900,
A20264086,27.639,NP01,43.00 ,5700,
A20264087,47.650,NP01,43.00 ,4900,
A20264088,29.430,NP01,43.00 ,4900,
A20264089,54.267,NP01,43.00 ,4900,
A20264090,42.842,NP01,43.00 ,6400,
A20264091,78.223,NP01,43.00 ,4750,
A20264092,14.564,NP01,43.00 ,4900,
A20264093,34.746,NP01,43.00 ,6100,
A20264094,26.910,NP01,43.00 ,4550,
A20264095,99.568,NP01,43.00 ,5270,
A20264096,76.718,NP01,43.00 ,4900,
A20264097,36.220,NP01,43.00 ,4900,
A20264098,67.480,NP01,43.00 ,4900,
A20264099,110.860,NP01,43.00 ,4900,
A20264100,29.980,NP01,43.00 ,4900,
A20264101,42.440,NP01,43.00 ,4900,
A20264102,49.168,NP01,43.00 ,4900,
A20264103,23.842,NP01,43.00 ,6900,
A20264104,55.444,NP01,43.00 ,4150,
A20264105,56.630,NP01,43.00 ,4900,
A20264106,44.224,NP01,43.00 ,6100,
A20264107,44.224,NP01,43.00 ,6100,
A20264108,23.468,NP01,43.00 ,6100,
A20264109,84.808,NP01,43.00 ,6100,
A20264110,38.544,NP01,43.00 ,6150,
A20264111,22.176,NP01,43.00 ,4450,
A20264112,29.694,NP01,43.00 ,4900,
A20264113,103.330,NP01,43.00 ,4600,
A20264114,42.980,NP01,43.00 ,5400,
A20264115,35.490,NP01,43.00 ,4900,
A20264116,20.236,NP01,43.00 ,4900,
A20264117,99.124,NP01,43.00 ,7900,
A20264118,29.527,GC-1,55.00 ,4901,
A20264119,27.061,GC-1,55.00 ,4900,
A20264120,59.848,GC-1,55.00 ,4900,
A20264121,23.424,GC-1,55.00 ,6400,
A20264122,29.431,GC-1,55.00 ,6400,
A20264123,29.434,GC-1,55.00 ,7900,
A20264124,42.685,GC-1,55.00 ,7900,
A20264125,36.388,GC-1,55.00 ,7900,
A20264126,51.220,GC-1,55.00 ,4900,
A20264127,111.220,GC-1,55.00 ,4900,
A20264128,51.220,GC-1,55.00 ,6360,
A20264129,21.220,GC-1,55.00 ,6070,
A20264130,26.220,GC-1,55.00 ,6140,
A20264131,46.240,GC-1,55.00 ,6200,
A20264132,36.165,GC-1,55.00 ,6200,
A20264133,17.340,GC-1,55.00 ,5840,
A20264134,36.155,GC-1,55.00 ,6100,
A20264135,60.340,GC-1,55.00 ,7900,
A20264136,121.720,GC-1,55.00 ,4900,
A20264137,115.700,GC-1,55.00 ,6400,
A20264138,29.660,GC-1,55.00 ,6400,
A20264139,35.552,GC-1,55.00 ,6400,
A20264140,35.564,GC-2,20.00 ,4900,
A20264141,97.288,GC-2,20.00 ,6550,
A20264142,27.012,GC-2,20.00 ,6550,
A20264143,36.148,GC-2,20.00 ,6550,
A20264144,31.705,GC-2,20.00 ,6250,
A20264145,19.516,GC-2,20.00 ,6250,
A20264146,69.411,GC-2,20.00 ,6650,
A20264147,40.145,GC-2,20.00 ,6650,
A20264148,23.378,GC-2,20.00 ,6650,
A20264149,54.140,GC-2,20.00 ,6650,
A20264150,93.600,GC-2,20.00 ,4700,
A20264151,23.560,GC-2,20.00 ,6800,
A20264152,143.300,GC-2,20.00 ,6400,
A20264153,73.225,GC-2,20.00 ,6400,
A20264154,40.157,GC-2,20.00 ,3900,
A20264155,34.993,GC-2,20.00 ,4900,
A20264156,126.440,GC-2,20.00 ,4900,
A20264157,56.429,GC-2,20.00 ,4900,
A20264158,23.348,GC-2,20.00 ,4900,
A20264159,97.531,GC-2,20.00 ,10680,
A20264160,52.270,GC-2,20.00 ,4700,
A20264161,52.174,GC-2,20.00 ,4950,
A20264162,31.880,GC-2,20.00 ,6100,
A20264163,76.900,GC-2,20.00 ,6100,
A20264164,52.200,GC-2,20.00 ,6100,
A20264165,15.144,GC-2,20.00 ,6100,
A20264166,15.144,GC-2,20.00 ,6100,
A20264167,14.905,GC-2,20.00 ,6100,
A20264168,19.980,GC-2,20.00 ,6100,
A20264169,29.970,GC-2,20.00 ,5018,
A20264170,57.291,GC-2,20.00 ,6100,
A20264171,114.555,GC-2,20.00 ,6100,
A20264172,63.660,GC-2,20.00 ,4900,
A20264173,12.276,GC-2,20.00 ,5000,
A20264174,18.420,GC-2,20.00 ,5000,
A20264175,24.920,GC-2,20.00 ,5000,
A20264176,48.960,GC-2,20.00 ,5100,
A20264177,38.082,GC-2,20.00 ,5200,
A20264178,24.648,GC-2,20.00 ,5200,
A20264179,20.450,GC-2,20.00 ,6400,
A20264180,20.258,GC-2,20.00 ,6400,
A20264181,24.540,GC-2,20.00 ,6400,
A20264182,53.170,GC-2,20.00 ,6400,
A20264183,75.804,GC-2,20.00 ,6400,
A20264184,25.182,GC-2,20.00 ,6400,
A20264185,61.100,GC-2,20.00 ,6400,
A20264186,12.216,GC-3,56.00 ,4900,
A20264187,30.613,GC-3,56.00 ,4900,
A20264188,12.086,GC-3,56.00 ,6400,
A20264189,12.400,GC-3,56.00 ,4900,
A20264190,12.284,GC-3,56.00 ,4900,
A20264191,6.146,GC-3,56.00 ,4900,
A20264192,31.830,GC-3,56.00 ,4900,
A20264193,50.448,GC-3,56.00 ,4900,
A20264194,56.727,GC-3,56.00 ,4900,
A20264195,75.668,GC-3,56.00 ,6400,
A20264196,57.008,GC-3,56.00 ,7750,
A20264197,19.431,GC-3,56.00 ,7750,
A20264198,19.434,GC-3,56.00 ,7750,
A20264199,32.685,GC-3,56.00 ,7750,
A20264200,26.388,GC-3,56.00 ,7750,
A20264201,41.220,GC-3,56.00 ,7750,
A20264202,101.220,GC-3,56.00 ,7750,
A20264203,41.220,GC-3,56.00 ,7750,
A20264204,11.220,GC-3,56.00 ,4900,
A20264205,16.220,GC-3,56.00 ,4900,
A20264206,36.240,GC-3,56.00 ,4900,
A20264207,26.165,GC-3,56.00 ,7000,
A20264208,7.340,GC-3,56.00 ,5900,
A20264209,26.155,GC-3,56.00 ,4400,
A20264210,16.200,GC-3,56.00 ,7000,
A20264211,16.160,GC-3,56.00 ,7000,
A20264212,46.135,GC-3,56.00 ,5900,
A20264213,40.700,GC-3,56.00 ,7000,
A20264214,24.768,GC-3,56.00 ,7000,
A20264215,16.912,GC-3,56.00 ,7000,
A20264216,101.180,GC-3,56.00 ,7000,
A20264217,32.446,GC-3,56.00 ,7000,
A20264218,13.714,GC-3,56.00 ,7000,
A20264219,76.160,GC-3,56.00 ,5900,
A20264220,26.240,GC-3,56.00 ,5900,
A20264221,66.295,GC-3,56.00 ,5900,
A20264222,38.977,GC-3,56.00 ,5900,
A20264223,13.826,GC-3,56.00 ,5900,
A20264224,20.139,GC-3,56.00 ,8050,
A20264225,20.700,GC-3,56.00 ,8050,
A20264226,30.558,GC-3,56.00 ,5900,
A20264227,21.080,GC-3,56.00 ,4900,
A20264228,36.005,GC-3,56.00 ,4900,
A20264229,21.935,GC-3,56.00 ,4900,
A20264230,13.641,GC-3,56.00 ,4900,
A20264231,20.289,GC-3,56.00 ,4900,
A20264232,20.279,GC-3,56.00 ,4900,
A20264233,20.220,GC-3,56.00 ,4900,
A20264234,21.147,GC-3,56.00 ,4900,
A20264235,16.196,GC-3,56.00 ,4900,
A20264236,71.176,GC-3,56.00 ,4900,
A20264237,56.222,GC-3,56.00 ,6100,
A20264238,13.350,GC-3,56.00 ,6100,
A20264239,37.650,GC-3,56.00 ,6100,
A20264240,13.500,GC-3,56.00 ,6100,
A20264241,31.950,GC-3,56.00 ,6100,
A20264242,31.755,GC-3,56.00 ,6100,
A20264243,62.310,GC-3,56.00 ,6100,
A20264244,31.607,GC-3,56.00 ,5060,
A20264245,34.368,GC-3,56.00 ,5060,
A20264246,27.639,GC-3,56.00 ,7240,
A20264247,47.650,GC-3,56.00 ,6100,
A20264248,29.430,GC-3,56.00 ,6100,
A20264249,54.267,GC-3,56.00 ,6100,
A20264250,42.842,GC-3,56.00 ,6100,
A20264251,78.223,GC-3,56.00 ,4900,
A20264252,14.564,GC-3,56.00 ,4900,
A20264253,34.746,GC-3,56.00 ,4900,
A20264254,26.910,GC-3,56.00 ,4900,
A20264255,99.568,GC-3,56.00 ,5600,
A20264256,76.718,GC-3,56.00 ,5600,
A20264257,36.220,GC-3,56.00 ,11400,
A20264258,67.480,GC-3,56.00 ,4900,
A20264259,110.860,GC-4,32.00 ,4900,
A20264260,29.980,GC-4,32.00 ,8280,
A20264261,42.440,GC-4,32.00 ,8280,
A20264262,49.168,GC-4,32.00 ,4900,
A20264263,23.842,GC-4,32.00 ,4900,
A20264264,55.444,GC-4,32.00 ,4900,
A20264265,56.630,GC-4,32.00 ,4900,
A20264266,44.224,GC-4,32.00 ,4900,
A20264267,44.224,GC-4,32.00 ,4500,
A20264268,23.468,GC-4,32.00 ,4500,
A20264269,84.808,GC-4,32.00 ,4700,
A20264270,38.544,GC-4,32.00 ,4900,
A20264271,22.176,GC-4,32.00 ,5150,
A20264272,29.694,GC-4,32.00 ,4900,
A20264273,103.330,GC-4,32.00 ,5360,
A20264274,42.980,GC-4,32.00 ,8230,
A20264275,35.490,GC-4,32.00 ,11050,
A20264276,20.236,GC-4,32.00 ,8400,
A20264277,99.124,GC-4,32.00 ,6780,
A20264278,29.527,GC-4,32.00 ,7960,
A20264279,27.061,GC-4,32.00 ,6840,
A20264280,59.848,GC-4,32.00 ,9000,
A20264281,23.424,GC-4,32.00 ,8900,
A20264282,29.431,GC-4,32.00 ,6400,
A20264283,29.434,GC-4,32.00 ,4900,
A20264284,42.685,GC-4,32.00 ,4900,
A20264285,36.388,GC-4,32.00 ,4900,
A20264286,51.220,GC-4,32.00 ,4900,
A20264287,111.220,GC-4,32.00 ,4900,
A20264288,51.220,GC-4,32.00 ,4500,
A20264289,21.220,GC-4,32.00 ,5400,
A20264290,26.220,GC-4,32.00 ,4900,
A20264291,46.240,GC-4,32.00 ,4900,
A20264292,36.165,GC-4,32.00 ,4900,
A20264293,17.340,GC-4,32.00 ,6900,
A20264294,36.155,GC-4,32.00 ,4900,
A20264295,60.340,GC-4,32.00 ,5900,
A20264296,121.720,GC-4,32.00 ,5900,
A20264297,115.700,GC-4,32.00 ,5900,
A20264298,29.660,GC-4,32.00 ,6900,
A20264299,35.552,GC-4,32.00 ,6900,
A20264300,35.564,GC-4,32.00 ,7000,
A20264301,97.288,GC-4,32.00 ,7000,
A20264302,27.012,GC-4,32.00 ,7000,
A20264303,36.148,GC-4,32.00 ,7000,
A20264304,31.705,GC-4,32.00 ,7000,
A20264305,19.516,GC-4,32.00 ,7000,
A20264306,69.411,GC-4,32.00 ,7000,
A20264307,40.145,GC-4,32.00 ,7000,
A20264308,23.378,GC-4,32.00 ,7000,
A20264309,54.140,GC-4,32.00 ,7000,
A20264310,93.600,GC-4,32.00 ,5900,
A20264311,23.560,GC-4,32.00 ,5900,
A20264312,143.300,GC-4,32.00 ,5900,
A20264313,73.225,GC-4,32.00 ,5900,
A20264314,40.157,GC-4,32.00 ,5900,
A20264315,34.993,GC-4,32.00 ,5900,
A20264316,126.440,GC-4,32.00 ,5900,
A20264317,56.429,GC-4,32.00 ,5900,
A20264318,23.348,GC-4,32.00 ,5900,
A20264319,97.531,GC-4,32.00 ,5900,
A20264320,52.270,GC-4,32.00 ,5900,
A20264321,52.174,GC-4,32.00 ,5900,
A20264322,31.880,GC-4,32.00 ,5900,
A20264323,76.900,GC-4,32.00 ,5900,
A20264324,52.200,GC-4,32.00 ,5900,
A20264325,15.144,GC-4,32.00 ,4900,
A20264326,15.144,GC-4,32.00 ,4900,
A20264327,14.905,GC-4,32.00 ,6400,
A20264328,19.980,GC-4,32.00 ,5400,
A20264329,29.970,GC-4,32.00 ,5900,
A20264330,57.291,GC-4,32.00 ,5900,
A20264331,114.555,GC-4,32.00 ,5900,
A20264332,22.253,GC-4,32.00 ,5900,
A20264333,40.620,GC-4,32.00 ,5900,
A20264334,25.320,GC-4,32.00 ,5900,
A20264335,116.782,GC-4,32.00 ,5900,
A20264336,34.638,GC-4,32.00 ,7000,
A20264337,124.908,GC-4,32.00 ,6900,
A20264338,124.700,GC-4,32.00 ,6900,
A20264339,71.470,GC-4,32.00 ,5900,
A20264340,63.270,GC-4,32.00 ,4900,
A20264341,46.525,GC-4,32.00 ,4900,
A20264342,40.370,GC-4,32.00 ,4900,
A20264343,16.074,GC-4,32.00 ,4901,
A20264344,22.976,GC-4,32.00 ,4901,
A20264345,22.600,GC-4,32.00 ,7900,
A20264346,126.200,GC-4,32.00 ,4940,
A20264347,55.323,GC-4,32.00 ,4900,
A20264348,105.094,GC-4,32.00 ,4900,
A20264349,76.352,GC-4,32.00 ,4900,
A20264350,34.364,GC-4,32.00 ,4900,
A20264351,35.170,GC-4,32.00 ,4900,
A20264352,92.784,GC-4,32.00 ,5970,
A20264353,79.748,GC-4,32.00 ,5970,
A20264354,124.225,GC-4,32.00 ,5900,
A20264355,86.540,GC-4,32.00 ,5700,
A20264356,16.089,GC-4,32.00 ,5220,
A20264357,28.480,GC-4,32.00 ,4900,
A20264358,85.360,GC-4,32.00 ,4901,
A20264359,25.056,GC-4,32.00 ,4901,
A20264360,52.196,GC-4,32.00 ,4901,
A20264361,17.660,GC-4,32.00 ,4901,
A20264362,33.046,GC-4,32.00 ,4901,
A20264363,25.363,GC-4,32.00 ,6400,
A20264364,30.600,GC-4,32.00 ,6400,
A20264365,22.264,GC-4,32.00 ,5000,
A20264366,76.814,GC-4,32.00 ,5000,
A20264367,22.740,GC-4,32.00 ,4600,
A20264368,26.376,GC-4,32.00 ,6350,
A20264369,48.052,GC-4,32.00 ,6350,
A20264370,47.992,GC-4,32.00 ,10900,
A20264371,84.127,GC-4,32.00 ,6540,
A20264372,24.913,GC-4,32.00 ,4900,
A20264373,59.140,GC-4,32.00 ,4901,
A20264374,41.580,GC-4,32.00 ,4901,
A20264375,28.990,GC-4,32.00 ,4901,
A20264376,59.140,GC-4,32.00 ,4900,
A20264377,120.520,GC-4,32.00 ,4900,
A20264378,114.500,GC-4,32.00 ,6400,
A20264379,28.460,GC-4,32.00 ,6400,
A20264380,34.352,GC-4,32.00 ,6400,
A20264381,34.364,GC-4,32.00 ,6400,
A20264382,96.088,GC-4,32.00 ,4900,
A20264383,25.812,GC-5,32.00 ,4900,
A20264384,34.948,GC-5,32.00 ,5995,
A20264385,30.505,GC-5,32.00 ,5330,
A20264386,18.316,GC-5,32.00 ,5330,
A20264387,68.211,GC-5,32.00 ,5080,
A20264388,38.945,GC-5,32.00 ,5080,
A20264389,22.178,GC-5,32.00 ,6100,
A20264390,52.940,GC-5,32.00 ,4900,
A20264391,92.400,GC-5,32.00 ,4900,
A20264392,22.360,GC-5,32.00 ,5300,
A20264393,142.100,GC-5,32.00 ,4901,
A20264394,72.025,GC-5,32.00 ,4901,
A20264395,38.957,GC-5,32.00 ,4750,
A20264396,33.793,GC-5,32.00 ,4525,
A20264397,125.240,GC-5,32.00 ,4780,
A20264398,55.229,GC-5,32.00 ,4900,
A20264399,22.148,GC-5,32.00 ,4950,
A20264400,96.331,GC-5,32.00 ,5400,
A20264401,51.070,GC-5,32.00 ,5400,
A20264402,50.974,GC-5,32.00 ,5400,
A20264403,30.680,GC-5,32.00 ,5400,
A20264404,75.700,GC-5,38.00 ,6400,
A20264405,51.000,GC-5,38.00 ,6400,
A20264406,44.119,GC-5,38.00 ,6400,
A20264407,26.246,GC-5,38.00 ,6400,
A20264408,17.578,GC-5,38.00 ,4901,
A20264409,22.405,GC-5,38.00 ,4901,
A20264410,22.312,GC-5,38.00 ,6400,
A20264411,29.594,GC-5,38.00 ,5900,
A20264412,60.386,GC-5,38.00 ,4900,
A20264413,48.530,GC-5,38.00 ,4900,
A20264414,48.526,GC-5,38.00 ,4900,
A20264415,79.354,GC-5,38.00 ,4900,
A20264416,63.534,GC-5,38.00 ,4901,
A20264417,71.110,GC-5,38.00 ,4901,
A20264418,35.368,GC-5,38.00 ,6400,
A20264419,52.623,GC-5,38.00 ,4900,
A20264420,19.960,GC-5,38.00 ,4900,
A20264421,34.160,GC-5,38.00 ,4900,
A20264422,35.358,GC-5,38.00 ,4900,
A20264423,16.080,GC-5,38.00 ,4900,
A20264424,34.364,GC-5,38.00 ,4900,
A20264425,72.190,GC-5,38.00 ,4900,
A20264426,73.631,GC-5,38.00 ,4900,
A20264427,100.935,GC-5,38.00 ,6400,
A20264428,45.725,GC-5,38.00 ,4900,
A20264429,138.900,GC-5,38.00 ,4900,
A20264430,138.910,GC-5,38.00 ,4900,
A20264431,138.950,GC-5,38.00 ,4900,
A20264432,138.920,GC-5,38.00 ,4500,
A20264433,138.890,GC-5,38.00 ,8150,
A20264434,34.934,GC-5,38.00 ,7200,
A20264435,69.800,GC-5,38.00 ,7080,
A20264436,22.178,GC-5,38.00 ,4900,
A20264437,45.434,GC-5,38.00 ,4900,
A20264438,27.986,GC-5,38.00 ,4900,
A20264439,27.980,GC-5,38.00 ,4900,
A20264440,21.946,GC-5,38.00 ,4900,
A20264441,21.964,GC-5,38.00 ,4900,
A20264442,51.930,GC-5,38.00 ,4900,
A20264443,22.000,GC-5,38.00 ,4900,
A20264444,21.974,GC-5,38.00 ,4900,
A20264445,82.020,GC-5,38.00 ,4900,
A20264446,40.066,GC-5,38.00 ,4900,
A20264447,22.020,GC-5,38.00 ,4900,
A20264448,52.006,GC-5,38.00 ,4900,
A20264449,52.074,GC-5,38.00 ,4900,
A20264450,21.986,GC-5,38.00 ,4900,
A20264451,33.994,GC-5,38.00 ,4900,
A20264452,22.000,GC-5,38.00 ,4900,
A20264453,93.540,GC-5,38.00 ,4900,
A20264454,73.614,GC-5,42.00 ,4900,
A20264455,51.169,GC-5,42.00 ,4900,
A20264456,17.546,GC-5,42.00 ,4900,
A20264457,34.720,GC-5,42.00 ,4900,
A20264458,30.316,GC-5,42.00 ,4900,
A20264459,26.430,GC-5,42.00 ,4900,
A20264460,104.770,GC-5,42.00 ,4900,
A20264461,49.660,GC-5,42.00 ,4900,
A20264462,41.738,GC-5,42.00 ,7400,
A20264463,120.560,GC-5,42.00 ,6600,
A20264464,136.180,GC-5,42.00 ,6300,
A20264465,136.240,GC-5,42.00 ,10900,
A20264466,89.108,GC-5,42.00 ,11000,
A20264467,83.930,GC-5,42.00 ,8970,
A20264468,125.060,GC-5,42.00 ,8970,
A20264469,141.600,GC-5,42.00 ,8100,
A20264470,125.220,GC-5,42.00 ,8780,
A20264471,108.928,GC-5,42.00 ,9340,
A20264472,108.934,GC-5,42.00 ,9340,
A20264473,109.024,GC-5,42.00 ,9340,
A20264474,26.516,GC-5,42.00 ,10000,
A20264475,125.420,GC-5,42.00 ,10060,
A20264476,22.172,GC-5,42.00 ,10060,
A20264477,142.080,GC-5,42.00 ,5300,
A20264478,142.040,GC-5,42.00 ,5300,
A20264479,125.540,GC-5,42.00 ,5200,
A20264480,100.618,GC-5,42.00 ,4900,
A20264481,34.722,GC-5,42.00 ,4900,
A20264482,125.700,GC-5,42.00 ,4900,
A20264483,125.480,GC-5,42.00 ,3800,
A20264484,38.889,GC-5,42.00 ,4600,
A20264485,96.671,GC-5,42.00 ,4900,
A20264486,141.820,GC-5,42.00 ,4900,
A20264487,36.488,GC-5,42.00 ,6000,
A20264488,34.670,GC-5,42.00 ,4900,
A20264489,126.060,GC-5,42.00 ,4900,
A20264490,17.540,GC-5,42.00 ,6400,
A20264491,36.397,GC-5,42.00 ,6400,
A20264492,41.905,GC-5,42.00 ,4900,
A20264493,34.852,GC-5,42.00 ,4900,
A20264494,79.710,GC-5,42.00 ,4900,
A20264495,13.370,GC-5,42.00 ,4900,
A20264496,42.776,GC-5,42.00 ,4900,
A20264497,67.054,GC-5,42.00 ,4900,
A20264498,48.178,GC-5,42.00 ,6400,
A20264499,41.815,GC-5,42.00 ,4900,
A20264500,95.387,GC-5,42.00 ,4900,
A20264501,107.440,GC-5,42.00 ,4901,
A20264502,46.273,GC-5,42.00 ,4901,
A20264503,22.168,GC-5,42.00 ,4901,
A20264504,22.187,GC-5,42.00 ,6400,
A20264505,28.267,GC-5,42.00 ,6400,
A20264506,22.178,GC-5,42.00 ,6400,
A20264507,46.534,GC-5,42.00 ,6400,
A20264508,34.336,GC-5,42.00 ,6400,
A20264509,22.168,GC-5,42.00 ,6400,
A20264510,46.500,GC-5,42.00 ,5550,
A20264511,52.588,GC-5,42.00 ,6700,
A20264512,22.560,GC-5,42.00 ,5900,
A20264513,41.605,GC-5,42.00 ,5700,
A20264514,34.328,GC-5,42.00 ,4900,
A20264515,58.387,GC-5,42.00 ,4900,
A20264516,70.480,GC-5,42.00 ,4900,
A20264517,38.952,GC-5,42.00 ,4900,
A20264518,143.311,GC-5,42.00 ,4900,
A20264519,28.276,GC-5,42.00 ,7400,
A20264520,46.575,GC-5,42.00 ,6600,
A20264521,22.192,GC-5,42.00 ,6300,
A20264522,46.229,GC-5,42.00 ,10900,
A20264523,25.162,GC-5,42.00 ,11000,
A20264524,41.496,GC-5,42.00 ,8970,
A20264525,21.960,GC-5,42.00 ,8970,
A20264526,33.993,GC-5,42.00 ,8100,
A20264527,33.967,GC-5,42.00 ,8780,
A20264528,45.960,GC-5,42.00 ,9340,
A20264529,21.986,GC-5,42.00 ,9340,
A20264530,27.960,GC-5,42.00 ,9340,
A20264531,21.946,GC-5,42.00 ,10000,
A20264532,87.874,GC-5,42.00 ,10060,
A20264533,75.666,GC-5,42.00 ,10060,
A20264534,81.693,GC-5,42.00 ,5300,
A20264535,22.026,GC-5,42.00 ,5300,
A20264536,40.021,GC-5,42.00 ,5200,
A20264537,64.033,GC-5,42.00 ,4900,
A20264538,21.960,GC-5,42.00 ,4900,
A20264539,52.020,GC-5,42.00 ,4900,
A20264540,16.013,GC-5,42.00 ,3800,
A20264541,40.027,GC-5,42.00 ,4600,
A20264542,22.010,GC-6,37.00 ,4900,
A20264543,40.010,GC-6,37.00 ,4900,
A20264544,64.060,GC-6,37.00 ,6000,
A20264545,22.014,GC-6,37.00 ,4900,
A20264546,70.040,GC-6,37.00 ,4900,
A20264547,28.020,GC-6,37.00 ,6400,
A20264548,22.000,GC-6,37.00 ,6400,
A20264549,75.960,GC-6,37.00 ,4900,
A20264550,22.026,GC-6,37.00 ,4900,
A20264551,34.014,GC-6,37.00 ,4900,
A20264552,51.960,GC-6,37.00 ,4900,
A20264553,21.926,GC-6,37.00 ,4900,
A20264554,34.014,GC-6,37.00 ,4900,
A20264555,22.006,GC-6,37.00 ,6400,
A20264556,39.985,GC-6,37.00 ,4900,
A20264557,89.700,GC-6,37.00 ,4900,
A20264558,121.580,GC-6,37.00 ,4901,
A20264559,27.849,GC-6,37.00 ,4901,
A20264560,22.040,GC-6,37.00 ,4901,
A20264561,94.080,GC-6,37.00 ,6400,
A20264562,21.920,GC-6,37.00 ,6400,
A20264563,27.840,GC-6,37.00 ,6400,
A20264564,16.113,GC-6,37.00 ,6400,
A20264565,57.844,GC-6,37.00 ,6400,
A20264566,45.690,GC-6,37.00 ,6400,
A20264567,22.014,GC-6,37.00 ,5550,
A20264568,39.940,GC-6,37.00 ,6700,
A20264569,40.059,GC-6,37.00 ,5900,
A20264570,52.300,GC-6,37.00 ,5700,
A20264571,25.045,GC-6,37.00 ,4900,
A20264572,45.080,GC-6,37.00 ,4900,
A20264573,105.640,GC-6,37.00 ,4900,
A20264574,53.868,GC-6,37.00 ,6400,
A20264575,22.282,GC-6,37.00 ,4750,
A20264576,21.385,GC-6,37.00 ,4900,
A20264577,36.537,GC-6,37.00 ,6100,
A20264578,129.980,GC-6,37.00 ,4550,
A20264579,129.860,GC-6,37.00 ,5270,
A20264580,129.940,GC-6,37.00 ,4900,
A20264581,39.968,GC-6,37.00 ,4900,
A20264582,21.841,GC-6,37.00 ,4900,
A20264583,16.489,GC-6,37.00 ,4900,
A20264584,61.389,GC-6,37.00 ,4900,
A20264585,61.116,GC-6,37.00 ,4900,
A20264586,34.288,GC-6,37.00 ,4900,
A20264587,41.615,GC-6,37.00 ,6900,
A20264588,72.649,GC-6,37.00 ,4150,
A20264589,67.862,GC-6,37.00 ,4900,
A20264590,67.858,GC-6,37.00 ,6100,
A20264591,59.464,GC-6,37.00 ,6100,
A20264592,59.464,GC-6,37.00 ,6100,
A20264593,25.804,GC-6,37.00 ,6100,
A20264594,102.488,GC-6,37.00 ,6150,
A20264595,91.944,GC-6,37.00 ,4450,
A20264596,34.588,GC-6,37.00 ,4900,
A20264597,16.363,GC-6,37.00 ,4600,
A20264598,59.060,GC-6,37.00 ,5400,
A20264599,89.920,GC-6,37.00 ,4900,
A20264600,25.084,GC-6,37.00 ,4900,
A20264601,58.720,GC-6,37.00 ,7900,
A20264602,71.791,GC-6,37.00 ,4901,
A20264603,51.530,GC-6,37.00 ,4900,
A20264604,77.792,GC-6,37.00 ,4900,
A20264605,22.441,GC-6,37.00 ,6400,
A20264606,100.152,GC-6,37.00 ,6400,
A20264607,26.388,GC-6,37.00 ,7900,
A20264608,13.853,GC-6,37.00 ,7900,
A20264609,29.265,GC-6,37.00 ,7900,
A20264610,133.500,GC-6,37.00 ,4900,
A20264611,29.270,GC-6,37.00 ,4900,
A20264612,108.332,GC-6,37.00 ,6360,
A20264613,22.291,GC-6,37.00 ,6070,
A20264614,22.262,GC-6,37.00 ,6140,
A20264615,34.350,GC-6,37.00 ,6200,
A20264616,71.160,GC-6,37.00 ,6200,
A20264617,58.930,GC-6,37.00 ,5840,
A20264618,58.960,GC-6,37.00 ,6100,
A20264619,55.364,GC-6,37.00 ,7900,
A20264620,40.646,GC-6,37.00 ,4900,
A20264621,22.261,GC-6,37.00 ,6400,
A20264622,35.028,GC-6,37.00 ,6400,
A20264623,101.370,GC-6,37.00 ,6400,
A20264624,34.876,GC-6,37.00 ,4900,
A20264625,52.931,GC-6,37.00 ,6550,
A20264626,40.665,GC-6,37.00 ,6550,
A20264627,65.204,GC-6,37.00 ,6550,
A20264628,40.360,GC-6,37.00 ,6250,
A20264629,34.600,GC-6,37.00 ,6250,
A20264630,34.373,GC-6,37.00 ,6650,
A20264631,40.400,GC-6,37.00 ,6650,
A20264632,46.540,GC-6,37.00 ,6650,
A20264633,34.347,GC-6,37.00 ,6650,
A20264634,21.851,GC-7,52.00 ,4700,
A20264635,25.728,GC-7,52.00 ,6800,
A20264636,37.516,GC-7,52.00 ,6400,
A20264637,35.512,GC-7,52.00 ,6400,
A20264638,101.224,GC-7,52.00 ,3900,
A20264639,30.730,GC-7,52.00 ,4900,
A20264640,73.310,GC-7,52.00 ,4900,
A20264641,16.293,GC-7,52.00 ,4900,
A20264642,47.749,GC-7,52.00 ,4900,
A20264643,22.586,GC-7,52.00 ,10680,
A20264644,84.628,GC-7,52.00 ,4700,
A20264645,30.680,GC-7,52.00 ,4950,
A20264646,48.273,GC-7,52.00 ,6100,
A20264647,48.280,GC-7,52.00 ,6100,
A20264648,60.487,GC-7,52.00 ,6100,
A20264649,122.397,GC-7,52.00 ,6100,
A20264650,16.423,GC-7,52.00 ,6100,
A20264651,144.800,GC-7,52.00 ,6100,
A20264652,129.900,GC-7,52.00 ,6100,
A20264653,99.880,GC-7,52.00 ,5018,
A20264654,21.253,GC-7,52.00 ,6100,
A20264655,39.960,GC-7,52.00 ,6100,
A20264656,22.642,GC-7,52.00 ,4900,
A20264657,16.094,GC-7,52.00 ,5000,
A20264658,45.433,GC-7,52.00 ,5000,
A20264659,49.510,GC-7,52.00 ,5000,
A20264660,49.984,GC-7,52.00 ,5100,
A20264661,44.986,GC-7,52.00 ,5200,
A20264662,29.089,GC-7,52.00 ,5200,
A20264663,64.800,GC-7,52.00 ,6400,
A20264664,22.180,GC-7,52.00 ,6400,
A20264665,52.637,GC-7,52.00 ,6400,
A20264666,118.787,GC-7,52.00 ,6400,
A20264667,100.012,GC-7,52.00 ,6400,
A20264668,40.008,GC-7,52.00 ,6400,
A20264669,130.120,GC-7,52.00 ,6400,
A20264670,85.310,GC-7,52.00 ,4900,
A20264671,32.590,GC-7,52.00 ,4900,
A20264672,24.852,GC-7,52.00 ,6400,
A20264673,24.852,GC-7,52.00 ,4900,
A20264674,24.852,GC-7,52.00 ,4900,
A20264675,24.852,GC-7,52.00 ,4900,
A20264676,54.542,GC-7,52.00 ,4900,
A20264677,63.327,GC-7,52.00 ,4900,
A20264678,29.590,GC-7,52.00 ,4900,
A20264679,36.663,GC-7,52.00 ,6400,
A20264680,28.740,GC-7,52.00 ,7750,
A20264681,28.740,GC-7,52.00 ,7750,
A20264682,28.740,GC-7,52.00 ,7750,
A20264683,66.220,GC-7,52.00 ,7750,
A20264684,16.425,GC-7,52.00 ,7750,
A20264685,95.400,GC-7,52.00 ,7750,
A20264686,138.130,GC-7,52.00 ,7750,
A20264687,58.784,GC-7,52.00 ,7750,
A20264688,83.176,GC-7,52.00 ,4900,
A20264689,34.580,GC-7,52.00 ,4900,
A20264690,28.435,GC-7,52.00 ,4900,
A20264691,65.305,GC-7,52.00 ,7000,
A20264692,40.455,GC-7,52.00 ,5900,
A20264693,40.455,GC-7,52.00 ,4400,
A20264694,40.415,GC-7,52.00 ,7000,
A20264695,46.498,GC-7,52.00 ,7000,
A20264696,22.180,GC-7,52.00 ,5900,
A20264697,40.168,GC-7,52.00 ,7000,
A20264698,43.947,GC-7,52.00 ,7000,
A20264699,23.156,GC-7,52.00 ,7000,
A20264700,44.529,GC-7,52.00 ,7000,
A20264701,55.400,GC-7,52.00 ,7000,
A20264702,59.348,GC-7,52.00 ,7000,
A20264703,20.576,GC-7,52.00 ,5900,
A20264704,70.827,GC-7,52.00 ,5900,
A20264705,40.385,GC-7,52.00 ,5900,
A20264706,40.385,GC-7,52.00 ,5900,
A20264707,40.385,GC-7,52.00 ,5900,
A20264708,22.182,GC-7,52.00 ,8050,
A20264709,22.191,GC-7,52.00 ,8050,
A20264710,34.328,GC-7,52.00 ,5900,
A20264711,55.584,GC-7,52.00 ,4900,
A20264712,34.870,GC-7,52.00 ,4900,
A20264713,30.725,GC-7,52.00 ,4900,
A20264714,49.984,GC-7,52.00 ,4900,
A20264715,30.050,GC-7,52.00 ,4900,
A20264716,45.378,GC-7,52.00 ,4900,
A20264717,15.826,GC-7,52.00 ,4900,
A20264718,16.065,GC-7,52.00 ,4900,
A20264719,110.100,GC-7,52.00 ,4900,
A20264720,22.610,GC-7,52.00 ,4900,
A20264721,58.683,GC-7,52.00 ,6100,
A20264722,26.492,GC-7,52.00 ,6100,
A20264723,51.290,GC-7,52.00 ,6100,
A20264724,51.290,GC-7,52.00 ,6100,
A20264725,43.040,GC-7,52.00 ,6100,
A20264726,47.170,GC-7,52.00 ,6100,
A20264727,62.444,GC-7,52.00 ,6100,
A20264728,72.288,GC-7,52.00 ,5060,
A20264729,30.722,GC-7,52.00 ,5060,
A20264730,76.320,GC-7,52.00 ,7240,
A20264731,30.725,GC-7,52.00 ,6100,
A20264732,59.188,GC-7,52.00 ,6100,
A20264733,50.990,GC-7,52.00 ,6100,
A20264734,48.280,GC-7,52.00 ,6100,
A20264735,48.280,GC-7,52.00 ,4900,
A20264736,124.830,GC-7,52.00 ,4900,
A20264737,29.128,GC-7,52.00 ,4900,
A20264738,143.730,GC-7,52.00 ,4900,
A20264739,86.488,GC-7,52.00 ,5600,
A20264740,22.560,GC-7,52.00 ,5600,
A20264741,26.588,GC-7,52.00 ,11400,
A20264742,26.588,GC-7,52.00 ,4900,
A20264743,34.882,GC-7,52.00 ,4900,
A20264744,47.305,GC-8,52.00 ,8280,
A20264745,80.533,GC-8,52.00 ,8280,
A20264746,55.647,GC-8,52.00 ,4900,
A20264747,72.160,GC-8,52.00 ,4900,
A20264748,30.720,GC-8,52.00 ,4900,
A20264749,80.456,GC-8,52.00 ,4900,
A20264750,63.768,GC-8,52.00 ,4900,
A20264751,34.882,GC-8,52.00 ,4500,
A20264752,41.465,GC-8,52.00 ,4500,
A20264753,16.253,GC-8,52.00 ,4700,
A20264754,36.805,GC-8,52.00 ,4900,
A20264755,53.340,GC-8,52.00 ,5150,
A20264756,33.658,GC-8,52.00 ,4900,
A20264757,41.250,GC-8,52.00 ,5360,
A20264758,68.930,GC-8,52.00 ,8230,
A20264759,89.703,GC-8,52.00 ,11050,
A20264760,46.795,GC-8,52.00 ,8400,
A20264761,22.268,GC-8,52.00 ,6780,
A20264762,70.720,GC-8,52.00 ,7960,
A20264763,44.135,GC-8,52.00 ,6840,
A20264764,36.565,GC-8,52.00 ,9000,
A20264765,44.155,GC-8,52.00 ,8900,
A20264766,63.807,GC-8,52.00 ,6400,
A20264767,54.450,GC-8,52.00 ,4900,
A20264768,120.320,GC-8,52.00 ,4900,
A20264769,138.690,GC-8,52.00 ,4900,
A20264770,138.710,GC-8,52.00 ,4900,
A20264771,83.520,GC-8,52.00 ,4900,
A20264772,87.843,GC-8,52.00 ,4500,
A20264773,16.152,GC-8,52.00 ,5400,
A20264774,25.819,GC-8,52.00 ,4900,
A20264775,22.224,GC-8,52.00 ,4900,
A20264776,22.220,GC-8,52.00 ,4900,
A20264777,22.220,GC-8,52.00 ,6900,
A20264778,28.360,GC-8,52.00 ,4900,
A20264779,28.333,GC-8,52.00 ,5900,
A20264780,28.327,GC-8,52.00 ,5900,
A20264781,25.861,GC-8,52.00 ,5900,
A20264782,58.648,GC-8,52.00 ,6900,
A20264783,22.224,GC-8,52.00 ,6900,
A20264784,28.231,GC-8,52.00 ,7000,
A20264785,28.234,GC-8,52.00 ,7000,
A20264786,41.485,GC-8,52.00 ,7000,
A20264787,35.188,GC-8,52.00 ,7000,
A20264788,50.020,GC-8,52.00 ,7000,
A20264789,110.020,GC-8,52.00 ,7000,
A20264790,50.020,GC-8,52.00 ,7000,
A20264791,20.020,GC-8,52.00 ,7000,
A20264792,25.020,GC-8,52.00 ,7000,
A20264793,45.040,GC-8,52.00 ,7000,
A20264794,34.965,GC-8,52.00 ,5900,
A20264795,16.140,GC-8,52.00 ,5900,
A20264796,34.955,GC-8,52.00 ,5900,
A20264797,25.000,GC-8,52.00 ,5900,
A20264798,24.960,GC-8,52.00 ,5900,
A20264799,54.935,GC-8,52.00 ,5900,
A20264800,49.500,GC-8,52.00 ,5900,
A20264801,33.568,GC-8,52.00 ,5900,
A20264802,25.712,GC-8,52.00 ,5900,
A20264803,109.980,GC-8,52.00 ,5900,
A20264804,41.246,GC-8,52.00 ,5900,
A20264805,22.514,GC-8,52.00 ,5900,
A20264806,84.960,GC-8,52.00 ,5900,
A20264807,35.040,GC-8,52.00 ,5900,
A20264808,75.095,GC-8,52.00 ,5900,
A20264809,47.777,GC-8,52.00 ,4900,
A20264810,22.626,GC-8,52.00 ,4900,
A20264811,28.939,GC-8,52.00 ,6400,
A20264812,29.500,GC-8,52.00 ,5400,
A20264813,39.358,GC-8,52.00 ,5900,
A20264814,29.880,GC-8,52.00 ,5900,
A20264815,44.805,GC-8,52.00 ,5900,
A20264816,30.735,GC-8,52.00 ,5900,
A20264817,22.441,GC-8,52.00 ,5900,
A20264818,29.089,GC-8,52.00 ,5900,
A20264819,29.079,GC-8,52.00 ,5900,
A20264820,29.020,GC-8,52.00 ,7000,
A20264821,29.947,GC-8,52.00 ,6900,
A20264822,24.996,GC-8,52.00 ,6900,
A20264823,79.976,GC-8,52.00 ,5900,
A20264824,65.022,GC-8,52.00 ,4900,
A20264825,22.150,GC-8,52.00 ,4900,
A20264826,46.450,GC-8,52.00 ,4900,
A20264827,22.300,GC-8,52.00 ,4901,
A20264828,40.750,GC-8,52.00 ,4901,
A20264829,40.555,GC-8,52.00 ,7900,
A20264830,71.110,GC-9,36.00 ,4940,
A20264831,40.407,GC-9,36.00 ,4900,
A20264832,43.168,GC-9,36.00 ,4900,
A20264833,30.722,GC-9,36.00 ,4900,
A20264834,18.294,GC-9,36.00 ,4900,
A20264835,29.020,GC-9,36.00 ,4900,
A20264836,35.026,GC-9,36.00 ,5970,
A20264837,19.974,GC-9,36.00 ,5970,
A20264838,19.986,GC-9,36.00 ,5900,
A20264839,29.984,GC-9,36.00 ,5700,
A20264840,19.910,GC-9,36.00 ,5220,
A20264841,14.965,GC-9,36.00 ,4900,
A20264842,64.905,GC-9,36.00 ,4901,
A20264843,29.940,GC-9,36.00 ,4901,
A20264844,69.940,GC-9,36.00 ,4901,
A20264845,55.702,GC-9,36.00 ,4901,
A20264846,111.005,GC-9,36.00 ,4901,
A20264847,69.785,GC-9,36.00 ,6400,
A20264848,37.175,GC-9,36.00 ,6400,
A20264849,26.247,GC-9,36.00 ,5000,
A20264850,142.520,GC-9,36.00 ,5000,
A20264851,60.480,GC-9,36.00 ,4600,
A20264852,30.045,GC-9,36.00 ,6350,
A20264853,24.955,GC-9,36.00 ,6350,
A20264854,50.100,GC-9,36.00 ,10900,
A20264855,45.070,GC-9,36.00 ,6540,
A20264856,45.070,GC-9,36.00 ,4900,
A20264857,22.150,GC-9,36.00 ,4901,
A20264858,29.032,GC-9,36.00 ,4901,
A20264859,30.735,GC-9,36.00 ,4901,
A20264860,30.735,GC-9,36.00 ,4900,
A20264861,22.291,GC-9,36.00 ,4900,
A20264862,18.280,GC-9,36.00 ,6400,
A20264863,34.882,GC-9,36.00 ,6400,
A20264864,47.677,GC-9,36.00 ,6400,
A20264865,15.383,GC-9,36.00 ,6400,
A20264866,43.160,GC-9,36.00 ,4900,
A20264867,38.945,GC-9,36.00 ,4900,
A20264868,22.278,GC-9,36.00 ,5995,
A20264869,52.973,GC-9,36.00 ,5330,
A20264870,35.376,GC-9,36.00 ,5330,
A20264871,41.720,GC-9,36.00 ,5080,
A20264872,22.748,GC-9,36.00 ,5080,
A20264873,28.455,GC-9,36.00 ,6100,
A20264874,20.543,GC-9,36.00 ,4900,
A20264875,89.430,GC-9,36.00 ,4900,
A20264876,28.915,GC-9,36.00 ,5300,
A20264877,129.719,GC-9,36.00 ,4901,
A20264878,24.955,GC-9,36.00 ,4901,
A20264879,24.985,GC-9,36.00 ,4750,
A20264880,14.995,GC-9,36.00 ,4525,
A20264881,29.970,GC-9,36.00 ,4780,
A20264882,90.080,GC-9,36.00 ,4900,
A20264883,70.040,GC-9,36.00 ,4950,
A20264884,35.020,GC-9,36.00 ,5400,
A20264885,45.020,GC-9,36.00 ,5400,
A20264886,54.995,GC-9,36.00 ,5400,
A20264887,34.935,GC-9,36.00 ,5400,
A20264888,30.040,GC-9,36.00 ,6400,
A20264889,30.080,GC-9,36.00 ,6400,
A20264890,123.560,GC-9,36.00 ,6400,
A20264891,100.881,GC-9,36.00 ,6400,
A20264892,39.029,GC-9,36.00 ,4901,
A20264893,47.327,GC-9,36.00 ,4901,
A20264894,18.288,GC-9,36.00 ,6400,
A20264895,55.584,GC-9,36.00 ,5900,
A20264896,55.496,GC-9,36.00 ,4900,
A20264897,48.064,GC-9,36.00 ,4900,
A20264898,29.036,GC-9,36.00 ,4900,
A20264899,26.540,GC-9,36.00 ,4900,
A20264900,26.544,GC-9,36.00 ,4901,
A20264901,22.218,GC-9,36.00 ,4901,
A20264902,22.218,GC-9,36.00 ,6400,
A20264903,28.507,GC-9,36.00 ,4900,
A20264904,15.288,GC-9,36.00 ,4900,
A20264905,28.325,GC-9,36.00 ,4900,
A20264906,28.322,GC-9,36.00 ,4900,
A20264907,22.150,GC-9,36.00 ,4900,
A20264908,23.156,GC-9,36.00 ,4900,
A20264909,34.882,GC-9,36.00 ,4900,
A20264910,22.295,GC-9,36.00 ,4900,
A20264911,30.465,GC-9,36.00 ,6400,
A20264912,22.282,GC-9,36.00 ,4900,
A20264913,25.787,GC-9,36.00 ,4900,
A20264914,95.660,GC-9,36.00 ,4900,
A20264915,46.768,GC-9,36.00 ,4900,
A20264916,46.772,GC-9,36.00 ,4900,
A20264917,41.751,GC-9,36.00 ,4900,
A20264918,73.560,GC-9,36.00 ,4900,
A20264919,28.360,GC-9,36.00 ,4900,
A20264920,28.400,GC-9,36.00 ,4900,
A20264921,22.222,GC-9,36.00 ,4900,
A20264922,28.450,GC-9,36.00 ,4900,
A20264923,26.439,GC-9,36.00 ,4900,
A20264924,46.450,GC-9,36.00 ,4900,
A20264925,28.230,GC-9,36.00 ,4900,
A20264926,53.067,GC-9,36.00 ,4900,
A20264927,41.642,GC-9,36.00 ,4900,
A20264928,77.023,GC-9,36.00 ,6400,
A20264929,13.364,GC-9,36.00 ,6401,
A20264930,33.546,GC-9,36.00 ,6401,
A20264931,25.710,GC-9,36.00 ,4900,
A20264932,98.368,GC-9,36.00 ,4700,
A20264933,75.518,GC-9,36.00 ,7000,
A20264934,35.020,GC-10,46.00 ,4900,
A20264935,66.280,GC-10,46.00 ,4900,
A20264936,109.660,GC-10,46.00 ,4900,
A20264937,28.780,GC-10,46.00 ,6400,
A20264938,41.240,GC-10,46.00 ,5300,
A20264939,47.968,GC-10,46.00 ,9540,
A20264940,22.642,GC-10,46.00 ,9540,
A20264941,54.244,GC-10,46.00 ,9540,
A20264942,55.430,GC-10,46.00 ,9540,
A20264943,43.024,GC-10,46.00 ,6250,
A20264944,43.024,GC-10,46.00 ,10500,
A20264945,22.268,GC-10,46.00 ,4900,
A20264946,83.608,GC-10,46.00 ,4930,
A20264947,37.344,GC-10,46.00 ,4930,
A20264948,20.976,GC-10,46.00 ,5530,
A20264949,28.494,GC-10,46.00 ,5530,
A20264950,102.130,GC-10,46.00 ,5530,
A20264951,41.780,GC-10,46.00 ,5530,
A20264952,34.290,GC-10,46.00 ,5600,
A20264953,19.036,GC-10,46.00 ,4900,
A20264954,97.924,GC-10,46.00 ,4700,
A20264955,19.249,GC-10,46.00 ,6300,
A20264956,94.956,GC-10,46.00 ,6300,
A20264957,33.646,GC-10,46.00 ,10860,
A20264958,57.316,GC-10,46.00 ,11540,
A20264959,48.552,GC-10,46.00 ,9520,
A20264960,79.354,GC-10,46.00 ,7400,
A20264961,33.118,GC-10,46.00 ,5300,
A20264962,53.491,GC-10,46.00 ,5300,
A20264963,96.986,GC-10,46.00 ,5300,
A20264964,42.720,GC-10,46.00 ,5300,
A20264965,47.080,GC-10,46.00 ,7400,
A20264966,29.240,GC-10,46.00 ,7400,
A20264967,16.598,GC-10,46.00 ,7400,
A20264968,40.789,GC-10,46.00 ,4900,
A20264969,23.193,GC-10,46.00 ,6400,
A20264970,73.530,GC-10,46.00 ,7000,
A20264971,41.630,GC-10,46.00 ,7000,
A20264972,38.630,GC-10,46.00 ,7000,
A20264973,46.972,GC-10,46.00 ,7000,
A20264974,125.010,GC-10,46.00 ,7000,
A20264975,63.400,GC-10,46.00 ,4940,
A20264976,63.780,GC-10,46.00 ,4940,
A20264977,22.712,GC-10,46.00 ,4900,
A20264978,35.421,GC-10,46.00 ,4900,
A20264979,48.106,GC-10,46.00 ,4900,
A20264980,73.507,GC-10,46.00 ,4900,
A20264981,16.351,GC-10,46.00 ,4795,
A20264982,22.656,GC-10,46.00 ,4815,
A20264983,20.020,GC-10,46.00 ,4900,
A20264984,25.192,GC-10,46.00 ,5200,
A20264985,54.192,GC-10,46.00 ,5200,
A20264986,16.213,GC-10,46.00 ,5900,
A20264987,21.880,GC-10,46.00 ,4630,
A20264988,41.640,GC-10,46.00 ,4900,
A20264989,41.640,GC-10,46.00 ,4900,
A20264990,40.555,GC-10,46.00 ,4900,
A20264991,58.880,GC-10,46.00 ,4900,
A20264992,47.278,GC-10,46.00 ,4900,
A20264993,40.828,GC-10,46.00 ,4900,
A20264994,44.749,GC-10,46.00 ,4700,
A20264995,63.859,GC-10,46.00 ,6400,
A20264996,76.288,GC-10,46.00 ,6400,
A20264997,22.413,GC-10,46.00 ,6400,
A20264998,22.435,GC-10,46.00 ,6600,
A20264999,140.486,GC-10,46.00 ,5800,
A20265000,59.080,GC-10,46.00 ,4900,
A20265001,120.515,GC-10,46.00 ,8650,
A20265002,92.059,GC-10,46.00 ,6400,
A20265003,26.392,GC-10,46.00 ,6400,
A20265004,22.276,GC-10,46.00 ,6400,
A20265005,22.270,GC-10,46.00 ,6400,
A20265006,71.350,GC-10,46.00 ,6400,
A20265007,28.405,GC-10,46.00 ,7900,
A20265008,52.955,GC-10,46.00 ,7900,
A20265009,40.675,GC-10,46.00 ,7900,
A20265010,26.580,GC-10,46.00 ,7900,
A20265011,88.831,GC-10,46.00 ,4850,
A20265012,30.745,GC-10,46.00 ,4400,
A20265013,43.184,GC-10,46.00 ,4400,
A20265014,92.960,GC-10,46.00 ,4400,
A20265015,42.944,GC-10,46.00 ,4400,
A20265016,22.443,GC-10,46.00 ,4400,
A20265017,72.168,GC-10,46.00 ,4400,
A20265018,126.280,GC-10,46.00 ,4900,
A20265019,126.280,GC-10,46.00 ,4900,
A20265020,93.100,GC-10,46.00 ,4900,
A20265021,43.240,GC-10,46.00 ,4900,
A20265022,25.194,GC-10,46.00 ,6400,
A20265023,13.036,GC-10,46.00 ,4900,
A20265024,28.279,GC-10,46.00 ,4900,
A20265025,40.560,GC-10,46.00 ,4900,
A20265026,71.420,GC-10,46.00 ,4900,
A20265027,22.480,GC-10,46.00 ,4900,
A20265028,75.610,GC-10,46.00 ,4900,
A20265029,80.880,GC-10,46.00 ,6400,
A20265030,34.700,GC-11,56.00 ,6400,
A20265031,40.926,GC-11,56.00 ,4900,
A20265032,59.556,GC-11,56.00 ,4901,
A20265033,43.980,GC-11,56.00 ,4901,
A20265034,89.755,GC-11,56.00 ,4901,
A20265035,53.204,GC-11,56.00 ,4901,
A20265036,41.060,GC-11,56.00 ,7900,
A20265037,40.555,GC-11,56.00 ,5000,
A20265038,22.186,GC-11,56.00 ,5000,
A20265039,22.192,GC-11,56.00 ,5000,
A20265040,22.222,GC-11,56.00 ,6000,
A20265041,34.754,GC-11,56.00 ,5995,
A20265042,28.233,GC-11,56.00 ,5995,
A20265043,40.864,GC-11,56.00 ,4795,
A20265044,22.444,GC-11,56.00 ,4930,
A20265045,34.692,GC-11,56.00 ,4930,
A20265046,42.464,GC-11,56.00 ,4900,
A20265047,142.860,GC-11,56.00 ,4900,
A20265048,92.960,GC-11,56.00 ,4901,
A20265049,59.760,GC-11,56.00 ,4901,
A20265050,142.740,GC-11,56.00 ,4901,
A20265051,126.520,GC-11,56.00 ,6450,
A20265052,51.540,GC-11,56.00 ,4901,
A20265053,22.280,GC-11,56.00 ,4901,
A20265054,28.640,GC-11,56.00 ,4901,
A20265055,57.929,GC-11,56.00 ,4901,
A20265056,28.414,GC-11,56.00 ,4901,
A20265057,84.780,GC-11,56.00 ,4900,
A20265058,51.470,GC-11,56.00 ,4900,
A20265059,28.874,GC-11,56.00 ,4900,
A20265060,34.875,GC-11,56.00 ,6140,
A20265061,40.370,GC-11,56.00 ,5840,
A20265062,85.880,GC-11,56.00 ,6550,
A20265063,40.366,GC-11,56.00 ,4900,
A20265064,51.970,GC-11,56.00 ,4950,
A20265065,22.213,GC-11,56.00 ,5010,
A20265066,29.598,GC-11,56.00 ,5010,
A20265067,21.840,GC-11,56.00 ,4850,
A20265068,93.800,GC-11,56.00 ,4850,
A20265069,22.000,GC-11,56.00 ,4850,
A20265070,93.800,GC-11,56.00 ,5980,
A20265071,22.014,GC-11,56.00 ,5980,
A20265072,93.946,GC-11,56.00 ,4900,
A20265073,33.947,GC-11,56.00 ,4900,
A20265074,88.507,GC-11,56.00 ,10000,
A20265075,34.890,GC-11,56.00 ,10000,
A20265076,22.444,GC-11,56.00 ,5620,
A20265077,72.120,GC-11,56.00 ,4700,
A20265078,46.828,GC-11,56.00 ,4900,
A20265079,34.507,GC-11,56.00 ,6400,
A20265080,40.511,GC-11,56.00 ,4900,
A20265081,25.089,GC-11,56.00 ,4900,
A20265082,47.293,GC-11,56.00 ,4900,
A20265083,25.724,GC-11,56.00 ,4901,
A20265084,96.494,GC-11,56.00 ,4901,
A20265085,34.692,GC-11,56.00 ,4901,
A20265086,47.112,GC-11,56.00 ,4901,
A20265087,47.284,GC-11,56.00 ,4901,
A20265088,92.340,GC-11,56.00 ,4901,
A20265089,26.929,GC-11,56.00 ,4900,
A20265090,65.557,GC-11,56.00 ,4900,
A20265091,22.173,GC-11,56.00 ,4900,
A20265092,34.848,GC-11,56.00 ,4900,
A20265093,22.432,GC-11,56.00 ,6500,
A20265094,65.926,GC-11,56.00 ,6500,
A20265095,55.612,GC-11,56.00 ,4900,
A20265096,33.858,GC-11,56.00 ,4900,
A20265097,34.324,GC-11,56.00 ,7000,
A20265098,21.834,GC-11,56.00 ,6100,
A20265099,19.434,GC-11,56.00 ,6100,
A20265100,54.324,GC-11,56.00 ,7001,
