order_id,steel,diameter,length,weight,density
A20260101,GB40,28.0,6.4,28901.0,9860
A20260102,GB40,28.0,6.3,60744.0,9860
A20260103,GB40,28.0,6.4,35372.0,9860
A20260104,GB40,28.0,6.4,40435.0,9860
A20260105,GB40,28.0,4.75,46522.0,9860
A20260106,GB40,28.0,4.9,35524.0,9860
A20260107,GB40,28.0,6.1,52609.0,9860
A20260108,GB40,28.0,4.55,22167.0,9860
A20260109,GB40,28.0,5.27,16128.0,9860
A20260110,GB40,28.0,4.9,47206.0,9860
A20260111,GB40,28.0,4.9,22640.0,9860
A20260112,GB40,28.0,4.9,16318.999999999998,9860
A20260113,GB40,28.0,4.9,60560.0,9860
A20260114,GB40,28.0,4.9,73200.0,9860
A20260115,GB40,28.0,4.9,53027.0,9860
A20260116,GB40,28.0,4.9,22253.0,9860
A20260117,GB40,28.0,6.9,40620.0,9860
A20260118,GB40,28.0,4.15,25320.0,9860
A20260119,GB40,28.0,4.9,116782.0,9860
A20260120,GB40,28.0,6.1,34638.0,9860
A20260121,GB40,28.0,6.1,124908.0,9860
A20260122,GB40,28.0,6.1,124700.0,9860
A20260123,GB40,28.0,6.1,71470.0,9860
A20260124,GB40,28.0,6.15,63270.0,9860
A20260125,GB40,28.0,4.45,46525.0,9860
A20260126,GB40,28.0,4.9,40370.0,9860
A20260127,GB40,28.0,4.6,16074.000000000002,9860
A20260128,GB40,28.0,5.4,22976.0,9860
A20260129,GB40,28.0,4.9,22600.0,9860
A20260130,GB40,28.0,4.9,126200.0,9860
A20260131,GB40,28.0,7.9,55323.0,9860
A20260132,GB40,28.0,4.901,105094.0,9860
A20260133,GB40,28.0,4.9,76352.0,9860
A20260134,GB40,28.0,4.9,34364.0,9860
A20260135,GB40,28.0,6.4,35170.0,9860
A20260136,GB40,28.0,6.4,92784.0,9860
A20260137,GB40,28.0,7.9,79748.0,9860
A20260138,GB40,28.0,7.9,124225.0,9860
A20260139,GB40,28.0,7.9,86540.0,9860
A20260140,GB40,28.0,4.9,16088.999999999998,9860
A20260141,GB40,28.0,4.9,28480.0,9860
A20260142,GB40,28.0,6.36,85360.0,9860
A20260143,GB40,28.0,6.07,25056.0,9860
A20260144,GB40,28.0,6.14,52196.0,9860
A20260145,GB40,28.0,6.2,17660.0,9860
A20260146,GB40,28.0,6.2,33046.0,9860
A20260147,GB40,28.0,5.84,25363.0,9860
A20260148,GB40,28.0,6.1,30600.0,9860
A20260149,GB40,28.0,7.9,22264.0,9860
A20260150,GB40,28.0,4.9,76814.0,9860
A20260151,GB40,28.0,6.4,22740.0,9860
A20260152,GB40,28.0,6.4,26376.0,9860
A20260153,GB40,28.0,6.4,48052.0,9860
A20260154,GB40,28.0,4.9,47992.0,9860
A20260155,GB40,28.0,6.55,84127.0,9860
A20260156,GB40,28.0,6.55,24913.0,9860
A20260157,GB40,28.0,6.55,59140.0,9860
A20260158,GB40,28.0,6.25,41580.0,9860
A20260159,GB40,28.0,6.25,28990.0,9860
A20260160,GB40,28.0,6.65,59140.0,9860
A20260161,GB40,28.0,6.65,120520.0,9860
A20260162,GB40,28.0,6.65,114500.0,9860
A20260163,GB40,28.0,6.65,28460.0,9860
A20260164,GB40,28.0,4.7,34352.0,9860
A20260165,GB40,28.0,6.8,34364.0,9860
A20260166,GB40,28.0,6.4,96088.0,9860
A20260167,GB40,28.0,6.4,25812.0,9860
A20260168,GB40,28.0,3.9,34948.0,9860
A20260169,GB40,28.0,4.9,30505.0,9860
A20260170,GB40,28.0,4.9,18316.0,9860
A20260171,GB40,28.0,4.9,68211.0,9860
A20260172,GB40,28.0,4.9,38945.0,9860
A20260173,GB40,28.0,10.68,22178.0,9860
A20260174,GB40,28.0,4.7,52940.0,9860
A20260175,GB40,28.0,4.95,92400.0,9860
A20260176,GB40,28.0,6.1,22360.0,9860
A20260177,GB40,28.0,6.1,142100.0,9860
A20260178,GB40,28.0,6.1,72025.0,9860
A20260179,GB40,28.0,6.1,38957.0,9860
A20260180,GB40,28.0,6.1,33793.0,9860
A20260181,GB40,28.0,6.1,125240.0,9860
A20260182,GB40,28.0,6.1,55229.0,9860
A20260183,GB40,28.0,5.018,22148.0,9860
A20260184,GB40,28.0,6.1,96331.0,9860
A20260185,GB40,28.0,6.1,51070.0,9860
A20260186,GB40,28.0,4.9,50974.0,9860
A20260187,GB40,28.0,5.0,30680.0,9860
A20260188,GB40,28.0,5.0,75700.0,9860
A20260189,GB40,28.0,5.0,51000.0,9860
A20260190,GB40,28.0,5.1,44119.0,9860
A20260191,GB40,28.0,5.2,26246.0,9860
A20260192,GB40,28.0,5.2,17578.0,9860
A20260193,GB40,28.0,6.4,22405.0,9860
A20260194,GB40,28.0,6.4,22312.0,9860
A20260195,GB40,28.0,6.4,29594.0,9860
A20260196,GB40,28.0,6.4,60386.0,9860
A20260197,GB40,28.0,6.4,48530.0,9860
A20260198,GB40,28.0,6.4,48526.0,9860
A20260199,GB40,28.0,6.4,79354.0,9860
A20260200,GB40,28.0,4.9,63534.0,9860
A20260201,GB40,28.0,4.9,71110.0,9860
A20260202,GB40,28.0,6.4,35368.0,9860
A20260203,GB40,28.0,4.9,52623.0,9860
A20260204,GB40,28.0,4.9,19960.0,9860
A20260205,GB40,28.0,4.9,34160.0,9860
A20260206,GB40,28.0,4.9,35358.0,9860
A20260207,GB40,28.0,4.9,16079.999999999998,9860
A20260208,GB40,28.0,4.9,34364.0,9860
A20260209,GB40,28.0,6.4,72190.0,9860
A20260210,GB40,28.0,7.75,73631.0,9860
A20260211,GB40,28.0,7.75,100935.0,9860
A20260212,GB40,28.0,7.75,45725.0,9860
A20260213,GB40,28.0,7.75,138900.0,9860
A20260214,GB40,28.0,7.75,138910.0,9860
A20260215,GB40,28.0,7.75,138950.0,9860
A20260216,GB40,28.0,7.75,138920.0,9860
A20260217,GB40,28.0,7.75,138890.0,9860
A20260218,GB40,28.0,4.9,34934.0,9860
A20260219,GB40,28.0,4.9,69800.0,9860
A20260220,GB40,28.0,4.9,22178.0,9860
A20260221,GB40,28.0,7.0,45434.0,9860
A20260222,GB40,28.0,5.9,27986.0,9860
A20260223,GB40,28.0,4.4,27980.0,9860
A20260224,GB40,28.0,7.0,21946.0,9860
A20260225,GB40,28.0,7.0,21964.0,9860
A20260226,GB40,28.0,5.9,51930.0,9860
A20260227,GB40,28.0,7.0,22000.0,9860
A20260228,GB40,28.0,7.0,21974.0,9860
A20260229,GB40,28.0,7.0,82020.0,9860
A20260230,GB40,28.0,7.0,40066.0,9860
A20260231,GB40,28.0,7.0,22020.0,9860
A20260232,GB40,28.0,7.0,52006.0,9860
A20260233,GB40,28.0,5.9,52074.0,9860
A20260234,GB40,28.0,5.9,21986.0,9860
A20260235,GB40,28.0,5.9,33994.0,9860
A20260236,GB40,28.0,5.9,22000.0,9860
A20260237,GB40,28.0,5.9,93540.0,9860
A20260238,GB40,28.0,8.05,73614.0,9860
A20260239,GB40,28.0,8.05,51169.0,9860
A20260240,GB40,28.0,5.9,17546.0,9860
A20260241,GB40,28.0,4.9,34720.0,9860
A20260242,GB40,28.0,4.9,30316.0,9860
A20260243,GB40,28.0,4.9,26430.0,9860
A20260244,GB40,28.0,4.9,104770.0,9860
A20260245,GB40,28.0,4.9,49660.0,9860
A20260246,GB40,28.0,4.9,41738.0,9860
A20260247,GB40,28.0,4.9,120560.0,9860
A20260248,GB40,28.0,4.9,136180.0,9860
A20260249,GB40,28.0,4.9,136240.0,9860
A20260250,GB40,28.0,4.9,89108.0,9860
A20260251,GB40,28.0,6.1,83930.0,9860
A20260252,GB40,28.0,6.1,125060.0,9860
A20260253,GB40,28.0,6.1,141600.0,9860
A20260254,GB40,28.0,6.1,125220.0,9860
A20260255,GB40,28.0,6.1,108928.0,9860
A20260256,GB40,28.0,6.1,108934.0,9860
A20260257,GB40,28.0,6.1,109024.0,9860
A20260258,GB40,28.0,5.06,26516.0,9860
A20260259,GB40,28.0,5.06,125420.0,9860
A20260260,GB40,28.0,7.24,22172.0,9860
A20260261,GB40,28.0,6.1,142080.0,9860
A20260262,GB40,28.0,6.1,142040.0,9860
A20260263,GB40,28.0,6.1,125540.0,9860
A20260264,GB40,28.0,6.1,100618.0,9860
A20260265,GB40,28.0,4.9,34722.0,9860
A20260266,GB40,28.0,4.9,125700.0,9860
A20260267,GB40,28.0,4.9,125480.0,9860
A20260268,GB40,28.0,4.9,38889.0,9860
A20260269,GB40,28.0,5.6,96671.0,9860
A20260270,GB40,28.0,5.6,141820.0,9860
A20260271,GB40,28.0,11.4,36488.0,9860
A20260272,GB40,28.0,4.9,34670.0,9860
A20260273,GB40,28.0,4.9,126060.0,9860
A20260274,GB40,28.0,8.28,17540.0,9860
A20260275,GB40,28.0,8.28,36397.0,9860
A20260276,GB40,28.0,4.9,41905.0,9860
A20260277,GB40,28.0,4.9,34852.0,9860
A20260278,GB40,28.0,4.9,79710.0,9860
A20260279,GB40,28.0,4.9,13370.0,9860
A20260280,GB40,28.0,4.9,42776.0,9860
A20260281,GB40,28.0,4.5,67054.0,9860
A20260282,GB40,28.0,4.5,48178.0,9860
A20260283,GB40,28.0,4.7,41815.0,9860
A20260284,GB40,28.0,4.9,95387.0,9860
A20260285,GB40,28.0,5.15,107440.0,9860
A20260286,GB40,28.0,4.9,46273.0,9860
A20260287,GB40,28.0,5.36,22168.0,9860
A20260288,GB40,28.0,8.23,22187.0,9860
A20260289,GB40,28.0,11.05,28267.0,9860
A20260290,GB40,28.0,8.4,22178.0,9860
A20260291,GB40,28.0,6.78,46534.0,9860
A20260292,GB40,28.0,7.96,34336.0,9860
A20260293,GB40,28.0,6.84,22168.0,9860
A20260294,GB40,28.0,9.0,46500.0,9860
A20260295,GB40,28.0,8.9,52588.0,9860
A20260296,GB40,28.0,6.4,22560.0,9860
A20260297,GB40,28.0,4.9,41605.0,9860
A20260298,GB40,28.0,4.9,34328.0,9860
A20260299,GB40,28.0,4.9,58387.0,9860
A20260300,GB40,28.0,4.9,70480.0,9860
A20260301,GB40,28.0,4.9,38952.0,9860
A20260302,GB40,28.0,4.5,143311.0,9860
A20260303,GB40,28.0,5.4,28276.0,9860
A20260304,GB40,28.0,4.9,46575.0,9860
A20260305,GB40,28.0,4.9,22192.0,9860
A20260306,GB40,28.0,4.9,46229.0,9860
A20260307,GB40,28.0,6.9,25162.0,9860
A20260308,GB40,28.0,4.9,41496.0,9860
A20260309,GB40,28.0,5.9,21960.0,9860
A20260310,GB40,28.0,5.9,33993.0,9860
A20260311,GB40,28.0,5.9,33967.0,9860
A20260312,GB40,28.0,6.9,45960.0,9860
A20260313,GB40,28.0,6.9,21986.0,9860
A20260314,GB40,28.0,7.0,27960.0,9860
A20260315,GB40,28.0,7.0,21946.0,9860
A20260316,GB40,28.0,7.0,87874.0,9860
A20260317,GB40,28.0,7.0,75666.0,9860
A20260318,GB40,28.0,7.0,81693.0,9860
A20260319,GB40,28.0,7.0,22026.0,9860
A20260320,GB40,28.0,7.0,40021.0,9860
A20260321,GB40,28.0,7.0,64033.0,9860
A20260322,GB40,28.0,7.0,21960.0,9860
A20260323,GB40,28.0,7.0,52020.0,9860
A20260324,GB40,28.0,5.9,16013.000000000002,9860
A20260325,GB40,28.0,5.9,40027.0,9860
A20260326,GB40,28.0,5.9,22010.0,9860
A20260327,GB40,28.0,5.9,40010.0,9860
A20260328,GB40,28.0,5.9,64060.0,9860
A20260329,GB40,28.0,5.9,22014.0,9860
A20260330,GB40,28.0,5.9,70040.0,9860
A20260331,GB40,28.0,5.9,28020.0,9860
A20260332,GB40,28.0,5.9,22000.0,9860
A20260333,GB40,28.0,5.9,75960.0,9860
A20260334,GB40,28.0,5.9,22026.0,9860
A20260335,GB40,28.0,5.9,34014.0,9860
A20260336,GB40,28.0,5.9,51960.0,9860
A20260337,GB40,28.0,5.9,21926.0,9860
A20260338,GB40,28.0,5.9,34014.0,9860
A20260339,GB40,28.0,4.9,22006.0,9860
A20260340,GB40,28.0,4.9,39985.0,9860
A20260341,GB40,28.0,6.4,89700.0,9860
A20260342,GB40,28.0,5.4,121580.0,9860
A20260343,GB40,28.0,5.9,27849.0,9860
A20260344,GB40,28.0,5.9,22040.0,9860
A20260345,GB40,28.0,5.9,94080.0,9860
A20260346,GB40,28.0,5.9,21920.0,9860
A20260347,GB40,28.0,5.9,27840.0,9860
A20260348,GB40,28.0,5.9,16113.0,9860
A20260349,GB40,28.0,5.9,57844.0,9860
A20260350,GB40,28.0,7.0,45690.0,9860
A20260351,GB40,28.0,6.9,22014.0,9860
A20260352,30C,45.0,6.9,39940.0,9860
A20260353,30C,45.0,5.9,40059.0,9860
A20260354,30C,45.0,4.9,52300.0,9860
A20260355,30C,45.0,4.9,25045.0,9860
A20260356,30C,45.0,4.9,45080.0,9860
A20260357,30C,45.0,4.901,105640.0,9860
A20260358,30C,45.0,4.901,53868.0,9860
A20260359,30C,45.0,7.9,22282.0,9860
A20260360,30C,45.0,4.94,21385.0,9860
A20260361,30C,45.0,4.9,36537.0,9860
A20260362,30C,45.0,4.9,129979.99999999999,9860
A20260363,30C,45.0,4.9,129860.00000000001,9860
A20260364,30C,45.0,4.9,129940.0,9860
A20260365,30C,45.0,4.9,39968.0,9860
A20260366,30C,45.0,5.97,21841.0,9860
A20260367,30C,45.0,5.97,16489.0,9860
A20260368,30C,45.0,5.9,61389.0,9860
A20260369,30C,45.0,5.7,61116.0,9860
A20260370,30C,45.0,5.22,34288.0,9860
A20260371,30C,45.0,4.9,41615.0,9860
A20260372,30C,45.0,4.901,72649.0,9860
A20260373,30C,45.0,4.901,67862.0,9860
A20260374,30C,45.0,4.901,67858.0,9860
A20260375,30C,45.0,4.901,59464.0,9860
A20260376,30C,45.0,4.901,59464.0,9860
A20260377,30C,45.0,6.4,25804.0,9860
A20260378,30C,45.0,6.4,102488.0,9860
A20260379,30C,45.0,5.0,91944.0,9860
A20260380,30C,45.0,5.0,34588.0,9860
A20260381,30C,45.0,4.6,16363.0,9860
A20260382,30C,45.0,6.35,59060.0,9860
A20260383,30C,45.0,6.35,89920.0,9860
A20260384,30C,45.0,10.9,25084.0,9860
A20260385,30C,45.0,6.54,58720.0,9860
A20260386,30C,45.0,4.9,71791.0,9860
A20260387,30C,45.0,4.901,51530.0,9860
A20260388,30C,45.0,4.901,77792.0,9860
A20260389,30C,45.0,4.901,22441.0,9860
A20260390,30C,45.0,4.9,100152.0,9860
A20260391,30C,45.0,4.9,26388.0,9860
A20260392,30C,45.0,6.4,13853.0,9860
A20260393,30C,45.0,6.4,29265.0,9860
A20260394,30C,45.0,6.4,133500.0,9860
A20260395,30C,45.0,6.4,29270.0,9860
A20260396,30C,45.0,4.9,108332.0,9860
A20260397,30C,45.0,4.9,22291.0,9860
A20260398,30C,45.0,5.995,22262.0,9860
A20260399,30C,45.0,5.33,34350.0,9860
A20260400,30C,45.0,5.33,71160.0,9860
A20260401,30C,45.0,5.08,58930.0,9860
A20260402,30C,45.0,5.08,58960.0,9860
A20260403,30C,45.0,6.1,55364.0,9860
A20260404,30C,45.0,4.9,40646.0,9860
A20260405,30C,45.0,4.9,22261.0,9860
A20260406,30C,45.0,5.3,35028.0,9860
A20260407,30C,45.0,4.901,101370.0,9860
A20260408,30C,45.0,4.901,34876.0,9860
A20260409,30C,45.0,4.75,52931.0,9860
A20260410,30C,45.0,4.525,40665.0,9860
A20260411,30C,45.0,4.78,65203.99999999999,9860
A20260412,30C,45.0,4.9,40360.0,9860
A20260413,30C,45.0,4.95,34600.0,9860
A20260414,30C,45.0,5.4,34373.0,9860
A20260415,30C,45.0,5.4,40400.0,9860
A20260416,30C,45.0,5.4,46540.0,9860
A20260417,30C,45.0,5.4,34347.0,9860
A20260418,30C,45.0,6.4,21851.0,9860
A20260419,30C,45.0,6.4,25728.0,9860
A20260420,30C,45.0,6.4,37516.0,9860
A20260421,30C,45.0,6.4,35512.0,9860
A20260422,30C,45.0,4.901,101224.0,9860
A20260423,30C,45.0,4.901,30730.0,9860
A20260424,30C,45.0,6.4,73310.0,9860
A20260425,30C,45.0,5.9,16293.0,9860
A20260426,30C,45.0,4.9,47749.0,9860
A20260427,30C,45.0,4.9,22586.0,9860
A20260428,30C,45.0,4.9,84628.0,9860
A20260429,30C,45.0,4.9,30680.0,9860
A20260430,30C,45.0,4.901,48273.0,9860
A20260431,30C,45.0,4.901,48280.0,9860
A20260432,30C,45.0,6.4,60487.0,9860
A20260433,30C,45.0,4.9,122397.0,9860
A20260434,30C,45.0,4.9,16423.0,9860
A20260435,30C,45.0,4.9,144800.0,9860
A20260436,30C,45.0,4.9,129900.0,9860
A20260437,30C,45.0,4.9,99880.0,9860
A20260438,30C,45.0,4.9,21253.0,9860
A20260439,30C,45.0,4.9,39960.0,9860
A20260440,30C,45.0,4.9,22642.0,9860
A20260441,30C,45.0,6.4,16094.000000000002,9860
A20260442,30C,45.0,4.9,45433.0,9860
A20260443,30C,45.0,4.9,49510.0,9860
A20260444,30C,45.0,4.9,49984.0,9860
A20260445,30C,45.0,4.9,44986.0,9860
A20260446,30C,45.0,4.5,29089.0,9860
A20260447,30C,45.0,8.15,64800.0,9860
A20260448,30C,45.0,7.2,22180.0,9860
A20260449,30C,45.0,7.08,52637.0,9860
A20260450,30C,45.0,4.9,118787.0,9860
A20260451,30C,45.0,4.9,100012.0,9860
A20260452,30C,45.0,4.9,40008.0,9860
A20260453,30C,45.0,4.9,130120.0,9860
A20260454,30C,45.0,4.9,85310.0,9860
A20260455,30C,45.0,4.9,32590.000000000004,9860
A20260456,30C,45.0,4.9,24852.0,9860
A20260457,30C,45.0,4.9,24852.0,9860
A20260458,30C,45.0,4.9,24852.0,9860
A20260459,30C,45.0,4.9,24852.0,9860
A20260460,30C,45.0,4.9,54542.0,9860
A20260461,30C,45.0,4.9,63327.0,9860
A20260462,30C,45.0,4.9,29590.0,9860
A20260463,30C,45.0,4.9,36663.0,9860
A20260464,30C,45.0,4.9,28740.0,9860
A20260465,30C,45.0,4.9,28740.0,9860
A20260466,30C,45.0,4.9,28740.0,9860
A20260467,30C,45.0,4.9,66220.0,9860
A20260468,30C,45.0,4.9,16425.0,9860
A20260469,30C,45.0,4.9,95400.0,9860
A20260470,30C,45.0,4.9,138130.0,9860
A20260471,30C,45.0,4.9,58784.0,9860
A20260472,30C,45.0,4.9,83176.0,9860
A20260473,30C,45.0,4.9,34580.0,9860
A20260474,30C,45.0,4.9,28435.0,9860
A20260475,30C,45.0,4.9,65305.00000000001,9860
A20260476,30C,45.0,7.4,40455.0,9860
A20260477,30C,45.0,6.6,40455.0,9860
A20260478,30C,45.0,6.3,40415.0,9860
A20260479,30C,45.0,10.9,46498.0,9860
A20260480,30C,45.0,11.0,22180.0,9860
A20260481,30C,45.0,8.97,40168.0,9860
A20260482,30C,45.0,8.97,43947.0,9860
A20260483,30C,45.0,8.1,23156.0,9860
A20260484,30C,45.0,8.78,44529.0,9860
A20260485,30C,45.0,9.34,55400.0,9860
A20260486,30C,45.0,9.34,59348.0,9860
A20260487,30C,45.0,9.34,20576.0,9860
A20260488,30C,45.0,10.0,70827.0,9860
A20260489,30C,45.0,10.06,40385.0,9860
A20260490,30C,45.0,10.06,40385.0,9860
A20260491,30C,45.0,5.3,40385.0,9860
A20260492,30C,45.0,5.3,22182.0,9860
A20260493,30C,45.0,5.2,22191.0,9860
A20260494,30C,45.0,4.9,34328.0,9860
A20260495,30C,45.0,4.9,55584.0,9860
A20260496,30C,45.0,4.9,34870.0,9860
A20260497,30C,45.0,3.8,30725.0,9860
A20260498,30C,45.0,4.6,49984.0,9860
A20260499,30C,45.0,4.9,30050.0,9860
A20260500,30C,45.0,4.9,45378.0,9860
A20260501,30C,45.0,6.0,15826.0,9860
A20260502,30C,45.0,4.9,16065.000000000002,9860
A20260503,30C,45.0,4.9,110100.0,9860
A20260504,30C,45.0,6.4,22610.0,9860
A20260505,30C,45.0,6.4,58683.0,9860
A20260506,30C,45.0,4.9,26492.0,9860
A20260507,30C,45.0,4.9,51290.0,9860
A20260508,30C,45.0,4.9,51290.0,9860
A20260509,30C,45.0,4.9,43040.0,9860
A20260510,30C,45.0,4.9,47170.0,9860
A20260511,30C,45.0,4.9,62444.0,9860
A20260512,30C,45.0,6.4,72288.0,9860
A20260513,30C,45.0,4.9,30722.0,9860
A20260514,30C,45.0,4.9,76320.0,9860
A20260515,30C,45.0,4.901,30725.0,9860
A20260516,30C,45.0,4.901,59188.0,9860
A20260517,30C,45.0,4.901,50990.0,9860
A20260518,30C,45.0,6.4,48280.0,9860
A20260519,30C,45.0,6.4,48280.0,9860
A20260520,30C,45.0,6.4,124830.0,9860
A20260521,30C,45.0,6.4,29128.0,9860
A20260522,30C,45.0,6.4,143730.0,9860
A20260523,30C,45.0,6.4,86488.0,9860
A20260524,30C,45.0,5.55,22560.0,9860
A20260525,30C,45.0,6.7,26588.0,9860
A20260526,30C,45.0,5.9,26588.0,9860
A20260527,30C,45.0,5.7,34882.0,9860
A20260528,30C,45.0,4.9,47305.0,9860
A20260529,30C,45.0,4.9,80533.0,9860
A20260530,30C,45.0,4.9,55647.0,9860
A20260531,30C,45.0,4.9,72160.0,9860
A20260532,30C,45.0,4.7,30720.0,9860
A20260533,30C,45.0,4.9,80456.0,9860
A20260534,30C,45.0,4.9,63768.0,9860
A20260535,30C,45.0,4.9,34882.0,9860
A20260536,30C,45.0,6.28,41465.0,9860
A20260537,30C,45.0,4.97,16253.0,9860
A20260538,30C,45.0,4.97,36805.0,9860
A20260539,30C,45.0,4.9,53340.0,9860
A20260540,30C,45.0,4.9,33658.0,9860
A20260541,30C,45.0,4.42,41250.0,9860
A20260542,30C,45.0,4.42,68930.0,9860
A20260543,30C,45.0,4.42,89703.0,9860
A20260544,30C,45.0,4.675,46795.0,9860
A20260545,30C,45.0,4.675,22268.0,9860
A20260546,30C,45.0,4.9,70720.0,9860
A20260547,30C,45.0,4.9,44135.0,9860
A20260548,30C,45.0,4.9,36565.0,9860
A20260549,30C,45.0,4.9,44155.0,9860
A20260550,30C,45.0,4.9,63807.0,9860
A20260551,30C,45.0,7.392,54450.0,9860
A20260552,30C,45.0,4.9,120320.0,9860
A20260553,30C,45.0,4.9,138690.0,9860
A20260554,30C,45.0,4.9,138710.0,9860
A20260555,30C,45.0,4.9,83520.0,9860
A20260556,30C,45.0,4.93,87843.0,9860
A20260557,30C,45.0,7.3,16152.000000000002,9860
A20260558,30C,45.0,7.3,25819.0,9860
A20260559,30C,45.0,7.3,22224.0,9860
A20260560,30C,45.0,10.9,22220.0,9860
A20260561,30C,45.0,10.62,22220.0,9860
A20260562,30C,45.0,10.62,28360.0,9860
A20260563,30C,45.0,10.62,28333.0,9860
A20260564,30C,45.0,10.62,28327.0,9860
A20260565,30C,45.0,10.62,25861.0,9860
A20260566,30C,45.0,6.25,58648.0,9860
A20260567,30C,45.0,5.15,22224.0,9860
A20260568,30C,45.0,5.15,28231.0,9860
A20260569,30C,45.0,5.15,28234.0,9860
A20260570,30C,45.0,4.9,41485.0,9860
A20260571,30C,45.0,4.9,35188.0,9860
A20260572,30C,45.0,4.9,50020.0,9860
A20260573,30C,45.0,4.9,110020.0,9860
A20260574,30C,45.0,4.9,50020.0,9860
A20260575,30C,45.0,4.9,20020.0,9860
A20260576,30C,45.0,4.9,25020.0,9860
A20260577,30C,45.0,4.9,45040.0,9860
A20260578,30C,45.0,4.9,34965.0,9860
A20260579,30C,45.0,6.4,16140.0,9860
A20260580,30C,45.0,4.9,34955.0,9860
A20260581,30C,45.0,4.9,25000.0,9860
A20260582,30C,45.0,4.9,24960.0,9860
A20260583,30C,45.0,4.9,54935.0,9860
A20260584,30C,45.0,4.9,49500.0,9860
A20260585,30C,45.0,7.0,33568.0,9860
A20260586,30C,45.0,7.2,25712.0,9860
A20260587,30C,45.0,4.9,109980.0,9860
A20260588,30C,45.0,4.9,41246.0,9860
A20260589,30C,45.0,4.9,22514.0,9860
A20260590,30C,45.0,4.9,84960.0,9860
A20260591,30C,45.0,4.9,35040.0,9860
A20260592,30C,45.0,4.9,75095.0,9860
A20260593,30C,45.0,4.9,47777.0,9860
A20260594,30C,45.0,4.9,22626.0,9860
A20260595,30C,45.0,4.9,28939.0,9860
A20260596,30C,45.0,4.9,29500.0,9860
A20260597,30C,45.0,4.9,39358.0,9860
A20260598,30C,45.0,4.9,29880.0,9860
A20260599,30C,45.0,4.9,44805.0,9860
A20260600,30C,45.0,4.9,30735.0,9860
A20260601,30C,45.0,4.9,22441.0,9860
A20260602,30C,45.0,4.5,29089.0,9860
A20260603,30C,45.0,4.7,29079.0,9860
A20260604,30C,45.0,4.7,29020.0,9860
A20260605,30C,45.0,4.9,29947.0,9860
A20260606,30C,45.0,4.9,24996.0,9860
A20260607,30C,45.0,5.9,79976.0,9860
A20260608,30C,45.0,5.9,65022.00000000001,9860
A20260609,30C,45.0,8.65,22150.0,9860
A20260610,30C,45.0,8.2,46450.0,9860
A20260611,30C,45.0,8.2,22300.0,9860
A20260612,30C,45.0,11.12,40750.0,9860
A20260613,30C,45.0,4.83,40555.0,9860
A20260614,30C,45.0,4.83,71110.0,9860
A20260615,30C,45.0,8.12,40407.0,9860
A20260616,30C,45.0,5.9,43168.0,9860
A20260617,30C,45.0,6.9,30722.0,9860
A20260618,30C,45.0,6.9,18294.0,9860
A20260619,30C,45.0,4.9,29020.0,9860
A20260620,30C,45.0,4.9,35026.0,9860
A20260621,30C,45.0,4.9,19974.0,9860
A20260622,30C,45.0,4.9,19986.0,9860
A20260623,30C,45.0,4.9,29984.0,9860
A20260624,30C,45.0,6.3,19910.0,9860
A20260625,30C,45.0,6.3,14965.0,9860
A20260626,30C,45.0,4.9,64905.0,9860
A20260627,30C,45.0,4.9,29940.0,9860
A20260628,30C,45.0,4.9,69940.0,9860
A20260629,30C,45.0,4.9,55702.0,9860
A20260630,30C,45.0,4.9,111005.0,9860
A20260631,30C,45.0,4.9,69785.0,9860
A20260632,30C,45.0,4.9,37175.0,9860
A20260633,30C,45.0,4.9,26247.0,9860
A20260634,30C,45.0,4.9,142520.0,9860
A20260635,30C,45.0,4.9,60480.0,9860
A20260636,30C,45.0,4.9,30045.0,9860
A20260637,30C,45.0,4.9,24955.0,9860
A20260638,30C,45.0,4.9,50100.0,9860
A20260639,30C,45.0,4.9,45070.0,9860
A20260640,30C,45.0,4.9,45070.0,9860
A20260641,30C,45.0,6.85,22150.0,9860
A20260642,30C,45.0,4.9,29032.0,9860
A20260643,30C,45.0,6.9,30735.0,9860
A20260644,30C,45.0,4.9,30735.0,9860
A20260645,30C,45.0,4.8,22291.0,9860
A20260646,30C,45.0,4.9,18280.0,9860
A20260647,30C,45.0,4.9,34882.0,9860
A20260648,30C,45.0,3.82,47677.0,9860
A20260649,30C,45.0,3.82,15383.0,9860
A20260650,30C,45.0,4.7,43160.0,9860
A20260651,30C,45.0,4.7,38945.0,9860
A20260652,30C,45.0,5.4,22278.0,9860
A20260653,30C,45.0,5.47,52973.0,9860
A20260654,30C,45.0,4.9,35376.0,9860
A20260655,30C,45.0,4.9,41720.0,9860
A20260656,30C,45.0,6.4,22748.0,9860
A20260657,30C,45.0,12.3,28455.0,9860
A20260658,30C,45.0,12.3,20543.0,9860
A20260659,30C,45.0,4.79,89430.0,9860
A20260660,30C,45.0,4.9,28915.0,9860
A20260661,30C,45.0,4.9,129719.0,9860
A20260662,30C,45.0,4.9,24955.0,9860
A20260663,30C,45.0,4.9,24985.0,9860
A20260664,30C,45.0,4.9,14995.0,9860
A20260665,30C,45.0,4.9,29970.0,9860
A20260666,30C,45.0,4.9,90080.0,9860
A20260667,30C,45.0,4.9,70040.0,9860
A20260668,30C,45.0,4.9,35020.0,9860
A20260669,30C,45.0,4.9,45020.0,9860
A20260670,30C,45.0,4.9,54995.0,9860
A20260671,30C,45.0,4.9,34935.0,9860
A20260672,30C,45.0,4.9,30040.0,9860
A20260673,30C,45.0,4.9,30080.0,9860
A20260674,30C,45.0,4.9,123560.0,9860
A20260675,30C,45.0,4.9,100881.0,9860
A20260676,30C,45.0,6.4,39029.0,9860
A20260677,30C,45.0,6.401,47327.0,9860
A20260678,30C,45.0,6.401,18288.0,9860
A20260679,30C,45.0,4.9,55584.0,9860
A20260680,30C,45.0,4.7,55496.0,9860
A20260681,30C,45.0,7.0,48064.0,9860
A20260682,30C,45.0,4.9,29036.0,9860
A20260683,30C,45.0,4.9,26540.0,9860
A20260684,30C,45.0,4.9,26544.0,9860
A20260685,30C,45.0,6.4,22218.0,9860
A20260686,30C,45.0,5.3,22218.0,9860
A20260687,30C,45.0,9.54,28507.0,9860
A20260688,30C,45.0,9.54,15288.0,9860
A20260689,30C,45.0,9.54,28325.0,9860
A20260690,30C,45.0,9.54,28322.0,9860
A20260691,30C,45.0,6.25,22150.0,9860
A20260692,30C,45.0,10.5,23156.0,9860
A20260693,30C,45.0,4.9,34882.0,9860
A20260694,30C,45.0,4.93,22295.0,9860
A20260695,30C,45.0,4.93,30465.0,9860
A20260696,30C,45.0,5.53,22282.0,9860
A20260697,30C,45.0,5.53,25787.0,9860
A20260698,30C,45.0,5.53,95660.0,9860
A20260699,30C,45.0,5.53,46768.0,9860
A20260700,30C,45.0,5.6,46772.0,9860
A20260701,30C,45.0,4.9,41751.0,9860
A20260702,30C,45.0,4.7,73560.0,9860
A20260703,30C,45.0,6.3,28360.0,9860
A20260704,30C,45.0,6.3,28400.0,9860
A20260705,30C,45.0,10.86,22222.0,9860
A20260706,30C,45.0,11.54,28450.0,9860
A20260707,30C,45.0,9.52,26439.0,9860
A20260708,30C,45.0,7.4,46450.0,9860
A20260709,30C,45.0,5.3,28230.0,9860
A20260710,30C,45.0,5.3,53067.0,9860
A20260711,30C,45.0,5.3,41642.0,9860
A20260712,30C,45.0,5.3,77023.0,9860
A20260713,30C,45.0,7.4,13364.0,9860
A20260714,30C,45.0,7.4,33546.0,9860
A20260715,30C,45.0,7.4,25710.0,9860
A20260716,30C,45.0,4.9,98368.0,9860
A20260717,30C,45.0,6.4,75518.0,9860
A20260718,30C,45.0,7.0,35020.0,9860
A20260719,30C,45.0,7.0,66280.0,9860
A20260720,30C,45.0,7.0,109660.0,9860
A20260721,30C,45.0,7.0,28780.0,9860
A20260722,30C,45.0,7.0,41240.0,9860
A20260723,30C,45.0,4.94,47968.0,9860
A20260724,30C,45.0,4.94,22642.0,9860
A20260725,30C,45.0,4.9,54244.0,9860
A20260726,30C,45.0,4.9,55430.0,9860
A20260727,30C,45.0,4.9,43024.0,9860
A20260728,30C,45.0,4.9,43024.0,9860
A20260729,30C,45.0,4.795,22268.0,9860
A20260730,30C,45.0,4.815,83608.0,9860
A20260731,30C,45.0,4.9,37344.0,9860
A20260732,30C,45.0,5.2,20976.0,9860
A20260733,30C,45.0,5.2,28494.0,9860
A20260734,30C,45.0,5.9,102130.0,9860
A20260735,30C,45.0,4.63,41780.0,9860
A20260736,30C,45.0,4.9,34290.0,9860
A20260737,30C,45.0,4.9,19036.0,9860
A20260738,30C,45.0,4.9,97924.0,9860
A20260739,30C,45.0,4.9,19249.0,9860
A20260740,30C,45.0,4.9,94956.0,9860
A20260741,30C,45.0,4.9,33646.0,9860
A20260742,30C,45.0,4.7,57316.0,9860
A20260743,30C,45.0,6.4,48552.0,9860
A20260744,30C,45.0,6.4,79354.0,9860
A20260745,30C,45.0,6.4,33118.0,9860
A20260746,UE503,45.0,6.6,53491.0,9860
A20260747,UE503,45.0,5.8,96986.0,9860
A20260748,UE503,45.0,4.9,42720.0,9860
A20260749,UE503,45.0,8.65,47080.0,9860
A20260750,UE503,45.0,6.4,29240.0,9860
A20260751,UE503,45.0,6.4,16598.0,9860
A20260752,UE503,45.0,6.4,40789.0,9860
A20260753,UE503,45.0,6.4,23193.0,9860
A20260754,UE503,45.0,6.4,73530.0,9860
A20260755,UE503,45.0,7.9,41630.0,9860
A20260756,UE503,45.0,7.9,38630.0,9860
A20260757,UE503,45.0,7.9,46972.0,9860
A20260758,UE503,45.0,7.9,125010.0,9860
A20260759,UE503,45.0,4.85,63400.0,9860
A20260760,UE503,45.0,4.4,63780.0,9860
A20260761,UE503,45.0,4.4,22712.0,9860
A20260762,UE503,45.0,4.4,35421.0,9860
A20260763,UE503,45.0,4.4,48106.0,9860
A20260764,UE503,45.0,4.4,73507.0,9860
A20260765,UE503,45.0,4.4,16351.0,9860
A20260766,UE503,38.0,4.9,22656.0,9860
A20260767,UE503,38.0,4.9,20020.0,9860
A20260768,UE503,38.0,4.9,25192.0,9860
A20260769,UE503,38.0,4.9,54192.0,9860
A20260770,UE503,38.0,6.4,16213.000000000002,9860
A20260771,UE503,38.0,4.9,21880.0,9860
A20260772,UE503,38.0,4.9,41640.0,9860
A20260773,UE503,38.0,4.9,41640.0,9860
A20260774,UE503,38.0,4.9,40555.0,9860
A20260775,UE503,38.0,4.9,58880.0,9860
A20260776,UE503,38.0,4.9,47278.0,9860
A20260777,UE503,38.0,6.4,40828.0,9860
A20260778,UE503,38.0,6.4,44749.0,9860
A20260779,UE503,38.0,4.9,63859.0,9860
A20260780,UE503,38.0,4.901,76288.0,9860
A20260781,UE503,38.0,4.901,22413.0,9860
A20260782,UE503,38.0,4.901,22435.0,9860
A20260783,UE503,38.0,4.901,140486.0,9860
A20260784,UE503,38.0,7.9,59080.0,9860
A20260785,UE503,38.0,5.0,120515.0,9860
A20260786,UE503,38.0,5.0,92059.0,9860
A20260787,UE503,38.0,5.0,26392.0,9860
A20260788,UE503,38.0,6.0,22276.0,9860
A20260789,UE503,38.0,5.995,22270.0,9860
A20260790,UE503,38.0,5.995,71350.0,9860
A20260791,UE503,38.0,4.795,28405.0,9860
A20260792,UE503,38.0,4.93,52955.0,9860
A20260793,UE503,38.0,4.93,40675.0,9860
A20260794,UE503,38.0,4.9,26580.0,9860
A20260795,UE503,38.0,4.9,88831.0,9860
A20260796,UE503,38.0,4.901,30745.0,9860
A20260797,UE503,38.0,4.901,43184.0,9860
A20260798,UE503,38.0,4.901,92960.0,9860
A20260799,UE503,38.0,6.45,42944.0,9860
A20260800,UE503,38.0,4.901,22443.0,9860
A20260801,UE503,38.0,4.901,72168.0,9860
A20260802,UE503,38.0,4.901,126280.0,9860
A20260803,UE503,38.0,4.901,126280.0,9860
A20260804,UE503,38.0,4.901,93100.0,9860
A20260805,UE503,38.0,4.9,43240.0,9860
A20260806,UE503,38.0,4.9,25194.0,9860
A20260807,UE503,38.0,4.9,13036.0,9860
A20260808,UE503,38.0,6.14,28279.0,9860
A20260809,UE503,38.0,5.84,40560.0,9860
A20260810,UE503,38.0,6.55,71420.0,9860
A20260811,UE503,38.0,4.9,22480.0,9860
A20260812,UE503,38.0,4.95,75610.0,9860
A20260813,UE503,38.0,5.01,80880.0,9860
A20260814,UE503,38.0,5.01,34700.0,9860
A20260815,UE503,38.0,4.85,40926.0,9860
A20260816,UE503,38.0,4.85,59556.0,9860
A20260817,UE503,38.0,4.85,43980.0,9860
A20260818,UE503,38.0,5.98,89755.0,9860
A20260819,UE503,38.0,5.98,53204.0,9860
A20260820,UE503,38.0,4.9,41060.0,9860
A20260821,UE503,38.0,4.9,40555.0,9860
A20260822,UE503,38.0,10.0,22186.0,9860
A20260823,UE503,38.0,10.0,22192.0,9860
A20260824,UE503,38.0,5.62,22222.0,9860
A20260825,UE503,38.0,4.7,34754.0,9860
A20260826,UE503,38.0,4.9,28233.0,9860
A20260827,UE503,38.0,6.4,40864.0,9860
A20260828,UE503,38.0,4.9,22444.0,9860
A20260829,UE503,38.0,4.9,34692.0,9860
A20260830,UE503,38.0,4.9,42464.0,9860
A20260831,UE503,38.0,4.901,142860.0,9860
A20260832,UE503,38.0,4.901,92960.0,9860
A20260833,UE503,38.0,4.901,59760.0,9860
A20260834,UE503,38.0,4.901,142740.0,9860
A20260835,UE503,38.0,4.901,126520.0,9860
A20260836,UE503,38.0,4.901,51540.0,9860
A20260837,UE503,38.0,4.9,22280.0,9860
A20260838,UE503,38.0,4.9,28640.0,9860
A20260839,UE503,38.0,4.9,57929.0,9860
A20260840,UE503,38.0,4.9,28414.0,9860
A20260841,UE503,38.0,6.5,84780.0,9860
A20260842,UE503,38.0,6.5,51470.0,9860
A20260843,UE503,38.0,4.9,28874.0,9860
A20260844,UE503,38.0,4.9,34875.0,9860
A20260845,UE503,38.0,7.0,40370.0,9860
A20260846,UE503,38.0,6.1,85880.0,9860
A20260847,UE503,38.0,6.1,40366.0,9860
A20260848,UE503,38.0,7.001,51970.0,9860
A20260849,UE503,38.0,7.001,22213.0,9860
A20260850,UE503,38.0,7.001,29598.0,9860
A20260851,UE503,38.0,6.9,21840.0,9860
A20260852,UE503,38.0,6.9,93800.0,9860
A20260853,UE503,38.0,6.9,22000.0,9860
A20260854,UE503,38.0,7.0,93800.0,9860
A20260855,UE503,38.0,7.0,22014.0,9860
A20260856,UE503,38.0,7.0,93946.0,9860
A20260857,UE503,38.0,7.0,33947.0,9860
A20260858,UE503,38.0,4.9,88507.0,9860
A20260859,UE503,38.0,4.94,34890.0,9860
A20260860,UE503,38.0,4.901,22444.0,9860
A20260861,UE503,38.0,4.901,72120.0,9860
A20260862,UE503,38.0,4.9,46828.0,9860
A20260863,UE503,38.0,4.86,34507.0,9860
A20260864,UE503,38.0,4.86,40511.0,9860
A20260865,UE503,38.0,5.0,25089.0,9860
A20260866,UE503,38.0,5.0,47293.0,9860
A20260867,XL2,38.0,4.9,25724.0,9860
A20260868,XL2,38.0,4.9,96494.0,9860
A20260869,XL2,38.0,4.9,34692.0,9860
A20260870,XL2,38.0,5.21,47112.0,9860
A20260871,XL2,38.0,5.21,47284.0,9860
A20260872,XL2,38.0,5.21,92340.0,9860
A20260873,XL2,38.0,4.9,26929.0,9860
A20260874,XL2,38.0,4.9,65557.0,9860
A20260875,XL2,38.0,4.9,22173.0,9860
A20260876,XL2,38.0,4.9,34848.0,9860
A20260877,42A,34.0,4.901,22432.0,9860
A20260878,42A,34.0,4.901,65926.0,9860
A20260879,42A,34.0,4.901,55612.0,9860
A20260880,42A,34.0,4.901,33858.0,9860
A20260881,42A,34.0,7.25,34324.0,9860
A20260882,42A,34.0,7.25,40455.0,9860
A20260883,42A,34.0,4.9,28509.0,9860
A20260884,42A,34.0,5.7,42940.0,9860
A20260885,42A,34.0,5.7,125200.0,9860
A20260886,42A,34.0,5.7,67792.0,9860
A20260887,42A,34.0,5.11,67788.0,9860
A20260888,42A,34.0,6.1,125580.0,9860
A20260889,42A,34.0,6.1,125520.0,9860
A20260890,42A,34.0,6.1,108948.0,9860
A20260891,42A,34.0,6.1,125740.0,9860
A20260892,42A,34.0,6.1,125480.0,9860
A20260893,42A,34.0,6.1,141720.0,9860
A20260894,42A,34.0,6.1,42944.0,9860
A20260895,42A,34.0,5.41,67652.0,9860
A20260896,42A,34.0,4.9,26472.0,9860
A20260897,42A,34.0,4.9,28232.0,9860
A20260898,42A,34.0,6.29,34692.0,9860
A20260899,42A,34.0,6.29,38833.0,9860
A20260900,SALE01,34.0,4.9,75904.0,9860
A20260901,SALE01,34.0,5.11,30587.0,9860
A20260902,SALE01,34.0,5.11,88299.0,9860
A20260903,SALE01,34.0,6.1,47081.0,9860
A20260904,SALE01,34.0,6.1,38812.0,9860
A20260905,SALE01,34.0,4.901,41075.0,9860
A20260906,SALE01,34.0,5.75,22344.0,9860
A20260907,SALE01,34.0,6.29,40150.0,9860
A20260908,SALE01,34.0,4.9,16152.999999999998,9860
A20260909,SALE01,34.0,4.9,43425.0,9860
A20260910,SALE01,34.0,9.14,25692.0,9860
A20260911,SALE02,24.0,4.9,26464.0,9860
A20260912,SALE02,24.0,6.335,58240.0,9860
A20260913,SALE02,24.0,6.065,22060.0,9860
A20260914,SALE02,24.0,4.9,37740.0,9860
A20260915,SALE02,24.0,4.9,19294.0,9860
A20260916,SALE02,24.0,4.9,34530.0,9860
A20260917,SALE02,24.0,4.9,134870.0,9860
A20260918,SALE02,24.0,4.9,34920.0,9860
A20260919,SALE02,24.0,4.9,31880.0,9860
A20260920,SALE02,24.0,4.9,37430.0,9860
A20260921,SALE02,24.0,4.9,13170.0,9860
A20260922,SALE03,24.0,4.9,22430.0,9860
A20260923,SALE03,24.0,4.901,97015.0,9860
A20260924,SALE03,24.0,4.901,84564.0,9860
A20260925,SALE03,24.0,4.901,121820.0,9860
A20260926,SALE03,24.0,4.901,122000.0,9860
A20260927,SALE03,24.0,4.9,22276.0,9860
A20260928,SALE03,24.0,4.9,37250.0,9860
A20260929,SALE03,24.0,7.85,92250.0,9860
A20260930,SALE03,24.0,7.85,129720.0,9860
A20260931,SALE03,24.0,7.85,21250.0,9860
A20260932,SALE03,24.0,4.9,65605.0,9860
A20260933,SALE03,24.0,5.9,50865.0,9860
A20260934,SALE03,24.0,4.9,22573.0,9860
A20260935,SALE03,24.0,4.9,29860.0,9860
A20260936,SALE03,24.0,4.9,35320.0,9860
A20260937,SALE03,24.0,4.9,34894.0,9860
A20260938,SALE03,24.0,5.215,40140.0,9860
A20260939,SALE03,24.0,5.215,34120.0,9860
A20260940,SALE03,24.0,5.37,142580.0,9860
A20260941,SALE04,27.8,6.1,42928.0,9860
A20260942,SALE04,27.8,6.1,30580.0,9860
A20260943,SALE04,27.8,4.9,26476.0,9860
A20260944,SALE04,27.8,4.9,59488.0,9860
A20260945,SALE04,27.8,5.1,75972.0,9860
A20260946,SALE04,27.8,5.1,63679.0,9860
A20260947,SALE04,27.8,5.1,54119.0,9860
A20260948,SALE04,27.8,5.1,80023.0,9860
A20260950,SALE04,27.8,4.9,114800.0,9860
A20260951,SALE04,27.8,4.9,103040.0,9860
A20260952,SALE04,27.8,4.9,43024.0,9860
A20260953,SALE04,27.8,6.01,40150.0,9860
A20260954,SALE04,27.8,4.68,34376.0,9860
A20260955,SALE04,27.8,4.68,22122.0,9860
A20260956,SALE04,27.8,4.68,28189.0,9860
A20260957,SALE04,27.8,5.05,34108.0,9860
A20260958,SALE04,27.8,5.148,64251.99999999999,9860
A20260959,SALE04,27.8,4.48,28282.0,9860
A20260960,SALE04,27.8,4.48,34252.0,9860
A20260961,SALE04,27.8,4.48,22372.0,9860
A20260962,SALE04,27.8,4.82,34136.0,9860
A20260963,SALE04,27.8,5.52,28186.0,9860
A20260964,SALE04,27.8,5.985,46180.0,9860
A20260965,SALE05,23.0,7.9,22282.0,9860
A20260966,SALE05,23.0,4.9,35494.0,9860
A20260967,SALE05,23.0,4.901,22447.0,9860
A20260968,SALE05,23.0,6.1,40126.0,9860
A20260969,SALE05,23.0,6.1,50483.0,9860
A20260970,SALE05,23.0,6.1,15061.0,9860
A20260971,SALE05,23.0,6.3,48124.0,9860
A20260972,SALE05,23.0,8.1,28333.0,9860
A20260973,SALE05,23.0,4.67,22372.0,9860
A20260974,SALE05,23.0,6.105,22060.0,9860
A20260975,SALE05,23.0,5.348,40560.0,9860
A20260976,SALE05,23.0,5.176,28336.0,9860
A20260977,SALE05,23.0,5.944,22224.0,9860
A20260978,SALE05,23.0,4.9,30750.0,9860
A20260979,SALE05,23.0,4.84,34130.0,9860
A20260980,SALE05,23.0,4.84,22228.0,9860
A20260981,SALE05,23.0,4.53,46672.0,9860
A20260982,SALE06,23.0,9.95,28333.0,9860
A20260983,SALE06,23.0,8.1,22222.0,9860
A20260984,SALE06,23.0,9.16,22222.0,9860
A20260985,SALE06,23.0,6.4,69040.0,9860
A20260986,SALE06,23.0,6.4,13933.0,9860
A20260987,SALE06,23.0,4.9,35460.0,9860
A20260988,SALE06,23.0,4.9,35400.0,9860
A20260989,SALE06,23.0,6.1,50640.0,9860
A20260990,SALE06,23.0,6.4,45540.0,9860
A20260991,SALE06,23.0,6.2,124220.0,9860
A20260992,SALE06,23.0,4.9,123726.0,9860
A20260993,SALE06,23.0,7.9,119521.0,9860
A20260994,SALE06,23.0,6.4,27839.0,9860
A20260995,SALE06,23.0,6.4,68696.0,9860
A20260996,SALE06,23.0,4.9,78884.0,9860
A20260997,SALE06,23.0,4.9,50736.0,9860
A20260998,SALE06,23.0,6.4,53282.0,9860
A20260999,SALE06,23.0,4.9,27802.0,9860
A20261000,SALE06,23.0,4.9,101368.0,9860
A20261001,SALE06,23.0,4.9,45532.0,9860
A20261002,SALE06,23.0,4.9,17554.0,9860
A20261003,SALE06,23.0,6.9,103166.0,9860
A20261004,SALE06,23.0,4.9,35160.0,9860
A20261005,SALE06,23.0,4.9,47860.0,9860
A20261006,SALE06,23.0,4.9,85720.0,9860
A20261007,SALE07,34.0,4.9,15487.0,9860
A20261008,SALE07,34.0,4.9,21898.0,9860
A20261009,SALE07,34.0,4.9,37692.0,9860
A20261010,SALE07,34.0,4.9,25864.0,9860
A20261011,SALE07,34.0,4.9,51480.0,9860
A20261012,SALE07,34.0,4.9,26475.0,9860
A20261013,SALE07,34.0,4.9,26600.0,9860
A20261014,SALE07,34.0,4.9,18294.0,9860
A20261015,SALE07,34.0,4.901,35218.0,9860
A20261016,SALE07,34.0,4.9,49310.0,9860
A20261017,SALE07,34.0,4.9,65024.0,9860
A20261018,SALE07,34.0,4.9,49519.0,9860
A20261019,SALE07,34.0,4.9,16776.0,9860
A20261020,SALE07,34.0,4.9,61389.0,9860
A20261021,SALE07,34.0,4.9,16776.0,9860
A20261022,SALE07,34.0,4.9,86300.0,9860
A20261023,SALE07,34.0,4.9,15450.0,9860
A20261024,SALE07,34.0,7.9,41515.0,9860
A20261025,SALE07,34.0,6.4,60740.0,9860
A20261026,SALE07,34.0,6.4,25566.0,9860
A20261027,SALE08,36.0,6.4,23346.0,9860
A20261028,SALE08,36.0,6.4,75582.0,9860
A20261029,SALE08,36.0,6.4,21574.0,9860
A20261030,SALE08,36.0,6.4,64054.0,9860
A20261031,SALE08,36.0,4.901,34894.0,9860
A20261032,SALE08,36.0,4.901,22447.0,9860
A20261033,SALE08,36.0,4.9,42912.0,9860
A20261034,SALE08,36.0,4.9,35212.0,9860
A20261035,SALE08,36.0,4.901,54121.0,9860
A20261036,SALE08,36.0,4.9,33460.0,9860
A20261037,SALE08,36.0,4.9,119480.0,9860
A20261038,SALE08,36.0,4.9,37482.0,9860
A20261039,SALE08,36.0,4.9,92438.0,9860
A20261040,SALE08,36.0,4.9,85664.0,9860
A20261041,SALE08,36.0,6.4,28909.0,9860
A20261042,SALE08,36.0,6.4,35208.0,9860
A20261043,SALE08,36.0,4.9,17410.0,9860
A20261044,SALE08,36.0,4.9,43363.0,9860
A20261045,SALE08,36.0,4.9,50789.0,9860
A20261046,SALE08,36.0,4.9,50691.0,9860
A20261047,SALE08,36.0,4.9,128400.0,9860
A20261048,SALE08,36.0,4.9,25030.0,9860
A20261049,UE502,50.0,5.03,22604.0,9860
A20261050,UE502,50.0,4.9,35208.0,9860
A20261051,UE502,50.0,4.901,60420.0,9860
A20261052,UE502,50.0,3.9,99166.0,9860
A20261053,UE502,50.0,3.9,41790.0,9860
A20261054,UE502,50.0,5.036,28974.0,9860
A20261055,UE502,50.0,5.036,47938.0,9860
A20261056,UE502,50.0,4.901,86104.0,9860
A20261057,UE502,50.0,4.9,22684.0,9860
A20261058,UE502,50.0,4.9,29059.0,9860
A20261059,UE502,50.0,4.9,34886.0,9860
A20261060,UE502,50.0,4.9,27045.0,9860
A20261061,UE502,50.0,5.99,17506.0,9860
A20261062,UE502,50.0,5.99,55036.0,9860
A20261063,UE502,50.0,4.7,73580.0,9860
A20261064,UE502,50.0,4.9,54471.0,9860
A20261065,UE502,50.0,4.9,20182.0,9860
A20261066,UE502,50.0,6.4,35412.0,9860
A20261067,UE502,50.0,7.0,28275.0,9860
A20261068,UE502,50.0,7.0,25901.0,9860
A20261069,UE502,50.0,5.5,22224.0,9860
A20261070,UE502,50.0,4.9,60776.0,9860
A20261071,UE502,50.0,4.525,34688.0,9860
A20261072,UE501,40.0,4.75,28520.0,9860
A20261073,UE501,40.0,4.75,138820.0,9860
A20261074,UE501,40.0,5.2,46744.0,9860
A20261075,UE501,40.0,5.4,71539.0,9860
A20261076,UE501,40.0,4.97,60368.0,9860
A20261077,UE501,40.0,7.9,85645.0,9860
A20261078,UE501,40.0,4.9,54212.0,9860
A20261079,UE501,40.0,4.4,41805.0,9860
A20261080,UE501,40.0,7.74,34172.0,9860
A20261081,UE501,40.0,12.08,46672.0,9860
A20261082,UE501,40.0,3.6,54527.0,9860
A20261083,UE501,40.0,4.9,25010.0,9860
A20261084,UE501,40.0,4.9,24998.0,9860
A20261085,UE501,40.0,4.9,49872.0,9860
A20261086,UE501,40.0,4.9,64828.0,9860
A20261087,UE501,40.0,6.1,60824.0,9860
A20261088,UE501,40.0,6.0,46450.0,9860
A20261089,UE501,40.0,6.0,34300.0,9860
A20261090,UE501,40.0,4.9,28930.0,9860
A20261091,UE501,40.0,4.9,70640.0,9860
A20261092,UE501,40.0,4.9,50384.0,9860
A20261093,UE501,40.0,4.9,60010.0,9860
A20261094,UE501,40.0,4.9,84820.0,9860
A20261095,UE501,40.0,4.9,80070.0,9860
A20261096,UE501,40.0,4.9,47752.0,9860
A20261097,UE501,40.0,4.9,63028.0,9860
A20261098,UE501,40.0,4.9,75240.0,9860
A20261099,UE501,40.0,5.43,120600.0,9860
A20261100,UE501,40.0,5.43,53395.0,9860
A20261101,UE501,40.0,5.9,22586.0,9860
A20261102,UE501,40.0,5.0,42784.0,9860
A20261103,UE501,40.0,4.9,30750.0,9860
A20261104,UE505,40.0,4.9,67246.0,9860
A20261105,UE505,40.0,4.9,35464.0,9860
A20261106,UE505,40.0,4.1,41830.0,9860
A20261107,UE505,40.0,4.9,124480.0,9860
A20261108,UE505,40.0,4.901,18292.0,9860
A20261109,UE505,40.0,4.901,34894.0,9860
A20261110,UE505,40.0,4.9,70641.0,9860
A20261111,UE505,40.0,4.9,29559.0,9860
A20261112,UE505,40.0,4.9,25189.0,9860
A20261113,UE505,40.0,7.0,16088.000000000002,9860
A20261114,UE505,40.0,4.9,60584.0,9860
A20261115,UE505,40.0,8.28,52773.0,9860
A20261116,UE505,40.0,4.9,82561.0,9860
A20261117,UE505,40.0,4.9,25286.0,9860
A20261118,UE505,40.0,4.9,36733.0,9860
A20261119,UE505,40.0,4.9,43363.0,9860
A20261120,UE505,40.0,4.9,13704.0,9860
A20261121,UE505,40.0,6.9,43957.0,9860
A20261122,UE505,37.5,4.9,25012.0,9860
A20261123,UE505,37.5,4.9,30016.0,9860
A20261124,UE505,37.5,6.9,25144.0,9860
A20261125,UE505,37.5,6.9,25144.0,9860
A20261126,UE505,37.5,3.9,24905.0,9860
A20261127,UE505,37.5,4.9,29980.0,9860
A20261128,UE505,37.5,4.9,39970.0,9860
A20261129,UE505,37.5,4.4,67291.0,9860
A20261130,UE505,37.5,4.4,124555.0,9860
A20261131,UE505,37.5,4.4,73660.0,9860
A20261132,UE505,37.5,4.9,22276.0,9860
A20261133,UE505,37.5,5.3,28420.0,9860
A20261134,UE505,37.5,5.3,34920.0,9860
A20261135,UE505,37.5,4.9,58960.0,9860
A20261136,UE505,37.5,4.9,48082.0,9860
A20261137,AB-2,37.5,4.9,34648.0,9860
A20261138,AB-2,37.5,4.9,30450.0,9860
A20261139,AB-2,37.5,4.9,30258.0,9860
A20261140,AB-2,37.5,4.9,34540.0,9860
A20261141,AB-2,37.5,4.9,63170.0,9860
A20261142,AB-2,37.5,4.9,85804.0,9860
A20261143,AB-2,37.5,4.9,35182.0,9860
A20261144,AB-2,37.5,6.36,71100.0,9860
A20261145,AB-2,37.5,11.4,22216.0,9860
A20261146,AB-2,37.5,4.9,40613.0,9860
A20261147,AB-2,37.5,10.75,22086.0,9860
A20261148,AB-2,37.5,4.9,22400.0,9860
A20261149,AB-2,37.5,5.6,22284.0,9860
A20261150,AB-2,37.5,5.6,16146.0,9860
A20261151,AB-2,37.5,4.1,41830.0,9860
A20261152,AB-2,37.5,7.9,60448.0,9860
A20261153,AB-2,37.5,4.9,66727.0,9860
A20261154,AB-2,37.5,4.9,85668.0,9860
A20261155,AB-2,37.5,4.9,67008.0,9860
A20261156,AB-2,37.5,4.9,63170.0,9860
A20261157,AB-2,37.5,6.4,26476.0,9860
A20261158,AB-2,37.5,6.4,18246.0,9860
A20261159,AB-2,37.5,4.9,18246.0,9860
A20261160,AB-2,37.5,4.9,34732.0,9860
A20261161,AB-2,37.5,4.9,22366.0,9860
A20261162,AB-2,37.5,4.95,41615.0,9860
A20261163,AB-2,37.5,4.9,22653.0,9860
A20261164,AB-2,37.5,4.9,35276.0,9860
A20261165,AB-2,37.5,4.9,41595.0,9860
A20261166,AB-2,37.5,4.9,35448.0,9860
A20261167,AB-2,37.5,4.9,60336.0,9860
A20261168,AB-2,37.5,4.9,60336.0,9860
A20261169,AB-2,37.5,6.92,70910.0,9860
A20261170,AB-2,37.5,6.2,34128.0,9860
A20261171,AB-2,38.83,6.2,22073.0,9860
A20261172,AB-2,38.83,5.9,52637.0,9860
A20261173,AB-2,38.83,4.901,34373.0,9860
A20261174,AB-2,38.83,4.9,35376.0,9860
A20261175,AB-2,38.83,4.9,41715.0,9860
A20261176,AB-2,38.83,4.9,35372.0,9860
A20261177,AB-2,38.83,4.9,41713.0,9860
A20261178,AB-2,38.83,4.9,60744.0,9860
A20261179,AB-2,38.83,7.0,22026.0,9860
A20261180,AB-2,38.83,7.0,76294.0,9860
A20261181,AB-2,38.83,7.0,21990.0,9860
A20261182,AB-2,38.83,7.0,81990.0,9860
A20261183,AB-2,38.83,7.0,22040.0,9860
A20261184,AB-2,38.83,7.0,82140.0,9860
A20261185,AB-2,38.83,7.0,22000.0,9860
A20261186,AB-2,38.83,7.0,57980.0,9860
A20261187,AB-2,38.83,7.0,28020.0,9860
A20261188,AB-2,38.83,7.0,14852.0,9860
A20261189,AB-2,38.83,7.0,22067.0,9860
A20261190,AB-2,38.83,7.0,58240.0,9860
A20261191,AB-2,38.83,7.0,28120.0,9860
A20261192,AB-2,38.83,7.0,14893.0,9860
A20261193,AB-2,38.83,7.0,22000.0,9860
A20261194,AB-2,38.83,7.0,69893.0,9860
A20261195,AB-2,38.83,7.0,14835.0,9860
A20261196,AB-2,38.83,7.0,34000.0,9860
A20261197,AB-2,38.83,7.0,22054.0,9860
A20261198,AB-2,38.83,7.0,28046.0,9860
A20261199,AB-2,38.83,7.0,64080.0,9860
A20261200,AB-2,38.83,5.9,28040.0,9860
A20261201,AB-2,38.83,5.9,21986.0,9860
A20261202,AB-2,38.83,5.9,28060.0,9860
A20261203,AB-2,38.83,5.9,22027.0,9860
A20261204,AB-2,38.83,6.9,21987.0,9860
A20261205,AB-2,38.83,6.9,22120.0,9860
A20261206,AB-2,38.83,6.9,34240.0,9860
A20261207,AB-2,38.83,4.9,60468.0,9860
A20261208,AB-2,38.83,4.9,30196.0,9860
A20261209,AB-2,38.83,4.9,70584.0,9860
A20261210,AB-2,38.83,4.9,25186.0,9860
A20261211,AB-2,38.83,4.9,20124.0,9860
A20261212,AB-2,38.83,4.9,80868.0,9860
A20261213,AB-2,38.83,4.9,65605.0,9860
A20261214,AB-2,38.83,4.9,43354.0,9860
A20261215,AB-2,38.83,4.9,43354.0,9860
A20261216,AB-2,38.83,6.4,119940.0,9860
A20261217,AB-2,38.83,4.901,26604.0,9860
A20261218,AB-2,38.83,4.901,30725.0,9860
A20261219,AB-2,38.83,4.9,46826.0,9860
A20261220,AB-2,38.83,6.4,34574.0,9860
A20261221,AB-2,38.83,4.9,22836.0,9860
A20261222,AB-2,38.83,4.9,67722.0,9860
A20261223,AB-2,38.83,4.9,67718.0,9860
A20261224,AB-2,38.83,3.9,105377.0,9860
A20261225,AB-2,38.83,3.9,29095.0,9860
A20261226,AB-2,38.83,3.9,73620.0,9860
A20261227,AB-2,38.83,3.9,35442.0,9860
A20261228,AB-2,38.83,3.9,48140.0,9860
A20261229,C60,26.5,6.4,40101.0,9860
A20261230,C60,26.5,6.3,71944.0,9860
A20261231,C60,26.5,6.4,46572.0,9860
A20261232,C60,26.5,6.4,51635.0,9860
A20261233,C60,26.5,4.75,57722.0,9860
A20261234,C60,26.5,4.9,46724.0,9860
A20261235,C60,26.5,6.1,63809.0,9860
A20261236,C60,26.5,4.55,33367.0,9860
A20261237,C60,26.5,5.27,27328.0,9860
A20261238,C60,26.5,4.9,58406.0,9860
A20261239,C60,26.5,4.9,33840.0,9860
A20261240,C60,26.5,4.9,27519.0,9860
A20261241,C60,26.5,4.9,71760.0,9860
A20261242,C60,26.5,4.9,84400.0,9860
A20261243,C60,26.5,4.9,64227.00000000001,9860
A20261244,C60,26.5,4.9,33453.0,9860
A20261245,C60,26.5,6.9,51820.0,9860
A20261246,C60,26.5,4.15,36520.0,9860
A20261247,C60,26.5,4.9,127982.0,9860
A20261248,C60,26.5,6.1,45838.0,9860
A20261249,C60,26.5,6.1,136108.0,9860
A20261250,C60,26.5,6.1,135900.0,9860
A20261251,C60,26.5,6.1,82670.0,9860
A20261252,C60,26.5,6.15,74470.0,9860
A20261253,C60,26.5,4.45,57725.0,9860
A20261254,C60,26.5,4.9,51570.0,9860
A20261255,C60,26.5,4.6,27274.0,9860
A20261256,C60,26.5,5.4,34176.0,9860
A20261257,C60,26.5,4.9,33800.0,9860
A20261258,C60,26.5,4.9,137400.0,9860
A20261259,C60,26.5,7.9,66523.0,9860
A20261260,C60,26.5,4.901,116294.0,9860
A20261261,C60,26.5,4.9,87552.0,9860
A20261262,C60,26.5,4.9,45564.0,9860
A20261263,C60,26.5,6.4,46370.0,9860
A20261264,C60,26.5,6.4,103984.0,9860
A20261265,C60,26.5,7.9,90948.0,9860
A20261266,C60,26.5,7.9,135425.0,9860
A20261267,C60,26.5,7.9,97740.0,9860
A20261268,C60,26.5,4.9,27289.0,9860
A20261269,C60,26.5,4.9,39680.0,9860
A20261270,C60,26.5,6.36,96560.0,9860
A20261271,C60,26.5,6.07,36256.0,9860
A20261272,C60,26.5,6.14,63396.0,9860
A20261273,C60,26.5,6.2,28860.0,9860
A20261274,C60,26.5,6.2,44246.0,9860
A20261275,C60,26.5,5.84,36563.0,9860
A20261276,C60,26.5,6.1,41800.0,9860
A20261277,C60,26.5,7.9,33464.0,9860
A20261278,C60,26.5,4.9,88014.0,9860
A20261279,C60,26.5,6.4,33940.0,9860
A20261280,C60,26.5,6.4,37576.0,9860
A20261281,C60,26.5,6.4,59252.0,9860
A20261282,C60,26.5,4.9,59192.0,9860
A20261283,C60,26.5,6.55,95327.0,9860
A20261284,C60,26.5,6.55,36113.0,9860
A20261285,C60,26.5,6.55,70340.0,9860
A20261286,C60,26.5,6.25,52780.0,9860
A20261287,C60,26.5,6.25,40190.0,9860
A20261288,C60,26.5,6.65,70340.0,9860
A20261289,C60,26.5,6.65,131720.0,9860
A20261290,C60,26.5,6.65,125700.0,9860
A20261291,C60,26.5,6.65,39660.0,9860
A20261292,C60,26.5,4.7,45552.0,9860
A20261293,C60,26.5,6.8,45564.0,9860
A20261294,C60,26.5,6.4,107288.0,9860
A20261295,C60,26.5,6.4,37012.0,9860
A20261296,C60,26.5,3.9,46148.0,9860
A20261297,C60,26.5,4.9,41705.0,9860
A20261298,C60,26.5,4.9,29516.0,9860
A20261299,C60,26.5,4.9,79411.0,9860
A20261300,C60,26.5,4.9,50145.0,9860
A20261301,C60,26.5,10.68,33378.0,9860
A20261302,C60,26.5,4.7,64140.0,9860
A20261303,C60,26.5,4.95,103600.0,9860
A20261304,C60,26.5,6.1,33560.0,9860
A20261305,C60,26.5,6.1,153300.0,9860
A20261306,C60,26.5,6.1,83225.0,9860
A20261307,C60,26.5,6.1,50157.0,9860
A20261308,C60,26.5,6.1,44993.0,9860
A20261309,C60,26.5,6.1,136440.0,9860
A20261310,C60,26.5,6.1,66429.0,9860
A20261311,C60,26.5,5.018,33348.0,9860
A20261312,C60,26.5,6.1,107531.0,9860
A20261313,C60,26.5,6.1,62270.0,9860
A20261314,C60,26.5,4.9,62174.0,9860
A20261315,C60,26.5,5.0,41880.0,9860
A20261316,C60,26.5,5.0,86900.0,9860
A20261317,C60,26.5,5.0,62200.0,9860
A20261318,C60,26.5,5.1,55319.0,9860
A20261319,C60,26.5,5.2,37446.0,9860
A20261320,C60,26.5,5.2,28778.0,9860
A20261321,C60,26.5,6.4,33605.0,9860
A20261322,C60,26.5,6.4,33512.0,9860
A20261323,C60,26.5,6.4,40794.0,9860
A20261324,C60,26.5,6.4,71586.0,9860
A20261325,C60,26.5,6.4,59730.0,9860
A20261326,C60,26.5,6.4,59726.0,9860
A20261327,C60,26.5,6.4,90554.0,9860
A20261328,C60,26.5,4.9,74734.0,9860
A20261329,C60,26.5,4.9,82310.0,9860
A20261330,C60,26.5,6.4,46568.0,9860
A20261331,C60,26.5,4.9,63823.0,9860
A20261332,C60,26.5,4.9,31160.0,9860
A20261333,C60,26.5,4.9,45360.0,9860
A20261334,C60,26.5,4.9,46558.0,9860
A20261335,C60,26.5,4.9,27280.0,9860
A20261336,C60,26.5,4.9,45564.0,9860
A20261337,C60,26.5,6.4,83390.0,9860
A20261338,C60,26.5,7.75,84831.0,9860
A20261339,C60,26.5,7.75,112135.0,9860
A20261340,C60,26.5,7.75,56925.0,9860
A20261341,C60,26.5,7.75,150100.0,9860
A20261342,C60,26.5,7.75,150110.0,9860
A20261343,C60,26.5,7.75,150150.0,9860
A20261344,C60,26.5,7.75,150120.0,9860
A20261345,C60,26.5,7.75,150090.0,9860
A20261346,C60,26.5,4.9,46134.0,9860
A20261347,C60,26.5,4.9,81000.0,9860
A20261348,C60,26.5,4.9,33378.0,9860
A20261349,C60,26.5,7.0,56634.0,9860
A20261350,C60,26.5,5.9,39186.0,9860
A20261351,C60,26.5,4.4,39180.0,9860
A20261352,C60,26.5,7.0,33146.0,9860
A20261353,C60,26.5,7.0,33164.0,9860
A20261354,C60,26.5,5.9,63130.0,9860
A20261355,C60,26.5,7.0,33200.0,9860
A20261356,C60,26.5,7.0,33174.0,9860
A20261357,C60,26.5,7.0,93220.0,9860
A20261358,C60,26.5,7.0,51266.0,9860
A20261359,C60,26.5,7.0,33220.0,9860
A20261360,C60,26.5,7.0,63206.0,9860
A20261361,C60,26.5,5.9,63274.0,9860
A20261362,C60,26.5,5.9,33186.0,9860
A20261363,C60,26.5,5.9,45194.0,9860
A20261364,C60,26.5,5.9,33200.0,9860
A20261365,C60,26.5,5.9,104740.0,9860
A20261366,C60,26.5,8.05,84814.0,9860
A20261367,C60,26.5,8.05,62369.0,9860
A20261368,C60,26.5,5.9,28746.0,9860
A20261369,C60,26.5,4.9,45920.0,9860
A20261370,C60,26.5,4.9,41516.0,9860
A20261371,C60,26.5,4.9,37630.0,9860
A20261372,C60,26.5,4.9,115970.0,9860
A20261373,C60,26.5,4.9,60860.0,9860
A20261374,C60,26.5,4.9,52938.0,9860
A20261375,C60,26.5,4.9,131760.0,9860
A20261376,C60,26.5,4.9,147380.0,9860
A20261377,C60,26.5,4.9,147440.0,9860
A20261378,C60,26.5,4.9,100308.0,9860
A20261379,C60,26.5,6.1,95130.0,9860
A20261380,C60,26.5,6.1,136260.0,9860
A20261381,C60,26.5,6.1,152800.0,9860
A20261382,C60,26.5,6.1,136420.0,9860
A20261383,C60,26.5,6.1,120128.0,9860
A20261384,C60,26.5,6.1,120134.0,9860
A20261385,C60,26.5,6.1,120224.0,9860
A20261386,C60,26.5,5.06,37716.0,9860
A20261387,C60,26.5,5.06,136620.0,9860
A20261388,C60,26.5,7.24,33372.0,9860
A20261389,C60,26.5,6.1,153280.0,9860
A20261390,C60,26.5,6.1,153240.0,9860
A20261391,C60,26.5,6.1,136740.0,9860
A20261392,C60,26.5,6.1,111818.0,9860
A20261393,C60,26.5,4.9,45922.0,9860
A20261394,C60,26.5,4.9,136900.0,9860
A20261395,C60,26.5,4.9,136680.0,9860
A20261396,C60,26.5,4.9,50089.0,9860
A20261397,C60,26.5,5.6,107871.0,9860
A20261398,C60,26.5,5.6,153020.0,9860
A20261399,C60,26.5,11.4,47688.0,9860
A20261400,C60,26.5,4.9,45870.0,9860
A20261401,C60,26.5,4.9,137260.0,9860
A20261402,C60,26.5,8.28,28740.0,9860
A20261403,C60,26.5,8.28,47597.0,9860
A20261404,C60,26.5,4.9,53105.0,9860
A20261405,C60,26.5,4.9,46052.0,9860
A20261406,C60,26.5,4.9,90910.0,9860
A20261407,C60,26.5,4.9,24570.0,9860
A20261408,C60,26.5,4.9,53976.0,9860
A20261409,C60,26.5,4.5,78254.0,9860
A20261410,C60,26.5,4.5,59378.0,9860
A20261411,C60,26.5,4.7,53015.0,9860
A20261412,C60,26.5,4.9,106587.0,9860
A20261413,C60,26.5,5.15,118640.0,9860
A20261414,C60,26.5,4.9,57473.0,9860
A20261415,C60,26.5,5.36,33368.0,9860
A20261416,C60,26.5,8.23,33387.0,9860
A20261417,C60,26.5,11.05,39467.0,9860
A20261418,C60,26.5,8.4,33378.0,9860
A20261419,C60,26.5,6.78,57734.0,9860
A20261420,C60,26.5,7.96,45536.0,9860
A20261421,C60,26.5,6.84,33368.0,9860
A20261422,C60,26.5,9.0,57700.0,9860
A20261423,C60,26.5,8.9,63788.0,9860
A20261424,C60,26.5,6.4,33760.0,9860
A20261425,C60,26.5,4.9,52805.0,9860
A20261426,C60,26.5,4.9,45528.0,9860
A20261427,C60,26.5,4.9,69587.0,9860
A20261428,C60,26.5,4.9,81680.0,9860
A20261429,C60,26.5,4.9,50152.0,9860
A20261430,C60,26.5,4.5,154511.0,9860
A20261431,C60,26.5,5.4,39476.0,9860
A20261432,C60,26.5,4.9,57775.0,9860
A20261433,C60,26.5,4.9,33392.0,9860
A20261434,C60,26.5,4.9,57429.0,9860
A20261435,C60,26.5,6.9,36362.0,9860
A20261436,C60,26.5,4.9,52696.0,9860
A20261437,C60,26.5,5.9,33160.0,9860
A20261438,C60,26.5,5.9,45193.0,9860
A20261439,C60,26.5,5.9,45167.0,9860
A20261440,C60,26.5,6.9,57160.0,9860
A20261441,C60,26.5,6.9,33186.0,9860
A20261442,C60,26.5,7.0,39160.0,9860
A20261443,C60,26.5,7.0,33146.0,9860
A20261444,C60,26.5,7.0,99074.0,9860
A20261445,C60,26.5,7.0,86866.0,9860
A20261446,C60,26.5,7.0,92893.0,9860
A20261447,C60,26.5,7.0,33226.0,9860
A20261448,C60,26.5,7.0,51221.0,9860
A20261449,C60,26.5,7.0,75233.0,9860
A20261450,C60,26.5,7.0,33160.0,9860
A20261451,C60,26.5,7.0,63220.0,9860
A20261452,C60,26.5,5.9,27213.0,9860
A20261453,C60,26.5,5.9,51227.0,9860
A20261454,C60,26.5,5.9,33210.0,9860
A20261455,C60,26.5,5.9,51210.0,9860
A20261456,C60,26.5,5.9,75260.0,9860
A20261457,C60,26.5,5.9,33214.0,9860
A20261458,C60,26.5,5.9,81240.0,9860
A20261459,C60,26.5,5.9,39220.0,9860
A20261460,C60,26.5,5.9,33200.0,9860
A20261461,C60,26.5,5.9,87160.0,9860
A20261462,C60,26.5,5.9,33226.0,9860
A20261463,C60,26.5,5.9,45214.0,9860
A20261464,C60,26.5,5.9,63160.0,9860
A20261465,C60,26.5,5.9,33126.0,9860
A20261466,C60,26.5,5.9,45214.0,9860
A20261467,C60,26.5,4.9,33206.0,9860
A20261468,C60,26.5,4.9,51185.0,9860
A20261469,C60,26.5,6.4,100900.0,9860
A20261470,C60,26.5,5.4,132780.0,9860
A20261471,C60,26.5,5.9,39049.0,9860
A20261472,C60,26.5,5.9,33240.0,9860
A20261473,C60,26.5,5.9,105280.0,9860
A20261474,C60,26.5,5.9,33120.0,9860
A20261475,C60,26.5,5.9,39040.0,9860
A20261476,C60,26.5,5.9,27313.0,9860
A20261477,C60,26.5,5.9,69044.0,9860
A20261478,C60,26.5,7.0,56890.0,9860
A20261479,C60,26.5,6.9,33214.0,9860
A20261480,C60,26.5,6.9,51140.0,9860
A20261481,C60,26.5,5.9,51259.0,9860
A20261482,C60,26.5,4.9,63500.0,9860
A20261483,C60,26.5,4.9,36245.0,9860
A20261484,C60,26.5,4.9,56280.0,9860
A20261485,C60,26.5,4.901,116840.0,9860
A20261486,C60,26.5,4.901,65068.0,9860
A20261487,C60,26.5,7.9,33482.0,9860
A20261488,C60,26.5,4.94,32585.0,9860
A20261489,C60,26.5,4.9,47737.0,9860
A20261490,C60,26.5,4.9,141180.0,9860
A20261491,C60,26.5,4.9,141060.0,9860
A20261492,C60,26.5,4.9,141140.0,9860
A20261493,C60,26.5,4.9,51168.0,9860
A20261494,C60,26.5,5.97,33041.0,9860
A20261495,C60,26.5,5.97,27689.0,9860
A20261496,C60,26.5,5.9,72589.0,9860
A20261497,C60,26.5,5.7,72316.0,9860
A20261498,C60,26.5,5.22,45488.0,9860
A20261499,C60,26.5,4.9,52815.0,9860
A20261500,C60,26.5,4.901,83849.0,9860
A20261501,C60,26.5,4.901,79062.0,9860
A20261502,C60,26.5,4.901,79058.0,9860
A20261503,C60,26.5,4.901,70664.0,9860
A20261504,C60,26.5,4.901,70664.0,9860
A20261505,C60,26.5,6.4,37004.0,9860
A20261506,C60,26.5,6.4,113688.0,9860
A20261507,C60,26.5,5.0,103144.0,9860
A20261508,C60,26.5,5.0,45788.0,9860
A20261509,C60,26.5,4.6,27563.0,9860
A20261510,C60,26.5,6.35,70260.0,9860
A20261511,C60,26.5,6.35,101120.0,9860
A20261512,C60,26.5,10.9,36284.0,9860
A20261513,C60,26.5,6.54,69920.0,9860
A20261514,C60,26.5,4.9,82991.0,9860
A20261515,C60,26.5,4.901,62730.0,9860
A20261516,C60,26.5,4.901,88992.0,9860
A20261517,C60,26.5,4.901,33641.0,9860
A20261518,C60,26.5,4.9,111352.0,9860
A20261519,C60,26.5,4.9,37588.0,9860
A20261520,C60,26.5,6.4,25053.0,9860
A20261521,C60,26.5,6.4,40465.0,9860
A20261522,C60,26.5,6.4,144700.0,9860
A20261523,C60,26.5,6.4,40470.0,9860
A20261524,C60,26.5,4.9,119532.0,9860
A20261525,C60,26.5,4.9,33491.0,9860
A20261526,C60,26.5,5.995,33462.0,9860
A20261527,C60,26.5,5.33,45550.0,9860
A20261528,C60,26.5,5.33,82360.0,9860
A20261529,C60,26.5,5.08,70130.0,9860
A20261530,C60,26.5,5.08,70160.0,9860
A20261531,C60,26.5,6.1,66564.0,9860
A20261532,C60,26.5,4.9,51846.0,9860
A20261533,C60,26.5,4.9,33461.0,9860
A20261534,C60,26.5,5.3,46228.0,9860
A20261535,C60,26.5,4.901,112570.0,9860
A20261536,C60,26.5,4.901,46076.0,9860
A20261537,C60,26.5,4.75,64131.0,9860
A20261538,C60,26.5,4.525,51865.0,9860
A20261539,C60,26.5,4.78,76404.0,9860
A20261540,C60,26.5,4.9,51560.0,9860
A20261541,C60,26.5,4.95,45800.0,9860
A20261542,C60,26.5,5.4,45573.0,9860
A20261543,C60,26.5,5.4,51600.0,9860
A20261544,C60,26.5,5.4,57740.0,9860
A20261545,C60,26.5,5.4,45547.0,9860
A20261546,C60,26.5,6.4,33051.0,9860
A20261547,C60,26.5,6.4,36928.0,9860
A20261548,C60,26.5,6.4,48716.0,9860
A20261549,C60,26.5,6.4,46712.0,9860
A20261550,C60,26.5,4.901,112424.0,9860
A20261551,C60,26.5,4.901,41930.0,9860
A20261552,C60,26.5,6.4,84510.0,9860
A20261553,C60,26.5,5.9,27493.0,9860
A20261554,C60,26.5,4.9,58949.0,9860
A20261555,C60,26.5,4.9,33786.0,9860
A20261556,C60,26.5,4.9,95828.0,9860
A20261557,C60,26.5,4.9,41880.0,9860
A20261558,C60,26.5,4.901,59473.0,9860
A20261559,C60,26.5,4.901,59480.0,9860
A20261560,C60,26.5,6.4,71687.0,9860
A20261561,C60,26.5,4.9,133597.0,9860
A20261562,C60,26.5,4.9,27623.0,9860
A20261563,C60,26.5,4.9,156000.0,9860
A20261564,C60,26.5,4.9,141100.0,9860
A20261565,C60,26.5,4.9,111080.0,9860
A20261566,C60,26.5,4.9,32453.000000000004,9860
A20261567,C60,26.5,4.9,51160.0,9860
A20261568,C60,26.5,4.9,33842.0,9860
A20261569,C60,26.5,6.4,27294.0,9860
A20261570,C60,26.5,4.9,56633.0,9860
A20261571,C60,26.5,4.9,60710.0,9860
A20261572,C60,26.5,4.9,61184.0,9860
A20261573,C60,26.5,4.9,56186.0,9860
A20261574,C60,26.5,4.5,40289.0,9860
A20261575,C60,26.5,8.15,76000.0,9860
A20261576,C60,26.5,7.2,33380.0,9860
A20261577,C60,26.5,7.08,63837.0,9860
A20261578,C60,26.5,4.9,129987.0,9860
A20261579,C60,26.5,4.9,111212.0,9860
A20261580,C60,26.5,4.9,51208.0,9860
A20261581,C60,26.5,4.9,141320.0,9860
A20261582,C60,26.5,4.9,96510.0,9860
A20261583,C60,26.5,4.9,43790.0,9860
A20261584,C60,26.5,4.9,36052.0,9860
A20261585,C60,26.5,4.9,36052.0,9860
A20261586,C60,26.5,4.9,36052.0,9860
A20261587,C60,26.5,4.9,36052.0,9860
A20261588,C60,26.5,4.9,65742.0,9860
A20261589,C60,26.5,4.9,74527.0,9860
A20261590,C60,26.5,4.9,40790.0,9860
A20261591,C60,26.5,4.9,47863.0,9860
A20261592,C60,26.5,4.9,39940.0,9860
A20261593,C60,26.5,4.9,39940.0,9860
A20261594,C60,26.5,4.9,39940.0,9860
A20261595,C60,26.5,4.9,77420.0,9860
A20261596,C60,26.5,4.9,27625.0,9860
A20261597,C60,26.5,4.9,106600.0,9860
A20261598,C60,26.5,4.9,149330.0,9860
A20261599,C60,26.5,4.9,69984.0,9860
A20261600,C60,26.5,4.9,94376.0,9860
A20261601,C60,26.5,4.9,45780.0,9860
A20261602,C60,26.5,4.9,39635.0,9860
A20261603,C60,26.5,4.9,76505.0,9860
A20261604,C60,26.5,7.4,51655.0,9860
A20261605,C60,26.5,6.6,51655.0,9860
A20261606,C60,26.5,6.3,51615.0,9860
A20261607,C60,26.5,10.9,57698.0,9860
A20261608,C60,26.5,11.0,33380.0,9860
A20261609,C60,26.5,8.97,51368.0,9860
A20261610,C60,26.5,8.97,55147.0,9860
A20261611,C60,26.5,8.1,34356.0,9860
A20261612,C60,26.5,8.78,55729.0,9860
A20261613,C60,26.5,9.34,66600.0,9860
A20261614,C60,26.5,9.34,70548.0,9860
A20261615,C60,26.5,9.34,31776.0,9860
A20261616,C60,26.5,10.0,82027.0,9860
A20261617,C60,26.5,10.06,51585.0,9860
A20261618,C60,26.5,10.06,51585.0,9860
A20261619,C60,26.5,5.3,51585.0,9860
A20261620,C60,26.5,5.3,33382.0,9860
A20261621,C60,26.5,5.2,33391.0,9860
A20261622,C60,26.5,4.9,45528.0,9860
A20261623,C60,26.5,4.9,66784.0,9860
A20261624,C60,26.5,4.9,46070.0,9860
A20261625,C60,26.5,3.8,41925.0,9860
A20261626,C60,26.5,4.6,61184.0,9860
A20261627,C60,26.5,4.9,41250.0,9860
A20261628,C60,26.5,4.9,56578.0,9860
A20261629,C60,26.5,6.0,27026.0,9860
A20261630,C60,26.5,4.9,27265.0,9860
A20261631,C60,26.5,4.9,121300.0,9860
A20261632,C60,26.5,6.4,33810.0,9860
A20261633,C60,26.5,6.4,69883.0,9860
A20261634,C60,26.5,4.9,37692.0,9860
A20261635,C60,26.5,4.9,62490.0,9860
A20261636,C60,26.5,4.9,62490.0,9860
A20261637,C60,26.5,4.9,54240.0,9860
A20261638,C60,26.5,4.9,58370.0,9860
A20261639,C60,26.5,4.9,73644.0,9860
A20261640,C60,26.5,6.4,83488.0,9860
A20261641,C60,26.5,4.9,41922.0,9860
A20261642,C60,26.5,4.9,87520.0,9860
A20261643,C60,26.5,4.901,41925.0,9860
A20261644,C60,26.5,4.901,70388.0,9860
A20261645,C60,26.5,4.901,62190.0,9860
A20261646,C60,26.5,6.4,59480.0,9860
A20261647,C60,26.5,6.4,59480.0,9860
A20261648,C60,26.5,6.4,136030.0,9860
A20261649,C60,26.5,6.4,40328.0,9860
A20261650,C60,26.5,6.4,154930.0,9860
A20261651,C60,26.5,6.4,97688.0,9860
A20261652,C60,26.5,5.55,33760.0,9860
A20261653,C60,26.5,6.7,37788.0,9860
A20261654,C60,26.5,5.9,37788.0,9860
A20261655,C60,26.5,5.7,46082.0,9860
A20261656,C60,26.5,4.9,58505.0,9860
A20261657,C60,26.5,4.9,91733.0,9860
A20261658,C60,26.5,4.9,66847.0,9860
A20261659,C60,26.5,4.9,83360.0,9860
A20261660,C60,26.5,4.7,41920.0,9860
A20261661,C60,26.5,4.9,91656.0,9860
A20261662,C60,26.5,4.9,74968.0,9860
A20261663,C60,26.5,4.9,46082.0,9860
A20261664,C60,26.5,6.28,52665.0,9860
A20261665,C60,26.5,4.97,27453.0,9860
A20261666,C60,26.5,4.97,48005.0,9860
A20261667,C60,26.5,4.9,64540.00000000001,9860
A20261668,C60,26.5,4.9,44858.0,9860
A20261669,C60,26.5,4.42,52450.0,9860
A20261670,C60,26.5,4.42,80130.0,9860
A20261671,C60,26.5,4.42,100903.0,9860
A20261672,C60,26.5,4.675,57995.0,9860
A20261673,C60,26.5,4.675,33468.0,9860
A20261674,C60,26.5,4.9,81920.0,9860
A20261675,C60,26.5,4.9,55335.0,9860
A20261676,C60,26.5,4.9,47765.0,9860
A20261677,C60,26.5,4.9,55355.0,9860
A20261678,C60,26.5,4.9,75007.0,9860
A20261679,C60,26.5,7.392,65650.0,9860
A20261680,C60,26.5,4.9,131520.0,9860
A20261681,C60,26.5,4.9,149890.0,9860
A20261682,C60,26.5,4.9,149910.0,9860
A20261683,C60,26.5,4.9,94720.0,9860
A20261684,C60,26.5,4.93,99043.0,9860
A20261685,C60,26.5,7.3,27352.0,9860
A20261686,C60,26.5,7.3,37019.0,9860
A20261687,C60,26.5,7.3,33424.0,9860
A20261688,C60,26.5,10.9,33420.0,9860
A20261689,C60,26.5,10.62,33420.0,9860
A20261690,C60,26.5,10.62,39560.0,9860
A20261691,C60,26.5,10.62,39533.0,9860
A20261692,C60,26.5,10.62,39527.0,9860
A20261693,C60,26.5,10.62,37061.0,9860
A20261694,C60,26.5,6.25,69848.0,9860
A20261695,C60,26.5,5.15,33424.0,9860
A20261696,C60,26.5,5.15,39431.0,9860
A20261697,C60,26.5,5.15,39434.0,9860
A20261698,C60,26.5,4.9,52685.0,9860
A20261699,C60,26.5,4.9,46388.0,9860
A20261700,C60,26.5,4.9,61220.0,9860
A20261701,C60,26.5,4.9,121220.0,9860
A20261702,C60,26.5,4.9,61220.0,9860
A20261703,C60,26.5,4.9,31220.0,9860
A20261704,C60,26.5,4.9,36220.0,9860
A20261705,C60,26.5,4.9,56240.0,9860
A20261706,C60,26.5,4.9,46165.0,9860
A20261707,C60,26.5,6.4,27340.0,9860
A20261708,C60,26.5,4.9,46155.0,9860
A20261709,C60,26.5,4.9,36200.0,9860
A20261710,C60,26.5,4.9,36160.0,9860
A20261711,C60,26.5,4.9,66135.0,9860
A20261712,C60,26.5,4.9,60700.0,9860
A20261713,C60,26.5,7.0,44768.0,9860
A20261714,C60,26.5,7.2,36912.0,9860
A20261715,C60,26.5,4.9,121180.0,9860
A20261716,C60,26.5,4.9,52446.0,9860
A20261717,C60,26.5,4.9,33714.0,9860
A20261718,C60,26.5,4.9,96160.0,9860
A20261719,C60,26.5,4.9,46240.0,9860
A20261720,C60,26.5,4.9,86295.0,9860
A20261721,C60,26.5,4.9,58977.0,9860
A20261722,C60,26.5,4.9,33826.0,9860
A20261723,C60,26.5,4.9,40139.0,9860
A20261724,C60,26.5,4.9,40700.0,9860
A20261725,C60,26.5,4.9,50558.0,9860
A20261726,C60,26.5,4.9,41080.0,9860
A20261727,C60,26.5,4.9,56005.0,9860
A20261728,C60,26.5,4.9,41935.0,9860
A20261729,C60,26.5,4.9,33641.0,9860
A20261730,C60,26.5,4.5,40289.0,9860
A20261731,C60,26.5,4.7,40279.0,9860
A20261732,C60,26.5,4.7,40220.0,9860
A20261733,C60,26.5,4.9,41147.0,9860
A20261734,C60,26.5,4.9,36196.0,9860
A20261735,C60,26.5,5.9,91176.0,9860
A20261736,C60,26.5,5.9,76222.0,9860
A20261737,C60,26.5,8.65,33350.0,9860
A20261738,C60,26.5,8.2,57650.0,9860
A20261739,C60,26.5,8.2,33500.0,9860
A20261740,C60,26.5,11.12,51950.0,9860
A20261741,C60,26.5,4.83,51755.0,9860
A20261742,C60,26.5,4.83,82310.0,9860
A20261743,C60,26.5,8.12,51607.0,9860
A20261744,C60,26.5,5.9,54368.0,9860
A20261745,C60,26.5,6.9,41922.0,9860
A20261746,C60,26.5,6.9,29494.0,9860
A20261747,C60,26.5,4.9,40220.0,9860
A20261748,C60,26.5,4.9,46226.0,9860
A20261749,C60,26.5,4.9,31174.0,9860
A20261750,C60,26.5,4.9,31186.0,9860
A20261751,C60,26.5,4.9,41184.0,9860
A20261752,C60,26.5,6.3,31110.0,9860
A20261753,C60,26.5,6.3,26165.0,9860
A20261754,C60,26.5,4.9,76105.0,9860
A20261755,C60,26.5,4.9,41140.0,9860
A20261756,C60,26.5,4.9,81140.0,9860
A20261757,C60,26.5,4.9,66902.0,9860
A20261758,C60,26.5,4.9,122205.0,9860
A20261759,C60,26.5,4.9,80985.0,9860
A20261760,C60,26.5,4.9,48375.0,9860
A20261761,C60,26.5,4.9,37447.0,9860
A20261762,C60,26.5,4.9,153720.0,9860
A20261763,C60,26.5,4.9,71680.0,9860
A20261764,C60,26.5,4.9,41245.0,9860
A20261765,C60,26.5,4.9,36155.0,9860
A20261766,C60,26.5,4.9,61300.0,9860
A20261767,C60,26.5,4.9,56270.0,9860
A20261768,C60,26.5,4.9,56270.0,9860
A20261769,C60,26.5,6.85,33350.0,9860
A20261770,C60,26.5,4.9,40232.0,9860
A20261771,C60,26.5,6.9,41935.0,9860
A20261772,C60,26.5,4.9,41935.0,9860
A20261773,C60,26.5,4.8,33491.0,9860
A20261774,C60,26.5,4.9,29480.0,9860
A20261775,C60,26.5,4.9,46082.0,9860
A20261776,C60,26.5,3.82,58877.0,9860
A20261777,C60,26.5,3.82,26583.0,9860
A20261778,C60,26.5,4.7,54360.0,9860
A20261779,C60,26.5,4.7,50145.0,9860
A20261780,C60,26.5,5.4,33478.0,9860
A20261781,C60,26.5,5.47,64173.0,9860
A20261782,C60,26.5,4.9,46576.0,9860
A20261783,C60,26.5,4.9,52920.0,9860
A20261784,C60,26.5,6.4,33948.0,9860
A20261785,C60,26.5,12.3,39655.0,9860
A20261786,C60,26.5,12.3,31743.0,9860
A20261787,C60,26.5,4.79,100630.0,9860
A20261788,C60,26.5,4.9,40115.0,9860
A20261789,C60,26.5,4.9,140919.0,9860
A20261790,C60,26.5,4.9,36155.0,9860
A20261791,C60,26.5,4.9,36185.0,9860
A20261792,C60,26.5,4.9,26195.0,9860
A20261793,C60,26.5,4.9,41170.0,9860
A20261794,C60,26.5,4.9,101280.0,9860
A20261795,C60,26.5,4.9,81240.0,9860
A20261796,C60,26.5,4.9,46220.0,9860
A20261797,C60,26.5,4.9,56220.0,9860
A20261798,C60,26.5,4.9,66195.0,9860
A20261799,C60,26.5,4.9,46135.0,9860
A20261800,C60,26.5,6.401,41240.0,9860
A20261801,C60,26.5,4.9,41280.0,9860
A20261802,C60,26.5,4.7,134760.0,9860
A20261803,C60,26.5,7.0,112081.0,9860
A20261804,C60,26.5,4.9,50229.0,9860
A20261805,C60,26.5,4.9,58527.0,9860
A20261806,C60,26.5,4.9,29488.0,9860
A20261807,C60,26.5,6.4,66784.0,9860
A20261808,C60,26.5,5.3,66696.0,9860
A20261809,C60,26.5,9.54,59264.0,9860
A20261810,C60,26.5,9.54,40236.0,9860
A20261811,C60,26.5,9.54,37740.0,9860
A20261812,C60,26.5,9.54,37744.0,9860
A20261813,C60,26.5,6.25,33418.0,9860
A20261814,C60,26.5,10.5,33418.0,9860
A20261815,C60,26.5,4.9,39707.0,9860
A20261816,C60,26.5,4.93,26488.0,9860
A20261817,C60,26.5,4.93,39525.0,9860
A20261818,C60,26.5,5.53,39522.0,9860
A20261819,C60,26.5,5.53,33350.0,9860
A20261820,C60,26.5,5.53,34356.0,9860
A20261821,C60,26.5,5.53,46082.0,9860
A20261822,C60,26.5,5.6,33495.0,9860
A20261823,C60,26.5,4.9,41665.0,9860
A20261824,C60,26.5,4.7,33482.0,9860
A20261825,C60,26.5,6.3,36987.0,9860
A20261826,C60,26.5,6.3,106860.0,9860
A20261827,C60,26.5,10.86,57968.0,9860
A20261828,C60,26.5,11.54,57972.0,9860
A20261829,C60,26.5,9.52,52951.0,9860
A20261830,C60,26.5,7.4,84760.0,9860
A20261831,C60,26.5,5.3,39560.0,9860
A20261832,C60,26.5,5.3,39600.0,9860
A20261833,C60,26.5,5.3,33422.0,9860
A20261834,C60,26.5,5.3,39650.0,9860
A20261835,C60,26.5,7.4,37639.0,9860
A20261836,C60,26.5,7.4,57650.0,9860
A20261837,C60,26.5,7.4,39430.0,9860
A20261838,C60,26.5,4.9,64266.99999999999,9860
A20261839,C60,26.5,6.4,52842.0,9860
A20261840,C60,26.5,7.0,88223.0,9860
A20261841,C60,26.5,7.0,24564.0,9860
A20261842,C60,26.5,7.0,44746.0,9860
A20261843,C60,26.5,7.0,36910.0,9860
A20261844,C60,26.5,7.0,109568.0,9860
A20261845,C60,26.5,4.94,86718.0,9860
A20261846,C60,26.5,4.94,46220.0,9860
A20261847,C60,26.5,4.9,77480.0,9860
A20261848,C60,26.5,4.9,120860.0,9860
A20261849,C60,26.5,4.9,39980.0,9860
A20261850,C60,26.5,4.9,52440.0,9860
A20261851,C60,26.5,4.9,59168.0,9860
A20261852,C60,26.5,4.9,33842.0,9860
A20261853,C60,26.5,4.9,65444.0,9860
A20261854,C60,26.5,4.9,66630.0,9860
A20261855,C60,26.5,6.4,54224.0,9860
A20261856,C60,26.5,7.75,54224.0,9860
A20261857,C60,26.5,7.75,33468.0,9860
A20261858,C60,26.5,7.75,94808.0,9860
A20261859,C60,26.5,7.75,48544.0,9860
A20261860,C60,26.5,7.75,32176.000000000004,9860
A20261861,C60,26.5,7.75,39694.0,9860
A20261862,C60,26.5,7.75,113330.0,9860
A20261863,C60,26.5,7.75,52980.0,9860
A20261864,C60,26.5,4.9,45490.0,9860
A20261865,C60,26.5,4.9,30236.0,9860
A20261866,C60,26.5,4.9,109124.0,9860
A20261867,C60,26.5,7.0,30449.0,9860
A20261868,C60,26.5,5.9,106156.0,9860
A20261869,C60,26.5,4.4,44846.0,9860
A20261870,C60,26.5,7.0,68516.0,9860
A20261871,C60,26.5,7.0,59752.0,9860
A20261872,C60,26.5,5.9,90554.0,9860
A20261873,C60,26.5,7.0,44318.0,9860
A20261874,C60,26.5,7.0,64691.0,9860
A20261875,C60,26.5,7.0,108186.0,9860
A20261876,C60,26.5,7.0,53920.0,9860
A20261877,C60,26.5,7.0,58280.0,9860
A20261878,C60,26.5,7.0,40440.0,9860
A20261879,C60,26.5,5.9,27798.0,9860
A20261880,C60,26.5,5.9,51989.0,9860
A20261881,C60,26.5,5.9,34393.0,9860
A20261882,C60,26.5,5.9,84730.0,9860
A20261883,C60,26.5,5.9,52830.0,9860
A20261884,C60,26.5,8.05,49830.0,9860
A20261885,C60,26.5,8.05,58172.0,9860
A20261886,C60,26.5,5.9,136210.0,9860
A20261887,C60,26.5,4.9,74600.0,9860
A20261888,C60,26.5,4.9,74980.0,9860
A20261889,C60,26.5,4.9,33912.0,9860
A20261890,C60,26.5,4.9,46621.0,9860
A20261891,C60,26.5,4.9,59306.0,9860
A20261892,C60,26.5,4.9,84707.0,9860
A20261893,C60,26.5,4.9,27551.0,9860
A20261894,C60,26.5,4.9,33856.0,9860
A20261895,C60,26.5,4.9,31220.0,9860
A20261896,C60,26.5,4.9,36392.0,9860
A20261897,C60,26.5,6.1,65391.99999999999,9860
A20261898,C60,26.5,6.1,27413.0,9860
A20261899,C60,26.5,6.1,33080.0,9860
A20261900,C60,26.5,6.1,52840.0,9860
A20261901,C60,26.5,6.1,52840.0,9860
A20261902,C60,26.5,6.1,51755.0,9860
A20261903,C60,26.5,6.1,70080.0,9860
A20261904,C60,26.5,5.06,58478.0,9860
A20261905,C60,26.5,5.06,52028.0,9860
A20261906,C60,26.5,7.24,55949.0,9860
A20261907,C60,26.5,6.1,75059.0,9860
A20261908,C60,26.5,6.1,87488.0,9860
A20261909,C60,26.5,6.1,33613.0,9860
A20261910,C60,26.5,6.1,33635.0,9860
A20261911,C60,26.5,4.9,151686.0,9860
A20261912,C60,26.5,4.9,70280.0,9860
A20261913,C60,26.5,4.9,131715.0,9860
A20261914,C60,26.5,4.9,103259.0,9860
A20261915,C60,26.5,5.6,37592.0,9860
A20261916,C60,26.5,5.6,33476.0,9860
A20261917,C60,26.5,11.4,33470.0,9860
A20261918,C60,26.5,4.9,82550.0,9860
A20261919,C60,26.5,4.9,39605.0,9860
A20261920,C60,26.5,8.28,64155.0,9860
A20261921,C60,26.5,8.28,51875.0,9860
A20261922,C60,26.5,4.9,37780.0,9860
A20261923,C60,26.5,4.9,100031.0,9860
A20261924,C60,26.5,4.9,41945.0,9860
A20261925,C60,26.5,4.9,54384.0,9860
A20261926,C60,26.5,4.9,104160.0,9860
A20261927,C60,26.5,4.5,54144.0,9860
A20261928,C60,26.5,4.5,33643.0,9860
A20261929,C60,26.5,4.7,83368.0,9860
A20261930,C60,26.5,4.9,137480.0,9860
A20261931,C60,26.5,5.15,137480.0,9860
A20261932,C60,26.5,4.9,104300.0,9860
A20261933,C60,26.5,5.36,54440.0,9860
A20261934,C60,26.5,8.23,36394.0,9860
A20261935,C60,26.5,11.05,24236.0,9860
A20261936,C60,26.5,8.4,39479.0,9860
A20261937,C60,26.5,6.78,51760.0,9860
A20261938,C60,26.5,7.96,82620.0,9860
A20261939,C60,26.5,6.84,33680.0,9860
A20261940,C60,26.5,9.0,86810.0,9860
A20261941,C60,26.5,4.9,92080.0,9860
A20261942,C60,26.5,4.9,45900.0,9860
A20261943,C60,26.5,4.9,52126.0,9860
A20261944,C60,26.5,4.9,70756.0,9860
A20261945,C60,26.5,6.4,55180.0,9860
A20261946,C60,26.5,7.75,100955.0,9860
A20261947,C60,26.5,7.75,64404.0,9860
A20261948,C60,26.5,7.75,52260.0,9860
A20261949,C60,26.5,7.75,51755.0,9860
A20261950,C60,26.5,7.75,33386.0,9860
A20261951,C60,26.5,7.75,33392.0,9860
A20261952,C60,26.5,7.75,33422.0,9860
A20261953,C60,26.5,7.75,45954.0,9860
A20261954,C60,26.5,4.9,39433.0,9860
A20261955,C60,26.5,4.9,52064.0,9860
A20261956,C60,26.5,4.9,33644.0,9860
A20261957,C60,26.5,7.0,45892.0,9860
A20261958,C60,26.5,5.9,53664.0,9860
A20261959,C60,26.5,4.4,154060.0,9860
A20261960,C60,26.5,7.0,104160.0,9860
A20261961,C60,26.5,7.0,70960.0,9860
A20261962,C60,26.5,5.9,153940.0,9860
A20261963,C60,26.5,7.0,137720.0,9860
A20261964,C60,26.5,7.0,62740.0,9860
A20261965,C60,26.5,7.0,33480.0,9860
A20261966,C60,26.5,7.0,39840.0,9860
A20261967,C60,26.5,7.0,69129.0,9860
A20261968,C60,26.5,7.0,39614.0,9860
A20261969,C60,26.5,5.9,95980.0,9860
A20261970,C60,26.5,5.9,62670.0,9860
A20261971,C60,26.5,5.9,40074.0,9860
A20261972,C60,26.5,5.9,46075.0,9860
A20261973,C60,26.5,5.9,51570.0,9860
A20261974,C60,26.5,8.05,97080.0,9860
A20261975,C60,26.5,8.05,51566.0,9860
A20261976,C60,26.5,5.9,63170.0,9860
A20261977,C60,26.5,4.9,33413.0,9860
A20261978,C60,26.5,4.9,40798.0,9860
A20261979,C60,26.5,4.9,33040.0,9860
A20261980,C60,26.5,4.9,105000.0,9860
A20261981,C60,26.5,4.9,33200.0,9860
A20261982,C60,26.5,4.9,105000.0,9860
A20261983,C60,26.5,4.9,33214.0,9860
A20261984,C60,26.5,4.9,105146.0,9860
A20261985,C60,26.5,4.9,45147.0,9860
A20261986,C60,26.5,4.9,99707.0,9860
A20261987,C60,26.5,6.1,46090.0,9860
A20261988,C60,26.5,6.1,33644.0,9860
A20261989,C60,26.5,6.1,83320.0,9860
A20261990,C60,26.5,6.1,58028.0,9860
A20261991,C60,26.5,6.1,45707.0,9860
A20261992,C60,26.5,6.1,51711.0,9860
A20261993,C60,26.5,6.1,36289.0,9860
A20261994,C60,26.5,5.06,58493.0,9860
A20261995,C60,26.5,5.06,36924.0,9860
A20261996,C60,26.5,7.24,107694.0,9860
A20261997,C60,26.5,6.1,45892.0,9860
A20261998,C60,26.5,6.1,58312.0,9860
A20261999,C60,26.5,6.1,58484.0,9860
A20262000,C60,26.5,6.1,103540.0,9860
A20262001,C60,26.5,4.9,38129.0,9860
A20262002,C60,26.5,4.9,76757.0,9860
A20262003,C60,26.5,4.9,33373.0,9860
A20262004,C60,26.5,4.9,46048.0,9860
A20262005,C60,26.5,5.6,33632.0,9860
A20262006,C60,26.5,5.6,77126.0,9860
A20262007,C60,26.5,11.4,66812.0,9860
A20262008,C60,26.5,4.9,45058.0,9860
A20262009,C60,26.5,4.9,45524.0,9860
A20262010,C60,26.5,8.28,51655.0,9860
A20262011,C60,26.5,8.28,39709.0,9860
A20262012,C60,26.5,4.9,54140.0,9860
A20262013,C60,26.5,4.9,136400.0,9860
A20262014,C60,26.5,4.9,78992.0,9860
A20262015,C60,26.5,4.9,78988.0,9860
A20262016,C60,26.5,4.9,136780.0,9860
A20262017,C60,26.5,4.5,136720.0,9860
A20262018,C60,26.5,4.5,120148.0,9860
A20262019,C60,26.5,4.7,136940.0,9860
A20262020,C60,26.5,4.9,136680.0,9860
A20262021,C60,26.5,5.15,152920.0,9860
A20262022,C60,26.5,4.9,54144.0,9860
A20262023,C60,26.5,5.36,78852.0,9860
A20262024,C60,26.5,8.23,37672.0,9860
A20262025,C60,26.5,11.05,39432.0,9860
A20262026,C60,26.5,8.4,45892.0,9860
A20262027,C60,26.5,6.78,50033.0,9860
A20262028,C60,26.5,7.96,87104.0,9860
A20262029,C60,26.5,6.84,41787.0,9860
A20262030,C60,26.5,9.0,99499.0,9860
A20262031,C60,26.5,4.8,58281.0,9860
A20262032,C60,26.5,4.8,50012.0,9860
A20262033,C60,26.5,4.8,52275.0,9860
A20262034,C60,26.5,4.8,33544.0,9860
A20262035,C60,26.5,6.3,51350.0,9860
A20262036,C60,26.5,7.65,27353.0,9860
A20262037,C60,26.5,7.65,54625.0,9860
A20262038,C60,26.5,7.65,36892.0,9860
A20262039,C60,26.5,7.65,37664.0,9860
A20262040,C60,26.5,7.65,69440.0,9860
A20262041,C60,26.5,7.65,33260.0,9860
A20262042,C60,26.5,7.65,48940.0,9860
A20262043,C60,26.5,7.65,30494.0,9860
A20262044,C60,26.5,4.8,45730.0,9860
A20262045,C60,26.5,4.8,146070.0,9860
A20262046,C60,26.5,4.8,46120.0,9860
A20262047,C60,26.5,6.9,43080.0,9860
A20262048,C60,26.5,5.8,48630.0,9860
A20262049,C60,26.5,4.3,24370.0,9860
A20262050,C60,26.5,6.9,33630.0,9860
A20262051,C60,26.5,6.9,108215.0,9860
A20262052,C60,26.5,5.8,95764.0,9860
A20262053,C60,26.5,6.9,133020.0,9860
A20262054,C60,26.5,6.9,133200.0,9860
A20262055,C60,26.5,6.9,33476.0,9860
A20262056,C60,26.5,6.9,48450.0,9860
A20262057,C60,26.5,6.9,103450.0,9860
A20262058,C60,26.5,6.9,140920.0,9860
A20262059,C60,26.5,5.8,32450.000000000004,9860
A20262060,C60,26.5,5.8,76805.0,9860
A20262061,C60,26.5,5.8,62065.0,9860
A20262062,C60,26.5,5.8,33773.0,9860
A20262063,C60,26.5,5.8,41060.0,9860
A20262064,C60,26.5,7.95,46520.0,9860
A20262065,C60,26.5,7.95,46094.0,9860
A20262066,C60,26.5,5.8,51340.0,9860
A20262067,C60,26.5,4.8,45320.0,9860
A20262068,C60,26.5,4.8,153780.0,9860
A20262069,C60,26.5,4.8,54128.0,9860
A20262070,C60,26.5,4.8,41780.0,9860
A20262071,C60,26.5,4.8,37676.0,9860
A20262072,C60,26.5,4.8,70688.0,9860
A20262073,C60,26.5,4.8,87172.0,9860
A20262074,C60,26.5,4.8,74879.0,9860
A20262075,C60,26.5,4.8,65319.0,9860
A20262076,C60,26.5,4.8,91223.0,9860
A20262077,C60,26.5,6.0,33544.0,9860
A20262078,C60,26.5,6.0,126000.0,9860
A20262079,C60,26.5,6.0,114240.0,9860
A20262080,C60,26.5,6.0,54224.0,9860
A20262081,C60,26.5,6.0,51350.0,9860
A20262082,C60,26.5,6.0,45576.0,9860
A20262083,C60,26.5,6.0,33322.0,9860
A20262084,C60,26.5,4.96,39389.0,9860
A20262085,C60,26.5,4.96,45308.0,9860
A20262086,C60,26.5,7.14,75452.0,9860
A20262087,C60,26.5,6.0,39482.0,9860
A20262088,C60,26.5,6.0,45452.0,9860
A20262089,C60,26.5,6.0,33572.0,9860
A20262090,C60,26.5,6.0,45336.0,9860
A20262091,C60,26.5,4.8,39386.0,9860
A20262092,C60,26.5,4.8,57380.0,9860
A20262093,C60,26.5,4.8,33482.0,9860
A20262094,C60,26.5,4.8,46694.0,9860
A20262095,C60,26.5,5.5,33647.0,9860
A20262096,C60,26.5,5.5,51326.0,9860
A20262097,C60,26.5,11.3,61683.0,9860
A20262098,C60,26.5,4.8,26261.0,9860
A20262099,C60,26.5,4.8,59324.0,9860
A20262100,C60,26.5,8.18,39533.0,9860
A20262101,C60,26.5,8.18,33572.0,9860
A20262102,C60,26.5,4.8,33260.0,9860
A20262103,C60,26.5,4.8,51760.0,9860
A20262104,C60,26.5,4.8,39536.0,9860
A20262105,C60,26.5,4.8,33424.0,9860
A20262106,C60,26.5,4.8,41950.0,9860
A20262107,C60,26.5,4.4,45330.0,9860
A20262108,C60,26.5,4.4,33428.0,9860
A20262109,C60,26.5,4.6,57872.0,9860
A20262110,C60,26.5,4.8,39533.0,9860
A20262111,C60,26.5,5.05,33422.0,9860
A20262112,C60,26.5,4.8,33422.0,9860
A20262113,C60,26.5,5.26,80240.0,9860
A20262114,C60,26.5,8.13,25133.0,9860
A20262115,C60,26.5,10.95,46660.0,9860
A20262116,C60,26.5,8.3,46600.0,9860
A20262117,C60,26.5,6.68,61840.0,9860
A20262118,C60,26.5,7.86,56740.0,9860
A20262119,C60,26.5,6.74,135420.0,9860
A20262120,C60,26.5,8.9,134926.0,9860
A20262121,C60,26.5,4.9,130721.0,9860
A20262122,C60,26.5,4.9,39039.0,9860
A20262123,C60,26.5,4.9,79896.0,9860
A20262124,C60,26.5,4.9,90084.0,9860
A20262125,C60,26.5,4.9,61936.0,9860
A20262126,C60,26.5,6.4,64482.0,9860
A20262127,C60,26.5,4.9,39002.0,9860
A20262128,C60,26.5,4.9,112568.0,9860
A20262129,C60,26.5,4.9,56732.0,9860
A20262130,C60,26.5,4.9,28754.0,9860
A20262131,C60,26.5,4.5,114366.0,9860
A20262132,C60,26.5,8.15,46360.0,9860
A20262133,C60,26.5,7.2,59060.0,9860
A20262134,C60,26.5,7.08,96920.0,9860
A20262135,C60,26.5,4.9,26687.0,9860
A20262136,C60,26.5,4.9,33098.0,9860
A20262137,C60,26.5,4.9,48892.0,9860
A20262138,C60,26.5,4.9,37064.0,9860
A20262139,C60,26.5,4.9,62680.0,9860
A20262140,C60,26.5,4.9,37675.0,9860
A20262141,C60,26.5,4.9,37800.0,9860
A20262142,C60,26.5,4.9,29494.0,9860
A20262143,C60,26.5,4.9,46418.0,9860
A20262144,C60,26.5,4.9,60510.0,9860
A20262145,C60,26.5,4.9,76224.0,9860
A20262146,C60,26.5,4.9,60719.0,9860
A20262147,C60,26.5,4.9,27976.0,9860
A20262148,C60,26.5,4.9,72589.0,9860
A20262149,C60,26.5,4.9,27976.0,9860
A20262150,C60,26.5,4.9,97500.0,9860
A20262151,C60,26.5,4.9,26650.0,9860
A20262152,C60,26.5,4.9,52715.0,9860
A20262153,C60,26.5,4.9,71940.0,9860
A20262154,C60,26.5,4.9,36766.0,9860
A20262155,C60,26.5,4.9,34546.0,9860
A20262156,C60,26.5,4.9,86782.0,9860
A20262157,C60,26.5,4.9,32774.0,9860
A20262158,C60,26.5,4.9,75254.0,9860
A20262159,C60,26.5,4.9,46094.0,9860
A20262160,C60,26.5,4.9,33647.0,9860
A20262161,C60,26.5,7.4,54112.0,9860
A20262162,C60,26.5,6.6,46412.0,9860
A20262163,C60,26.5,6.3,65321.0,9860
A20262164,C60,26.5,10.9,44660.0,9860
A20262165,C60,26.5,11.0,130680.0,9860
A20262166,C60,26.5,8.97,48682.0,9860
A20262167,C60,26.5,8.97,103638.0,9860
A20262168,C60,26.5,8.1,96864.0,9860
A20262169,C60,26.5,8.78,40109.0,9860
A20262170,C60,26.5,9.34,46408.0,9860
A20262171,C60,26.5,9.34,28610.0,9860
A20262172,C60,26.5,9.34,54563.0,9860
A20262173,C60,26.5,10.0,61989.0,9860
A20262174,C60,26.5,10.06,61891.0,9860
A20262175,C60,26.5,10.06,139600.0,9860
A20262176,C60,26.5,5.3,36230.0,9860
A20262177,C60,26.5,5.3,33804.0,9860
A20262178,C60,26.5,5.2,46408.0,9860
A20262179,C60,26.5,4.9,71620.0,9860
A20262180,C60,26.5,4.9,110366.0,9860
A20262181,C60,26.5,4.9,52990.0,9860
A20262182,C60,26.5,3.8,40174.0,9860
A20262183,C60,26.5,4.6,59138.0,9860
A20262184,C60,26.5,4.9,97304.0,9860
A20262185,C60,26.5,4.9,33884.0,9860
A20262186,C60,26.5,6.0,40259.0,9860
A20262187,C60,26.5,4.9,46086.0,9860
A20262188,C60,26.5,4.9,38245.0,9860
A20262189,C60,26.5,6.4,28706.0,9860
A20262190,C60,26.5,6.4,66236.0,9860
A20262191,C60,26.5,4.9,84780.0,9860
A20262192,C60,26.5,4.9,65671.0,9860
A20262193,C60,26.5,4.9,31382.0,9860
A20262194,C60,26.5,4.9,46612.0,9860
A20262195,C60,26.5,4.9,39475.0,9860
A20262196,C60,26.5,4.9,37101.0,9860
A20262197,C60,26.5,6.4,33424.0,9860
A20262198,C60,26.5,4.9,71976.0,9860
A20262199,C60,26.5,4.9,45888.0,9860
A20262200,C60,26.5,4.901,39720.0,9860
A20262201,C60,26.5,4.901,150020.0,9860
A20262202,C60,26.5,4.901,57944.0,9860
A20262203,C60,26.5,6.4,82739.0,9860
A20262204,C60,26.5,6.4,71568.0,9860
A20262205,C60,26.5,6.4,96845.0,9860
A20262206,C60,26.5,6.4,65412.00000000001,9860
A20262207,C60,26.5,6.4,53005.0,9860
A20262208,C60,26.5,4.9,45372.0,9860
A20262209,C60,26.5,4.9,57872.0,9860
A20262210,C60,26.5,4.9,65727.0,9860
A20262211,C60,26.5,4.9,36210.0,9860
A20262212,C60,26.5,4.9,36198.0,9860
A20262213,C60,26.5,6.4,61072.0,9860
A20262214,C60,26.5,4.9,76028.0,9860
A20262215,C60,26.5,4.9,72024.0,9860
A20262216,C60,26.5,4.9,57650.0,9860
A20262217,C60,26.5,4.9,45500.0,9860
A20262218,C60,26.5,4.5,40130.0,9860
A20262219,C60,26.5,8.15,81840.0,9860
A20262220,C60,26.5,7.2,61584.0,9860
A20262221,C60,26.5,7.08,71210.0,9860
A20262222,C60,26.5,4.9,96020.0,9860
A20262223,C60,26.5,4.9,91270.0,9860
A20262224,C60,26.5,4.9,58952.0,9860
A20262225,C60,26.5,4.9,74228.0,9860
A20262226,C60,26.5,4.9,86440.0,9860
A20262227,C60,26.5,4.9,131800.0,9860
A20262228,C60,26.5,4.9,64595.0,9860
A20262229,C60,26.5,4.9,33786.0,9860
A20262230,C60,26.5,4.9,53984.0,9860
A20262231,C60,26.5,4.9,41950.0,9860
A20262232,C60,26.5,4.9,78446.0,9860
A20262233,C60,26.5,4.9,46664.0,9860
A20262234,C60,26.5,4.9,53030.0,9860
A20262235,C60,26.5,4.9,135680.0,9860
A20262236,C60,26.5,4.9,29492.0,9860
A20262237,C60,26.5,4.9,46094.0,9860
A20262238,C60,26.5,4.9,81841.0,9860
A20262239,C60,26.5,4.9,40759.0,9860
A20262240,C60,26.5,4.9,36389.0,9860
A20262241,C60,26.5,4.9,27288.0,9860
A20262242,C60,26.5,4.9,71784.0,9860
A20262243,C60,26.5,4.9,63973.0,9860
A20262244,C60,26.5,4.9,93761.0,9860
A20262245,C60,26.5,4.9,36486.0,9860
A20262246,C60,26.5,4.9,47933.0,9860
A20262247,C60,26.5,4.9,54563.0,9860
A20262248,C60,26.5,7.4,24904.0,9860
A20262249,C60,26.5,6.6,55157.0,9860
A20262250,C60,26.5,6.3,36212.0,9860
A20262251,C60,26.5,10.9,41216.0,9860
A20262252,C60,26.5,11.0,36344.0,9860
A20262253,C60,26.5,8.97,36344.0,9860
A20262254,C60,26.5,8.97,36105.0,9860
A20262255,C60,26.5,8.1,41180.0,9860
A20262256,C60,26.5,8.78,51170.0,9860
A20262257,C60,26.5,9.34,78491.0,9860
A20262258,C60,26.5,9.34,135755.0,9860
A20262259,C60,26.5,9.34,84860.0,9860
A20262260,C60,26.5,10.0,33476.0,9860
A20262261,C60,26.5,10.06,39620.0,9860
A20262262,C60,26.5,10.06,46120.0,9860
A20262263,C60,26.5,5.3,70160.0,9860
A20262264,C60,26.5,5.3,59282.0,9860
A20262265,C60,26.5,5.2,45848.0,9860
A20262266,C60,26.5,4.9,41650.0,9860
A20262267,C60,26.5,4.9,41458.0,9860
A20262268,C60,26.5,4.9,45740.0,9860
A20262269,C60,26.5,3.8,74370.0,9860
A20262270,C60,26.5,4.6,97004.0,9860
A20262271,C60,26.5,4.9,46382.0,9860
A20262272,C60,26.5,4.9,82300.0,9860
A20262273,C60,26.5,6.0,33416.0,9860
A20262274,C60,26.5,4.9,51813.0,9860
A20262275,C60,26.5,4.9,33286.0,9860
A20262276,C60,26.5,6.4,33600.0,9860
A20262277,C60,26.5,6.4,33484.0,9860
A20262278,C60,26.5,4.9,27346.0,9860
A20262279,C60,26.5,4.9,53030.0,9860
A20262280,C60,26.5,4.9,71648.0,9860
A20262281,C60,26.5,4.9,77927.0,9860
A20262282,C60,26.5,4.9,96868.0,9860
A20262283,C60,26.5,4.9,78208.0,9860
A20262284,C60,26.5,6.4,74370.0,9860
A20262285,C60,26.5,4.9,37676.0,9860
A20262286,C60,26.5,4.9,29446.0,9860
A20262287,C60,26.5,4.901,29446.0,9860
A20262288,C60,26.5,4.901,45932.0,9860
A20262289,C60,26.5,4.901,33566.0,9860
A20262290,C60,26.5,6.4,52815.0,9860
A20262291,C60,26.5,6.4,33853.0,9860
A20262292,C60,26.5,6.4,46476.0,9860
A20262293,C60,26.5,6.4,52795.0,9860
A20262294,C60,26.5,6.4,46648.0,9860
A20262295,C60,26.5,4.9,71536.0,9860
A20262296,C60,26.5,4.9,71536.0,9860
A20262297,C60,26.5,4.9,82110.0,9860
A20262298,C60,26.5,4.9,45328.0,9860
A20262299,C60,26.5,4.9,33273.0,9860
A20262300,C60,26.5,6.4,63837.0,9860
A20262301,C60,26.5,4.9,45573.0,9860
A20262302,C60,26.5,4.9,46576.0,9860
A20262303,C60,26.5,4.9,52915.0,9860
A20262304,C60,26.5,4.9,46572.0,9860
A20262305,C60,26.5,4.5,52913.0,9860
A20262306,C60,26.5,8.15,71944.0,9860
A20262307,C60,26.5,7.2,33226.0,9860
A20262308,C60,26.5,7.08,87494.0,9860
A20262309,C60,26.5,4.9,33190.0,9860
A20262310,C60,26.5,4.9,93190.0,9860
A20262311,C60,26.5,4.9,33240.0,9860
A20262312,C60,26.5,4.9,93340.0,9860
A20262313,C60,26.5,4.9,33200.0,9860
A20262314,C60,26.5,4.9,69180.0,9860
A20262315,C60,26.5,4.9,39220.0,9860
A20262316,C60,26.5,4.9,26052.0,9860
A20262317,C60,26.5,4.9,33267.0,9860
A20262318,C60,26.5,4.9,69440.0,9860
A20262319,C60,26.5,4.9,39320.0,9860
A20262320,C60,26.5,4.9,26093.0,9860
A20262321,C60,26.5,4.9,33200.0,9860
A20262322,C60,26.5,4.9,81093.0,9860
A20262323,C60,26.5,4.9,26035.0,9860
A20262324,C60,26.5,4.9,45200.0,9860
A20262325,C60,26.5,4.9,33254.0,9860
A20262326,C60,26.5,4.9,39246.0,9860
A20262327,C60,26.5,4.9,75280.0,9860
A20262328,C60,26.5,4.9,39240.0,9860
A20262329,C60,26.5,4.9,33186.0,9860
A20262330,C60,26.5,4.9,39260.0,9860
A20262331,Z30,23.0,4.9,33227.0,9860
A20262332,Z30,23.0,4.9,33187.0,9860
A20262333,Z30,23.0,4.9,33320.0,9860
A20262334,Z30,23.0,4.9,45440.0,9860
A20262335,Z30,23.0,7.4,71668.0,9860
A20262336,Z30,23.0,6.6,41396.0,9860
A20262337,Z30,23.0,6.3,81784.0,9860
A20262338,Z30,23.0,10.9,36386.0,9860
A20262339,Z30,23.0,11.0,31324.0,9860
A20262340,Z30,23.0,8.97,92068.0,9860
A20262341,Z30,23.0,8.97,76805.0,9860
A20262342,Z30,23.0,8.1,54554.0,9860
A20262343,Z30,23.0,8.78,54554.0,9860
A20262344,Z30,23.0,9.34,131140.0,9860
A20262345,Z30,23.0,9.34,37804.0,9860
A20262346,Z30,23.0,9.34,41925.0,9860
A20262347,Z30,23.0,10.0,58026.0,9860
A20262348,Z30,23.0,10.06,45774.0,9860
A20262349,Z30,23.0,10.06,34036.0,9860
A20262350,Z30,23.0,5.3,78922.0,9860
A20262351,Z30,23.0,5.3,78918.0,9860
A20262352,NP01,43.0,5.2,18901.0,9860
A20262353,NP01,43.0,4.9,50744.0,9860
A20262354,NP01,43.0,4.9,25372.0,9860
A20262355,NP01,43.0,4.9,30435.0,9860
A20262356,NP01,43.0,3.8,36522.0,9860
A20262357,NP01,43.0,4.6,25524.0,9860
A20262358,NP01,43.0,4.9,42609.0,9860
A20262359,NP01,43.0,4.9,12167.0,9860
A20262360,NP01,43.0,6.0,6128.0,9860
A20262361,NP01,43.0,4.9,37206.0,9860
A20262362,NP01,43.0,4.9,12640.0,9860
A20262363,NP01,43.0,6.4,6319.0,9860
A20262364,NP01,43.0,6.4,50560.0,9860
A20262365,NP01,43.0,4.9,63200.0,9860
A20262366,NP01,43.0,4.9,43027.0,9860
A20262367,NP01,43.0,4.9,12253.0,9860
A20262368,NP01,43.0,4.9,30620.0,9860
A20262369,NP01,43.0,4.9,15320.0,9860
A20262370,NP01,43.0,4.9,106782.0,9860
A20262371,NP01,43.0,6.4,24638.0,9860
A20262372,NP01,43.0,4.9,114908.0,9860
A20262373,NP01,43.0,4.9,114700.0,9860
A20262374,NP01,43.0,4.901,61470.0,9860
A20262375,NP01,43.0,4.901,53270.0,9860
A20262376,NP01,43.0,4.901,36525.0,9860
A20262377,NP01,43.0,6.4,30370.0,9860
A20262378,NP01,43.0,6.4,6074.0,9860
A20262379,NP01,43.0,6.4,12976.0,9860
A20262380,NP01,43.0,6.4,12600.0,9860
A20262381,NP01,43.0,6.4,116200.0,9860
A20262382,NP01,43.0,6.4,45323.0,9860
A20262383,NP01,43.0,4.75,95094.0,9860
A20262384,NP01,43.0,4.9,66352.0,9860
A20262385,NP01,43.0,6.1,24364.0,9860
A20262386,NP01,43.0,4.55,25170.0,9860
A20262387,NP01,43.0,5.27,82784.0,9860
A20262388,NP01,43.0,4.9,69748.0,9860
A20262389,NP01,43.0,4.9,114225.0,9860
A20262390,NP01,43.0,4.9,76540.0,9860
A20262391,NP01,43.0,4.9,6089.0,9860
A20262392,NP01,43.0,4.9,18480.0,9860
A20262393,NP01,43.0,4.9,75360.0,9860
A20262394,NP01,43.0,4.9,15056.0,9860
A20262395,NP01,43.0,6.9,42196.0,9860
A20262396,NP01,43.0,4.15,7660.0,9860
A20262397,NP01,43.0,4.9,23046.0,9860
A20262398,NP01,43.0,6.1,15363.0,9860
A20262399,NP01,43.0,6.1,20600.0,9860
A20262400,NP01,43.0,6.1,12264.0,9860
A20262401,NP01,43.0,6.1,66814.0,9860
A20262402,NP01,43.0,6.15,12740.0,9860
A20262403,NP01,43.0,4.45,16376.000000000002,9860
A20262404,NP01,43.0,4.9,38052.0,9860
A20262405,NP01,43.0,4.6,37992.0,9860
A20262406,NP01,43.0,5.4,74127.0,9860
A20262407,NP01,43.0,4.9,14913.0,9860
A20262408,NP01,43.0,4.9,49140.0,9860
A20262409,NP01,43.0,7.9,31580.0,9860
A20262410,NP01,43.0,4.901,18990.0,9860
A20262411,NP01,43.0,4.9,49140.0,9860
A20262412,NP01,43.0,4.9,110520.0,9860
A20262413,NP01,43.0,6.4,104500.0,9860
A20262414,NP01,43.0,6.4,18460.0,9860
A20262415,NP01,43.0,7.9,24352.0,9860
A20262416,NP01,43.0,7.9,24364.0,9860
A20262417,NP01,43.0,7.9,86088.0,9860
A20262418,NP01,43.0,4.9,15812.0,9860
A20262419,NP01,43.0,4.9,24948.0,9860
A20262420,NP01,43.0,6.36,20505.0,9860
A20262421,NP01,43.0,6.07,8316.0,9860
A20262422,NP01,43.0,6.14,58211.0,9860
A20262423,NP01,43.0,6.2,28945.0,9860
A20262424,NP01,43.0,6.2,12178.0,9860
A20262425,NP01,43.0,5.84,42940.0,9860
A20262426,NP01,43.0,6.1,82400.0,9860
A20262427,NP01,43.0,7.9,12360.0,9860
A20262428,NP01,43.0,4.9,132100.0,9860
A20262429,NP01,43.0,6.4,62025.0,9860
A20262430,NP01,43.0,6.4,28957.0,9860
A20262431,NP01,43.0,6.4,23793.0,9860
A20262432,NP01,43.0,4.9,115240.0,9860
A20262433,NP01,43.0,6.55,45229.0,9860
A20262434,NP01,43.0,6.55,12148.0,9860
A20262435,NP01,43.0,6.55,86331.0,9860
A20262436,NP01,43.0,6.25,41070.0,9860
A20262437,NP01,43.0,6.25,40974.0,9860
A20262438,NP01,43.0,6.65,20680.0,9860
A20262439,NP01,43.0,6.65,65700.0,9860
A20262440,NP01,43.0,6.65,41000.0,9860
A20262441,NP01,43.0,6.65,34119.0,9860
A20262442,NP01,43.0,4.7,16245.999999999998,9860
A20262443,NP01,43.0,6.8,7578.0,9860
A20262444,NP01,43.0,6.4,12405.0,9860
A20262445,NP01,43.0,6.4,12312.0,9860
A20262446,NP01,43.0,3.9,19594.0,9860
A20262447,NP01,43.0,4.9,50386.0,9860
A20262448,NP01,43.0,4.9,38530.0,9860
A20262449,NP01,43.0,4.9,38526.0,9860
A20262450,NP01,43.0,4.9,69354.0,9860
A20262451,NP01,43.0,10.68,53534.0,9860
A20262452,NP01,43.0,4.7,61110.0,9860
A20262453,NP01,43.0,4.95,25368.0,9860
A20262454,NP01,43.0,6.1,42623.0,9860
A20262455,NP01,43.0,6.1,9960.0,9860
A20262456,NP01,43.0,6.1,24160.0,9860
A20262457,NP01,43.0,6.1,25358.0,9860
A20262458,NP01,43.0,6.1,6080.0,9860
A20262459,NP01,43.0,6.1,24364.0,9860
A20262460,NP01,43.0,6.1,62190.0,9860
A20262461,NP01,43.0,5.018,63631.0,9860
A20262462,NP01,43.0,6.1,90935.0,9860
A20262463,NP01,43.0,6.1,35725.0,9860
A20262464,NP01,43.0,4.9,128900.0,9860
A20262465,NP01,43.0,5.0,128910.0,9860
A20262466,NP01,43.0,5.0,128949.99999999999,9860
A20262467,NP01,43.0,5.0,128919.99999999999,9860
A20262468,NP01,43.0,5.1,128889.99999999999,9860
A20262469,NP01,43.0,5.2,24934.0,9860
A20262470,NP01,43.0,5.2,59800.0,9860
A20262471,NP01,43.0,6.4,12178.0,9860
A20262472,NP01,43.0,6.4,35434.0,9860
A20262473,NP01,43.0,6.4,17986.0,9860
A20262474,NP01,43.0,6.4,17980.0,9860
A20262475,NP01,43.0,6.4,11946.0,9860
A20262476,NP01,43.0,6.4,11964.0,9860
A20262477,NP01,43.0,6.4,41930.0,9860
A20262478,NP01,43.0,4.9,12000.0,9860
A20262479,NP01,43.0,4.9,11974.0,9860
A20262480,NP01,43.0,6.4,72020.0,9860
A20262481,NP01,43.0,4.9,30066.0,9860
A20262482,NP01,43.0,4.9,12020.0,9860
A20262483,NP01,43.0,4.9,42006.0,9860
A20262484,NP01,43.0,4.9,42074.0,9860
A20262485,NP01,43.0,4.9,11986.0,9860
A20262486,NP01,43.0,4.9,23994.0,9860
A20262487,NP01,43.0,6.4,12000.0,9860
A20262488,NP01,43.0,7.75,83540.0,9860
A20262489,NP01,43.0,7.75,63614.0,9860
A20262490,NP01,43.0,7.75,41169.0,9860
A20262491,NP01,43.0,7.75,7546.0,9860
A20262492,NP01,43.0,7.75,24720.0,9860
A20262493,NP01,43.0,7.75,20316.0,9860
A20262494,NP01,43.0,7.75,16430.0,9860
A20262495,NP01,43.0,7.75,94770.0,9860
A20262496,NP01,43.0,4.9,39660.0,9860
A20262497,NP01,43.0,4.9,31738.0,9860
A20262498,NP01,43.0,4.9,110560.0,9860
A20262499,NP01,43.0,7.0,126180.0,9860
A20262500,NP01,43.0,5.9,126240.0,9860
A20262501,NP01,43.0,4.4,79108.0,9860
A20262502,NP01,43.0,7.0,73930.0,9860
A20262503,NP01,43.0,7.0,115060.0,9860
A20262504,NP01,43.0,5.9,131600.0,9860
A20262505,NP01,43.0,7.0,115220.0,9860
A20262506,NP01,43.0,7.0,98928.0,9860
A20262507,NP01,43.0,7.0,98934.0,9860
A20262508,NP01,43.0,7.0,99024.0,9860
A20262509,NP01,43.0,7.0,16516.0,9860
A20262510,NP01,43.0,7.0,115420.0,9860
A20262511,NP01,43.0,5.9,12172.0,9860
A20262512,NP01,43.0,5.9,132080.0,9860
A20262513,NP01,43.0,5.9,132040.0,9860
A20262514,NP01,43.0,5.9,115540.0,9860
A20262515,NP01,43.0,5.9,90618.0,9860
A20262516,NP01,43.0,8.05,24722.0,9860
A20262517,NP01,43.0,8.05,115700.0,9860
A20262518,NP01,43.0,5.9,115480.0,9860
A20262519,NP01,43.0,4.9,28889.0,9860
A20262520,NP01,43.0,4.9,86671.0,9860
A20262521,NP01,43.0,4.9,131820.0,9860
A20262522,NP01,43.0,4.9,26488.0,9860
A20262523,NP01,43.0,4.9,24670.0,9860
A20262524,NP01,43.0,4.9,116060.0,9860
A20262525,NP01,43.0,4.9,7540.0,9860
A20262526,NP01,43.0,4.9,26397.0,9860
A20262527,NP01,43.0,4.9,31905.0,9860
A20262528,NP01,43.0,4.9,24852.0,9860
A20262529,NP01,43.0,6.1,69710.0,9860
A20262530,NP01,43.0,6.1,3370.0,9860
A20262531,NP01,43.0,6.1,32776.0,9860
A20262532,NP01,43.0,6.1,57054.0,9860
A20262533,NP01,43.0,6.1,38178.0,9860
A20262534,NP01,43.0,6.1,31815.0,9860
A20262535,NP01,43.0,6.1,85387.0,9860
A20262536,NP01,43.0,5.06,97440.0,9860
A20262537,NP01,43.0,5.06,36273.0,9860
A20262538,NP01,43.0,7.24,12168.0,9860
A20262539,NP01,43.0,6.1,12187.0,9860
A20262540,NP01,43.0,6.1,18267.0,9860
A20262541,NP01,43.0,6.1,12178.0,9860
A20262542,NP01,43.0,6.1,36534.0,9860
A20262543,NP01,43.0,4.9,24336.0,9860
A20262544,NP01,43.0,4.9,12168.0,9860
A20262545,NP01,43.0,4.9,36500.0,9860
A20262546,NP01,43.0,4.9,42588.0,9860
A20262547,NP01,43.0,5.6,12560.0,9860
A20262548,NP01,43.0,5.6,31605.0,9860
A20262549,NP01,43.0,11.4,24328.0,9860
A20262550,NP01,43.0,4.9,48387.0,9860
A20262551,NP01,43.0,4.9,60480.0,9860
A20262552,NP01,43.0,8.28,28952.0,9860
A20262553,NP01,43.0,8.28,133311.0,9860
A20262554,NP01,43.0,4.9,18276.0,9860
A20262555,NP01,43.0,4.9,36575.0,9860
A20262556,NP01,43.0,4.9,12192.0,9860
A20262557,NP01,43.0,4.9,36229.0,9860
A20262558,NP01,43.0,4.9,15162.0,9860
A20262559,NP01,43.0,4.5,31496.0,9860
A20262560,NP01,43.0,4.5,11960.0,9860
A20262561,NP01,43.0,4.7,23993.0,9860
A20262562,NP01,43.0,4.9,23967.0,9860
A20262563,NP01,43.0,5.15,35960.0,9860
A20262564,NP01,43.0,4.9,11986.0,9860
A20262565,NP01,43.0,5.36,17960.0,9860
A20262566,NP01,43.0,8.23,11946.0,9860
A20262567,NP01,43.0,11.05,77874.0,9860
A20262568,NP01,43.0,8.4,65666.0,9860
A20262569,NP01,43.0,6.78,71693.0,9860
A20262570,NP01,43.0,7.96,12026.0,9860
A20262571,NP01,43.0,6.84,30021.0,9860
A20262572,NP01,43.0,9.0,54033.0,9860
A20262573,NP01,43.0,8.9,11960.0,9860
A20262574,NP01,43.0,6.4,42020.0,9860
A20262575,NP01,43.0,4.9,6013.0,9860
A20262576,NP01,43.0,4.9,30027.0,9860
A20262577,NP01,43.0,4.9,12010.0,9860
A20262578,NP01,43.0,4.9,30010.0,9860
A20262579,NP01,43.0,4.9,54060.0,9860
A20262580,NP01,43.0,4.5,12014.0,9860
A20262581,NP01,43.0,5.4,60040.0,9860
A20262582,NP01,43.0,4.9,18020.0,9860
A20262583,NP01,43.0,4.9,12000.0,9860
A20262584,NP01,43.0,4.9,65960.0,9860
A20262585,NP01,43.0,6.9,12026.0,9860
A20262586,NP01,43.0,4.9,24014.0,9860
A20262587,NP01,43.0,5.9,41960.0,9860
A20262588,NP01,43.0,5.9,11926.0,9860
A20262589,NP01,43.0,5.9,24014.0,9860
A20262590,NP01,43.0,6.9,12006.0,9860
A20262591,NP01,43.0,6.9,29985.0,9860
A20262592,NP01,43.0,7.0,79700.0,9860
A20262593,NP01,43.0,7.0,111580.0,9860
A20262594,NP01,43.0,7.0,17849.0,9860
A20262595,NP01,43.0,7.0,12040.0,9860
A20262596,NP01,43.0,7.0,84080.0,9860
A20262597,NP01,43.0,7.0,11920.0,9860
A20262598,NP01,43.0,7.0,17840.0,9860
A20262599,NP01,43.0,7.0,6113.0,9860
A20262600,NP01,43.0,7.0,47844.0,9860
A20262601,NP01,43.0,7.0,35690.0,9860
A20262602,NP01,43.0,5.9,12014.0,9860
A20262603,NP01,43.0,5.9,29940.0,9860
A20262604,NP01,43.0,5.9,30059.0,9860
A20262605,NP01,43.0,5.9,42300.0,9860
A20262606,NP01,43.0,5.9,15045.0,9860
A20262607,NP01,43.0,5.9,35080.0,9860
A20262608,NP01,43.0,5.9,95640.0,9860
A20262609,NP01,43.0,5.9,43868.0,9860
A20262610,NP01,43.0,5.9,12282.0,9860
A20262611,NP01,43.0,5.9,11385.0,9860
A20262612,NP01,43.0,5.9,26537.0,9860
A20262613,NP01,43.0,5.9,119980.0,9860
A20262614,NP01,43.0,5.9,119860.0,9860
A20262615,NP01,43.0,5.9,119940.0,9860
A20262616,NP01,43.0,5.9,29968.0,9860
A20262617,NP01,43.0,4.9,11841.0,9860
A20262618,NP01,43.0,4.9,6489.0,9860
A20262619,NP01,43.0,6.4,51389.0,9860
A20262620,NP01,43.0,5.4,51116.0,9860
A20262621,NP01,43.0,5.9,24288.0,9860
A20262622,NP01,43.0,5.9,31615.0,9860
A20262623,NP01,43.0,5.9,62649.0,9860
A20262624,NP01,43.0,5.9,57862.0,9860
A20262625,NP01,43.0,5.9,57858.0,9860
A20262626,NP01,43.0,5.9,49464.0,9860
A20262627,NP01,43.0,5.9,49464.0,9860
A20262628,NP01,43.0,7.0,15804.0,9860
A20262629,NP01,43.0,6.9,92488.0,9860
A20262630,NP01,43.0,6.9,81944.0,9860
A20262631,NP01,43.0,5.9,24588.0,9860
A20262632,NP01,43.0,4.9,6363.0,9860
A20262633,NP01,43.0,4.9,49060.0,9860
A20262634,NP01,43.0,4.9,79920.0,9860
A20262635,NP01,43.0,4.901,15084.0,9860
A20262636,NP01,43.0,4.901,48720.0,9860
A20262637,NP01,43.0,7.9,61791.0,9860
A20262638,NP01,43.0,4.94,41530.0,9860
A20262639,NP01,43.0,4.9,67792.0,9860
A20262640,NP01,43.0,4.9,12441.0,9860
A20262641,NP01,43.0,4.9,90152.0,9860
A20262642,NP01,43.0,4.9,16388.0,9860
A20262643,NP01,43.0,4.9,3853.0,9860
A20262644,NP01,43.0,5.97,19265.0,9860
A20262645,NP01,43.0,5.97,123500.0,9860
A20262646,NP01,43.0,5.9,19270.0,9860
A20262647,NP01,43.0,5.7,98332.0,9860
A20262648,NP01,43.0,5.22,12291.0,9860
A20262649,NP01,43.0,4.9,12262.0,9860
A20262650,NP01,43.0,4.901,24350.0,9860
A20262651,NP01,43.0,4.901,61160.0,9860
A20262652,NP01,43.0,4.901,48930.0,9860
A20262653,NP01,43.0,4.901,48960.0,9860
A20262654,NP01,43.0,4.901,45364.0,9860
A20262655,NP01,43.0,6.4,30646.0,9860
A20262656,NP01,43.0,6.4,12261.0,9860
A20262657,NP01,43.0,5.0,25028.0,9860
A20262658,NP01,43.0,5.0,91370.0,9860
A20262659,NP01,43.0,4.6,24876.0,9860
A20262660,NP01,43.0,6.35,42931.0,9860
A20262661,NP01,43.0,6.35,30665.0,9860
A20262662,NP01,43.0,10.9,55204.0,9860
A20262663,NP01,43.0,6.54,30360.0,9860
A20262664,NP01,43.0,4.9,24600.0,9860
A20262665,NP01,43.0,4.901,24373.0,9860
A20262666,NP01,43.0,4.901,30400.0,9860
A20262667,NP01,43.0,4.901,36540.0,9860
A20262668,NP01,43.0,4.9,24347.0,9860
A20262669,NP01,43.0,4.9,11851.0,9860
A20262670,NP01,43.0,6.4,15728.0,9860
A20262671,NP01,43.0,6.4,27516.0,9860
A20262672,NP01,43.0,6.4,25512.0,9860
A20262673,NP01,43.0,6.4,91224.0,9860
A20262674,NP01,43.0,4.9,20730.0,9860
A20262675,NP01,43.0,4.9,63310.0,9860
A20262676,NP01,43.0,5.995,6293.0,9860
A20262677,NP01,43.0,5.33,37749.0,9860
A20262678,NP01,43.0,5.33,12586.0,9860
A20262679,NP01,43.0,5.08,74628.0,9860
A20262680,NP01,43.0,5.08,20680.0,9860
A20262681,NP01,43.0,6.1,38273.0,9860
A20262682,NP01,43.0,4.9,38280.0,9860
A20262683,NP01,43.0,4.9,50487.0,9860
A20262684,NP01,43.0,5.3,112397.0,9860
A20262685,NP01,43.0,4.901,6423.0,9860
A20262686,NP01,43.0,4.901,134800.0,9860
A20262687,NP01,43.0,4.75,119900.0,9860
A20262688,NP01,43.0,4.525,89880.0,9860
A20262689,NP01,43.0,4.78,11253.0,9860
A20262690,NP01,43.0,4.9,29960.0,9860
A20262691,NP01,43.0,4.95,12642.0,9860
A20262692,NP01,43.0,5.4,6094.0,9860
A20262693,NP01,43.0,5.4,35433.0,9860
A20262694,NP01,43.0,5.4,39510.0,9860
A20262695,NP01,43.0,5.4,39984.0,9860
A20262696,NP01,43.0,6.4,34986.0,9860
A20262697,NP01,43.0,6.4,19089.0,9860
A20262698,NP01,43.0,6.4,54800.0,9860
A20262699,NP01,43.0,6.4,12180.0,9860
A20262700,NP01,43.0,4.901,42637.0,9860
A20262701,NP01,43.0,4.901,108787.0,9860
A20262702,NP01,43.0,6.4,90012.0,9860
A20262703,NP01,43.0,5.9,30008.0,9860
A20262704,NP01,43.0,4.9,120120.0,9860
A20262705,NP01,43.0,4.9,75310.0,9860
A20262706,NP01,43.0,4.9,22590.0,9860
A20262707,NP01,43.0,4.9,14852.0,9860
A20262708,NP01,43.0,4.901,14852.0,9860
A20262709,NP01,43.0,4.901,14852.0,9860
A20262710,NP01,43.0,6.4,14852.0,9860
A20262711,NP01,43.0,4.9,44542.0,9860
A20262712,NP01,43.0,4.9,53327.0,9860
A20262713,NP01,43.0,4.9,19590.0,9860
A20262714,NP01,43.0,4.9,26663.0,9860
A20262715,NP01,43.0,4.9,18740.0,9860
A20262716,NP01,43.0,4.9,18740.0,9860
A20262717,NP01,43.0,4.9,18740.0,9860
A20262718,NP01,43.0,4.9,56220.0,9860
A20262719,NP01,43.0,6.4,6425.0,9860
A20262720,NP01,43.0,4.9,85400.0,9860
A20262721,NP01,43.0,4.9,128130.0,9860
A20262722,NP01,43.0,4.9,48784.0,9860
A20262723,NP01,43.0,4.9,73176.0,9860
A20262724,NP01,43.0,4.5,24580.0,9860
A20262725,NP01,43.0,8.15,18435.0,9860
A20262726,NP01,43.0,7.2,55305.0,9860
A20262727,NP01,43.0,7.08,30455.0,9860
A20262728,NP01,43.0,4.9,30455.0,9860
A20262729,NP01,43.0,4.9,30415.0,9860
A20262730,NP01,43.0,4.9,36498.0,9860
A20262731,NP01,43.0,4.9,12180.0,9860
A20262732,NP01,43.0,4.9,30168.0,9860
A20262733,NP01,43.0,4.9,33947.0,9860
A20262734,NP01,43.0,4.9,13156.0,9860
A20262735,NP01,43.0,4.9,34529.0,9860
A20262736,NP01,43.0,4.9,45400.0,9860
A20262737,NP01,43.0,4.9,49348.0,9860
A20262738,NP01,43.0,4.9,10576.0,9860
A20262739,NP01,43.0,4.9,60827.0,9860
A20262740,NP01,43.0,4.9,30385.0,9860
A20262741,NP01,43.0,4.9,30385.0,9860
A20262742,NP01,43.0,4.9,30385.0,9860
A20262743,NP01,43.0,4.9,12182.0,9860
A20262744,NP01,43.0,4.9,12191.0,9860
A20262745,NP01,43.0,4.9,24328.0,9860
A20262746,NP01,43.0,4.9,45584.0,9860
A20262747,NP01,43.0,4.9,24870.0,9860
A20262748,NP01,43.0,4.9,20725.0,9860
A20262749,NP01,43.0,4.9,39984.0,9860
A20262750,NP01,43.0,4.9,20050.0,9860
A20262751,NP01,43.0,4.9,35378.0,9860
A20262752,NP01,43.0,4.9,5826.0,9860
A20262753,NP01,43.0,4.9,6065.0,9860
A20262754,NP01,43.0,7.4,100100.0,9860
A20262755,NP01,43.0,6.6,12610.0,9860
A20262756,NP01,43.0,6.3,48683.0,9860
A20262757,NP01,43.0,10.9,16492.0,9860
A20262758,NP01,43.0,11.0,41290.0,9860
A20262759,NP01,43.0,8.97,41290.0,9860
A20262760,NP01,43.0,8.97,33040.0,9860
A20262761,NP01,43.0,8.1,37170.0,9860
A20262762,NP01,43.0,8.78,52444.0,9860
A20262763,NP01,43.0,9.34,62288.0,9860
A20262764,NP01,43.0,9.34,20722.0,9860
A20262765,NP01,43.0,9.34,66320.0,9860
A20262766,NP01,43.0,10.0,20725.0,9860
A20262767,NP01,43.0,10.06,49188.0,9860
A20262768,NP01,43.0,10.06,40990.0,9860
A20262769,NP01,43.0,5.3,38280.0,9860
A20262770,NP01,43.0,5.3,38280.0,9860
A20262771,NP01,43.0,5.2,114830.0,9860
A20262772,NP01,43.0,4.9,19128.0,9860
A20262773,NP01,43.0,4.9,133730.0,9860
A20262774,NP01,43.0,4.9,76488.0,9860
A20262775,NP01,43.0,3.8,12560.0,9860
A20262776,NP01,43.0,4.6,16588.0,9860
A20262777,NP01,43.0,4.9,16588.0,9860
A20262778,NP01,43.0,4.9,24882.0,9860
A20262779,NP01,43.0,6.0,37305.0,9860
A20262780,NP01,43.0,4.9,70533.0,9860
A20262781,NP01,43.0,4.9,45647.0,9860
A20262782,NP01,43.0,6.4,62160.0,9860
A20262783,NP01,43.0,6.4,20720.0,9860
A20262784,NP01,43.0,4.9,70456.0,9860
A20262785,NP01,43.0,4.9,53768.0,9860
A20262786,NP01,43.0,4.9,24882.0,9860
A20262787,NP01,43.0,4.9,31465.0,9860
A20262788,NP01,43.0,4.9,6253.0,9860
A20262789,NP01,43.0,4.9,26805.0,9860
A20262790,NP01,43.0,6.4,43340.0,9860
A20262791,NP01,43.0,4.9,23658.0,9860
A20262792,NP01,43.0,4.9,31250.0,9860
A20262793,NP01,43.0,4.901,58930.0,9860
A20262794,NP01,43.0,4.901,79703.0,9860
A20262795,NP01,43.0,4.901,36795.0,9860
A20262796,NP01,43.0,6.4,12268.0,9860
A20262797,NP01,43.0,6.4,60720.0,9860
A20262798,NP01,43.0,6.4,34135.0,9860
A20262799,NP01,43.0,6.4,26565.0,9860
A20262800,NP01,43.0,6.4,34155.0,9860
A20262801,NP01,43.0,6.4,53807.0,9860
A20262802,NP01,43.0,5.55,44450.0,9860
A20262803,NP01,43.0,6.7,110320.0,9860
A20262804,NP01,43.0,5.9,128690.0,9860
A20262805,NP01,43.0,5.7,128710.00000000001,9860
A20262806,NP01,43.0,4.9,73520.0,9860
A20262807,NP01,43.0,4.9,77843.0,9860
A20262808,NP01,43.0,4.9,6152.0,9860
A20262809,NP01,43.0,6.4,15819.0,9860
A20262810,NP01,43.0,4.75,12224.0,9860
A20262811,NP01,43.0,4.9,12220.0,9860
A20262812,NP01,43.0,6.1,12220.0,9860
A20262813,NP01,43.0,4.55,18360.0,9860
A20262814,NP01,43.0,5.27,18333.0,9860
A20262815,NP01,43.0,4.9,18327.0,9860
A20262816,NP01,43.0,4.9,15861.0,9860
A20262817,NP01,43.0,4.9,48648.0,9860
A20262818,NP01,43.0,4.9,12224.0,9860
A20262819,NP01,43.0,4.9,18231.0,9860
A20262820,NP01,43.0,4.9,18234.0,9860
A20262821,NP01,43.0,4.9,31485.0,9860
A20262822,NP01,43.0,6.9,25188.0,9860
A20262823,NP01,43.0,4.15,40020.0,9860
A20262824,NP01,43.0,4.9,100020.0,9860
A20262825,NP01,43.0,6.1,40020.0,9860
A20262826,NP01,43.0,6.1,10020.0,9860
A20262827,NP01,43.0,6.1,15020.0,9860
A20262828,NP01,43.0,6.1,35040.0,9860
A20262829,NP01,43.0,6.15,24965.0,9860
A20262830,NP01,43.0,4.45,6140.0,9860
A20262831,NP01,43.0,4.9,24955.0,9860
A20262832,NP01,43.0,4.6,15000.0,9860
A20262833,NP01,43.0,5.4,14960.0,9860
A20262834,NP01,43.0,4.9,44935.0,9860
A20262835,NP01,43.0,4.9,39500.0,9860
A20262836,NP01,43.0,7.9,23568.0,9860
A20262837,NP01,43.0,4.901,15712.0,9860
A20262838,NP01,43.0,4.9,99980.0,9860
A20262839,NP01,43.0,4.9,31246.0,9860
A20262840,NP01,43.0,6.4,12514.0,9860
A20262841,NP01,43.0,6.4,74960.0,9860
A20262842,NP01,43.0,7.9,25040.0,9860
A20262843,NP01,43.0,7.9,65095.0,9860
A20262844,NP01,43.0,7.9,37777.0,9860
A20262845,NP01,43.0,4.9,12626.0,9860
A20262846,NP01,43.0,4.9,18939.0,9860
A20262847,NP01,43.0,6.36,19500.0,9860
A20262848,NP01,43.0,6.07,29358.0,9860
A20262849,NP01,43.0,6.14,19880.0,9860
A20262850,NP01,43.0,6.2,34805.0,9860
A20262851,NP01,43.0,6.2,20735.0,9860
A20262852,NP01,43.0,5.84,12441.0,9860
A20262853,NP01,43.0,6.1,19089.0,9860
A20262854,NP01,43.0,7.9,19079.0,9860
A20262855,NP01,43.0,4.9,19020.0,9860
A20262856,NP01,43.0,6.4,19947.0,9860
A20262857,NP01,43.0,6.4,14996.0,9860
A20262858,NP01,43.0,6.4,69976.0,9860
A20262859,NP01,43.0,4.9,55022.0,9860
A20262860,NP01,43.0,6.55,12150.0,9860
A20262861,NP01,43.0,6.55,36450.0,9860
A20262862,NP01,43.0,6.55,12300.0,9860
A20262863,NP01,43.0,6.25,30750.0,9860
A20262864,NP01,43.0,6.25,30555.0,9860
A20262865,NP01,43.0,6.65,61110.0,9860
A20262866,NP01,43.0,6.65,30407.0,9860
A20262867,NP01,43.0,6.65,33168.0,9860
A20262868,NP01,43.0,6.65,20722.0,9860
A20262869,NP01,43.0,4.7,8294.0,9860
A20262870,NP01,43.0,6.8,19020.0,9860
A20262871,NP01,43.0,6.4,25026.0,9860
A20262872,NP01,43.0,6.4,9974.0,9860
A20262873,NP01,43.0,3.9,9986.0,9860
A20262874,NP01,43.0,4.9,19984.0,9860
A20262875,NP01,43.0,4.9,9910.0,9860
A20262876,NP01,43.0,4.9,4965.0,9860
A20262877,NP01,43.0,4.9,54905.0,9860
A20262878,NP01,43.0,10.68,19940.0,9860
A20262879,NP01,43.0,4.7,59940.0,9860
A20262880,NP01,43.0,4.95,45702.0,9860
A20262881,NP01,43.0,6.1,101005.0,9860
A20262882,NP01,43.0,6.1,59785.0,9860
A20262883,NP01,43.0,6.1,27175.0,9860
A20262884,NP01,43.0,6.1,16247.0,9860
A20262885,NP01,43.0,6.1,132520.0,9860
A20262886,NP01,43.0,6.1,50480.0,9860
A20262887,NP01,43.0,6.1,20045.0,9860
A20262888,NP01,43.0,5.018,14955.0,9860
A20262889,NP01,43.0,6.1,40100.0,9860
A20262890,NP01,43.0,6.1,35070.0,9860
A20262891,NP01,43.0,4.9,35070.0,9860
A20262892,NP01,43.0,5.0,12150.0,9860
A20262893,NP01,43.0,5.0,19032.0,9860
A20262894,NP01,43.0,5.0,20735.0,9860
A20262895,NP01,43.0,5.1,20735.0,9860
A20262896,NP01,43.0,5.2,12291.0,9860
A20262897,NP01,43.0,5.2,8280.0,9860
A20262898,NP01,43.0,6.4,24882.0,9860
A20262899,NP01,43.0,6.4,37677.0,9860
A20262900,NP01,43.0,6.4,5383.0,9860
A20262901,NP01,43.0,6.4,33160.0,9860
A20262902,NP01,43.0,6.4,28945.0,9860
A20262903,NP01,43.0,6.4,12278.0,9860
A20262904,NP01,43.0,6.4,42973.0,9860
A20262905,NP01,43.0,4.9,25376.0,9860
A20262906,NP01,43.0,4.9,31720.0,9860
A20262907,NP01,43.0,6.4,12748.0,9860
A20262908,NP01,43.0,4.9,18455.0,9860
A20262909,NP01,43.0,4.9,10543.0,9860
A20262910,NP01,43.0,4.9,79430.0,9860
A20262911,NP01,43.0,4.9,18915.0,9860
A20262912,NP01,43.0,4.9,119719.0,9860
A20262913,NP01,43.0,4.9,14955.0,9860
A20262914,NP01,43.0,6.4,14985.0,9860
A20262915,NP01,43.0,7.75,4995.0,9860
A20262916,NP01,43.0,7.75,19970.0,9860
A20262917,NP01,43.0,7.75,80080.0,9860
A20262918,NP01,43.0,7.75,60040.0,9860
A20262919,NP01,43.0,7.75,25020.0,9860
A20262920,NP01,43.0,7.75,35020.0,9860
A20262921,NP01,43.0,7.75,44995.0,9860
A20262922,NP01,43.0,7.75,24935.0,9860
A20262923,NP01,43.0,4.9,20040.0,9860
A20262924,NP01,43.0,4.9,20080.0,9860
A20262925,NP01,43.0,4.9,113560.0,9860
A20262926,NP01,43.0,7.0,90881.0,9860
A20262927,NP01,43.0,5.9,29029.0,9860
A20262928,NP01,43.0,4.4,37327.0,9860
A20262929,NP01,43.0,7.0,8288.0,9860
A20262930,NP01,43.0,7.0,45584.0,9860
A20262931,NP01,43.0,5.9,45496.0,9860
A20262932,NP01,43.0,7.0,38064.0,9860
A20262933,NP01,43.0,7.0,19036.0,9860
A20262934,NP01,43.0,7.0,16540.0,9860
A20262935,NP01,43.0,7.0,16544.0,9860
A20262936,NP01,43.0,7.0,12218.0,9860
A20262937,NP01,43.0,7.0,12218.0,9860
A20262938,NP01,43.0,5.9,18507.0,9860
A20262939,NP01,43.0,5.9,5288.0,9860
A20262940,NP01,43.0,5.9,18325.0,9860
A20262941,NP01,43.0,5.9,18322.0,9860
A20262942,NP01,43.0,5.9,12150.0,9860
A20262943,NP01,43.0,8.05,13156.0,9860
A20262944,NP01,43.0,8.05,24882.0,9860
A20262945,NP01,43.0,5.9,12295.0,9860
A20262946,NP01,43.0,4.9,20465.0,9860
A20262947,NP01,43.0,4.9,12282.0,9860
A20262948,NP01,43.0,4.9,15787.0,9860
A20262949,NP01,43.0,4.9,85660.0,9860
A20262950,NP01,43.0,4.9,36768.0,9860
A20262951,NP01,43.0,4.9,36772.0,9860
A20262952,NP01,43.0,4.9,31751.0,9860
A20262953,NP01,43.0,4.9,63560.0,9860
A20262954,NP01,43.0,4.9,18360.0,9860
A20262955,NP01,43.0,4.9,18400.0,9860
A20262956,NP01,43.0,6.1,12222.0,9860
A20262957,NP01,43.0,6.1,18450.0,9860
A20262958,NP01,43.0,6.1,16439.0,9860
A20262959,NP01,43.0,6.1,36450.0,9860
A20262960,NP01,43.0,6.1,18230.0,9860
A20262961,NP01,43.0,6.1,43067.0,9860
A20262962,NP01,43.0,6.1,31642.0,9860
A20262963,NP01,43.0,5.06,67023.0,9860
A20262964,NP01,43.0,5.06,3364.0,9860
A20262965,NP01,43.0,7.24,23546.0,9860
A20262966,NP01,43.0,6.1,15710.0,9860
A20262967,NP01,43.0,6.1,88368.0,9860
A20262968,NP01,43.0,6.1,65518.0,9860
A20262969,NP01,43.0,6.1,25020.0,9860
A20262970,NP01,43.0,4.9,56280.0,9860
A20262971,NP01,43.0,4.9,99660.0,9860
A20262972,NP01,43.0,4.9,18780.0,9860
A20262973,NP01,43.0,4.9,31240.0,9860
A20262974,NP01,43.0,5.6,37968.0,9860
A20262975,NP01,43.0,5.6,12642.0,9860
A20262976,NP01,43.0,11.4,44244.0,9860
A20262977,NP01,43.0,4.9,45430.0,9860
A20262978,NP01,43.0,4.9,33024.0,9860
A20262979,NP01,43.0,8.28,33024.0,9860
A20262980,NP01,43.0,8.28,12268.0,9860
A20262981,NP01,43.0,4.9,73608.0,9860
A20262982,NP01,43.0,4.9,27344.0,9860
A20262983,NP01,43.0,4.9,10976.0,9860
A20262984,NP01,43.0,4.9,18494.0,9860
A20262985,NP01,43.0,4.9,92130.0,9860
A20262986,NP01,43.0,4.5,31780.0,9860
A20262987,NP01,43.0,4.5,24290.0,9860
A20262988,NP01,43.0,4.7,9036.0,9860
A20262989,NP01,43.0,4.9,87924.0,9860
A20262990,NP01,43.0,5.15,9249.0,9860
A20262991,NP01,43.0,4.9,84956.0,9860
A20262992,NP01,43.0,5.36,23646.0,9860
A20262993,NP01,43.0,8.23,47316.0,9860
A20262994,NP01,43.0,11.05,38552.0,9860
A20262995,NP01,43.0,8.4,69354.0,9860
A20262996,NP01,43.0,6.78,23118.0,9860
A20262997,NP01,43.0,7.96,43491.0,9860
A20262998,NP01,43.0,6.84,86986.0,9860
A20262999,NP01,43.0,9.0,32720.0,9860
A20263000,NP01,43.0,8.9,37080.0,9860
A20263001,NP01,43.0,6.4,19240.0,9860
A20263002,NP01,43.0,4.9,6598.0,9860
A20263003,NP01,43.0,4.9,30789.0,9860
A20263004,NP01,43.0,4.9,13193.0,9860
A20263005,NP01,43.0,4.9,63530.0,9860
A20263006,NP01,43.0,4.9,31630.0,9860
A20263007,NP01,43.0,4.5,28630.0,9860
A20263008,NP01,43.0,5.4,36972.0,9860
A20263009,NP01,43.0,4.9,115010.0,9860
A20263010,NP01,43.0,4.9,53400.0,9860
A20263011,NP01,43.0,4.9,53780.0,9860
A20263012,NP01,43.0,6.9,12712.0,9860
A20263013,NP01,43.0,4.9,25421.0,9860
A20263014,NP01,43.0,5.9,38106.0,9860
A20263015,NP01,43.0,5.9,63507.0,9860
A20263016,NP01,43.0,5.9,6351.0,9860
A20263017,NP01,43.0,6.9,12656.0,9860
A20263018,NP01,43.0,6.9,10020.0,9860
A20263019,NP01,43.0,7.0,15192.0,9860
A20263020,NP01,43.0,7.0,44192.0,9860
A20263021,NP01,43.0,7.0,6213.0,9860
A20263022,NP01,43.0,7.0,11880.0,9860
A20263023,NP01,43.0,7.0,31640.0,9860
A20263024,NP01,43.0,7.0,31640.0,9860
A20263025,NP01,43.0,7.0,30555.0,9860
A20263026,NP01,43.0,7.0,48880.0,9860
A20263027,NP01,43.0,7.0,37278.0,9860
A20263028,NP01,43.0,7.0,30828.0,9860
A20263029,NP01,43.0,5.9,34749.0,9860
A20263030,NP01,43.0,5.9,53859.0,9860
A20263031,NP01,43.0,5.9,66288.0,9860
A20263032,NP01,43.0,5.9,12413.0,9860
A20263033,NP01,43.0,5.9,12435.0,9860
A20263034,NP01,43.0,5.9,130485.99999999999,9860
A20263035,NP01,43.0,5.9,49080.0,9860
A20263036,NP01,43.0,5.9,110515.0,9860
A20263037,NP01,43.0,5.9,82059.0,9860
A20263038,NP01,43.0,5.9,16392.0,9860
A20263039,NP01,43.0,5.9,12276.0,9860
A20263040,NP01,43.0,5.9,12270.0,9860
A20263041,NP01,43.0,5.9,61350.0,9860
A20263042,NP01,43.0,5.9,18405.0,9860
A20263043,NP01,43.0,5.9,42955.0,9860
A20263044,NP01,43.0,4.9,30675.0,9860
A20263045,NP01,43.0,4.9,16580.0,9860
A20263046,NP01,43.0,6.4,78831.0,9860
A20263047,NP01,43.0,5.4,20745.0,9860
A20263048,NP01,43.0,5.9,33184.0,9860
A20263049,NP01,43.0,5.9,82960.0,9860
A20263050,NP01,43.0,5.9,32944.0,9860
A20263051,NP01,43.0,5.9,12443.0,9860
A20263052,NP01,43.0,5.9,62168.0,9860
A20263053,NP01,43.0,5.9,116280.0,9860
A20263054,NP01,43.0,5.9,116280.0,9860
A20263055,NP01,43.0,7.0,83100.0,9860
A20263056,NP01,43.0,6.9,33240.0,9860
A20263057,NP01,43.0,6.9,15194.0,9860
A20263058,NP01,43.0,5.9,3036.0,9860
A20263059,NP01,43.0,4.9,18279.0,9860
A20263060,NP01,43.0,4.9,30560.0,9860
A20263061,NP01,43.0,4.9,61420.0,9860
A20263062,NP01,43.0,4.901,12480.0,9860
A20263063,NP01,43.0,4.901,65610.0,9860
A20263064,NP01,43.0,7.9,70880.0,9860
A20263065,NP01,43.0,4.94,24700.0,9860
A20263066,NP01,43.0,4.9,30926.0,9860
A20263067,NP01,43.0,4.9,49556.0,9860
A20263068,NP01,43.0,4.9,33980.0,9860
A20263069,NP01,43.0,4.9,79755.0,9860
A20263070,NP01,43.0,4.9,43204.0,9860
A20263071,NP01,43.0,5.97,31060.0,9860
A20263072,NP01,43.0,5.97,30555.0,9860
A20263073,NP01,43.0,5.9,12186.0,9860
A20263074,NP01,43.0,5.7,12192.0,9860
A20263075,NP01,43.0,5.22,12222.0,9860
A20263076,NP01,43.0,4.9,24754.0,9860
A20263077,NP01,43.0,4.901,18233.0,9860
A20263078,NP01,43.0,4.901,30864.0,9860
A20263079,NP01,43.0,4.901,12444.0,9860
A20263080,NP01,43.0,4.901,24692.0,9860
A20263081,NP01,43.0,4.901,32464.0,9860
A20263082,NP01,43.0,6.4,132860.0,9860
A20263083,NP01,43.0,6.4,82960.0,9860
A20263084,NP01,43.0,5.0,49760.0,9860
A20263085,NP01,43.0,5.0,132740.0,9860
A20263086,NP01,43.0,4.6,116520.0,9860
A20263087,NP01,43.0,6.35,41540.0,9860
A20263088,NP01,43.0,6.35,12280.0,9860
A20263089,NP01,43.0,10.9,18640.0,9860
A20263090,NP01,43.0,6.54,47929.0,9860
A20263091,NP01,43.0,4.9,18414.0,9860
A20263092,NP01,43.0,4.901,74780.0,9860
A20263093,NP01,43.0,4.901,41470.0,9860
A20263094,NP01,43.0,4.901,18874.0,9860
A20263095,NP01,43.0,4.9,24875.0,9860
A20263096,NP01,43.0,4.9,30370.0,9860
A20263097,NP01,43.0,6.4,75880.0,9860
A20263098,NP01,43.0,6.4,30366.0,9860
A20263099,NP01,43.0,6.4,41970.0,9860
A20263100,NP01,43.0,6.4,12213.0,9860
A20263101,NP01,43.0,4.9,19598.0,9860
A20263102,NP01,43.0,4.9,11840.0,9860
A20263103,NP01,43.0,5.995,83800.0,9860
A20263104,NP01,43.0,5.33,12000.0,9860
A20263105,NP01,43.0,5.33,83800.0,9860
A20263106,NP01,43.0,5.08,12014.0,9860
A20263107,NP01,43.0,5.08,83946.0,9860
A20263108,NP01,43.0,6.1,23947.0,9860
A20263109,NP01,43.0,4.9,78507.0,9860
A20263110,NP01,43.0,4.9,24890.0,9860
A20263111,NP01,43.0,5.3,12444.0,9860
A20263112,NP01,43.0,4.901,62120.0,9860
A20263113,NP01,43.0,4.901,36828.0,9860
A20263114,NP01,43.0,4.75,24507.0,9860
A20263115,NP01,43.0,4.525,30511.0,9860
A20263116,NP01,43.0,4.78,15089.0,9860
A20263117,NP01,43.0,4.9,37293.0,9860
A20263118,NP01,43.0,4.95,15724.0,9860
A20263119,NP01,43.0,5.4,86494.0,9860
A20263120,NP01,43.0,5.4,24692.0,9860
A20263121,NP01,43.0,5.4,37112.0,9860
A20263122,NP01,43.0,5.4,37284.0,9860
A20263123,NP01,43.0,6.4,82340.0,9860
A20263124,NP01,43.0,6.4,16929.0,9860
A20263125,NP01,43.0,6.4,55557.0,9860
A20263126,NP01,43.0,6.4,12173.0,9860
A20263127,NP01,43.0,4.901,24848.0,9860
A20263128,NP01,43.0,4.901,12432.0,9860
A20263129,NP01,43.0,6.4,55926.0,9860
A20263130,NP01,43.0,5.9,45612.0,9860
A20263131,NP01,43.0,4.9,23858.0,9860
A20263132,NP01,43.0,4.9,24324.0,9860
A20263133,NP01,43.0,4.9,30455.0,9860
A20263134,NP01,43.0,4.9,18509.0,9860
A20263135,NP01,43.0,4.901,32940.0,9860
A20263136,NP01,43.0,4.901,115200.0,9860
A20263137,NP01,43.0,6.4,57792.0,9860
A20263138,NP01,43.0,4.9,57788.0,9860
A20263139,NP01,43.0,4.9,115580.0,9860
A20263140,NP01,43.0,4.9,115520.0,9860
A20263141,NP01,43.0,4.9,98948.0,9860
A20263142,NP01,43.0,4.9,115740.0,9860
A20263143,NP01,43.0,4.9,115480.0,9860
A20263144,NP01,43.0,4.9,131720.0,9860
A20263145,NP01,43.0,4.9,32944.0,9860
A20263146,NP01,43.0,6.4,57652.0,9860
A20263147,NP01,43.0,4.9,16472.0,9860
A20263148,NP01,43.0,4.9,18232.0,9860
A20263149,NP01,43.0,4.9,24692.0,9860
A20263150,NP01,43.0,4.9,28833.0,9860
A20263151,NP01,43.0,4.5,65904.0,9860
A20263152,NP01,43.0,8.15,20587.0,9860
A20263153,NP01,43.0,7.2,78299.0,9860
A20263154,NP01,43.0,7.08,37081.0,9860
A20263155,NP01,43.0,4.9,28812.0,9860
A20263156,NP01,43.0,4.9,31075.0,9860
A20263157,NP01,43.0,4.9,12344.0,9860
A20263158,NP01,43.0,4.9,30150.0,9860
A20263159,NP01,43.0,4.9,6153.0,9860
A20263160,NP01,43.0,4.9,33425.0,9860
A20263161,NP01,43.0,4.9,15692.0,9860
A20263162,NP01,43.0,4.9,16464.0,9860
A20263163,NP01,43.0,4.9,48240.0,9860
A20263164,NP01,43.0,4.9,12060.0,9860
A20263165,NP01,43.0,4.9,27740.0,9860
A20263166,NP01,43.0,4.9,9294.0,9860
A20263167,NP01,43.0,4.9,24530.0,9860
A20263168,NP01,43.0,4.9,124870.0,9860
A20263169,NP01,43.0,4.9,24920.0,9860
A20263170,NP01,43.0,4.9,21880.0,9860
A20263171,NP01,43.0,4.9,27430.0,9860
A20263172,NP01,43.0,4.9,3170.0,9860
A20263173,NP01,43.0,4.9,12430.0,9860
A20263174,NP01,43.0,4.9,87015.0,9860
A20263175,NP01,43.0,4.9,74564.0,9860
A20263176,NP01,43.0,4.9,111820.0,9860
A20263177,NP01,43.0,4.9,112000.0,9860
A20263178,NP01,43.0,4.9,12276.0,9860
A20263179,NP01,43.0,4.9,27250.0,9860
A20263180,NP01,43.0,4.9,82250.0,9860
A20263181,NP01,43.0,7.4,119720.0,9860
A20263182,NP01,43.0,6.6,11250.0,9860
A20263183,NP01,43.0,6.3,55605.0,9860
A20263184,NP01,43.0,10.9,40865.0,9860
A20263185,NP01,43.0,11.0,12573.0,9860
A20263186,NP01,43.0,8.97,19860.0,9860
A20263187,NP01,43.0,8.97,25320.0,9860
A20263188,NP01,43.0,8.1,24894.0,9860
A20263189,NP01,43.0,8.78,30140.0,9860
A20263190,NP01,43.0,9.34,24120.0,9860
A20263191,NP01,43.0,9.34,132580.0,9860
A20263192,NP01,43.0,9.34,32928.0,9860
A20263193,NP01,43.0,10.0,20580.0,9860
A20263194,NP01,43.0,10.06,16476.0,9860
A20263195,NP01,43.0,10.06,49488.0,9860
A20263196,NP01,43.0,5.3,65972.0,9860
A20263197,NP01,43.0,5.3,53679.0,9860
A20263198,NP01,43.0,5.2,44119.0,9860
A20263199,NP01,43.0,4.9,70023.0,9860
A20263200,NP01,43.0,4.9,12344.0,9860
A20263201,NP01,43.0,4.9,104800.0,9860
A20263202,NP01,43.0,3.8,93040.0,9860
A20263203,NP01,43.0,4.6,33024.0,9860
A20263204,NP01,43.0,4.9,30150.0,9860
A20263205,NP01,43.0,4.9,24376.0,9860
A20263206,NP01,43.0,6.0,12122.0,9860
A20263207,NP01,43.0,4.9,18189.0,9860
A20263208,NP01,43.0,4.9,24108.0,9860
A20263209,NP01,43.0,6.4,54252.0,9860
A20263210,NP01,43.0,6.4,18282.0,9860
A20263211,NP01,43.0,4.9,24252.0,9860
A20263212,NP01,43.0,4.9,12372.0,9860
A20263213,NP01,43.0,4.9,24136.0,9860
A20263214,NP01,43.0,4.9,18186.0,9860
A20263215,NP01,43.0,4.9,36180.0,9860
A20263216,NP01,43.0,4.9,12282.0,9860
A20263217,NP01,43.0,6.4,25494.0,9860
A20263218,NP01,43.0,4.9,12447.0,9860
A20263219,NP01,43.0,4.9,30126.0,9860
A20263220,NP01,43.0,4.901,40483.0,9860
A20263221,NP01,43.0,4.901,5061.0,9860
A20263222,NP01,43.0,4.901,38124.0,9860
A20263223,NP01,43.0,6.4,18333.0,9860
A20263224,NP01,43.0,6.4,12372.0,9860
A20263225,NP01,43.0,6.4,12060.0,9860
A20263226,NP01,43.0,6.4,30560.0,9860
A20263227,NP01,43.0,6.4,18336.0,9860
A20263228,NP01,43.0,6.4,12224.0,9860
A20263229,NP01,43.0,5.55,20750.0,9860
A20263230,NP01,43.0,6.7,24130.0,9860
A20263231,NP01,43.0,5.9,12228.0,9860
A20263232,NP01,43.0,5.7,36672.0,9860
A20263233,NP01,43.0,4.9,18333.0,9860
A20263234,NP01,43.0,4.9,12222.0,9860
A20263235,NP01,43.0,4.9,12222.0,9860
A20263236,NP01,43.0,6.4,59040.0,9860
A20263237,NP01,43.0,4.75,3933.0,9860
A20263238,NP01,43.0,4.9,25460.0,9860
A20263239,NP01,43.0,6.1,25400.0,9860
A20263240,NP01,43.0,4.55,40640.0,9860
A20263241,NP01,43.0,5.27,35540.0,9860
A20263242,NP01,43.0,4.9,114220.0,9860
A20263243,NP01,43.0,4.9,113726.0,9860
A20263244,NP01,43.0,4.9,109521.0,9860
A20263245,NP01,43.0,4.9,17839.0,9860
A20263246,NP01,43.0,4.9,58696.0,9860
A20263247,NP01,43.0,4.9,68884.0,9860
A20263248,NP01,43.0,4.9,40736.0,9860
A20263249,NP01,43.0,6.9,43282.0,9860
A20263250,NP01,43.0,4.15,17802.0,9860
A20263251,NP01,43.0,4.9,91368.0,9860
A20263252,NP01,43.0,6.1,35532.0,9860
A20263253,NP01,43.0,6.1,7554.0,9860
A20263254,NP01,43.0,6.1,93166.0,9860
A20263255,NP01,43.0,6.1,25160.0,9860
A20263256,NP01,43.0,6.15,37860.0,9860
A20263257,NP01,43.0,4.45,75720.0,9860
A20263258,NP01,43.0,4.9,5487.0,9860
A20263259,NP01,43.0,4.6,11898.0,9860
A20263260,NP01,43.0,5.4,27692.0,9860
A20263261,NP01,43.0,4.9,15864.0,9860
A20263262,NP01,43.0,4.9,41480.0,9860
A20263263,NP01,43.0,7.9,16475.0,9860
A20263264,NP01,43.0,4.901,16600.0,9860
A20263265,NP01,43.0,4.9,8294.0,9860
A20263266,NP01,43.0,4.9,25218.0,9860
A20263267,NP01,43.0,6.4,39310.0,9860
A20263268,NP01,43.0,6.4,55024.0,9860
A20263269,NP01,43.0,7.9,39519.0,9860
A20263270,NP01,43.0,7.9,6776.0,9860
A20263271,NP01,43.0,7.9,51389.0,9860
A20263272,NP01,43.0,4.9,6776.0,9860
A20263273,NP01,43.0,4.9,76300.0,9860
A20263274,NP01,43.0,6.36,5450.0,9860
A20263275,NP01,43.0,6.07,31515.0,9860
A20263276,NP01,43.0,6.14,50740.0,9860
A20263277,NP01,43.0,6.2,15566.0,9860
A20263278,NP01,43.0,6.2,13346.0,9860
A20263279,NP01,43.0,5.84,65582.0,9860
A20263280,NP01,43.0,6.1,11574.0,9860
A20263281,NP01,43.0,7.9,54054.0,9860
A20263282,NP01,43.0,4.9,24894.0,9860
A20263283,NP01,43.0,6.4,12447.0,9860
A20263284,NP01,43.0,6.4,32912.0,9860
A20263285,NP01,43.0,6.4,25212.0,9860
A20263286,NP01,43.0,4.9,44121.0,9860
A20263287,NP01,43.0,6.55,23460.0,9860
A20263288,NP01,43.0,6.55,109480.0,9860
A20263289,NP01,43.0,6.55,27482.0,9860
A20263290,NP01,43.0,6.25,82438.0,9860
A20263291,NP01,43.0,6.25,75664.0,9860
A20263292,NP01,43.0,6.65,18909.0,9860
A20263293,NP01,43.0,6.65,25208.0,9860
A20263294,NP01,43.0,6.65,7410.0,9860
A20263295,NP01,43.0,6.65,33363.0,9860
A20263296,NP01,43.0,4.7,40789.0,9860
A20263297,NP01,43.0,6.8,40691.0,9860
A20263298,NP01,43.0,6.4,118400.0,9860
A20263299,NP01,43.0,6.4,15030.0,9860
A20263300,NP01,43.0,3.9,12604.0,9860
A20263301,NP01,43.0,4.9,25208.0,9860
A20263302,NP01,43.0,4.9,50420.0,9860
A20263303,NP01,43.0,4.9,89166.0,9860
A20263304,NP01,43.0,4.9,31790.0,9860
A20263305,NP01,43.0,10.68,18974.0,9860
A20263306,NP01,43.0,4.7,37938.0,9860
A20263307,NP01,43.0,4.95,76104.0,9860
A20263308,NP01,43.0,6.1,12684.0,9860
A20263309,NP01,43.0,6.1,19059.0,9860
A20263310,NP01,43.0,6.1,24886.0,9860
A20263311,NP01,43.0,6.1,17045.0,9860
A20263312,NP01,43.0,6.1,7506.0,9860
A20263313,NP01,43.0,6.1,45036.0,9860
A20263314,NP01,43.0,6.1,63580.0,9860
A20263315,NP01,43.0,5.018,44471.0,9860
A20263316,NP01,43.0,6.1,10182.0,9860
A20263317,NP01,43.0,6.1,25412.0,9860
A20263318,NP01,43.0,4.9,18275.0,9860
A20263319,NP01,43.0,5.0,15901.0,9860
A20263320,NP01,43.0,5.0,12224.0,9860
A20263321,NP01,43.0,5.0,50776.0,9860
A20263322,NP01,43.0,5.1,24688.0,9860
A20263323,NP01,43.0,5.2,18520.0,9860
A20263324,NP01,43.0,5.2,128820.0,9860
A20263325,NP01,43.0,6.4,36744.0,9860
A20263326,NP01,43.0,6.4,61539.0,9860
A20263327,NP01,43.0,6.4,50368.0,9860
A20263328,NP01,43.0,6.4,75645.0,9860
A20263329,NP01,43.0,6.4,44212.0,9860
A20263330,NP01,43.0,6.4,31805.0,9860
A20263331,NP01,43.0,6.4,24172.0,9860
A20263332,NP01,43.0,4.9,36672.0,9860
A20263333,NP01,43.0,4.9,44527.0,9860
A20263334,NP01,43.0,6.4,15010.0,9860
A20263335,NP01,43.0,4.9,14998.0,9860
A20263336,NP01,43.0,4.9,39872.0,9860
A20263337,NP01,43.0,4.9,54828.0,9860
A20263338,NP01,43.0,4.9,50824.0,9860
A20263339,NP01,43.0,4.9,36450.0,9860
A20263340,NP01,43.0,4.9,24300.0,9860
A20263341,NP01,43.0,6.4,18930.0,9860
A20263342,NP01,43.0,7.75,60640.0,9860
A20263343,NP01,43.0,7.75,40384.0,9860
A20263344,NP01,43.0,7.75,50010.0,9860
A20263345,NP01,43.0,7.75,74820.0,9860
A20263346,NP01,43.0,7.75,70070.0,9860
A20263347,NP01,43.0,7.75,37752.0,9860
A20263348,NP01,43.0,7.75,53028.0,9860
A20263349,NP01,43.0,7.75,65239.99999999999,9860
A20263350,NP01,43.0,4.9,110600.0,9860
A20263351,NP01,43.0,4.9,43395.0,9860
A20263352,NP01,43.0,4.9,12586.0,9860
A20263353,NP01,43.0,7.0,32784.0,9860
A20263354,NP01,43.0,5.9,20750.0,9860
A20263355,NP01,43.0,4.4,57246.0,9860
A20263356,NP01,43.0,7.0,25464.0,9860
A20263357,NP01,43.0,7.0,31830.0,9860
A20263358,NP01,43.0,5.9,114480.0,9860
A20263359,NP01,43.0,7.0,8292.0,9860
A20263360,NP01,43.0,7.0,24894.0,9860
A20263361,NP01,43.0,7.0,60641.0,9860
A20263362,NP01,43.0,7.0,19559.0,9860
A20263363,NP01,43.0,7.0,15189.0,9860
A20263364,NP01,43.0,7.0,6088.0,9860
A20263365,NP01,43.0,5.9,50584.0,9860
A20263366,NP01,43.0,5.9,42773.0,9860
A20263367,NP01,43.0,5.9,72561.0,9860
A20263368,NP01,43.0,5.9,15286.0,9860
A20263369,NP01,43.0,5.9,26733.0,9860
A20263370,NP01,43.0,8.05,33363.0,9860
A20263371,NP01,43.0,8.05,3704.0,9860
A20263372,NP01,43.0,5.9,33957.0,9860
A20263373,NP01,43.0,4.9,15012.0,9860
A20263374,NP01,43.0,4.9,20016.0,9860
A20263375,NP01,43.0,4.9,15144.0,9860
A20263376,NP01,43.0,4.9,15144.0,9860
A20263377,NP01,43.0,4.9,14905.0,9860
A20263378,NP01,43.0,4.9,19980.0,9860
A20263379,NP01,43.0,4.9,29970.0,9860
A20263380,NP01,43.0,4.9,57291.0,9860
A20263381,NP01,43.0,4.9,114555.0,9860
A20263382,NP01,43.0,4.9,63660.0,9860
A20263383,NP01,43.0,6.1,12276.0,9860
A20263384,NP01,43.0,6.1,18420.0,9860
A20263385,NP01,43.0,6.1,24920.0,9860
A20263386,NP01,43.0,6.1,48960.0,9860
A20263387,NP01,43.0,6.1,38082.0,9860
A20263388,NP01,43.0,6.1,24648.0,9860
A20263389,NP01,43.0,6.1,20450.0,9860
A20263390,NP01,43.0,5.06,20258.0,9860
A20263391,NP01,43.0,5.06,24540.0,9860
A20263392,NP01,43.0,7.24,53170.0,9860
A20263393,NP01,43.0,6.1,75804.0,9860
A20263394,NP01,43.0,6.1,25182.0,9860
A20263395,NP01,43.0,6.1,61100.0,9860
A20263396,NP01,43.0,6.1,12216.0,9860
A20263397,NP01,43.0,4.9,30613.0,9860
A20263398,NP01,43.0,4.9,12086.0,9860
A20263399,NP01,43.0,4.9,12400.0,9860
A20263400,NP01,43.0,4.9,12284.0,9860
A20263401,NP01,43.0,5.6,6146.0,9860
A20263402,NP01,43.0,5.6,31830.0,9860
A20263403,NP01,43.0,11.4,50448.0,9860
A20263404,NP01,43.0,4.9,56727.0,9860
A20263405,NP01,43.0,4.9,75668.0,9860
A20263406,NP01,43.0,8.28,57008.0,9860
A20263407,NP01,43.0,8.28,53170.0,9860
A20263408,NP01,43.0,4.9,16476.0,9860
A20263409,NP01,43.0,4.9,8246.0,9860
A20263410,NP01,43.0,4.9,8246.0,9860
A20263411,NP01,43.0,4.9,24732.0,9860
A20263412,NP01,43.0,4.9,12366.0,9860
A20263413,NP01,43.0,4.5,31615.0,9860
A20263414,NP01,43.0,4.5,12653.0,9860
A20263415,NP01,43.0,4.7,25276.0,9860
A20263416,NP01,43.0,4.9,31595.0,9860
A20263417,NP01,43.0,5.15,25448.0,9860
A20263418,NP01,43.0,4.9,50336.0,9860
A20263419,NP01,43.0,5.36,50336.0,9860
A20263420,NP01,43.0,8.23,60910.0,9860
A20263421,NP01,43.0,11.05,24128.0,9860
A20263422,NP01,43.0,8.4,12073.0,9860
A20263423,NP01,43.0,6.78,42637.0,9860
A20263424,NP01,43.0,7.96,24373.0,9860
A20263425,NP01,43.0,6.84,25376.0,9860
A20263426,NP01,43.0,9.0,31715.0,9860
A20263427,NP01,43.0,8.9,25372.0,9860
A20263428,NP01,43.0,6.4,31713.0,9860
A20263429,NP01,43.0,4.9,50744.0,9860
A20263430,NP01,43.0,4.9,12026.0,9860
A20263431,NP01,43.0,4.9,66294.0,9860
A20263432,NP01,43.0,4.9,11990.0,9860
A20263433,NP01,43.0,4.9,71990.0,9860
A20263434,NP01,43.0,4.5,12040.0,9860
A20263435,NP01,43.0,5.4,72140.0,9860
A20263436,NP01,43.0,4.9,12000.0,9860
A20263437,NP01,43.0,4.9,47980.0,9860
A20263438,NP01,43.0,4.9,18020.0,9860
A20263439,NP01,43.0,6.9,4852.0,9860
A20263440,NP01,43.0,4.9,12067.0,9860
A20263441,NP01,43.0,5.9,48240.0,9860
A20263442,NP01,43.0,5.9,18120.0,9860
A20263443,NP01,43.0,5.9,4893.0,9860
A20263444,NP01,43.0,6.9,12000.0,9860
A20263445,NP01,43.0,6.9,59893.0,9860
A20263446,NP01,43.0,7.0,4835.0,9860
A20263447,NP01,43.0,7.0,24000.0,9860
A20263448,NP01,43.0,7.0,12054.0,9860
A20263449,NP01,43.0,7.0,18046.0,9860
A20263450,NP01,43.0,7.0,54080.0,9860
A20263451,NP01,43.0,7.0,18040.0,9860
A20263452,NP01,43.0,7.0,11986.0,9860
A20263453,NP01,43.0,7.0,18060.0,9860
A20263454,NP01,43.0,7.0,12027.0,9860
A20263455,NP01,43.0,7.0,11987.0,9860
A20263456,NP01,43.0,5.9,12120.0,9860
A20263457,NP01,43.0,5.9,24240.0,9860
A20263458,NP01,43.0,5.9,50468.0,9860
A20263459,NP01,43.0,5.9,20196.0,9860
A20263460,NP01,43.0,5.9,60584.0,9860
A20263461,NP01,43.0,5.9,15186.0,9860
A20263462,NP01,43.0,5.9,10124.0,9860
A20263463,NP01,43.0,5.9,70868.0,9860
A20263464,NP01,43.0,5.9,55605.0,9860
A20263465,NP01,43.0,5.9,33354.0,9860
A20263466,NP01,43.0,5.9,33354.0,9860
A20263467,NP01,43.0,5.9,109940.0,9860
A20263468,NP01,43.0,5.9,16604.0,9860
A20263469,NP01,43.0,5.9,20725.0,9860
A20263470,NP01,43.0,5.9,36826.0,9860
A20263471,NP01,43.0,4.9,24574.0,9860
A20263472,NP01,43.0,4.9,12836.0,9860
A20263473,NP01,43.0,6.4,57722.0,9860
A20263474,NP01,43.0,5.4,57718.0,9860
A20263475,NP01,43.0,5.9,95377.0,9860
A20263476,NP01,43.0,5.9,19095.0,9860
A20263477,NP01,43.0,5.9,63620.0,9860
A20263478,NP01,43.0,5.9,25442.0,9860
A20263479,NP01,43.0,5.9,38140.0,9860
A20263480,NP01,43.0,5.9,30101.0,9860
A20263481,NP01,43.0,5.9,61944.0,9860
A20263482,NP01,43.0,7.0,36572.0,9860
A20263483,NP01,43.0,6.9,41635.0,9860
A20263484,NP01,43.0,6.9,47722.0,9860
A20263485,NP01,43.0,5.9,36724.0,9860
A20263486,NP01,43.0,4.9,53809.0,9860
A20263487,NP01,43.0,4.9,23367.0,9860
A20263488,NP01,43.0,4.9,17328.0,9860
A20263489,NP01,43.0,4.901,48406.0,9860
A20263490,NP01,43.0,4.901,23840.0,9860
A20263491,NP01,43.0,7.9,17519.0,9860
A20263492,NP01,43.0,4.94,61760.0,9860
A20263493,NP01,43.0,4.9,74400.0,9860
A20263494,NP01,43.0,4.9,54227.0,9860
A20263495,NP01,43.0,4.9,23453.0,9860
A20263496,NP01,43.0,4.9,41820.0,9860
A20263497,NP01,43.0,4.9,26520.0,9860
A20263498,NP01,43.0,5.97,117982.0,9860
A20263499,NP01,43.0,5.97,35838.0,9860
A20263500,NP01,43.0,5.9,126108.0,9860
A20263501,NP01,43.0,5.7,125900.0,9860
A20263502,NP01,43.0,5.22,72670.0,9860
A20263503,NP01,43.0,4.9,64470.0,9860
A20263504,NP01,43.0,4.901,47725.0,9860
A20263505,NP01,43.0,4.901,41570.0,9860
A20263506,NP01,43.0,4.901,17274.0,9860
A20263507,NP01,43.0,4.901,24176.0,9860
A20263508,NP01,43.0,4.901,23800.0,9860
A20263509,NP01,43.0,6.4,127400.0,9860
A20263510,NP01,43.0,6.4,56523.0,9860
A20263511,NP01,43.0,5.0,106294.0,9860
A20263512,NP01,43.0,5.0,77552.0,9860
A20263513,NP01,43.0,4.6,35564.0,9860
A20263514,NP01,43.0,6.35,36370.0,9860
A20263515,NP01,43.0,6.35,93984.0,9860
A20263516,NP01,43.0,10.9,80948.0,9860
A20263517,NP01,43.0,6.54,125425.0,9860
A20263518,NP01,43.0,4.9,87740.0,9860
A20263519,NP01,43.0,4.901,17289.0,9860
A20263520,NP01,43.0,4.901,29680.0,9860
A20263521,NP01,43.0,4.901,86560.0,9860
A20263522,NP01,43.0,4.9,26256.0,9860
A20263523,NP01,43.0,4.9,53396.0,9860
A20263524,NP01,43.0,6.4,18860.0,9860
A20263525,NP01,43.0,6.4,34246.0,9860
A20263526,NP01,43.0,6.4,26563.0,9860
A20263527,NP01,43.0,6.4,31800.0,9860
A20263528,NP01,43.0,4.9,23464.0,9860
A20263529,NP01,43.0,4.9,78014.0,9860
A20263530,NP01,43.0,5.995,23940.0,9860
A20263531,NP01,43.0,5.33,27576.0,9860
A20263532,NP01,43.0,5.33,49252.0,9860
A20263533,NP01,43.0,5.08,49192.0,9860
A20263534,NP01,43.0,5.08,85327.0,9860
A20263535,NP01,43.0,6.1,26113.0,9860
A20263536,NP01,43.0,4.9,60340.0,9860
A20263537,NP01,43.0,4.9,42780.0,9860
A20263538,NP01,43.0,5.3,30190.0,9860
A20263539,NP01,43.0,4.901,60340.0,9860
A20263540,NP01,43.0,4.901,121720.0,9860
A20263541,NP01,43.0,4.75,115700.0,9860
A20263542,NP01,43.0,4.525,29660.0,9860
A20263543,NP01,43.0,4.78,35552.0,9860
A20263544,NP01,43.0,4.9,35564.0,9860
A20263545,NP01,43.0,4.95,97288.0,9860
A20263546,NP01,43.0,5.4,27012.0,9860
A20263547,NP01,43.0,5.4,36148.0,9860
A20263548,NP01,43.0,5.4,31705.0,9860
A20263549,NP01,43.0,5.4,19516.0,9860
A20263550,NP01,43.0,6.4,69411.0,9860
A20263551,NP01,43.0,6.4,40145.0,9860
A20263552,NP01,43.0,6.4,23378.0,9860
A20263553,NP01,43.0,6.4,54140.0,9860
A20263554,NP01,43.0,4.901,93600.0,9860
A20263555,NP01,43.0,4.901,23560.0,9860
A20263556,NP01,43.0,6.4,143300.0,9860
A20263557,NP01,43.0,5.9,73225.0,9860
A20263558,NP01,43.0,4.9,40157.0,9860
A20263559,NP01,43.0,4.9,34993.0,9860
A20263560,NP01,43.0,4.9,126440.0,9860
A20263561,NP01,43.0,4.9,56429.0,9860
A20263562,NP01,43.0,4.901,23348.0,9860
A20263563,NP01,43.0,4.901,97531.0,9860
A20263564,NP01,43.0,6.4,52270.0,9860
A20263565,NP01,43.0,4.9,52174.0,9860
A20263566,NP01,43.0,4.9,31880.0,9860
A20263567,NP01,43.0,4.9,76900.0,9860
A20263568,NP01,43.0,4.9,52200.0,9860
A20263569,NP01,43.0,4.9,45319.0,9860
A20263570,NP01,43.0,4.9,27446.0,9860
A20263571,NP01,43.0,4.9,18778.0,9860
A20263572,NP01,43.0,4.9,23605.0,9860
A20263573,NP01,43.0,6.4,23512.0,9860
A20263574,NP01,43.0,4.9,30794.0,9860
A20263575,NP01,43.0,4.9,61586.0,9860
A20263576,NP01,43.0,4.9,49730.0,9860
A20263577,NP01,43.0,4.9,49726.0,9860
A20263578,NP01,43.0,4.5,80554.0,9860
A20263579,NP01,43.0,8.15,64733.99999999999,9860
A20263580,NP01,43.0,7.2,72310.0,9860
A20263581,NP01,43.0,7.08,36568.0,9860
A20263582,NP01,43.0,4.9,53823.0,9860
A20263583,NP01,43.0,4.9,21160.0,9860
A20263584,NP01,43.0,4.9,35360.0,9860
A20263585,NP01,43.0,4.9,36558.0,9860
A20263586,NP01,43.0,4.9,17280.0,9860
A20263587,NP01,43.0,4.9,35564.0,9860
A20263588,NP01,43.0,4.9,73390.0,9860
A20263589,NP01,43.0,4.9,74831.0,9860
A20263590,NP01,43.0,4.9,102135.0,9860
A20263591,NP01,43.0,4.9,46925.0,9860
A20263592,NP01,43.0,4.9,140100.0,9860
A20263593,NP01,43.0,4.9,140110.0,9860
A20263594,NP01,43.0,4.9,140150.0,9860
A20263595,NP01,43.0,4.9,140120.0,9860
A20263596,NP01,43.0,4.9,140090.0,9860
A20263597,NP01,43.0,4.9,36134.0,9860
A20263598,NP01,43.0,4.9,71000.0,9860
A20263599,NP01,43.0,4.9,23378.0,9860
A20263600,NP01,43.0,4.9,46634.0,9860
A20263601,NP01,43.0,4.9,29186.0,9860
A20263602,NP01,43.0,4.9,29180.0,9860
A20263603,NP01,43.0,4.9,23146.0,9860
A20263604,NP01,43.0,4.9,23164.0,9860
A20263605,NP01,43.0,4.9,53130.0,9860
A20263606,NP01,43.0,4.9,23200.0,9860
A20263607,NP01,43.0,4.9,23174.0,9860
A20263608,NP01,43.0,7.4,83220.0,9860
A20263609,NP01,43.0,6.6,41266.0,9860
A20263610,NP01,43.0,6.3,23220.0,9860
A20263611,NP01,43.0,10.9,53206.0,9860
A20263612,NP01,43.0,11.0,53274.0,9860
A20263613,NP01,43.0,8.97,23186.0,9860
A20263614,NP01,43.0,8.97,35194.0,9860
A20263615,NP01,43.0,8.1,23200.0,9860
A20263616,NP01,43.0,8.78,94740.0,9860
A20263617,NP01,43.0,9.34,74814.0,9860
A20263618,NP01,43.0,9.34,52369.0,9860
A20263619,NP01,43.0,9.34,18746.0,9860
A20263620,NP01,43.0,10.0,35920.0,9860
A20263621,NP01,43.0,10.06,31516.0,9860
A20263622,NP01,43.0,10.06,27630.0,9860
A20263623,NP01,43.0,5.3,105970.0,9860
A20263624,NP01,43.0,5.3,50860.0,9860
A20263625,NP01,43.0,5.2,42938.0,9860
A20263626,NP01,43.0,4.9,121760.0,9860
A20263627,NP01,43.0,4.9,137380.0,9860
A20263628,NP01,43.0,4.9,137440.0,9860
A20263629,NP01,43.0,3.8,90308.0,9860
A20263630,NP01,43.0,4.6,85130.0,9860
A20263631,NP01,43.0,4.9,126260.0,9860
A20263632,NP01,43.0,4.9,142800.0,9860
A20263633,NP01,43.0,6.0,126420.0,9860
A20263634,NP01,43.0,4.9,110128.0,9860
A20263635,NP01,43.0,4.9,110134.0,9860
A20263636,NP01,43.0,6.4,110224.0,9860
A20263637,NP01,43.0,6.4,27716.0,9860
A20263638,NP01,43.0,4.9,126620.0,9860
A20263639,NP01,43.0,4.9,23372.0,9860
A20263640,NP01,43.0,4.9,143280.0,9860
A20263641,NP01,43.0,4.9,143240.0,9860
A20263642,NP01,43.0,4.9,126740.0,9860
A20263643,NP01,43.0,4.9,101818.0,9860
A20263644,NP01,43.0,6.4,35922.0,9860
A20263645,NP01,43.0,4.9,126900.0,9860
A20263646,NP01,43.0,4.9,126680.0,9860
A20263647,NP01,43.0,4.901,40089.0,9860
A20263648,NP01,43.0,4.901,97871.0,9860
A20263649,NP01,43.0,4.901,143020.0,9860
A20263650,NP01,43.0,6.4,37688.0,9860
A20263651,NP01,43.0,6.4,35870.0,9860
A20263652,NP01,43.0,6.4,127260.0,9860
A20263653,NP01,43.0,6.4,18740.0,9860
A20263654,NP01,43.0,6.4,37597.0,9860
A20263655,NP01,43.0,6.4,43105.0,9860
A20263656,NP01,43.0,5.55,36052.0,9860
A20263657,NP01,43.0,6.7,80910.0,9860
A20263658,NP01,43.0,5.9,14570.0,9860
A20263659,NP01,43.0,5.7,43976.0,9860
A20263660,NP01,43.0,4.9,68254.0,9860
A20263661,NP01,43.0,4.9,49378.0,9860
A20263662,NP01,43.0,4.9,43015.0,9860
A20263663,NP01,43.0,6.4,96587.0,9860
A20263664,NP01,43.0,4.75,108640.0,9860
A20263665,NP01,43.0,4.9,47473.0,9860
A20263666,NP01,43.0,6.1,23368.0,9860
A20263667,NP01,43.0,4.55,23387.0,9860
A20263668,NP01,43.0,5.27,29467.0,9860
A20263669,NP01,43.0,4.9,23378.0,9860
A20263670,NP01,43.0,4.9,47734.0,9860
A20263671,NP01,43.0,4.9,35536.0,9860
A20263672,NP01,43.0,4.9,23368.0,9860
A20263673,NP01,43.0,4.9,47700.0,9860
A20263674,NP01,43.0,4.9,53788.0,9860
A20263675,NP01,43.0,4.9,23760.0,9860
A20263676,NP01,43.0,6.9,42805.0,9860
A20263677,NP01,43.0,4.15,35528.0,9860
A20263678,NP01,43.0,4.9,59587.0,9860
A20263679,NP01,43.0,6.1,71680.0,9860
A20263680,NP01,43.0,6.1,40152.0,9860
A20263681,NP01,43.0,6.1,144511.0,9860
A20263682,NP01,43.0,6.1,29476.0,9860
A20263683,NP01,43.0,6.15,47775.0,9860
A20263684,NP01,43.0,4.45,23392.0,9860
A20263685,NP01,43.0,4.9,47429.0,9860
A20263686,NP01,43.0,4.6,26362.0,9860
A20263687,NP01,43.0,5.4,42696.0,9860
A20263688,NP01,43.0,4.9,23160.0,9860
A20263689,NP01,43.0,4.9,35193.0,9860
A20263690,NP01,43.0,7.9,35167.0,9860
A20263691,NP01,43.0,4.901,47160.0,9860
A20263692,NP01,43.0,4.9,23186.0,9860
A20263693,NP01,43.0,4.9,29160.0,9860
A20263694,NP01,43.0,6.4,23146.0,9860
A20263695,NP01,43.0,6.4,89074.0,9860
A20263696,NP01,43.0,7.9,76866.0,9860
A20263697,NP01,43.0,7.9,82893.0,9860
A20263698,NP01,43.0,7.9,23226.0,9860
A20263699,NP01,43.0,4.9,41221.0,9860
A20263700,NP01,43.0,4.9,65233.00000000001,9860
A20263701,NP01,43.0,6.36,23160.0,9860
A20263702,NP01,43.0,6.07,53220.0,9860
A20263703,NP01,43.0,6.14,17213.0,9860
A20263704,NP01,43.0,6.2,41227.0,9860
A20263705,NP01,43.0,6.2,23210.0,9860
A20263706,NP01,43.0,5.84,41210.0,9860
A20263707,NP01,43.0,6.1,65260.00000000001,9860
A20263708,NP01,43.0,7.9,23214.0,9860
A20263709,NP01,43.0,4.9,71240.0,9860
A20263710,NP01,43.0,6.4,29220.0,9860
A20263711,NP01,43.0,6.4,23200.0,9860
A20263712,NP01,43.0,6.4,77160.0,9860
A20263713,NP01,43.0,4.9,23226.0,9860
A20263714,NP01,43.0,6.55,35214.0,9860
A20263715,NP01,43.0,6.55,53160.0,9860
A20263716,NP01,43.0,6.55,23126.0,9860
A20263717,NP01,43.0,6.25,35214.0,9860
A20263718,NP01,43.0,6.25,23206.0,9860
A20263719,NP01,43.0,6.65,41185.0,9860
A20263720,NP01,43.0,6.65,90900.0,9860
A20263721,NP01,43.0,6.65,122780.0,9860
A20263722,NP01,43.0,6.65,29049.0,9860
A20263723,NP01,43.0,4.7,23240.0,9860
A20263724,NP01,43.0,6.8,95280.0,9860
A20263725,NP01,43.0,6.4,23120.0,9860
A20263726,NP01,43.0,6.4,29040.0,9860
A20263727,NP01,43.0,3.9,17313.0,9860
A20263728,NP01,43.0,4.9,59044.0,9860
A20263729,NP01,43.0,4.9,46890.0,9860
A20263730,NP01,43.0,4.9,23214.0,9860
A20263731,NP01,43.0,4.9,41140.0,9860
A20263732,NP01,43.0,10.68,41259.0,9860
A20263733,NP01,43.0,4.7,53500.0,9860
A20263734,NP01,43.0,4.95,26245.0,9860
A20263735,NP01,43.0,6.1,46280.0,9860
A20263736,NP01,43.0,6.1,106840.0,9860
A20263737,NP01,43.0,6.1,55068.0,9860
A20263738,NP01,43.0,6.1,23482.0,9860
A20263739,NP01,43.0,6.1,22585.0,9860
A20263740,NP01,43.0,6.1,37737.0,9860
A20263741,NP01,43.0,6.1,131180.0,9860
A20263742,NP01,43.0,5.018,131060.0,9860
A20263743,NP01,43.0,6.1,131140.0,9860
A20263744,NP01,43.0,6.1,41168.0,9860
A20263745,NP01,43.0,4.9,23041.0,9860
A20263746,NP01,43.0,5.0,17689.0,9860
A20263747,NP01,43.0,5.0,62589.0,9860
A20263748,NP01,43.0,5.0,62316.0,9860
A20263749,NP01,43.0,5.1,35488.0,9860
A20263750,NP01,43.0,5.2,42815.0,9860
A20263751,NP01,43.0,5.2,73849.0,9860
A20263752,NP01,43.0,6.4,69062.0,9860
A20263753,NP01,43.0,6.4,69058.0,9860
A20263754,NP01,43.0,6.4,60664.0,9860
A20263755,NP01,43.0,6.4,60664.0,9860
A20263756,NP01,43.0,6.4,27004.0,9860
A20263757,NP01,43.0,6.4,103688.0,9860
A20263758,NP01,43.0,6.4,93144.0,9860
A20263759,NP01,43.0,4.9,35788.0,9860
A20263760,NP01,43.0,4.9,17563.0,9860
A20263761,NP01,43.0,6.4,60260.0,9860
A20263762,NP01,43.0,4.9,91120.0,9860
A20263763,NP01,43.0,4.9,26284.0,9860
A20263764,NP01,43.0,4.9,59920.0,9860
A20263765,NP01,43.0,4.9,72991.0,9860
A20263766,NP01,43.0,4.9,52730.0,9860
A20263767,NP01,43.0,4.9,78992.0,9860
A20263768,NP01,43.0,6.4,23641.0,9860
A20263769,NP01,43.0,7.75,101352.0,9860
A20263770,NP01,43.0,7.75,27588.0,9860
A20263771,NP01,43.0,7.75,15053.0,9860
A20263772,NP01,43.0,7.75,30465.0,9860
A20263773,NP01,43.0,7.75,134700.0,9860
A20263774,NP01,43.0,7.75,30470.0,9860
A20263775,NP01,43.0,7.75,109532.0,9860
A20263776,NP01,43.0,7.75,23491.0,9860
A20263777,NP01,43.0,4.9,23462.0,9860
A20263778,NP01,43.0,4.9,35550.0,9860
A20263779,NP01,43.0,4.9,72360.0,9860
A20263780,NP01,43.0,7.0,60130.0,9860
A20263781,NP01,43.0,5.9,60160.0,9860
A20263782,NP01,43.0,4.4,56564.0,9860
A20263783,NP01,43.0,7.0,41846.0,9860
A20263784,NP01,43.0,7.0,23461.0,9860
A20263785,NP01,43.0,5.9,36228.0,9860
A20263786,NP01,43.0,7.0,102570.0,9860
A20263787,NP01,43.0,7.0,36076.0,9860
A20263788,NP01,43.0,7.0,54131.0,9860
A20263789,NP01,43.0,7.0,41865.0,9860
A20263790,NP01,43.0,7.0,66404.0,9860
A20263791,NP01,43.0,7.0,41560.0,9860
A20263792,NP01,43.0,5.9,35800.0,9860
A20263793,NP01,43.0,5.9,35573.0,9860
A20263794,NP01,43.0,5.9,41600.0,9860
A20263795,NP01,43.0,5.9,47740.0,9860
A20263796,NP01,43.0,5.9,35547.0,9860
A20263797,NP01,43.0,8.05,23051.0,9860
A20263798,NP01,43.0,8.05,26928.0,9860
A20263799,NP01,43.0,5.9,38716.0,9860
A20263800,NP01,43.0,4.9,36712.0,9860
A20263801,NP01,43.0,4.9,102424.0,9860
A20263802,NP01,43.0,4.9,31930.0,9860
A20263803,NP01,43.0,4.9,74510.0,9860
A20263804,NP01,43.0,4.9,17493.0,9860
A20263805,NP01,43.0,4.9,48949.0,9860
A20263806,NP01,43.0,4.9,23786.0,9860
A20263807,NP01,43.0,4.9,85828.0,9860
A20263808,NP01,43.0,4.9,31880.0,9860
A20263809,NP01,43.0,4.9,49473.0,9860
A20263810,NP01,43.0,6.1,49480.0,9860
A20263811,NP01,43.0,6.1,61687.0,9860
A20263812,NP01,43.0,6.1,123597.0,9860
A20263813,NP01,43.0,6.1,17623.0,9860
A20263814,NP01,43.0,6.1,146000.0,9860
A20263815,NP01,43.0,6.1,131100.0,9860
A20263816,NP01,43.0,6.1,101080.0,9860
A20263817,NP01,43.0,5.06,22453.0,9860
A20263818,NP01,43.0,5.06,41160.0,9860
A20263819,NP01,43.0,7.24,23842.0,9860
A20263820,NP01,43.0,6.1,17294.0,9860
A20263821,NP01,43.0,6.1,46633.0,9860
A20263822,NP01,43.0,6.1,50710.0,9860
A20263823,NP01,43.0,6.1,51184.0,9860
A20263824,NP01,43.0,4.9,46186.0,9860
A20263825,NP01,43.0,4.9,30289.0,9860
A20263826,NP01,43.0,4.9,66000.0,9860
A20263827,NP01,43.0,4.9,23380.0,9860
A20263828,NP01,43.0,5.6,53837.0,9860
A20263829,NP01,43.0,5.6,119987.0,9860
A20263830,NP01,43.0,11.4,101212.0,9860
A20263831,NP01,43.0,4.9,41208.0,9860
A20263832,NP01,43.0,4.9,131320.0,9860
A20263833,NP01,43.0,8.28,86510.0,9860
A20263834,NP01,43.0,8.28,33790.0,9860
A20263835,NP01,43.0,4.9,26052.0,9860
A20263836,NP01,43.0,4.9,26052.0,9860
A20263837,NP01,43.0,4.9,26052.0,9860
A20263838,NP01,43.0,4.9,26052.0,9860
A20263839,NP01,43.0,4.9,55742.0,9860
A20263840,NP01,43.0,4.5,64527.0,9860
A20263841,NP01,43.0,4.5,30790.0,9860
A20263842,NP01,43.0,4.7,37863.0,9860
A20263843,NP01,43.0,4.9,29940.0,9860
A20263844,NP01,43.0,5.15,29940.0,9860
A20263845,NP01,43.0,4.9,29940.0,9860
A20263846,NP01,43.0,5.36,67420.0,9860
A20263847,NP01,43.0,8.23,17625.0,9860
A20263848,NP01,43.0,11.05,96600.0,9860
A20263849,NP01,43.0,8.4,139330.0,9860
A20263850,NP01,43.0,6.78,59984.0,9860
A20263851,NP01,43.0,7.96,84376.0,9860
A20263852,NP01,43.0,6.84,35780.0,9860
A20263853,NP01,43.0,9.0,29635.0,9860
A20263854,NP01,43.0,8.9,66505.0,9860
A20263855,NP01,43.0,6.4,41655.0,9860
A20263856,NP01,43.0,4.9,41655.0,9860
A20263857,NP01,43.0,4.9,41615.0,9860
A20263858,NP01,43.0,4.9,47698.0,9860
A20263859,NP01,43.0,4.9,23380.0,9860
A20263860,NP01,43.0,4.9,41368.0,9860
A20263861,NP01,43.0,4.5,45147.0,9860
A20263862,NP01,43.0,5.4,24356.0,9860
A20263863,NP01,43.0,4.9,45729.0,9860
A20263864,NP01,43.0,4.9,56600.0,9860
A20263865,NP01,43.0,4.9,60548.0,9860
A20263866,NP01,43.0,6.9,21776.0,9860
A20263867,NP01,43.0,4.9,72027.0,9860
A20263868,NP01,43.0,5.9,41585.0,9860
A20263869,NP01,43.0,5.9,41585.0,9860
A20263870,NP01,43.0,5.9,41585.0,9860
A20263871,NP01,43.0,6.9,23382.0,9860
A20263872,NP01,43.0,6.9,23391.0,9860
A20263873,NP01,43.0,7.0,35528.0,9860
A20263874,NP01,43.0,7.0,56784.0,9860
A20263875,NP01,43.0,7.0,36070.0,9860
A20263876,NP01,43.0,7.0,31925.0,9860
A20263877,NP01,43.0,7.0,51184.0,9860
A20263878,NP01,43.0,7.0,31250.0,9860
A20263879,NP01,43.0,7.0,46578.0,9860
A20263880,NP01,43.0,7.0,17026.0,9860
A20263881,NP01,43.0,7.0,17265.0,9860
A20263882,NP01,43.0,7.0,111300.0,9860
A20263883,NP01,43.0,5.9,23810.0,9860
A20263884,NP01,43.0,5.9,59883.0,9860
A20263885,NP01,43.0,5.9,27692.0,9860
A20263886,NP01,43.0,5.9,52490.0,9860
A20263887,NP01,43.0,5.9,52490.0,9860
A20263888,NP01,43.0,5.9,44240.0,9860
A20263889,NP01,43.0,5.9,48370.0,9860
A20263890,NP01,43.0,5.9,63644.0,9860
A20263891,NP01,43.0,5.9,73488.0,9860
A20263892,NP01,43.0,5.9,31922.0,9860
A20263893,NP01,43.0,5.9,77520.0,9860
A20263894,NP01,43.0,5.9,31925.0,9860
A20263895,NP01,43.0,5.9,60388.0,9860
A20263896,NP01,43.0,5.9,52190.0,9860
A20263897,NP01,43.0,5.9,49480.0,9860
A20263898,NP01,43.0,4.9,49480.0,9860
A20263899,NP01,43.0,4.9,126030.0,9860
A20263900,NP01,43.0,6.4,30328.0,9860
A20263901,NP01,43.0,5.4,144930.0,9860
A20263902,NP01,43.0,5.9,87688.0,9860
A20263903,NP01,43.0,5.9,23760.0,9860
A20263904,NP01,43.0,5.9,27788.0,9860
A20263905,NP01,43.0,5.9,27788.0,9860
A20263906,NP01,43.0,5.9,36082.0,9860
A20263907,NP01,43.0,5.9,48505.0,9860
A20263908,NP01,43.0,5.9,81733.0,9860
A20263909,NP01,43.0,7.0,56847.0,9860
A20263910,NP01,43.0,6.9,73360.0,9860
A20263911,NP01,43.0,6.9,31920.0,9860
A20263912,NP01,43.0,5.9,81656.0,9860
A20263913,NP01,43.0,4.9,64968.0,9860
A20263914,NP01,43.0,4.9,36082.0,9860
A20263915,NP01,43.0,4.9,42665.0,9860
A20263916,NP01,43.0,4.901,17453.0,9860
A20263917,NP01,43.0,4.901,38005.0,9860
A20263918,NP01,43.0,7.9,54540.0,9860
A20263919,NP01,43.0,4.94,34858.0,9860
A20263920,NP01,43.0,4.9,42450.0,9860
A20263921,NP01,43.0,4.9,70130.0,9860
A20263922,NP01,43.0,4.9,90903.0,9860
A20263923,NP01,43.0,4.9,47995.0,9860
A20263924,NP01,43.0,4.9,23468.0,9860
A20263925,NP01,43.0,5.97,71920.0,9860
A20263926,NP01,43.0,5.97,45335.0,9860
A20263927,NP01,43.0,5.9,37765.0,9860
A20263928,NP01,43.0,5.7,45355.0,9860
A20263929,NP01,43.0,5.22,65007.00000000001,9860
A20263930,NP01,43.0,4.9,55650.0,9860
A20263931,NP01,43.0,4.901,121520.0,9860
A20263932,NP01,43.0,4.901,139890.0,9860
A20263933,NP01,43.0,4.901,139910.0,9860
A20263934,NP01,43.0,4.901,84720.0,9860
A20263935,NP01,43.0,4.901,89043.0,9860
A20263936,NP01,43.0,6.4,17352.0,9860
A20263937,NP01,43.0,6.4,27019.0,9860
A20263938,NP01,43.0,5.0,23424.0,9860
A20263939,NP01,43.0,5.0,23420.0,9860
A20263940,NP01,43.0,4.6,23420.0,9860
A20263941,NP01,43.0,6.35,29560.0,9860
A20263942,NP01,43.0,6.35,29533.0,9860
A20263943,NP01,43.0,10.9,29527.0,9860
A20263944,NP01,43.0,6.54,27061.0,9860
A20263945,NP01,43.0,4.9,59848.0,9860
A20263946,NP01,43.0,4.901,23424.0,9860
A20263947,NP01,43.0,4.901,29431.0,9860
A20263948,NP01,43.0,4.901,29434.0,9860
A20263949,NP01,43.0,4.9,42685.0,9860
A20263950,NP01,43.0,4.9,36388.0,9860
A20263951,NP01,43.0,6.4,51220.0,9860
A20263952,NP01,43.0,6.4,111220.0,9860
A20263953,NP01,43.0,6.4,51220.0,9860
A20263954,NP01,43.0,6.4,21220.0,9860
A20263955,NP01,43.0,4.9,26220.0,9860
A20263956,NP01,43.0,4.9,46240.0,9860
A20263957,NP01,43.0,5.995,36165.0,9860
A20263958,NP01,43.0,5.33,17340.0,9860
A20263959,NP01,43.0,5.33,36155.0,9860
A20263960,NP01,43.0,5.08,26200.0,9860
A20263961,NP01,43.0,5.08,26160.0,9860
A20263962,NP01,43.0,6.1,56135.0,9860
A20263963,NP01,43.0,4.9,50700.0,9860
A20263964,NP01,43.0,4.9,34768.0,9860
A20263965,NP01,43.0,5.3,26912.0,9860
A20263966,NP01,43.0,4.901,111180.0,9860
A20263967,NP01,43.0,4.901,42446.0,9860
A20263968,NP01,43.0,4.75,23714.0,9860
A20263969,NP01,43.0,4.525,86160.0,9860
A20263970,NP01,43.0,4.78,36240.0,9860
A20263971,NP01,43.0,4.9,76295.0,9860
A20263972,NP01,43.0,4.95,48977.0,9860
A20263973,NP01,43.0,5.4,23826.0,9860
A20263974,NP01,43.0,5.4,30139.0,9860
A20263975,NP01,43.0,5.4,30700.0,9860
A20263976,NP01,43.0,5.4,40558.0,9860
A20263977,NP01,43.0,6.4,31080.0,9860
A20263978,NP01,43.0,6.4,46005.0,9860
A20263979,NP01,43.0,6.4,31935.0,9860
A20263980,NP01,43.0,6.4,23641.0,9860
A20263981,NP01,43.0,4.901,30289.0,9860
A20263982,NP01,43.0,4.901,30279.0,9860
A20263983,NP01,43.0,6.4,30220.0,9860
A20263984,NP01,43.0,5.9,31147.0,9860
A20263985,NP01,43.0,4.9,26196.0,9860
A20263986,NP01,43.0,4.9,81176.0,9860
A20263987,NP01,43.0,4.9,66222.0,9860
A20263988,NP01,43.0,4.9,23350.0,9860
A20263989,NP01,43.0,4.901,47650.0,9860
A20263990,NP01,43.0,4.901,23500.0,9860
A20263991,NP01,43.0,6.4,41950.0,9860
A20263992,NP01,43.0,4.9,41755.0,9860
A20263993,NP01,43.0,4.9,72310.0,9860
A20263994,NP01,43.0,4.9,41607.0,9860
A20263995,NP01,43.0,4.9,44368.0,9860
A20263996,NP01,43.0,4.9,31922.0,9860
A20263997,NP01,43.0,4.9,19494.0,9860
A20263998,NP01,43.0,4.9,30220.0,9860
A20263999,NP01,43.0,4.9,36226.0,9860
A20264000,NP01,43.0,6.4,21174.0,9860
A20264001,NP01,43.0,4.9,21186.0,9860
A20264002,NP01,43.0,4.9,31184.0,9860
A20264003,NP01,43.0,4.9,21110.0,9860
A20264004,NP01,43.0,4.9,16165.0,9860
A20264005,NP01,43.0,4.5,66105.0,9860
A20264006,NP01,43.0,8.15,31140.0,9860
A20264007,NP01,43.0,7.2,71140.0,9860
A20264008,NP01,43.0,7.08,56902.0,9860
A20264009,NP01,43.0,4.9,112205.0,9860
A20264010,NP01,43.0,4.9,70985.0,9860
A20264011,NP01,43.0,4.9,38375.0,9860
A20264012,NP01,43.0,4.9,27447.0,9860
A20264013,NP01,43.0,4.9,143720.0,9860
A20264014,NP01,43.0,4.9,61680.0,9860
A20264015,NP01,43.0,4.9,31245.0,9860
A20264016,NP01,43.0,4.9,26155.0,9860
A20264017,NP01,43.0,4.9,51300.0,9860
A20264018,NP01,43.0,4.9,46270.0,9860
A20264019,NP01,43.0,4.9,46270.0,9860
A20264020,NP01,43.0,4.9,23350.0,9860
A20264021,NP01,43.0,4.9,30232.0,9860
A20264022,NP01,43.0,4.9,31935.0,9860
A20264023,NP01,43.0,4.9,31935.0,9860
A20264024,NP01,43.0,4.9,23491.0,9860
A20264025,NP01,43.0,4.9,19480.0,9860
A20264026,NP01,43.0,4.9,36082.0,9860
A20264027,NP01,43.0,4.9,48877.0,9860
A20264028,NP01,43.0,4.9,16583.0,9860
A20264029,NP01,43.0,4.9,44360.0,9860
A20264030,NP01,43.0,4.9,40145.0,9860
A20264031,NP01,43.0,4.9,23478.0,9860
A20264032,NP01,43.0,4.9,54173.0,9860
A20264033,NP01,43.0,4.9,36576.0,9860
A20264034,NP01,43.0,4.9,42920.0,9860
A20264035,NP01,43.0,7.4,23948.0,9860
A20264036,NP01,43.0,6.6,29655.0,9860
A20264037,NP01,43.0,6.3,21743.0,9860
A20264038,NP01,43.0,10.9,90630.0,9860
A20264039,NP01,43.0,11.0,30115.0,9860
A20264040,NP01,43.0,8.97,130919.00000000001,9860
A20264041,NP01,43.0,8.97,26155.0,9860
A20264042,NP01,43.0,8.1,26185.0,9860
A20264043,NP01,43.0,8.78,16195.0,9860
A20264044,NP01,43.0,9.34,31170.0,9860
A20264045,NP01,43.0,9.34,91280.0,9860
A20264046,NP01,43.0,9.34,71240.0,9860
A20264047,NP01,43.0,10.0,36220.0,9860
A20264048,NP01,43.0,10.06,46220.0,9860
A20264049,NP01,43.0,10.06,56195.0,9860
A20264050,NP01,43.0,5.3,36135.0,9860
A20264051,NP01,43.0,5.3,31240.0,9860
A20264052,NP01,43.0,5.2,31280.0,9860
A20264053,NP01,43.0,4.9,124760.0,9860
A20264054,NP01,43.0,4.9,102081.0,9860
A20264055,NP01,43.0,4.9,40229.0,9860
A20264056,NP01,43.0,3.8,48527.0,9860
A20264057,NP01,43.0,4.6,19488.0,9860
A20264058,NP01,43.0,4.9,56784.0,9860
A20264059,NP01,43.0,4.9,56696.0,9860
A20264060,NP01,43.0,6.0,49264.0,9860
A20264061,NP01,43.0,4.9,30236.0,9860
A20264062,NP01,43.0,4.9,27740.0,9860
A20264063,NP01,43.0,6.4,27744.0,9860
A20264064,NP01,43.0,6.4,23418.0,9860
A20264065,NP01,43.0,4.9,23418.0,9860
A20264066,NP01,43.0,4.9,29707.0,9860
A20264067,NP01,43.0,4.9,16488.0,9860
A20264068,NP01,43.0,4.9,29525.0,9860
A20264069,NP01,43.0,4.9,29522.0,9860
A20264070,NP01,43.0,4.9,23350.0,9860
A20264071,NP01,43.0,6.4,24356.0,9860
A20264072,NP01,43.0,4.9,36082.0,9860
A20264073,NP01,43.0,4.9,23495.0,9860
A20264074,NP01,43.0,4.901,31665.0,9860
A20264075,NP01,43.0,4.901,23482.0,9860
A20264076,NP01,43.0,4.901,26987.0,9860
A20264077,NP01,43.0,6.4,96860.0,9860
A20264078,NP01,43.0,6.4,47968.0,9860
A20264079,NP01,43.0,6.4,47972.0,9860
A20264080,NP01,43.0,6.4,42951.0,9860
A20264081,NP01,43.0,6.4,74760.0,9860
A20264082,NP01,43.0,6.4,29560.0,9860
A20264083,NP01,43.0,5.55,29600.0,9860
A20264084,NP01,43.0,6.7,23422.0,9860
A20264085,NP01,43.0,5.9,29650.0,9860
A20264086,NP01,43.0,5.7,27639.0,9860
A20264087,NP01,43.0,4.9,47650.0,9860
A20264088,NP01,43.0,4.9,29430.0,9860
A20264089,NP01,43.0,4.9,54267.0,9860
A20264090,NP01,43.0,6.4,42842.0,9860
A20264091,NP01,43.0,4.75,78223.0,9860
A20264092,NP01,43.0,4.9,14564.0,9860
A20264093,NP01,43.0,6.1,34746.0,9860
A20264094,NP01,43.0,4.55,26910.0,9860
A20264095,NP01,43.0,5.27,99568.0,9860
A20264096,NP01,43.0,4.9,76718.0,9860
A20264097,NP01,43.0,4.9,36220.0,9860
A20264098,NP01,43.0,4.9,67480.0,9860
A20264099,NP01,43.0,4.9,110860.0,9860
A20264100,NP01,43.0,4.9,29980.0,9860
A20264101,NP01,43.0,4.9,42440.0,9860
A20264102,NP01,43.0,4.9,49168.0,9860
A20264103,NP01,43.0,6.9,23842.0,9860
A20264104,NP01,43.0,4.15,55444.0,9860
A20264105,NP01,43.0,4.9,56630.0,9860
A20264106,NP01,43.0,6.1,44224.0,9860
A20264107,NP01,43.0,6.1,44224.0,9860
A20264108,NP01,43.0,6.1,23468.0,9860
A20264109,NP01,43.0,6.1,84808.0,9860
A20264110,NP01,43.0,6.15,38544.0,9860
A20264111,NP01,43.0,4.45,22176.0,9860
A20264112,NP01,43.0,4.9,29694.0,9860
A20264113,NP01,43.0,4.6,103330.0,9860
A20264114,NP01,43.0,5.4,42980.0,9860
A20264115,NP01,43.0,4.9,35490.0,9860
A20264116,NP01,43.0,4.9,20236.0,9860
A20264117,NP01,43.0,7.9,99124.0,9860
A20264118,GC-1,55.0,4.901,29527.0,9860
A20264119,GC-1,55.0,4.9,27061.0,9860
A20264120,GC-1,55.0,4.9,59848.0,9860
A20264121,GC-1,55.0,6.4,23424.0,9860
A20264122,GC-1,55.0,6.4,29431.0,9860
A20264123,GC-1,55.0,7.9,29434.0,9860
A20264124,GC-1,55.0,7.9,42685.0,9860
A20264125,GC-1,55.0,7.9,36388.0,9860
A20264126,GC-1,55.0,4.9,51220.0,9860
A20264127,GC-1,55.0,4.9,111220.0,9860
A20264128,GC-1,55.0,6.36,51220.0,9860
A20264129,GC-1,55.0,6.07,21220.0,9860
A20264130,GC-1,55.0,6.14,26220.0,9860
A20264131,GC-1,55.0,6.2,46240.0,9860
A20264132,GC-1,55.0,6.2,36165.0,9860
A20264133,GC-1,55.0,5.84,17340.0,9860
A20264134,GC-1,55.0,6.1,36155.0,9860
A20264135,GC-1,55.0,7.9,60340.0,9860
A20264136,GC-1,55.0,4.9,121720.0,9860
A20264137,GC-1,55.0,6.4,115700.0,9860
A20264138,GC-1,55.0,6.4,29660.0,9860
A20264139,GC-1,55.0,6.4,35552.0,9860
A20264140,GC-2,20.0,4.9,35564.0,9860
A20264141,GC-2,20.0,6.55,97288.0,9860
A20264142,GC-2,20.0,6.55,27012.0,9860
A20264143,GC-2,20.0,6.55,36148.0,9860
A20264144,GC-2,20.0,6.25,31705.0,9860
A20264145,GC-2,20.0,6.25,19516.0,9860
A20264146,GC-2,20.0,6.65,69411.0,9860
A20264147,GC-2,20.0,6.65,40145.0,9860
A20264148,GC-2,20.0,6.65,23378.0,9860
A20264149,GC-2,20.0,6.65,54140.0,9860
A20264150,GC-2,20.0,4.7,93600.0,9860
A20264151,GC-2,20.0,6.8,23560.0,9860
A20264152,GC-2,20.0,6.4,143300.0,9860
A20264153,GC-2,20.0,6.4,73225.0,9860
A20264154,GC-2,20.0,3.9,40157.0,9860
A20264155,GC-2,20.0,4.9,34993.0,9860
A20264156,GC-2,20.0,4.9,126440.0,9860
A20264157,GC-2,20.0,4.9,56429.0,9860
A20264158,GC-2,20.0,4.9,23348.0,9860
A20264159,GC-2,20.0,10.68,97531.0,9860
A20264160,GC-2,20.0,4.7,52270.0,9860
A20264161,GC-2,20.0,4.95,52174.0,9860
A20264162,GC-2,20.0,6.1,31880.0,9860
A20264163,GC-2,20.0,6.1,76900.0,9860
A20264164,GC-2,20.0,6.1,52200.0,9860
A20264165,GC-2,20.0,6.1,15144.0,9860
A20264166,GC-2,20.0,6.1,15144.0,9860
A20264167,GC-2,20.0,6.1,14905.0,9860
A20264168,GC-2,20.0,6.1,19980.0,9860
A20264169,GC-2,20.0,5.018,29970.0,9860
A20264170,GC-2,20.0,6.1,57291.0,9860
A20264171,GC-2,20.0,6.1,114555.0,9860
A20264172,GC-2,20.0,4.9,63660.0,9860
A20264173,GC-2,20.0,5.0,12276.0,9860
A20264174,GC-2,20.0,5.0,18420.0,9860
A20264175,GC-2,20.0,5.0,24920.0,9860
A20264176,GC-2,20.0,5.1,48960.0,9860
A20264177,GC-2,20.0,5.2,38082.0,9860
A20264178,GC-2,20.0,5.2,24648.0,9860
A20264179,GC-2,20.0,6.4,20450.0,9860
A20264180,GC-2,20.0,6.4,20258.0,9860
A20264181,GC-2,20.0,6.4,24540.0,9860
A20264182,GC-2,20.0,6.4,53170.0,9860
A20264183,GC-2,20.0,6.4,75804.0,9860
A20264184,GC-2,20.0,6.4,25182.0,9860
A20264185,GC-2,20.0,6.4,61100.0,9860
A20264186,GC-3,56.0,4.9,12216.0,9860
A20264187,GC-3,56.0,4.9,30613.0,9860
A20264188,GC-3,56.0,6.4,12086.0,9860
A20264189,GC-3,56.0,4.9,12400.0,9860
A20264190,GC-3,56.0,4.9,12284.0,9860
A20264191,GC-3,56.0,4.9,6146.0,9860
A20264192,GC-3,56.0,4.9,31830.0,9860
A20264193,GC-3,56.0,4.9,50448.0,9860
A20264194,GC-3,56.0,4.9,56727.0,9860
A20264195,GC-3,56.0,6.4,75668.0,9860
A20264196,GC-3,56.0,7.75,57008.0,9860
A20264197,GC-3,56.0,7.75,19431.0,9860
A20264198,GC-3,56.0,7.75,19434.0,9860
A20264199,GC-3,56.0,7.75,32685.000000000004,9860
A20264200,GC-3,56.0,7.75,26388.0,9860
A20264201,GC-3,56.0,7.75,41220.0,9860
A20264202,GC-3,56.0,7.75,101220.0,9860
A20264203,GC-3,56.0,7.75,41220.0,9860
A20264204,GC-3,56.0,4.9,11220.0,9860
A20264205,GC-3,56.0,4.9,16219.999999999998,9860
A20264206,GC-3,56.0,4.9,36240.0,9860
A20264207,GC-3,56.0,7.0,26165.0,9860
A20264208,GC-3,56.0,5.9,7340.0,9860
A20264209,GC-3,56.0,4.4,26155.0,9860
A20264210,GC-3,56.0,7.0,16200.0,9860
A20264211,GC-3,56.0,7.0,16160.0,9860
A20264212,GC-3,56.0,5.9,46135.0,9860
A20264213,GC-3,56.0,7.0,40700.0,9860
A20264214,GC-3,56.0,7.0,24768.0,9860
A20264215,GC-3,56.0,7.0,16912.0,9860
A20264216,GC-3,56.0,7.0,101180.0,9860
A20264217,GC-3,56.0,7.0,32445.999999999996,9860
A20264218,GC-3,56.0,7.0,13714.0,9860
A20264219,GC-3,56.0,5.9,76160.0,9860
A20264220,GC-3,56.0,5.9,26240.0,9860
A20264221,GC-3,56.0,5.9,66295.0,9860
A20264222,GC-3,56.0,5.9,38977.0,9860
A20264223,GC-3,56.0,5.9,13826.0,9860
A20264224,GC-3,56.0,8.05,20139.0,9860
A20264225,GC-3,56.0,8.05,20700.0,9860
A20264226,GC-3,56.0,5.9,30558.0,9860
A20264227,GC-3,56.0,4.9,21080.0,9860
A20264228,GC-3,56.0,4.9,36005.0,9860
A20264229,GC-3,56.0,4.9,21935.0,9860
A20264230,GC-3,56.0,4.9,13641.0,9860
A20264231,GC-3,56.0,4.9,20289.0,9860
A20264232,GC-3,56.0,4.9,20279.0,9860
A20264233,GC-3,56.0,4.9,20220.0,9860
A20264234,GC-3,56.0,4.9,21147.0,9860
A20264235,GC-3,56.0,4.9,16196.000000000002,9860
A20264236,GC-3,56.0,4.9,71176.0,9860
A20264237,GC-3,56.0,6.1,56222.0,9860
A20264238,GC-3,56.0,6.1,13350.0,9860
A20264239,GC-3,56.0,6.1,37650.0,9860
A20264240,GC-3,56.0,6.1,13500.0,9860
A20264241,GC-3,56.0,6.1,31950.0,9860
A20264242,GC-3,56.0,6.1,31755.0,9860
A20264243,GC-3,56.0,6.1,62310.0,9860
A20264244,GC-3,56.0,5.06,31607.0,9860
A20264245,GC-3,56.0,5.06,34368.0,9860
A20264246,GC-3,56.0,7.24,27639.0,9860
A20264247,GC-3,56.0,6.1,47650.0,9860
A20264248,GC-3,56.0,6.1,29430.0,9860
A20264249,GC-3,56.0,6.1,54267.0,9860
A20264250,GC-3,56.0,6.1,42842.0,9860
A20264251,GC-3,56.0,4.9,78223.0,9860
A20264252,GC-3,56.0,4.9,14564.0,9860
A20264253,GC-3,56.0,4.9,34746.0,9860
A20264254,GC-3,56.0,4.9,26910.0,9860
A20264255,GC-3,56.0,5.6,99568.0,9860
A20264256,GC-3,56.0,5.6,76718.0,9860
A20264257,GC-3,56.0,11.4,36220.0,9860
A20264258,GC-3,56.0,4.9,67480.0,9860
A20264259,GC-4,32.0,4.9,110860.0,9860
A20264260,GC-4,32.0,8.28,29980.0,9860
A20264261,GC-4,32.0,8.28,42440.0,9860
A20264262,GC-4,32.0,4.9,49168.0,9860
A20264263,GC-4,32.0,4.9,23842.0,9860
A20264264,GC-4,32.0,4.9,55444.0,9860
A20264265,GC-4,32.0,4.9,56630.0,9860
A20264266,GC-4,32.0,4.9,44224.0,9860
A20264267,GC-4,32.0,4.5,44224.0,9860
A20264268,GC-4,32.0,4.5,23468.0,9860
A20264269,GC-4,32.0,4.7,84808.0,9860
A20264270,GC-4,32.0,4.9,38544.0,9860
A20264271,GC-4,32.0,5.15,22176.0,9860
A20264272,GC-4,32.0,4.9,29694.0,9860
A20264273,GC-4,32.0,5.36,103330.0,9860
A20264274,GC-4,32.0,8.23,42980.0,9860
A20264275,GC-4,32.0,11.05,35490.0,9860
A20264276,GC-4,32.0,8.4,20236.0,9860
A20264277,GC-4,32.0,6.78,99124.0,9860
A20264278,GC-4,32.0,7.96,29527.0,9860
A20264279,GC-4,32.0,6.84,27061.0,9860
A20264280,GC-4,32.0,9.0,59848.0,9860
A20264281,GC-4,32.0,8.9,23424.0,9860
A20264282,GC-4,32.0,6.4,29431.0,9860
A20264283,GC-4,32.0,4.9,29434.0,9860
A20264284,GC-4,32.0,4.9,42685.0,9860
A20264285,GC-4,32.0,4.9,36388.0,9860
A20264286,GC-4,32.0,4.9,51220.0,9860
A20264287,GC-4,32.0,4.9,111220.0,9860
A20264288,GC-4,32.0,4.5,51220.0,9860
A20264289,GC-4,32.0,5.4,21220.0,9860
A20264290,GC-4,32.0,4.9,26220.0,9860
A20264291,GC-4,32.0,4.9,46240.0,9860
A20264292,GC-4,32.0,4.9,36165.0,9860
A20264293,GC-4,32.0,6.9,17340.0,9860
A20264294,GC-4,32.0,4.9,36155.0,9860
A20264295,GC-4,32.0,5.9,60340.0,9860
A20264296,GC-4,32.0,5.9,121720.0,9860
A20264297,GC-4,32.0,5.9,115700.0,9860
A20264298,GC-4,32.0,6.9,29660.0,9860
A20264299,GC-4,32.0,6.9,35552.0,9860
A20264300,GC-4,32.0,7.0,35564.0,9860
A20264301,GC-4,32.0,7.0,97288.0,9860
A20264302,GC-4,32.0,7.0,27012.0,9860
A20264303,GC-4,32.0,7.0,36148.0,9860
A20264304,GC-4,32.0,7.0,31705.0,9860
A20264305,GC-4,32.0,7.0,19516.0,9860
A20264306,GC-4,32.0,7.0,69411.0,9860
A20264307,GC-4,32.0,7.0,40145.0,9860
A20264308,GC-4,32.0,7.0,23378.0,9860
A20264309,GC-4,32.0,7.0,54140.0,9860
A20264310,GC-4,32.0,5.9,93600.0,9860
A20264311,GC-4,32.0,5.9,23560.0,9860
A20264312,GC-4,32.0,5.9,143300.0,9860
A20264313,GC-4,32.0,5.9,73225.0,9860
A20264314,GC-4,32.0,5.9,40157.0,9860
A20264315,GC-4,32.0,5.9,34993.0,9860
A20264316,GC-4,32.0,5.9,126440.0,9860
A20264317,GC-4,32.0,5.9,56429.0,9860
A20264318,GC-4,32.0,5.9,23348.0,9860
A20264319,GC-4,32.0,5.9,97531.0,9860
A20264320,GC-4,32.0,5.9,52270.0,9860
A20264321,GC-4,32.0,5.9,52174.0,9860
A20264322,GC-4,32.0,5.9,31880.0,9860
A20264323,GC-4,32.0,5.9,76900.0,9860
A20264324,GC-4,32.0,5.9,52200.0,9860
A20264325,GC-4,32.0,4.9,15144.0,9860
A20264326,GC-4,32.0,4.9,15144.0,9860
A20264327,GC-4,32.0,6.4,14905.0,9860
A20264328,GC-4,32.0,5.4,19980.0,9860
A20264329,GC-4,32.0,5.9,29970.0,9860
A20264330,GC-4,32.0,5.9,57291.0,9860
A20264331,GC-4,32.0,5.9,114555.0,9860
A20264332,GC-4,32.0,5.9,22253.0,9860
A20264333,GC-4,32.0,5.9,40620.0,9860
A20264334,GC-4,32.0,5.9,25320.0,9860
A20264335,GC-4,32.0,5.9,116782.0,9860
A20264336,GC-4,32.0,7.0,34638.0,9860
A20264337,GC-4,32.0,6.9,124908.0,9860
A20264338,GC-4,32.0,6.9,124700.0,9860
A20264339,GC-4,32.0,5.9,71470.0,9860
A20264340,GC-4,32.0,4.9,63270.0,9860
A20264341,GC-4,32.0,4.9,46525.0,9860
A20264342,GC-4,32.0,4.9,40370.0,9860
A20264343,GC-4,32.0,4.901,16074.000000000002,9860
A20264344,GC-4,32.0,4.901,22976.0,9860
A20264345,GC-4,32.0,7.9,22600.0,9860
A20264346,GC-4,32.0,4.94,126200.0,9860
A20264347,GC-4,32.0,4.9,55323.0,9860
A20264348,GC-4,32.0,4.9,105094.0,9860
A20264349,GC-4,32.0,4.9,76352.0,9860
A20264350,GC-4,32.0,4.9,34364.0,9860
A20264351,GC-4,32.0,4.9,35170.0,9860
A20264352,GC-4,32.0,5.97,92784.0,9860
A20264353,GC-4,32.0,5.97,79748.0,9860
A20264354,GC-4,32.0,5.9,124225.0,9860
A20264355,GC-4,32.0,5.7,86540.0,9860
A20264356,GC-4,32.0,5.22,16088.999999999998,9860
A20264357,GC-4,32.0,4.9,28480.0,9860
A20264358,GC-4,32.0,4.901,85360.0,9860
A20264359,GC-4,32.0,4.901,25056.0,9860
A20264360,GC-4,32.0,4.901,52196.0,9860
A20264361,GC-4,32.0,4.901,17660.0,9860
A20264362,GC-4,32.0,4.901,33046.0,9860
A20264363,GC-4,32.0,6.4,25363.0,9860
A20264364,GC-4,32.0,6.4,30600.0,9860
A20264365,GC-4,32.0,5.0,22264.0,9860
A20264366,GC-4,32.0,5.0,76814.0,9860
A20264367,GC-4,32.0,4.6,22740.0,9860
A20264368,GC-4,32.0,6.35,26376.0,9860
A20264369,GC-4,32.0,6.35,48052.0,9860
A20264370,GC-4,32.0,10.9,47992.0,9860
A20264371,GC-4,32.0,6.54,84127.0,9860
A20264372,GC-4,32.0,4.9,24913.0,9860
A20264373,GC-4,32.0,4.901,59140.0,9860
A20264374,GC-4,32.0,4.901,41580.0,9860
A20264375,GC-4,32.0,4.901,28990.0,9860
A20264376,GC-4,32.0,4.9,59140.0,9860
A20264377,GC-4,32.0,4.9,120520.0,9860
A20264378,GC-4,32.0,6.4,114500.0,9860
A20264379,GC-4,32.0,6.4,28460.0,9860
A20264380,GC-4,32.0,6.4,34352.0,9860
A20264381,GC-4,32.0,6.4,34364.0,9860
A20264382,GC-4,32.0,4.9,96088.0,9860
A20264383,GC-5,32.0,4.9,25812.0,9860
A20264384,GC-5,32.0,5.995,34948.0,9860
A20264385,GC-5,32.0,5.33,30505.0,9860
A20264386,GC-5,32.0,5.33,18316.0,9860
A20264387,GC-5,32.0,5.08,68211.0,9860
A20264388,GC-5,32.0,5.08,38945.0,9860
A20264389,GC-5,32.0,6.1,22178.0,9860
A20264390,GC-5,32.0,4.9,52940.0,9860
A20264391,GC-5,32.0,4.9,92400.0,9860
A20264392,GC-5,32.0,5.3,22360.0,9860
A20264393,GC-5,32.0,4.901,142100.0,9860
A20264394,GC-5,32.0,4.901,72025.0,9860
A20264395,GC-5,32.0,4.75,38957.0,9860
A20264396,GC-5,32.0,4.525,33793.0,9860
A20264397,GC-5,32.0,4.78,125240.0,9860
A20264398,GC-5,32.0,4.9,55229.0,9860
A20264399,GC-5,32.0,4.95,22148.0,9860
A20264400,GC-5,32.0,5.4,96331.0,9860
A20264401,GC-5,32.0,5.4,51070.0,9860
A20264402,GC-5,32.0,5.4,50974.0,9860
A20264403,GC-5,32.0,5.4,30680.0,9860
A20264404,GC-5,38.0,6.4,75700.0,9860
A20264405,GC-5,38.0,6.4,51000.0,9860
A20264406,GC-5,38.0,6.4,44119.0,9860
A20264407,GC-5,38.0,6.4,26246.0,9860
A20264408,GC-5,38.0,4.901,17578.0,9860
A20264409,GC-5,38.0,4.901,22405.0,9860
A20264410,GC-5,38.0,6.4,22312.0,9860
A20264411,GC-5,38.0,5.9,29594.0,9860
A20264412,GC-5,38.0,4.9,60386.0,9860
A20264413,GC-5,38.0,4.9,48530.0,9860
A20264414,GC-5,38.0,4.9,48526.0,9860
A20264415,GC-5,38.0,4.9,79354.0,9860
A20264416,GC-5,38.0,4.901,63534.0,9860
A20264417,GC-5,38.0,4.901,71110.0,9860
A20264418,GC-5,38.0,6.4,35368.0,9860
A20264419,GC-5,38.0,4.9,52623.0,9860
A20264420,GC-5,38.0,4.9,19960.0,9860
A20264421,GC-5,38.0,4.9,34160.0,9860
A20264422,GC-5,38.0,4.9,35358.0,9860
A20264423,GC-5,38.0,4.9,16079.999999999998,9860
A20264424,GC-5,38.0,4.9,34364.0,9860
A20264425,GC-5,38.0,4.9,72190.0,9860
A20264426,GC-5,38.0,4.9,73631.0,9860
A20264427,GC-5,38.0,6.4,100935.0,9860
A20264428,GC-5,38.0,4.9,45725.0,9860
A20264429,GC-5,38.0,4.9,138900.0,9860
A20264430,GC-5,38.0,4.9,138910.0,9860
A20264431,GC-5,38.0,4.9,138950.0,9860
A20264432,GC-5,38.0,4.5,138920.0,9860
A20264433,GC-5,38.0,8.15,138890.0,9860
A20264434,GC-5,38.0,7.2,34934.0,9860
A20264435,GC-5,38.0,7.08,69800.0,9860
A20264436,GC-5,38.0,4.9,22178.0,9860
A20264437,GC-5,38.0,4.9,45434.0,9860
A20264438,GC-5,38.0,4.9,27986.0,9860
A20264439,GC-5,38.0,4.9,27980.0,9860
A20264440,GC-5,38.0,4.9,21946.0,9860
A20264441,GC-5,38.0,4.9,21964.0,9860
A20264442,GC-5,38.0,4.9,51930.0,9860
A20264443,GC-5,38.0,4.9,22000.0,9860
A20264444,GC-5,38.0,4.9,21974.0,9860
A20264445,GC-5,38.0,4.9,82020.0,9860
A20264446,GC-5,38.0,4.9,40066.0,9860
A20264447,GC-5,38.0,4.9,22020.0,9860
A20264448,GC-5,38.0,4.9,52006.0,9860
A20264449,GC-5,38.0,4.9,52074.0,9860
A20264450,GC-5,38.0,4.9,21986.0,9860
A20264451,GC-5,38.0,4.9,33994.0,9860
A20264452,GC-5,38.0,4.9,22000.0,9860
A20264453,GC-5,38.0,4.9,93540.0,9860
A20264454,GC-5,42.0,4.9,73614.0,9860
A20264455,GC-5,42.0,4.9,51169.0,9860
A20264456,GC-5,42.0,4.9,17546.0,9860
A20264457,GC-5,42.0,4.9,34720.0,9860
A20264458,GC-5,42.0,4.9,30316.0,9860
A20264459,GC-5,42.0,4.9,26430.0,9860
A20264460,GC-5,42.0,4.9,104770.0,9860
A20264461,GC-5,42.0,4.9,49660.0,9860
A20264462,GC-5,42.0,7.4,41738.0,9860
A20264463,GC-5,42.0,6.6,120560.0,9860
A20264464,GC-5,42.0,6.3,136180.0,9860
A20264465,GC-5,42.0,10.9,136240.0,9860
A20264466,GC-5,42.0,11.0,89108.0,9860
A20264467,GC-5,42.0,8.97,83930.0,9860
A20264468,GC-5,42.0,8.97,125060.0,9860
A20264469,GC-5,42.0,8.1,141600.0,9860
A20264470,GC-5,42.0,8.78,125220.0,9860
A20264471,GC-5,42.0,9.34,108928.0,9860
A20264472,GC-5,42.0,9.34,108934.0,9860
A20264473,GC-5,42.0,9.34,109024.0,9860
A20264474,GC-5,42.0,10.0,26516.0,9860
A20264475,GC-5,42.0,10.06,125420.0,9860
A20264476,GC-5,42.0,10.06,22172.0,9860
A20264477,GC-5,42.0,5.3,142080.0,9860
A20264478,GC-5,42.0,5.3,142040.0,9860
A20264479,GC-5,42.0,5.2,125540.0,9860
A20264480,GC-5,42.0,4.9,100618.0,9860
A20264481,GC-5,42.0,4.9,34722.0,9860
A20264482,GC-5,42.0,4.9,125700.0,9860
A20264483,GC-5,42.0,3.8,125480.0,9860
A20264484,GC-5,42.0,4.6,38889.0,9860
A20264485,GC-5,42.0,4.9,96671.0,9860
A20264486,GC-5,42.0,4.9,141820.0,9860
A20264487,GC-5,42.0,6.0,36488.0,9860
A20264488,GC-5,42.0,4.9,34670.0,9860
A20264489,GC-5,42.0,4.9,126060.0,9860
A20264490,GC-5,42.0,6.4,17540.0,9860
A20264491,GC-5,42.0,6.4,36397.0,9860
A20264492,GC-5,42.0,4.9,41905.0,9860
A20264493,GC-5,42.0,4.9,34852.0,9860
A20264494,GC-5,42.0,4.9,79710.0,9860
A20264495,GC-5,42.0,4.9,13370.0,9860
A20264496,GC-5,42.0,4.9,42776.0,9860
A20264497,GC-5,42.0,4.9,67054.0,9860
A20264498,GC-5,42.0,6.4,48178.0,9860
A20264499,GC-5,42.0,4.9,41815.0,9860
A20264500,GC-5,42.0,4.9,95387.0,9860
A20264501,GC-5,42.0,4.901,107440.0,9860
A20264502,GC-5,42.0,4.901,46273.0,9860
A20264503,GC-5,42.0,4.901,22168.0,9860
A20264504,GC-5,42.0,6.4,22187.0,9860
A20264505,GC-5,42.0,6.4,28267.0,9860
A20264506,GC-5,42.0,6.4,22178.0,9860
A20264507,GC-5,42.0,6.4,46534.0,9860
A20264508,GC-5,42.0,6.4,34336.0,9860
A20264509,GC-5,42.0,6.4,22168.0,9860
A20264510,GC-5,42.0,5.55,46500.0,9860
A20264511,GC-5,42.0,6.7,52588.0,9860
A20264512,GC-5,42.0,5.9,22560.0,9860
A20264513,GC-5,42.0,5.7,41605.0,9860
A20264514,GC-5,42.0,4.9,34328.0,9860
A20264515,GC-5,42.0,4.9,58387.0,9860
A20264516,GC-5,42.0,4.9,70480.0,9860
A20264517,GC-5,42.0,4.9,38952.0,9860
A20264518,GC-5,42.0,4.9,143311.0,9860
A20264519,GC-5,42.0,7.4,28276.0,9860
A20264520,GC-5,42.0,6.6,46575.0,9860
A20264521,GC-5,42.0,6.3,22192.0,9860
A20264522,GC-5,42.0,10.9,46229.0,9860
A20264523,GC-5,42.0,11.0,25162.0,9860
A20264524,GC-5,42.0,8.97,41496.0,9860
A20264525,GC-5,42.0,8.97,21960.0,9860
A20264526,GC-5,42.0,8.1,33993.0,9860
A20264527,GC-5,42.0,8.78,33967.0,9860
A20264528,GC-5,42.0,9.34,45960.0,9860
A20264529,GC-5,42.0,9.34,21986.0,9860
A20264530,GC-5,42.0,9.34,27960.0,9860
A20264531,GC-5,42.0,10.0,21946.0,9860
A20264532,GC-5,42.0,10.06,87874.0,9860
A20264533,GC-5,42.0,10.06,75666.0,9860
A20264534,GC-5,42.0,5.3,81693.0,9860
A20264535,GC-5,42.0,5.3,22026.0,9860
A20264536,GC-5,42.0,5.2,40021.0,9860
A20264537,GC-5,42.0,4.9,64033.0,9860
A20264538,GC-5,42.0,4.9,21960.0,9860
A20264539,GC-5,42.0,4.9,52020.0,9860
A20264540,GC-5,42.0,3.8,16013.000000000002,9860
A20264541,GC-5,42.0,4.6,40027.0,9860
A20264542,GC-6,37.0,4.9,22010.0,9860
A20264543,GC-6,37.0,4.9,40010.0,9860
A20264544,GC-6,37.0,6.0,64060.0,9860
A20264545,GC-6,37.0,4.9,22014.0,9860
A20264546,GC-6,37.0,4.9,70040.0,9860
A20264547,GC-6,37.0,6.4,28020.0,9860
A20264548,GC-6,37.0,6.4,22000.0,9860
A20264549,GC-6,37.0,4.9,75960.0,9860
A20264550,GC-6,37.0,4.9,22026.0,9860
A20264551,GC-6,37.0,4.9,34014.0,9860
A20264552,GC-6,37.0,4.9,51960.0,9860
A20264553,GC-6,37.0,4.9,21926.0,9860
A20264554,GC-6,37.0,4.9,34014.0,9860
A20264555,GC-6,37.0,6.4,22006.0,9860
A20264556,GC-6,37.0,4.9,39985.0,9860
A20264557,GC-6,37.0,4.9,89700.0,9860
A20264558,GC-6,37.0,4.901,121580.0,9860
A20264559,GC-6,37.0,4.901,27849.0,9860
A20264560,GC-6,37.0,4.901,22040.0,9860
A20264561,GC-6,37.0,6.4,94080.0,9860
A20264562,GC-6,37.0,6.4,21920.0,9860
A20264563,GC-6,37.0,6.4,27840.0,9860
A20264564,GC-6,37.0,6.4,16113.0,9860
A20264565,GC-6,37.0,6.4,57844.0,9860
A20264566,GC-6,37.0,6.4,45690.0,9860
A20264567,GC-6,37.0,5.55,22014.0,9860
A20264568,GC-6,37.0,6.7,39940.0,9860
A20264569,GC-6,37.0,5.9,40059.0,9860
A20264570,GC-6,37.0,5.7,52300.0,9860
A20264571,GC-6,37.0,4.9,25045.0,9860
A20264572,GC-6,37.0,4.9,45080.0,9860
A20264573,GC-6,37.0,4.9,105640.0,9860
A20264574,GC-6,37.0,6.4,53868.0,9860
A20264575,GC-6,37.0,4.75,22282.0,9860
A20264576,GC-6,37.0,4.9,21385.0,9860
A20264577,GC-6,37.0,6.1,36537.0,9860
A20264578,GC-6,37.0,4.55,129979.99999999999,9860
A20264579,GC-6,37.0,5.27,129860.00000000001,9860
A20264580,GC-6,37.0,4.9,129940.0,9860
A20264581,GC-6,37.0,4.9,39968.0,9860
A20264582,GC-6,37.0,4.9,21841.0,9860
A20264583,GC-6,37.0,4.9,16489.0,9860
A20264584,GC-6,37.0,4.9,61389.0,9860
A20264585,GC-6,37.0,4.9,61116.0,9860
A20264586,GC-6,37.0,4.9,34288.0,9860
A20264587,GC-6,37.0,6.9,41615.0,9860
A20264588,GC-6,37.0,4.15,72649.0,9860
A20264589,GC-6,37.0,4.9,67862.0,9860
A20264590,GC-6,37.0,6.1,67858.0,9860
A20264591,GC-6,37.0,6.1,59464.0,9860
A20264592,GC-6,37.0,6.1,59464.0,9860
A20264593,GC-6,37.0,6.1,25804.0,9860
A20264594,GC-6,37.0,6.15,102488.0,9860
A20264595,GC-6,37.0,4.45,91944.0,9860
A20264596,GC-6,37.0,4.9,34588.0,9860
A20264597,GC-6,37.0,4.6,16363.0,9860
A20264598,GC-6,37.0,5.4,59060.0,9860
A20264599,GC-6,37.0,4.9,89920.0,9860
A20264600,GC-6,37.0,4.9,25084.0,9860
A20264601,GC-6,37.0,7.9,58720.0,9860
A20264602,GC-6,37.0,4.901,71791.0,9860
A20264603,GC-6,37.0,4.9,51530.0,9860
A20264604,GC-6,37.0,4.9,77792.0,9860
A20264605,GC-6,37.0,6.4,22441.0,9860
A20264606,GC-6,37.0,6.4,100152.0,9860
A20264607,GC-6,37.0,7.9,26388.0,9860
A20264608,GC-6,37.0,7.9,13853.0,9860
A20264609,GC-6,37.0,7.9,29265.0,9860
A20264610,GC-6,37.0,4.9,133500.0,9860
A20264611,GC-6,37.0,4.9,29270.0,9860
A20264612,GC-6,37.0,6.36,108332.0,9860
A20264613,GC-6,37.0,6.07,22291.0,9860
A20264614,GC-6,37.0,6.14,22262.0,9860
A20264615,GC-6,37.0,6.2,34350.0,9860
A20264616,GC-6,37.0,6.2,71160.0,9860
A20264617,GC-6,37.0,5.84,58930.0,9860
A20264618,GC-6,37.0,6.1,58960.0,9860
A20264619,GC-6,37.0,7.9,55364.0,9860
A20264620,GC-6,37.0,4.9,40646.0,9860
A20264621,GC-6,37.0,6.4,22261.0,9860
A20264622,GC-6,37.0,6.4,35028.0,9860
A20264623,GC-6,37.0,6.4,101370.0,9860
A20264624,GC-6,37.0,4.9,34876.0,9860
A20264625,GC-6,37.0,6.55,52931.0,9860
A20264626,GC-6,37.0,6.55,40665.0,9860
A20264627,GC-6,37.0,6.55,65203.99999999999,9860
A20264628,GC-6,37.0,6.25,40360.0,9860
A20264629,GC-6,37.0,6.25,34600.0,9860
A20264630,GC-6,37.0,6.65,34373.0,9860
A20264631,GC-6,37.0,6.65,40400.0,9860
A20264632,GC-6,37.0,6.65,46540.0,9860
A20264633,GC-6,37.0,6.65,34347.0,9860
A20264634,GC-7,52.0,4.7,21851.0,9860
A20264635,GC-7,52.0,6.8,25728.0,9860
A20264636,GC-7,52.0,6.4,37516.0,9860
A20264637,GC-7,52.0,6.4,35512.0,9860
A20264638,GC-7,52.0,3.9,101224.0,9860
A20264639,GC-7,52.0,4.9,30730.0,9860
A20264640,GC-7,52.0,4.9,73310.0,9860
A20264641,GC-7,52.0,4.9,16293.0,9860
A20264642,GC-7,52.0,4.9,47749.0,9860
A20264643,GC-7,52.0,10.68,22586.0,9860
A20264644,GC-7,52.0,4.7,84628.0,9860
A20264645,GC-7,52.0,4.95,30680.0,9860
A20264646,GC-7,52.0,6.1,48273.0,9860
A20264647,GC-7,52.0,6.1,48280.0,9860
A20264648,GC-7,52.0,6.1,60487.0,9860
A20264649,GC-7,52.0,6.1,122397.0,9860
A20264650,GC-7,52.0,6.1,16423.0,9860
A20264651,GC-7,52.0,6.1,144800.0,9860
A20264652,GC-7,52.0,6.1,129900.0,9860
A20264653,GC-7,52.0,5.018,99880.0,9860
A20264654,GC-7,52.0,6.1,21253.0,9860
A20264655,GC-7,52.0,6.1,39960.0,9860
A20264656,GC-7,52.0,4.9,22642.0,9860
A20264657,GC-7,52.0,5.0,16094.000000000002,9860
A20264658,GC-7,52.0,5.0,45433.0,9860
A20264659,GC-7,52.0,5.0,49510.0,9860
A20264660,GC-7,52.0,5.1,49984.0,9860
A20264661,GC-7,52.0,5.2,44986.0,9860
A20264662,GC-7,52.0,5.2,29089.0,9860
A20264663,GC-7,52.0,6.4,64800.0,9860
A20264664,GC-7,52.0,6.4,22180.0,9860
A20264665,GC-7,52.0,6.4,52637.0,9860
A20264666,GC-7,52.0,6.4,118787.0,9860
A20264667,GC-7,52.0,6.4,100012.0,9860
A20264668,GC-7,52.0,6.4,40008.0,9860
A20264669,GC-7,52.0,6.4,130120.0,9860
A20264670,GC-7,52.0,4.9,85310.0,9860
A20264671,GC-7,52.0,4.9,32590.000000000004,9860
A20264672,GC-7,52.0,6.4,24852.0,9860
A20264673,GC-7,52.0,4.9,24852.0,9860
A20264674,GC-7,52.0,4.9,24852.0,9860
A20264675,GC-7,52.0,4.9,24852.0,9860
A20264676,GC-7,52.0,4.9,54542.0,9860
A20264677,GC-7,52.0,4.9,63327.0,9860
A20264678,GC-7,52.0,4.9,29590.0,9860
A20264679,GC-7,52.0,6.4,36663.0,9860
A20264680,GC-7,52.0,7.75,28740.0,9860
A20264681,GC-7,52.0,7.75,28740.0,9860
A20264682,GC-7,52.0,7.75,28740.0,9860
A20264683,GC-7,52.0,7.75,66220.0,9860
A20264684,GC-7,52.0,7.75,16425.0,9860
A20264685,GC-7,52.0,7.75,95400.0,9860
A20264686,GC-7,52.0,7.75,138130.0,9860
A20264687,GC-7,52.0,7.75,58784.0,9860
A20264688,GC-7,52.0,4.9,83176.0,9860
A20264689,GC-7,52.0,4.9,34580.0,9860
A20264690,GC-7,52.0,4.9,28435.0,9860
A20264691,GC-7,52.0,7.0,65305.00000000001,9860
A20264692,GC-7,52.0,5.9,40455.0,9860
A20264693,GC-7,52.0,4.4,40455.0,9860
A20264694,GC-7,52.0,7.0,40415.0,9860
A20264695,GC-7,52.0,7.0,46498.0,9860
A20264696,GC-7,52.0,5.9,22180.0,9860
A20264697,GC-7,52.0,7.0,40168.0,9860
A20264698,GC-7,52.0,7.0,43947.0,9860
A20264699,GC-7,52.0,7.0,23156.0,9860
A20264700,GC-7,52.0,7.0,44529.0,9860
A20264701,GC-7,52.0,7.0,55400.0,9860
A20264702,GC-7,52.0,7.0,59348.0,9860
A20264703,GC-7,52.0,5.9,20576.0,9860
A20264704,GC-7,52.0,5.9,70827.0,9860
A20264705,GC-7,52.0,5.9,40385.0,9860
A20264706,GC-7,52.0,5.9,40385.0,9860
A20264707,GC-7,52.0,5.9,40385.0,9860
A20264708,GC-7,52.0,8.05,22182.0,9860
A20264709,GC-7,52.0,8.05,22191.0,9860
A20264710,GC-7,52.0,5.9,34328.0,9860
A20264711,GC-7,52.0,4.9,55584.0,9860
A20264712,GC-7,52.0,4.9,34870.0,9860
A20264713,GC-7,52.0,4.9,30725.0,9860
A20264714,GC-7,52.0,4.9,49984.0,9860
A20264715,GC-7,52.0,4.9,30050.0,9860
A20264716,GC-7,52.0,4.9,45378.0,9860
A20264717,GC-7,52.0,4.9,15826.0,9860
A20264718,GC-7,52.0,4.9,16065.000000000002,9860
A20264719,GC-7,52.0,4.9,110100.0,9860
A20264720,GC-7,52.0,4.9,22610.0,9860
A20264721,GC-7,52.0,6.1,58683.0,9860
A20264722,GC-7,52.0,6.1,26492.0,9860
A20264723,GC-7,52.0,6.1,51290.0,9860
A20264724,GC-7,52.0,6.1,51290.0,9860
A20264725,GC-7,52.0,6.1,43040.0,9860
A20264726,GC-7,52.0,6.1,47170.0,9860
A20264727,GC-7,52.0,6.1,62444.0,9860
A20264728,GC-7,52.0,5.06,72288.0,9860
A20264729,GC-7,52.0,5.06,30722.0,9860
A20264730,GC-7,52.0,7.24,76320.0,9860
A20264731,GC-7,52.0,6.1,30725.0,9860
A20264732,GC-7,52.0,6.1,59188.0,9860
A20264733,GC-7,52.0,6.1,50990.0,9860
A20264734,GC-7,52.0,6.1,48280.0,9860
A20264735,GC-7,52.0,4.9,48280.0,9860
A20264736,GC-7,52.0,4.9,124830.0,9860
A20264737,GC-7,52.0,4.9,29128.0,9860
A20264738,GC-7,52.0,4.9,143730.0,9860
A20264739,GC-7,52.0,5.6,86488.0,9860
A20264740,GC-7,52.0,5.6,22560.0,9860
A20264741,GC-7,52.0,11.4,26588.0,9860
A20264742,GC-7,52.0,4.9,26588.0,9860
A20264743,GC-7,52.0,4.9,34882.0,9860
A20264744,GC-8,52.0,8.28,47305.0,9860
A20264745,GC-8,52.0,8.28,80533.0,9860
A20264746,GC-8,52.0,4.9,55647.0,9860
A20264747,GC-8,52.0,4.9,72160.0,9860
A20264748,GC-8,52.0,4.9,30720.0,9860
A20264749,GC-8,52.0,4.9,80456.0,9860
A20264750,GC-8,52.0,4.9,63768.0,9860
A20264751,GC-8,52.0,4.5,34882.0,9860
A20264752,GC-8,52.0,4.5,41465.0,9860
A20264753,GC-8,52.0,4.7,16253.0,9860
A20264754,GC-8,52.0,4.9,36805.0,9860
A20264755,GC-8,52.0,5.15,53340.0,9860
A20264756,GC-8,52.0,4.9,33658.0,9860
A20264757,GC-8,52.0,5.36,41250.0,9860
A20264758,GC-8,52.0,8.23,68930.0,9860
A20264759,GC-8,52.0,11.05,89703.0,9860
A20264760,GC-8,52.0,8.4,46795.0,9860
A20264761,GC-8,52.0,6.78,22268.0,9860
A20264762,GC-8,52.0,7.96,70720.0,9860
A20264763,GC-8,52.0,6.84,44135.0,9860
A20264764,GC-8,52.0,9.0,36565.0,9860
A20264765,GC-8,52.0,8.9,44155.0,9860
A20264766,GC-8,52.0,6.4,63807.0,9860
A20264767,GC-8,52.0,4.9,54450.0,9860
A20264768,GC-8,52.0,4.9,120320.0,9860
A20264769,GC-8,52.0,4.9,138690.0,9860
A20264770,GC-8,52.0,4.9,138710.0,9860
A20264771,GC-8,52.0,4.9,83520.0,9860
A20264772,GC-8,52.0,4.5,87843.0,9860
A20264773,GC-8,52.0,5.4,16152.000000000002,9860
A20264774,GC-8,52.0,4.9,25819.0,9860
A20264775,GC-8,52.0,4.9,22224.0,9860
A20264776,GC-8,52.0,4.9,22220.0,9860
A20264777,GC-8,52.0,6.9,22220.0,9860
A20264778,GC-8,52.0,4.9,28360.0,9860
A20264779,GC-8,52.0,5.9,28333.0,9860
A20264780,GC-8,52.0,5.9,28327.0,9860
A20264781,GC-8,52.0,5.9,25861.0,9860
A20264782,GC-8,52.0,6.9,58648.0,9860
A20264783,GC-8,52.0,6.9,22224.0,9860
A20264784,GC-8,52.0,7.0,28231.0,9860
A20264785,GC-8,52.0,7.0,28234.0,9860
A20264786,GC-8,52.0,7.0,41485.0,9860
A20264787,GC-8,52.0,7.0,35188.0,9860
A20264788,GC-8,52.0,7.0,50020.0,9860
A20264789,GC-8,52.0,7.0,110020.0,9860
A20264790,GC-8,52.0,7.0,50020.0,9860
A20264791,GC-8,52.0,7.0,20020.0,9860
A20264792,GC-8,52.0,7.0,25020.0,9860
A20264793,GC-8,52.0,7.0,45040.0,9860
A20264794,GC-8,52.0,5.9,34965.0,9860
A20264795,GC-8,52.0,5.9,16140.0,9860
A20264796,GC-8,52.0,5.9,34955.0,9860
A20264797,GC-8,52.0,5.9,25000.0,9860
A20264798,GC-8,52.0,5.9,24960.0,9860
A20264799,GC-8,52.0,5.9,54935.0,9860
A20264800,GC-8,52.0,5.9,49500.0,9860
A20264801,GC-8,52.0,5.9,33568.0,9860
A20264802,GC-8,52.0,5.9,25712.0,9860
A20264803,GC-8,52.0,5.9,109980.0,9860
A20264804,GC-8,52.0,5.9,41246.0,9860
A20264805,GC-8,52.0,5.9,22514.0,9860
A20264806,GC-8,52.0,5.9,84960.0,9860
A20264807,GC-8,52.0,5.9,35040.0,9860
A20264808,GC-8,52.0,5.9,75095.0,9860
A20264809,GC-8,52.0,4.9,47777.0,9860
A20264810,GC-8,52.0,4.9,22626.0,9860
A20264811,GC-8,52.0,6.4,28939.0,9860
A20264812,GC-8,52.0,5.4,29500.0,9860
A20264813,GC-8,52.0,5.9,39358.0,9860
A20264814,GC-8,52.0,5.9,29880.0,9860
A20264815,GC-8,52.0,5.9,44805.0,9860
A20264816,GC-8,52.0,5.9,30735.0,9860
A20264817,GC-8,52.0,5.9,22441.0,9860
A20264818,GC-8,52.0,5.9,29089.0,9860
A20264819,GC-8,52.0,5.9,29079.0,9860
A20264820,GC-8,52.0,7.0,29020.0,9860
A20264821,GC-8,52.0,6.9,29947.0,9860
A20264822,GC-8,52.0,6.9,24996.0,9860
A20264823,GC-8,52.0,5.9,79976.0,9860
A20264824,GC-8,52.0,4.9,65022.00000000001,9860
A20264825,GC-8,52.0,4.9,22150.0,9860
A20264826,GC-8,52.0,4.9,46450.0,9860
A20264827,GC-8,52.0,4.901,22300.0,9860
A20264828,GC-8,52.0,4.901,40750.0,9860
A20264829,GC-8,52.0,7.9,40555.0,9860
A20264830,GC-9,36.0,4.94,71110.0,9860
A20264831,GC-9,36.0,4.9,40407.0,9860
A20264832,GC-9,36.0,4.9,43168.0,9860
A20264833,GC-9,36.0,4.9,30722.0,9860
A20264834,GC-9,36.0,4.9,18294.0,9860
A20264835,GC-9,36.0,4.9,29020.0,9860
A20264836,GC-9,36.0,5.97,35026.0,9860
A20264837,GC-9,36.0,5.97,19974.0,9860
A20264838,GC-9,36.0,5.9,19986.0,9860
A20264839,GC-9,36.0,5.7,29984.0,9860
A20264840,GC-9,36.0,5.22,19910.0,9860
A20264841,GC-9,36.0,4.9,14965.0,9860
A20264842,GC-9,36.0,4.901,64905.0,9860
A20264843,GC-9,36.0,4.901,29940.0,9860
A20264844,GC-9,36.0,4.901,69940.0,9860
A20264845,GC-9,36.0,4.901,55702.0,9860
A20264846,GC-9,36.0,4.901,111005.0,9860
A20264847,GC-9,36.0,6.4,69785.0,9860
A20264848,GC-9,36.0,6.4,37175.0,9860
A20264849,GC-9,36.0,5.0,26247.0,9860
A20264850,GC-9,36.0,5.0,142520.0,9860
A20264851,GC-9,36.0,4.6,60480.0,9860
A20264852,GC-9,36.0,6.35,30045.0,9860
A20264853,GC-9,36.0,6.35,24955.0,9860
A20264854,GC-9,36.0,10.9,50100.0,9860
A20264855,GC-9,36.0,6.54,45070.0,9860
A20264856,GC-9,36.0,4.9,45070.0,9860
A20264857,GC-9,36.0,4.901,22150.0,9860
A20264858,GC-9,36.0,4.901,29032.0,9860
A20264859,GC-9,36.0,4.901,30735.0,9860
A20264860,GC-9,36.0,4.9,30735.0,9860
A20264861,GC-9,36.0,4.9,22291.0,9860
A20264862,GC-9,36.0,6.4,18280.0,9860
A20264863,GC-9,36.0,6.4,34882.0,9860
A20264864,GC-9,36.0,6.4,47677.0,9860
A20264865,GC-9,36.0,6.4,15383.0,9860
A20264866,GC-9,36.0,4.9,43160.0,9860
A20264867,GC-9,36.0,4.9,38945.0,9860
A20264868,GC-9,36.0,5.995,22278.0,9860
A20264869,GC-9,36.0,5.33,52973.0,9860
A20264870,GC-9,36.0,5.33,35376.0,9860
A20264871,GC-9,36.0,5.08,41720.0,9860
A20264872,GC-9,36.0,5.08,22748.0,9860
A20264873,GC-9,36.0,6.1,28455.0,9860
A20264874,GC-9,36.0,4.9,20543.0,9860
A20264875,GC-9,36.0,4.9,89430.0,9860
A20264876,GC-9,36.0,5.3,28915.0,9860
A20264877,GC-9,36.0,4.901,129719.0,9860
A20264878,GC-9,36.0,4.901,24955.0,9860
A20264879,GC-9,36.0,4.75,24985.0,9860
A20264880,GC-9,36.0,4.525,14995.0,9860
A20264881,GC-9,36.0,4.78,29970.0,9860
A20264882,GC-9,36.0,4.9,90080.0,9860
A20264883,GC-9,36.0,4.95,70040.0,9860
A20264884,GC-9,36.0,5.4,35020.0,9860
A20264885,GC-9,36.0,5.4,45020.0,9860
A20264886,GC-9,36.0,5.4,54995.0,9860
A20264887,GC-9,36.0,5.4,34935.0,9860
A20264888,GC-9,36.0,6.4,30040.0,9860
A20264889,GC-9,36.0,6.4,30080.0,9860
A20264890,GC-9,36.0,6.4,123560.0,9860
A20264891,GC-9,36.0,6.4,100881.0,9860
A20264892,GC-9,36.0,4.901,39029.0,9860
A20264893,GC-9,36.0,4.901,47327.0,9860
A20264894,GC-9,36.0,6.4,18288.0,9860
A20264895,GC-9,36.0,5.9,55584.0,9860
A20264896,GC-9,36.0,4.9,55496.0,9860
A20264897,GC-9,36.0,4.9,48064.0,9860
A20264898,GC-9,36.0,4.9,29036.0,9860
A20264899,GC-9,36.0,4.9,26540.0,9860
A20264900,GC-9,36.0,4.901,26544.0,9860
A20264901,GC-9,36.0,4.901,22218.0,9860
A20264902,GC-9,36.0,6.4,22218.0,9860
A20264903,GC-9,36.0,4.9,28507.0,9860
A20264904,GC-9,36.0,4.9,15288.0,9860
A20264905,GC-9,36.0,4.9,28325.0,9860
A20264906,GC-9,36.0,4.9,28322.0,9860
A20264907,GC-9,36.0,4.9,22150.0,9860
A20264908,GC-9,36.0,4.9,23156.0,9860
A20264909,GC-9,36.0,4.9,34882.0,9860
A20264910,GC-9,36.0,4.9,22295.0,9860
A20264911,GC-9,36.0,6.4,30465.0,9860
A20264912,GC-9,36.0,4.9,22282.0,9860
A20264913,GC-9,36.0,4.9,25787.0,9860
A20264914,GC-9,36.0,4.9,95660.0,9860
A20264915,GC-9,36.0,4.9,46768.0,9860
A20264916,GC-9,36.0,4.9,46772.0,9860
A20264917,GC-9,36.0,4.9,41751.0,9860
A20264918,GC-9,36.0,4.9,73560.0,9860
A20264919,GC-9,36.0,4.9,28360.0,9860
A20264920,GC-9,36.0,4.9,28400.0,9860
A20264921,GC-9,36.0,4.9,22222.0,9860
A20264922,GC-9,36.0,4.9,28450.0,9860
A20264923,GC-9,36.0,4.9,26439.0,9860
A20264924,GC-9,36.0,4.9,46450.0,9860
A20264925,GC-9,36.0,4.9,28230.0,9860
A20264926,GC-9,36.0,4.9,53067.0,9860
A20264927,GC-9,36.0,4.9,41642.0,9860
A20264928,GC-9,36.0,6.4,77023.0,9860
A20264929,GC-9,36.0,6.401,13364.0,9860
A20264930,GC-9,36.0,6.401,33546.0,9860
A20264931,GC-9,36.0,4.9,25710.0,9860
A20264932,GC-9,36.0,4.7,98368.0,9860
A20264933,GC-9,36.0,7.0,75518.0,9860
A20264934,GC-10,46.0,4.9,35020.0,9860
A20264935,GC-10,46.0,4.9,66280.0,9860
A20264936,GC-10,46.0,4.9,109660.0,9860
A20264937,GC-10,46.0,6.4,28780.0,9860
A20264938,GC-10,46.0,5.3,41240.0,9860
A20264939,GC-10,46.0,9.54,47968.0,9860
A20264940,GC-10,46.0,9.54,22642.0,9860
A20264941,GC-10,46.0,9.54,54244.0,9860
A20264942,GC-10,46.0,9.54,55430.0,9860
A20264943,GC-10,46.0,6.25,43024.0,9860
A20264944,GC-10,46.0,10.5,43024.0,9860
A20264945,GC-10,46.0,4.9,22268.0,9860
A20264946,GC-10,46.0,4.93,83608.0,9860
A20264947,GC-10,46.0,4.93,37344.0,9860
A20264948,GC-10,46.0,5.53,20976.0,9860
A20264949,GC-10,46.0,5.53,28494.0,9860
A20264950,GC-10,46.0,5.53,102130.0,9860
A20264951,GC-10,46.0,5.53,41780.0,9860
A20264952,GC-10,46.0,5.6,34290.0,9860
A20264953,GC-10,46.0,4.9,19036.0,9860
A20264954,GC-10,46.0,4.7,97924.0,9860
A20264955,GC-10,46.0,6.3,19249.0,9860
A20264956,GC-10,46.0,6.3,94956.0,9860
A20264957,GC-10,46.0,10.86,33646.0,9860
A20264958,GC-10,46.0,11.54,57316.0,9860
A20264959,GC-10,46.0,9.52,48552.0,9860
A20264960,GC-10,46.0,7.4,79354.0,9860
A20264961,GC-10,46.0,5.3,33118.0,9860
A20264962,GC-10,46.0,5.3,53491.0,9860
A20264963,GC-10,46.0,5.3,96986.0,9860
A20264964,GC-10,46.0,5.3,42720.0,9860
A20264965,GC-10,46.0,7.4,47080.0,9860
A20264966,GC-10,46.0,7.4,29240.0,9860
A20264967,GC-10,46.0,7.4,16598.0,9860
A20264968,GC-10,46.0,4.9,40789.0,9860
A20264969,GC-10,46.0,6.4,23193.0,9860
A20264970,GC-10,46.0,7.0,73530.0,9860
A20264971,GC-10,46.0,7.0,41630.0,9860
A20264972,GC-10,46.0,7.0,38630.0,9860
A20264973,GC-10,46.0,7.0,46972.0,9860
A20264974,GC-10,46.0,7.0,125010.0,9860
A20264975,GC-10,46.0,4.94,63400.0,9860
A20264976,GC-10,46.0,4.94,63780.0,9860
A20264977,GC-10,46.0,4.9,22712.0,9860
A20264978,GC-10,46.0,4.9,35421.0,9860
A20264979,GC-10,46.0,4.9,48106.0,9860
A20264980,GC-10,46.0,4.9,73507.0,9860
A20264981,GC-10,46.0,4.795,16351.0,9860
A20264982,GC-10,46.0,4.815,22656.0,9860
A20264983,GC-10,46.0,4.9,20020.0,9860
A20264984,GC-10,46.0,5.2,25192.0,9860
A20264985,GC-10,46.0,5.2,54192.0,9860
A20264986,GC-10,46.0,5.9,16213.000000000002,9860
A20264987,GC-10,46.0,4.63,21880.0,9860
A20264988,GC-10,46.0,4.9,41640.0,9860
A20264989,GC-10,46.0,4.9,41640.0,9860
A20264990,GC-10,46.0,4.9,40555.0,9860
A20264991,GC-10,46.0,4.9,58880.0,9860
A20264992,GC-10,46.0,4.9,47278.0,9860
A20264993,GC-10,46.0,4.9,40828.0,9860
A20264994,GC-10,46.0,4.7,44749.0,9860
A20264995,GC-10,46.0,6.4,63859.0,9860
A20264996,GC-10,46.0,6.4,76288.0,9860
A20264997,GC-10,46.0,6.4,22413.0,9860
A20264998,GC-10,46.0,6.6,22435.0,9860
A20264999,GC-10,46.0,5.8,140486.0,9860
A20265000,GC-10,46.0,4.9,59080.0,9860
A20265001,GC-10,46.0,8.65,120515.0,9860
A20265002,GC-10,46.0,6.4,92059.0,9860
A20265003,GC-10,46.0,6.4,26392.0,9860
A20265004,GC-10,46.0,6.4,22276.0,9860
A20265005,GC-10,46.0,6.4,22270.0,9860
A20265006,GC-10,46.0,6.4,71350.0,9860
A20265007,GC-10,46.0,7.9,28405.0,9860
A20265008,GC-10,46.0,7.9,52955.0,9860
A20265009,GC-10,46.0,7.9,40675.0,9860
A20265010,GC-10,46.0,7.9,26580.0,9860
A20265011,GC-10,46.0,4.85,88831.0,9860
A20265012,GC-10,46.0,4.4,30745.0,9860
A20265013,GC-10,46.0,4.4,43184.0,9860
A20265014,GC-10,46.0,4.4,92960.0,9860
A20265015,GC-10,46.0,4.4,42944.0,9860
A20265016,GC-10,46.0,4.4,22443.0,9860
A20265017,GC-10,46.0,4.4,72168.0,9860
A20265018,GC-10,46.0,4.9,126280.0,9860
A20265019,GC-10,46.0,4.9,126280.0,9860
A20265020,GC-10,46.0,4.9,93100.0,9860
A20265021,GC-10,46.0,4.9,43240.0,9860
A20265022,GC-10,46.0,6.4,25194.0,9860
A20265023,GC-10,46.0,4.9,13036.0,9860
A20265024,GC-10,46.0,4.9,28279.0,9860
A20265025,GC-10,46.0,4.9,40560.0,9860
A20265026,GC-10,46.0,4.9,71420.0,9860
A20265027,GC-10,46.0,4.9,22480.0,9860
A20265028,GC-10,46.0,4.9,75610.0,9860
A20265029,GC-10,46.0,6.4,80880.0,9860
A20265030,GC-11,56.0,6.4,34700.0,9860
A20265031,GC-11,56.0,4.9,40926.0,9860
A20265032,GC-11,56.0,4.901,59556.0,9860
A20265033,GC-11,56.0,4.901,43980.0,9860
A20265034,GC-11,56.0,4.901,89755.0,9860
A20265035,GC-11,56.0,4.901,53204.0,9860
A20265036,GC-11,56.0,7.9,41060.0,9860
A20265037,GC-11,56.0,5.0,40555.0,9860
A20265038,GC-11,56.0,5.0,22186.0,9860
A20265039,GC-11,56.0,5.0,22192.0,9860
A20265040,GC-11,56.0,6.0,22222.0,9860
A20265041,GC-11,56.0,5.995,34754.0,9860
A20265042,GC-11,56.0,5.995,28233.0,9860
A20265043,GC-11,56.0,4.795,40864.0,9860
A20265044,GC-11,56.0,4.93,22444.0,9860
A20265045,GC-11,56.0,4.93,34692.0,9860
A20265046,GC-11,56.0,4.9,42464.0,9860
A20265047,GC-11,56.0,4.9,142860.0,9860
A20265048,GC-11,56.0,4.901,92960.0,9860
A20265049,GC-11,56.0,4.901,59760.0,9860
A20265050,GC-11,56.0,4.901,142740.0,9860
A20265051,GC-11,56.0,6.45,126520.0,9860
A20265052,GC-11,56.0,4.901,51540.0,9860
A20265053,GC-11,56.0,4.901,22280.0,9860
A20265054,GC-11,56.0,4.901,28640.0,9860
A20265055,GC-11,56.0,4.901,57929.0,9860
A20265056,GC-11,56.0,4.901,28414.0,9860
A20265057,GC-11,56.0,4.9,84780.0,9860
A20265058,GC-11,56.0,4.9,51470.0,9860
A20265059,GC-11,56.0,4.9,28874.0,9860
A20265060,GC-11,56.0,6.14,34875.0,9860
A20265061,GC-11,56.0,5.84,40370.0,9860
A20265062,GC-11,56.0,6.55,85880.0,9860
A20265063,GC-11,56.0,4.9,40366.0,9860
A20265064,GC-11,56.0,4.95,51970.0,9860
A20265065,GC-11,56.0,5.01,22213.0,9860
A20265066,GC-11,56.0,5.01,29598.0,9860
A20265067,GC-11,56.0,4.85,21840.0,9860
A20265068,GC-11,56.0,4.85,93800.0,9860
A20265069,GC-11,56.0,4.85,22000.0,9860
A20265070,GC-11,56.0,5.98,93800.0,9860
A20265071,GC-11,56.0,5.98,22014.0,9860
A20265072,GC-11,56.0,4.9,93946.0,9860
A20265073,GC-11,56.0,4.9,33947.0,9860
A20265074,GC-11,56.0,10.0,88507.0,9860
A20265075,GC-11,56.0,10.0,34890.0,9860
A20265076,GC-11,56.0,5.62,22444.0,9860
A20265077,GC-11,56.0,4.7,72120.0,9860
A20265078,GC-11,56.0,4.9,46828.0,9860
A20265079,GC-11,56.0,6.4,34507.0,9860
A20265080,GC-11,56.0,4.9,40511.0,9860
A20265081,GC-11,56.0,4.9,25089.0,9860
A20265082,GC-11,56.0,4.9,47293.0,9860
A20265083,GC-11,56.0,4.901,25724.0,9860
A20265084,GC-11,56.0,4.901,96494.0,9860
A20265085,GC-11,56.0,4.901,34692.0,9860
A20265086,GC-11,56.0,4.901,47112.0,9860
A20265087,GC-11,56.0,4.901,47284.0,9860
A20265088,GC-11,56.0,4.901,92340.0,9860
A20265089,GC-11,56.0,4.9,26929.0,9860
A20265090,GC-11,56.0,4.9,65557.0,9860
A20265091,GC-11,56.0,4.9,22173.0,9860
A20265092,GC-11,56.0,4.9,34848.0,9860
A20265093,GC-11,56.0,6.5,22432.0,9860
A20265094,GC-11,56.0,6.5,65926.0,9860
A20265095,GC-11,56.0,4.9,55612.0,9860
A20265096,GC-11,56.0,4.9,33858.0,9860
A20265097,GC-11,56.0,7.0,34324.0,9860
A20265098,GC-11,56.0,6.1,21834.0,9860
A20265099,GC-11,56.0,6.1,19434.0,9860
A20265100,GC-11,56.0,7.001,54324.0,9860
