order_id,steel,diameter,length,weight,density
B20270001,NP01,43.0,4.45,16850.0,9860
B20270002,NP01,43.0,4.9,15374.0,9860
B20270003,NP01,43.0,4.55,40165.0,9860
B20270004,NP01,43.0,4.9,69324.0,9860
B20270005,NP01,43.0,8.97,25379.0,9860
B20270006,NP01,43.0,5.4,15693.0,9860
B20270007,NP01,43.0,6.84,34560.0,9860
B20270008,NP01,43.0,5.9,29161.0,9860
B20270009,NP01,43.0,6.4,41801.0,9860
B20270010,NP01,43.0,5.9,23155.0,9860
B20270011,NP01,43.0,4.9,29803.0,9860
B20270012,NP01,43.0,6.4,17515.0,9860
B20270013,NP01,43.0,11.4,23642.0,9860
B20270014,NP01,43.0,6.2,29914.0,9860
B20270015,NP01,43.0,6.4,28844.0,9860
B20270016,NP01,43.0,8.78,140672.0,9860
B20270017,NP01,43.0,4.9,31318.0,9860
B20270018,NP01,43.0,4.9,51419.0,9860
B20270019,NP01,43.0,6.78,60640.0,9860
B20270020,NP01,43.0,4.9,28070.0,9860
B20270021,NP01,43.0,4.9,17847.0,9860
B20270022,NP01,43.0,6.1,62983.0,9860
B20270023,NP01,43.0,4.9,58871.0,9860
B20270024,NP01,43.0,4.9,98099.0,9860
B20270025,NP01,43.0,6.4,17305.0,9860
B20270026,NP01,43.0,6.4,53006.0,9860
B20270027,NP01,43.0,6.1,19158.0,9860
B20270028,NP01,43.0,5.33,17571.0,9860
B20270029,NP01,43.0,6.35,40988.0,9860
B20270030,NP01,43.0,6.3,22015.0,9860
B20270031,NP01,43.0,4.7,39747.0,9860
B20270032,NP01,43.0,6.4,54550.0,9860
B20270033,NP01,43.0,4.9,60956.0,9860
B20270034,NP01,43.0,4.95,25975.0,9860
B20270035,NP01,43.0,4.9,51716.0,9860
B20270036,NP01,43.0,4.9,12559.0,9860
B20270037,NP01,43.0,4.9,63863.0,9860
B20270038,NP01,43.0,4.9,15188.0,9860
B20270039,NP01,43.0,7.0,89138.0,9860
B20270040,NP01,43.0,6.1,64858.00000000001,9860
B20270041,NP01,43.0,4.9,78043.0,9860
B20270042,NP01,43.0,4.9,18375.0,9860
B20270043,NP01,43.0,7.75,29123.0,9860
B20270044,NP01,43.0,6.54,46540.0,9860
B20270045,NP01,43.0,4.9,69950.0,9860
B20270046,NP01,43.0,4.901,111663.0,9860
B20270047,NP01,43.0,6.4,37438.0,9860
B20270048,NP01,43.0,4.9,85815.0,9860
B20270049,NP01,43.0,4.9,102942.0,9860
B20270050,NP01,43.0,6.4,12630.0,9860
B20270051,NP01,43.0,4.9,23708.0,9860
B20270052,NP01,43.0,5.0,48553.0,9860
B20270053,NP01,43.0,4.9,12020.0,9860
B20270054,NP01,43.0,4.9,85114.0,9860
B20270055,NP01,43.0,6.4,79257.0,9860
B20270056,NP01,43.0,8.15,17741.0,9860
B20270057,NP01,43.0,4.9,64858.99999999999,9860
B20270058,NP01,43.0,6.15,31760.0,9860
B20270059,NP01,43.0,3.8,12463.0,9860
B20270060,NP01,43.0,8.15,65149.0,9860
B20270061,NP01,43.0,4.901,59806.0,9860
B20270062,NP01,43.0,4.901,30091.0,9860
B20270063,NP01,43.0,4.9,23562.0,9860
B20270064,NP01,43.0,6.4,21258.0,9860
B20270065,NP01,43.0,7.75,97994.0,9860
B20270066,NP01,43.0,4.9,23320.0,9860
B20270067,NP01,43.0,4.9,73144.0,9860
B20270068,NP01,43.0,6.1,10227.0,9860
B20270069,NP01,43.0,4.9,32158.0,9860
B20270070,NP01,43.0,4.9,36165.0,9860
B20270071,NP01,43.0,5.7,47038.0,9860
B20270072,NP01,43.0,10.0,20070.0,9860
B20270073,NP01,43.0,4.9,63381.0,9860
B20270074,NP01,43.0,4.9,40389.0,9860
B20270075,NP01,43.0,4.9,141467.0,9860
B20270076,NP01,43.0,4.9,24631.0,9860
B20270077,NP01,43.0,6.4,37068.0,9860
B20270078,NP01,43.0,4.901,24213.0,9860
B20270079,NP01,43.0,7.4,35349.0,9860
B20270080,NP01,43.0,5.9,134067.0,9860
B20270081,NP01,43.0,7.75,5152.0,9860
B20270082,NP01,43.0,7.0,88627.0,9860
B20270083,NP01,43.0,4.9,51339.0,9860
B20270084,NP01,43.0,4.9,108497.0,9860
B20270085,NP01,43.0,5.3,52534.0,9860
B20270086,NP01,43.0,5.7,93505.0,9860
B20270087,NP01,43.0,4.9,47368.0,9860
B20270088,NP01,43.0,4.9,62595.0,9860
B20270089,NP01,43.0,3.8,13084.0,9860
B20270090,NP01,43.0,4.9,24028.0,9860
B20270091,NP01,43.0,4.9,15746.0,9860
B20270092,NP01,43.0,4.5,37392.0,9860
B20270093,NP01,43.0,5.4,53146.0,9860
B20270094,NP01,43.0,4.9,36659.0,9860
B20270095,NP01,43.0,4.9,59327.0,9860
B20270096,NP01,43.0,4.901,31060.0,9860
B20270097,NP01,43.0,5.9,34758.0,9860
B20270098,NP01,43.0,5.9,18137.0,9860
B20270099,NP01,43.0,6.9,42146.0,9860
B20270100,NP01,43.0,6.1,25243.0,9860
B20270101,NP01,43.0,8.78,16218.0,9860
B20270102,NP01,43.0,7.0,18940.0,9860
B20270103,NP01,43.0,4.9,56177.0,9860
B20270104,NP01,43.0,4.9,16747.0,9860
B20270105,NP01,43.0,4.9,76569.0,9860
B20270106,NP01,43.0,4.9,29118.0,9860
B20270107,NP01,43.0,4.9,19787.0,9860
B20270108,NP01,43.0,6.8,7521.0,9860
B20270109,NP01,43.0,7.0,50147.0,9860
B20270110,NP01,43.0,5.4,35736.0,9860
B20270111,NP01,43.0,5.36,6050.0,9860
B20270112,NP01,43.0,4.9,19816.0,9860
B20270113,NP01,43.0,6.15,20092.0,9860
B20270114,NP01,43.0,4.9,42577.0,9860
B20270115,NP01,43.0,4.901,100752.0,9860
B20270116,NP01,43.0,6.4,34050.0,9860
B20270117,NP01,43.0,4.9,105256.0,9860
B20270118,NP01,43.0,4.9,22358.0,9860
B20270119,NP01,43.0,6.4,43705.0,9860
B20270120,NP01,43.0,4.901,40789.0,9860
B20270121,NP01,43.0,5.9,10404.0,9860
B20270122,NP01,43.0,4.9,59252.0,9860
B20270123,NP01,43.0,4.9,38293.0,9860
B20270124,NP01,43.0,5.9,56827.0,9860
B20270125,NP01,43.0,4.9,24057.0,9860
B20270126,NP01,43.0,4.9,31215.0,9860
B20270127,NP01,43.0,4.9,31569.0,9860
B20270128,NP01,43.0,5.0,15811.0,9860
B20270129,NP01,43.0,4.9,54053.0,9860
B20270130,NP01,43.0,7.0,11485.0,9860
B20270131,NP01,43.0,5.9,44157.0,9860
B20270132,NP01,43.0,4.9,122530.0,9860
B20270133,NP01,43.0,6.7,59477.0,9860
B20270134,NP01,43.0,4.9,23478.0,9860
B20270135,NP01,43.0,5.4,100554.0,9860
B20270136,NP01,43.0,6.0,35626.0,9860
B20270137,NP01,43.0,4.9,52351.0,9860
B20270138,NP01,43.0,7.75,83175.0,9860
B20270139,NP01,43.0,4.9,12147.0,9860
B20270140,NP01,43.0,10.9,28119.0,9860
B20270141,NP01,43.0,4.9,31354.0,9860
B20270142,NP01,43.0,4.9,11294.0,9860
B20270143,NP01,43.0,5.06,68334.0,9860
B20270144,NP01,43.0,4.9,12483.0,9860
B20270145,NP01,43.0,6.4,115940.0,9860
B20270146,NP01,43.0,5.9,15050.0,9860
B20270147,NP01,43.0,4.9,136954.0,9860
B20270148,NP01,43.0,5.33,49772.0,9860
B20270149,NP01,43.0,6.1,88667.0,9860
B20270150,NP01,43.0,5.9,12369.0,9860
B20270151,NP01,43.0,6.15,48722.0,9860
B20270152,NP01,43.0,5.9,29711.0,9860
B20270153,NP01,43.0,6.6,51572.0,9860
B20270154,NP01,43.0,5.9,34405.0,9860
B20270155,NP01,43.0,4.9,18185.0,9860
B20270156,NP01,43.0,5.9,64012.0,9860
B20270157,NP01,43.0,6.4,22549.0,9860
B20270158,NP01,43.0,4.9,14875.0,9860
B20270159,NP01,43.0,4.9,12234.0,9860
B20270160,NP01,43.0,4.4,36634.0,9860
B20270161,NP01,43.0,4.9,58402.0,9860
B20270162,NP01,43.0,4.9,54935.0,9860
B20270163,NP01,43.0,4.55,23949.0,9860
B20270164,NP01,43.0,4.9,42185.0,9860
B20270165,NP01,43.0,6.65,67125.0,9860
B20270166,NP01,43.0,4.9,22446.0,9860
B20270167,NP01,43.0,7.75,39805.0,9860
B20270168,NP01,43.0,5.7,129704.00000000001,9860
B20270169,NP01,43.0,6.54,26006.0,9860
B20270170,NP01,43.0,3.9,17588.0,9860
B20270171,NP01,43.0,5.9,112611.0,9860
B20270172,NP01,43.0,4.9,23554.0,9860
B20270173,NP01,43.0,5.4,44814.0,9860
B20270174,NP01,43.0,4.78,15730.0,9860
B20270175,NP01,43.0,8.9,24740.0,9860
B20270176,NP01,43.0,4.9,7236.0,9860
B20270177,NP01,43.0,6.3,12490.0,9860
B20270178,NP01,43.0,5.27,34599.0,9860
B20270179,NP01,43.0,7.0,94955.0,9860
B20270180,NP01,43.0,4.9,35235.0,9860
B20270181,NP01,43.0,4.9,37625.0,9860
B20270182,NP01,43.0,4.9,12618.0,9860
B20270183,NP01,43.0,7.75,17164.0,9860
B20270184,NP01,43.0,4.9,76647.0,9860
B20270185,NP01,43.0,6.1,85820.0,9860
B20270186,NP01,43.0,6.4,13192.0,9860
B20270187,NP01,43.0,4.9,24987.0,9860
B20270188,NP01,43.0,7.75,5487.0,9860
B20270189,NP01,43.0,4.5,24226.0,9860
B20270190,NP01,43.0,6.6,12454.0,9860
B20270191,NP01,43.0,6.1,117529.0,9860
B20270192,NP01,43.0,6.1,39422.0,9860
B20270193,NP01,43.0,5.9,12583.0,9860
B20270194,NP01,43.0,4.9,18317.0,9860
B20270195,NP01,43.0,4.9,111278.0,9860
B20270196,NP01,43.0,7.0,43359.0,9860
B20270197,NP01,43.0,4.9,46878.0,9860
B20270198,NP01,43.0,4.9,19076.0,9860
B20270199,NP01,43.0,5.9,14573.0,9860
B20270200,NP01,43.0,4.9,66980.0,9860
B20270201,NP01,43.0,4.9,11974.0,9860
B20270202,NP01,43.0,4.9,24166.0,9860
B20270203,NP01,43.0,4.9,42493.0,9860
B20270204,NP01,43.0,6.1,35217.0,9860
B20270205,NP01,43.0,6.14,52364.0,9860
B20270206,NP01,43.0,4.9,77670.0,9860
B20270207,NP01,43.0,10.06,81190.0,9860
B20270208,NP01,43.0,4.55,30841.0,9860
B20270209,NP01,43.0,4.9,18964.0,9860
B20270210,NP01,43.0,4.7,117503.0,9860
B20270211,NP01,43.0,6.4,20832.0,9860
B20270212,NP01,43.0,4.901,23962.0,9860
B20270213,NP01,43.0,5.2,131995.0,9860
B20270214,NP01,43.0,6.15,36824.0,9860
B20270215,NP01,43.0,4.4,55403.0,9860
B20270216,NP01,43.0,4.78,11492.0,9860
B20270217,NP01,43.0,4.9,50846.0,9860
B20270218,NP01,43.0,4.9,40449.0,9860
B20270219,NP01,43.0,5.9,30788.0,9860
B20270220,NP01,43.0,5.2,19042.0,9860
B20270221,NP01,43.0,4.9,24547.0,9860
B20270222,NP01,43.0,4.9,78923.0,9860
B20270223,NP01,43.0,6.1,18466.0,9860
B20270224,NP01,43.0,4.9,6807.0,9860
B20270225,NP01,43.0,4.45,22791.0,9860
B20270226,NP01,43.0,4.7,59386.0,9860
B20270227,NP01,43.0,6.55,55336.0,9860
B20270228,NP01,43.0,4.55,18548.0,9860
B20270229,NP01,43.0,6.4,57555.0,9860
B20270230,NP01,43.0,4.9,35101.0,9860
B20270231,NP01,43.0,6.4,12379.0,9860
B20270232,NP01,43.0,4.9,12352.0,9860
B20270233,NP01,43.0,6.14,59542.0,9860
B20270234,NP01,43.0,7.4,24055.0,9860
B20270235,NP01,43.0,5.2,29811.0,9860
B20270236,NP01,43.0,5.9,64334.99999999999,9860
B20270237,NP01,43.0,6.9,72987.0,9860
B20270238,NP01,43.0,6.78,105803.0,9860
B20270239,NP01,43.0,6.1,26502.0,9860
B20270240,NP01,43.0,6.1,12161.0,9860
B20270241,NP01,43.0,5.97,18930.0,9860
B20270242,NP01,43.0,5.15,8880.0,9860
B20270243,NP01,43.0,6.3,56284.0,9860
B20270244,NP01,43.0,4.9,5063.0,9860
B20270245,NP01,43.0,8.97,26748.0,9860
B20270246,NP01,43.0,5.3,110748.0,9860
B20270247,NP01,43.0,6.4,23478.0,9860
B20270248,NP01,43.0,7.9,59607.0,9860
B20270249,NP01,43.0,5.4,24484.0,9860
B20270250,NP01,43.0,6.9,22322.0,9860
B20270251,NP01,43.0,4.9,54687.0,9860
B20270252,NP01,43.0,4.9,18532.0,9860
B20270253,NP01,43.0,5.08,83903.0,9860
B20270254,NP01,43.0,4.9,25788.0,9860
B20270255,NP01,43.0,5.9,24476.0,9860
B20270256,NP01,43.0,5.9,34199.0,9860
B20270257,NP01,43.0,9.0,69708.0,9860
B20270258,NP01,43.0,4.9,17712.0,9860
B20270259,NP01,43.0,6.1,12006.0,9860
B20270260,NP01,43.0,5.15,55268.0,9860
B20270261,NP01,43.0,6.07,30087.0,9860
B20270262,NP01,43.0,3.9,49295.0,9860
B20270263,NP01,43.0,3.9,12991.0,9860
B20270264,NP01,43.0,4.9,17247.0,9860
B20270265,NP01,43.0,5.3,12364.0,9860
B20270266,NP01,43.0,10.06,39096.0,9860
B20270267,NP01,43.0,5.9,31607.0,9860
B20270268,NP01,43.0,4.901,119954.0,9860
B20270269,NP01,43.0,6.4,27276.0,9860
B20270270,NP01,43.0,4.9,24040.0,9860
B20270271,NP01,43.0,5.9,31179.0,9860
B20270272,NP01,43.0,7.75,48992.0,9860
B20270273,NP01,43.0,5.9,41057.0,9860
B20270274,NP01,43.0,5.9,36640.0,9860
B20270275,NP01,43.0,5.9,111681.0,9860
B20270276,NP01,43.0,4.9,79345.0,9860
B20270277,NP01,43.0,5.4,25461.0,9860
B20270278,NP01,43.0,5.9,94480.0,9860
B20270279,NP01,43.0,4.9,56534.0,9860
B20270280,NP01,43.0,4.9,54405.0,9860
B20270282,NP01,43.0,4.9,27790.0,9860
B20270283,NP01,43.0,5.2,58314.0,9860
B20270284,NP01,43.0,5.9,11879.0,9860
B20270285,NP01,43.0,4.9,24198.0,9860
B20270286,NP01,43.0,4.9,34969.0,9860
B20270287,NP01,43.0,4.901,16068.000000000002,9860
B20270288,NP01,43.0,6.55,23501.0,9860
B20270289,NP01,43.0,6.4,15460.0,9860
B20270290,NP01,43.0,5.0,23710.0,9860
B20270291,NP01,43.0,4.9,109581.0,9860
B20270292,NP01,43.0,4.9,37347.0,9860
B20270293,NP01,43.0,4.9,52198.0,9860
B20270294,NP01,43.0,3.8,36901.0,9860
B20270295,NP01,43.0,4.6,37047.0,9860
B20270296,NP01,43.0,4.9,22395.0,9860
B20270297,NP01,43.0,7.0,15238.0,9860
B20270298,NP01,43.0,4.9,41442.0,9860
B20270299,NP01,43.0,4.9,10826.0,9860
B20270300,NP01,43.0,9.34,70117.0,9860
B20270301,NP01,43.0,5.9,114402.0,9860
B20270302,NP01,43.0,4.9,14438.0,9860
B20270303,NP01,43.0,5.9,72975.0,9860
B20270304,NP01,43.0,4.9,23915.0,9860
B20270305,NP01,43.0,5.2,12618.0,9860
B20270306,NP01,43.0,4.9,70716.0,9860
B20270307,NP01,43.0,11.05,18108.0,9860
B20270308,NP01,43.0,5.06,3448.0,9860
B20270309,NP01,43.0,6.14,11992.0,9860
B20270310,NP01,43.0,4.9,11890.0,9860
B20270311,NP01,43.0,7.75,52676.0,9860
B20270312,NP01,43.0,7.75,50341.0,9860
B20270313,NP01,43.0,7.9,18421.0,9860
B20270314,NP01,43.0,4.9,19084.0,9860
B20270315,NP01,43.0,4.9,30753.0,9860
B20270316,NP01,43.0,5.9,41738.0,9860
B20270317,NP01,43.0,4.9,12545.0,9860
B20270318,NP01,43.0,4.9,28977.0,9860
B20270319,NP01,43.0,6.4,123717.0,9860
B20270320,NP01,43.0,4.9,37527.0,9860
B20270321,NP01,43.0,4.901,134438.0,9860
B20270322,NP01,43.0,8.9,48505.0,9860
B20270323,NP01,43.0,4.5,45803.0,9860
B20270324,NP01,43.0,5.9,31867.0,9860
B20270325,NP01,43.0,6.4,134189.0,9860
B20270326,NP01,43.0,4.9,3786.0,9860
B20270327,NP01,43.0,6.4,12643.0,9860
B20270328,NP01,43.0,4.9,23956.0,9860
B20270329,NP01,43.0,4.901,40447.0,9860
B20270330,NP01,43.0,7.0,11659.0,9860
B20270331,NP01,43.0,9.34,129303.0,9860
B20270332,NP01,43.0,4.9,87200.0,9860
B20270333,NP01,43.0,4.9,39093.0,9860
B20270334,NP01,43.0,6.3,63347.0,9860
B20270335,NP01,43.0,5.0,59707.0,9860
B20270336,NP01,43.0,7.0,40087.0,9860
B20270337,NP01,43.0,6.1,119509.0,9860
B20270338,NP01,43.0,3.9,17922.0,9860
B20270339,NP01,43.0,4.9,58901.0,9860
B20270340,NP01,43.0,6.4,12205.0,9860
B20270341,NP01,43.0,4.9,11536.0,9860
B20270342,NP01,43.0,4.15,36487.0,9860
B20270343,NP01,43.0,4.9,35063.0,9860
B20270344,NP01,43.0,4.9,12805.0,9860
B20270345,NP01,43.0,4.9,33252.0,9860
B20270346,NP01,43.0,5.1,38609.0,9860
B20270347,NP01,43.0,4.901,37581.0,9860
B20270348,NP01,43.0,4.9,34388.0,9860
B20270349,NP01,43.0,4.9,49168.0,9860
B20270350,NP01,43.0,7.24,18620.0,9860
B20270351,NP01,43.0,6.4,12161.0,9860
B20270352,NP01,43.0,6.4,61976.0,9860
B20270353,NP01,43.0,6.4,6205.0,9860
B20270354,NP01,43.0,4.9,44841.0,9860
B20270355,NP01,43.0,6.2,12971.0,9860
B20270356,NP01,43.0,10.06,16113.0,9860
B20270357,NP01,43.0,4.9,31627.0,9860
B20270358,NP01,43.0,4.9,22220.0,9860
B20270359,NP01,43.0,4.9,29950.0,9860
B20270360,NP01,43.0,7.9,99496.0,9860
B20270361,NP01,43.0,10.9,92590.0,9860
B20270362,NP01,43.0,4.901,77662.0,9860
B20270363,NP01,43.0,4.9,16466.0,9860
B20270364,NP01,43.0,5.7,125613.0,9860
B20270365,NP01,43.0,7.0,86889.0,9860
B20270366,NP01,43.0,5.0,48231.0,9860
B20270367,NP01,43.0,5.97,127579.0,9860
B20270368,NP01,43.0,6.4,41774.0,9860
B20270369,NP01,43.0,4.9,40897.0,9860
B20270370,NP01,43.0,4.901,67859.0,9860
B20270371,NP01,43.0,6.1,40604.0,9860
B20270372,NP01,43.0,6.1,129209.0,9860
B20270373,NP01,43.0,6.9,49517.0,9860
B20270374,NP01,43.0,6.78,41800.0,9860
B20270375,NP01,43.0,8.1,50035.0,9860
B20270376,NP01,43.0,6.84,33389.0,9860
B20270377,NP01,43.0,4.9,35749.0,9860
B20270378,NP01,43.0,6.4,79857.0,9860
B20270379,NP01,43.0,4.9,11912.0,9860
B20270380,NP01,43.0,4.9,25136.0,9860
B20270381,NP01,43.0,9.0,29993.0,9860
B20270382,NP01,43.0,6.4,23900.0,9860
B20270383,NP01,43.0,4.9,16091.000000000002,9860
B20270384,NP01,43.0,8.1,24274.0,9860
B20270385,NP01,43.0,4.9,28143.0,9860
B20270386,NP01,43.0,5.9,12477.0,9860
B20270387,NP01,43.0,5.0,60213.0,9860
B20270388,NP01,43.0,4.9,29435.0,9860
B20270389,NP01,43.0,4.9,59280.0,9860
B20270390,NP01,43.0,4.9,44003.0,9860
B20270391,NP01,43.0,4.9,127646.0,9860
B20270392,NP01,43.0,4.9,35495.0,9860
B20270393,NP01,43.0,5.9,18609.0,9860
B20270394,NP01,43.0,4.9,17085.0,9860
B20270395,NP01,43.0,3.8,36522.0,9860
B20270396,NP01,43.0,8.05,40412.0,9860
B20270397,NP01,43.0,4.15,41801.0,9860
B20270398,NP01,43.0,7.4,86273.0,9860
B20270399,NP01,43.0,3.9,64938.99999999999,9860
B20270400,NP01,43.0,7.96,84545.0,9860
B20270401,NP01,43.0,4.9,11959.0,9860
B20270402,NP01,43.0,4.5,24404.0,9860
B20270403,NP01,43.0,4.9,6245.0,9860
B20270404,NP01,43.0,4.9,17072.0,9860
B20270405,NP01,43.0,7.0,59611.0,9860
B20270406,NP01,43.0,5.08,64239.99999999999,9860
B20270407,NP01,43.0,4.9,30683.0,9860
B20270408,NP01,43.0,6.84,17145.0,9860
B20270409,NP01,43.0,6.7,22567.0,9860
B20270410,NP01,43.0,7.75,94076.0,9860
B20270411,NP01,43.0,5.0,12550.0,9860
B20270412,NP01,43.0,5.9,18878.0,9860
B20270413,NP01,43.0,4.55,24150.0,9860
B20270414,NP01,43.0,8.23,25378.0,9860
B20270415,NP01,43.0,6.4,31155.0,9860
B20270416,NP01,43.0,4.9,92404.0,9860
B20270417,NP01,43.0,4.9,24743.0,9860
B20270418,NP01,43.0,6.4,14682.0,9860
B20270419,NP01,43.0,6.4,30219.0,9860
B20270420,NP01,43.0,4.78,36961.0,9860
B20270421,NP01,43.0,5.3,12168.0,9860
B20270422,NP01,43.0,5.018,12941.0,9860
B20270423,NP01,43.0,6.14,22831.0,9860
B20270424,NP01,43.0,4.6,77810.0,9860
B20270425,NP01,43.0,6.1,83134.0,9860
B20270426,NP01,43.0,3.8,36800.0,9860
B20270427,NP01,43.0,5.9,45741.0,9860
B20270428,NP01,43.0,4.9,23474.0,9860
B20270429,NP01,43.0,5.84,44557.0,9860
B20270430,NP01,43.0,9.34,73825.0,9860
B20270431,NP01,43.0,6.4,76048.0,9860
B20270432,NP01,43.0,4.45,99089.0,9860
B20270433,NP01,43.0,5.9,19495.0,9860
B20270434,NP01,43.0,6.4,89603.0,9860
B20270435,NP01,43.0,4.901,48226.0,9860
B20270436,NP01,43.0,4.9,41349.0,9860
B20270437,NP01,43.0,4.9,31642.0,9860
B20270438,NP01,43.0,6.4,12017.0,9860
B20270439,NP01,43.0,8.1,108235.0,9860
B20270440,NP01,43.0,7.9,66792.0,9860
B20270441,NP01,43.0,6.55,46045.0,9860
B20270442,NP01,43.0,4.9,48078.0,9860
B20270443,NP01,43.0,7.75,52613.0,9860
B20270444,NP01,43.0,5.1,12112.0,9860
B20270445,NP01,43.0,6.4,100145.0,9860
B20270446,NP01,43.0,4.9,45405.0,9860
B20270447,NP01,43.0,8.97,33178.0,9860
B20270448,NP01,43.0,7.96,85167.0,9860
B20270449,NP01,43.0,6.14,20482.0,9860
B20270450,NP01,43.0,5.9,124439.0,9860
B20270451,NP01,43.0,4.9,24116.0,9860
B20270452,NP01,43.0,6.25,9552.0,9860
B20270453,NP01,43.0,4.9,75606.0,9860
B20270454,NP01,43.0,8.23,11680.0,9860
B20270455,NP01,43.0,5.0,12675.0,9860
B20270456,NP01,43.0,5.3,113835.0,9860
B20270457,NP01,43.0,4.78,36943.0,9860
B20270458,NP01,43.0,5.9,84002.0,9860
B20270459,NP01,43.0,4.9,109906.0,9860
B20270460,NP01,43.0,5.9,106179.0,9860
B20270461,NP01,43.0,7.0,36156.0,9860
B20270462,NP01,43.0,11.0,25523.0,9860
B20270463,NP01,43.0,6.15,25453.0,9860
B20270464,NP01,43.0,6.9,99813.0,9860
B20270465,NP01,43.0,5.7,94207.0,9860
B20270466,NP01,43.0,7.75,7877.0,9860
B20270467,NP01,43.0,5.08,82845.0,9860
B20270468,NP01,43.0,6.9,41131.0,9860
B20270469,NP01,43.0,4.9,126553.0,9860
B20270470,NP01,43.0,10.06,27648.0,9860
B20270471,NP01,43.0,6.6,29591.0,9860
B20270472,NP01,43.0,4.901,23099.0,9860
B20270473,NP01,43.0,8.97,31710.0,9860
B20270474,NP01,43.0,4.901,23686.0,9860
B20270475,NP01,43.0,4.9,51286.0,9860
B20270476,NP01,43.0,5.9,12883.0,9860
B20270477,NP01,43.0,4.9,37143.0,9860
B20270478,NP01,43.0,8.97,20034.0,9860
B20270479,NP01,43.0,8.97,23315.0,9860
B20270480,NP01,43.0,6.4,12552.0,9860
B20270481,NP01,43.0,7.9,25262.0,9860
B20270482,NP01,43.0,8.97,129294.99999999999,9860
B20270483,NP01,43.0,5.9,42189.0,9860
B20270484,NP01,43.0,7.75,31734.0,9860
B20270485,NP01,43.0,6.1,11775.0,9860
B20270486,NP01,43.0,4.9,41256.0,9860
B20270487,NP01,43.0,6.4,30053.0,9860
B20270488,NP01,43.0,6.8,41019.0,9860
B20270489,NP01,43.0,4.9,24365.0,9860
B20270490,NP01,43.0,4.9,57667.0,9860
B20270491,NP01,43.0,6.4,97077.0,9860
B20270492,NP01,43.0,5.6,23879.0,9860
B20270493,NP01,43.0,4.9,19539.0,9860
B20270494,NP01,43.0,4.7,15624.0,9860
B20270495,NP01,43.0,4.9,134503.0,9860
B20270496,NP01,43.0,10.9,42317.0,9860
B20270497,NP01,43.0,6.9,23286.0,9860
B20270498,NP01,43.0,6.35,26143.0,9860
B20270499,NP01,43.0,6.1,20615.0,9860
B20270500,NP01,43.0,5.9,61846.0,9860
B20270501,NP01,43.0,8.05,116799.0,9860
B20270502,NP01,43.0,7.08,29085.0,9860
B20270503,NP01,43.0,5.9,134083.0,9860
B20270504,NP01,43.0,6.36,18760.0,9860
B20270505,NP01,43.0,5.9,40639.0,9860
B20270506,NP01,43.0,5.7,46902.0,9860
B20270507,NP01,43.0,4.9,7906.0,9860
B20270508,NP01,43.0,5.9,30785.0,9860
B20270509,NP01,43.0,6.4,137620.0,9860
B20270510,NP01,43.0,6.9,60632.0,9860
B20270511,NP01,43.0,4.9,24581.0,9860
B20270512,NP01,43.0,4.9,17165.0,9860
B20270513,NP01,43.0,4.4,35856.0,9860
B20270514,NP01,43.0,4.9,24364.0,9860
B20270515,NP01,43.0,4.9,24045.0,9860
B20270516,NP01,43.0,7.08,28991.0,9860
B20270517,NP01,43.0,4.9,53020.0,9860
B20270518,NP01,43.0,5.9,35601.0,9860
B20270519,NP01,43.0,5.0,23899.0,9860
B20270520,NP01,43.0,5.9,18722.0,9860
B20270521,NP01,43.0,4.15,41178.0,9860
B20270522,NP01,43.0,4.9,24817.0,9860
B20270523,NP01,43.0,7.9,22584.0,9860
B20270524,NP01,43.0,7.0,15911.0,9860
B20270525,NP01,43.0,9.34,91294.0,9860
B20270526,NP01,43.0,4.9,38904.0,9860
B20270527,NP01,43.0,4.9,17021.0,9860
B20270528,NP01,43.0,7.0,82049.0,9860
B20270529,NP01,43.0,4.75,24401.0,9860
B20270530,NP01,43.0,4.9,69871.0,9860
B20270531,NP01,43.0,5.018,62161.0,9860
B20270532,NP01,43.0,6.1,41729.0,9860
B20270533,NP01,43.0,5.9,38843.0,9860
B20270534,NP01,43.0,4.901,63163.0,9860
B20270535,NP01,43.0,4.9,90594.0,9860
B20270536,NP01,43.0,4.9,31480.0,9860
B20270537,NP01,43.0,8.78,24482.0,9860
B20270538,NP01,43.0,4.901,49623.0,9860
B20270539,NP01,43.0,6.4,38938.0,9860
B20270540,NP01,43.0,7.75,19689.0,9860
B20270541,NP01,43.0,5.08,86494.0,9860
B20270542,NP01,43.0,5.9,18792.0,9860
B20270543,NP01,43.0,4.9,39788.0,9860
B20270544,NP01,43.0,6.1,82857.0,9860
B20270545,NP01,43.0,7.4,90184.0,9860
B20270546,NP01,43.0,5.2,41088.0,9860
B20270547,NP01,43.0,6.15,12335.0,9860
B20270548,NP01,43.0,6.65,25220.0,9860
B20270549,NP01,43.0,4.9,124410.0,9860
B20270550,NP01,43.0,4.901,16585.0,9860
B20270551,NP01,43.0,5.018,45163.0,9860
B20270552,NP01,43.0,5.9,36210.0,9860
B20270553,NP01,43.0,4.9,36649.0,9860
B20270554,NP01,43.0,10.06,48409.0,9860
B20270555,NP01,43.0,4.9,17230.0,9860
B20270556,NP01,43.0,7.75,43554.0,9860
B20270557,NP01,43.0,7.2,73739.0,9860
B20270558,NP01,43.0,5.84,53057.0,9860
B20270559,NP01,43.0,6.84,24558.0,9860
B20270560,NP01,43.0,4.9,23093.0,9860
B20270561,NP01,43.0,4.78,26774.0,9860
B20270562,NP01,43.0,7.96,45631.0,9860
B20270563,NP01,43.0,5.9,137837.0,9860
B20270564,NP01,43.0,4.9,57454.0,9860
B20270565,NP01,43.0,7.0,100820.0,9860
B20270566,NP01,43.0,4.9,18191.0,9860
B20270567,NP01,43.0,4.9,23041.0,9860
B20270568,NP01,43.0,4.9,28512.0,9860
B20270569,NP01,43.0,5.2,11738.0,9860
B20270570,NP01,43.0,5.9,14804.0,9860
B20270571,NP01,43.0,4.9,127352.0,9860
B20270572,NP01,43.0,3.8,93806.0,9860
B20270573,NP01,43.0,4.9,106541.0,9860
B20270574,NP01,43.0,7.0,16818.0,9860
B20270575,NP01,43.0,4.9,33513.0,9860
B20270576,NP01,43.0,4.9,25021.0,9860
B20270577,NP01,43.0,5.9,137921.0,9860
B20270578,NP01,43.0,6.15,23915.0,9860
B20270579,NP01,43.0,4.9,48233.0,9860
B20270580,NP01,43.0,6.4,23718.0,9860
B20270581,NP01,43.0,5.0,25642.0,9860
B20270582,NP01,43.0,5.018,15233.0,9860
B20270583,NP01,43.0,6.1,10095.0,9860
B20270584,NP01,43.0,6.1,42392.0,9860
B20270585,NP01,43.0,4.9,11755.0,9860
B20270586,NP01,43.0,4.9,60429.0,9860
B20270587,NP01,43.0,5.4,28241.0,9860
B20270588,NP01,43.0,4.95,12242.0,9860
B20270589,NP01,43.0,6.9,41981.0,9860
B20270590,NP01,43.0,4.9,22537.0,9860
B20270591,NP01,43.0,6.4,85868.0,9860
B20270592,NP01,43.0,4.901,78473.0,9860
B20270593,NP01,43.0,4.901,117058.0,9860
B20270594,NP01,43.0,5.2,110895.0,9860
B20270595,NP01,43.0,6.65,40185.0,9860
B20270596,NP01,43.0,6.1,25016.0,9860
B20270597,NP01,43.0,10.68,40121.0,9860
B20270598,NP01,43.0,4.9,15289.0,9860
B20270599,NP01,43.0,4.9,86269.0,9860
B20270600,NP01,43.0,6.65,29407.0,9860
B20270601,NP01,43.0,6.25,39753.0,9860
B20270602,NP01,43.0,4.9,41636.0,9860
B20270603,NP01,43.0,5.0,12717.0,9860
B20270604,NP01,43.0,5.4,50624.0,9860
B20270605,NP01,43.0,5.9,48239.0,9860
B20270606,NP01,43.0,6.9,43515.0,9860
B20270607,NP01,43.0,7.0,44110.0,9860
B20270608,NP01,43.0,4.901,106631.0,9860
B20270609,NP01,43.0,4.9,36443.0,9860
B20270610,NP01,43.0,8.15,6161.0,9860
B20270611,NP01,43.0,4.9,7039.0,9860
B20270612,NP01,43.0,3.8,35192.0,9860
B20270613,NP01,43.0,10.9,53807.0,9860
B20270614,NP01,43.0,4.9,5919.0,9860
B20270615,NP01,43.0,6.3,57543.0,9860
B20270616,NP01,43.0,4.6,25591.0,9860
B20270617,NP01,43.0,9.34,42343.0,9860
B20270618,NP01,43.0,4.9,19591.0,9860
B20270619,NP01,43.0,5.9,11628.0,9860
B20270620,NP01,43.0,4.9,60161.0,9860
B20270621,NP01,43.0,6.4,11801.0,9860
B20270622,NP01,43.0,6.35,42921.0,9860
B20270623,NP01,43.0,3.9,10066.0,9860
B20270624,NP01,43.0,7.75,29587.0,9860
B20270625,NP01,43.0,4.9,48310.0,9860
B20270626,NP01,43.0,4.9,39341.0,9860
B20270627,NP01,43.0,4.9,48465.0,9860
B20270628,NP01,43.0,5.06,20075.0,9860
B20270629,NP01,43.0,4.9,23843.0,9860
B20270630,NP01,43.0,7.75,59117.0,9860
B20270631,NP01,43.0,7.9,65712.0,9860
B20270632,NP01,43.0,6.4,72984.0,9860
B20270633,NP01,43.0,6.1,24515.0,9860
B20270634,NP01,43.0,4.901,29990.0,9860
B20270635,NP01,43.0,4.9,24733.0,9860
B20270636,NP01,43.0,6.65,39908.0,9860
B20270637,NP01,43.0,7.08,29017.0,9860
B20270638,NP01,43.0,4.9,81764.0,9860
B20270639,NP01,43.0,5.9,30238.0,9860
B20270640,NP01,43.0,4.9,12158.0,9860
B20270641,NP01,43.0,7.75,138584.0,9860
B20270642,NP01,43.0,4.9,55500.0,9860
B20270643,NP01,43.0,6.4,12334.0,9860
B20270644,NP01,43.0,4.9,5936.0,9860
B20270645,NP01,43.0,4.9,109475.0,9860
B20270646,NP01,43.0,6.78,15372.0,9860
B20270647,NP01,43.0,4.901,39394.0,9860
B20270648,NP01,43.0,6.1,9955.0,9860
B20270649,NP01,43.0,6.4,26137.0,9860
B20270650,NP01,43.0,4.9,34991.0,9860
B20270651,NP01,43.0,5.9,4751.0,9860
B20270652,NP01,43.0,8.9,15993.0,9860
B20270653,NP01,43.0,6.1,37901.0,9860
B20270654,NP01,43.0,5.4,30254.0,9860
B20270655,NP01,43.0,5.7,19987.0,9860
B20270656,NP01,43.0,4.9,111188.0,9860
B20270657,NP01,43.0,4.9,63378.0,9860
B20270658,NP01,43.0,4.9,87602.0,9860
B20270659,NP01,43.0,8.97,40704.0,9860
B20270660,NP01,43.0,5.2,19048.0,9860
B20270661,NP01,43.0,5.6,30502.0,9860
B20270662,NP01,43.0,5.9,44169.0,9860
B20270663,NP01,43.0,4.9,29898.0,9860
B20270664,NP01,43.0,5.6,115150.0,9860
B20270665,NP01,43.0,7.9,24660.0,9860
B20270666,NP01,43.0,4.9,44364.0,9860
B20270667,NP01,43.0,4.9,28388.0,9860
B20270668,NP01,43.0,4.9,15793.0,9860
B20270669,NP01,43.0,8.4,33013.0,9860
B20270670,NP01,43.0,6.55,24103.0,9860
B20270671,NP01,43.0,5.6,31778.0,9860
B20270672,NP01,43.0,4.9,97686.0,9860
B20270673,NP01,43.0,7.0,24015.0,9860
B20270674,NP01,43.0,4.9,36794.0,9860
B20270675,NP01,43.0,4.9,64806.0,9860
B20270676,NP01,43.0,4.9,146879.0,9860
B20270677,NP01,43.0,4.45,35567.0,9860
B20270678,NP01,43.0,6.9,30615.0,9860
B20270679,NP01,43.0,4.525,89247.0,9860
B20270680,NP01,43.0,8.15,119166.0,9860
B20270681,NP01,43.0,4.9,31110.0,9860
B20270682,NP01,43.0,4.9,16694.0,9860
B20270683,NP01,43.0,6.1,41019.0,9860
B20270684,NP01,43.0,4.901,64254.99999999999,9860
B20270685,NP01,43.0,7.96,47100.0,9860
B20270686,NP01,43.0,5.9,84240.0,9860
B20270687,NP01,43.0,5.4,38672.0,9860
B20270688,NP01,43.0,4.901,137747.0,9860
B20270689,NP01,43.0,6.4,35279.0,9860
B20270690,NP01,43.0,6.1,70742.0,9860
B20270691,NP01,43.0,4.9,34712.0,9860
B20270692,NP01,43.0,7.0,114657.0,9860
B20270693,NP01,43.0,5.9,49948.0,9860
B20270694,NP01,43.0,4.75,4098.0,9860
B20270695,NP01,43.0,4.9,14863.0,9860
B20270696,NP01,43.0,5.15,29516.0,9860
B20270697,NP01,43.0,4.9,12273.0,9860
B20270698,NP01,43.0,5.9,28794.0,9860
B20270699,NP01,43.0,4.9,17626.0,9860
B20270700,NP01,43.0,4.9,18261.0,9860
B20270701,NP01,43.0,4.9,53547.0,9860
B20270702,NP01,43.0,7.96,87187.0,9860
B20270703,NP01,43.0,4.9,30064.0,9860
B20270704,NP01,43.0,5.0,21045.0,9860
B20270705,NP01,43.0,4.5,66074.0,9860
B20270706,NP01,43.0,4.9,108982.0,9860
B20270707,NP01,43.0,8.23,61081.0,9860
B20270708,NP01,43.0,4.75,116555.0,9860
B20270709,NP01,43.0,4.9,12050.0,9860
B20270710,NP01,43.0,5.9,46116.0,9860
B20270711,NP01,43.0,4.9,60663.0,9860
B20270712,NP01,43.0,4.9,66087.0,9860
B20270713,NP01,43.0,4.9,78458.0,9860
B20270714,NP01,43.0,5.36,25829.0,9860
B20270715,NP01,43.0,10.06,32969.0,9860
B20270716,NP01,43.0,6.35,30757.0,9860
B20270717,NP01,43.0,5.0,129613.0,9860
B20270718,NP01,43.0,6.1,88161.0,9860
B20270719,NP01,43.0,10.0,17764.0,9860
B20270720,NP01,43.0,5.9,30354.0,9860
B20270721,NP01,43.0,4.95,17924.0,9860
B20270722,NP01,43.0,4.9,54541.0,9860
B20270723,NP01,43.0,7.9,37861.0,9860
B20270724,NP01,43.0,4.9,23214.0,9860
B20270725,NP01,43.0,6.4,24246.0,9860
B20270726,NP01,43.0,4.9,29343.0,9860
B20270727,NP01,43.0,4.9,111562.0,9860
B20270728,NP01,43.0,4.9,5225.0,9860
B20270729,NP01,43.0,5.9,59068.0,9860
B20270730,NP01,43.0,4.9,49032.0,9860
B20270731,NP01,43.0,6.4,34723.0,9860
B20270732,NP01,43.0,6.4,54686.0,9860
B20270733,NP01,43.0,6.78,44526.0,9860
B20270734,NP01,43.0,6.4,21974.0,9860
B20270735,NP01,43.0,4.94,43315.0,9860
B20270736,NP01,43.0,5.9,32244.999999999996,9860
B20270737,NP01,43.0,4.9,116752.0,9860
B20270738,NP01,43.0,7.0,49305.0,9860
B20270739,NP01,43.0,6.9,91007.0,9860
B20270740,NP01,43.0,6.2,35085.0,9860
B20270741,NP01,43.0,4.9,54962.0,9860
B20270742,NP01,43.0,4.9,31910.0,9860
B20270743,NP01,43.0,5.08,29827.0,9860
B20270744,NP01,43.0,4.9,12040.0,9860
B20270745,NP01,43.0,6.4,24150.0,9860
B20270746,NP01,43.0,8.05,22689.0,9860
B20270747,NP01,43.0,4.9,79077.0,9860
B20270748,NP01,43.0,6.4,46837.0,9860
B20270749,NP01,43.0,6.6,41031.0,9860
B20270750,NP01,43.0,10.9,16168.0,9860
B20270751,NP01,43.0,4.9,11524.0,9860
B20270752,NP01,43.0,4.9,25462.0,9860
B20270753,NP01,43.0,6.4,58005.0,9860
B20270754,NP01,43.0,6.4,36524.0,9860
B20270755,NP01,43.0,4.9,48400.0,9860
B20270756,NP01,43.0,9.34,67529.0,9860
B20270757,NP01,43.0,4.9,15825.0,9860
B20270758,NP01,43.0,4.9,23772.0,9860
B20270759,NP01,43.0,4.9,15937.0,9860
B20270760,NP01,43.0,6.1,139803.0,9860
B20270761,NP01,43.0,4.9,31378.0,9860
B20270762,NP01,43.0,8.4,64173.0,9860
B20270763,NP01,43.0,5.4,36181.0,9860
B20270764,NP01,43.0,6.1,17537.0,9860
B20270765,NP01,43.0,6.1,25793.0,9860
B20270766,NP01,43.0,4.94,64649.0,9860
B20270767,NP01,43.0,4.9,64007.00000000001,9860
B20270768,NP01,43.0,4.9,29594.0,9860
B20270769,NP01,43.0,4.55,40823.0,9860
B20270770,NP01,43.0,4.9,24115.0,9860
B20270771,NP01,43.0,6.9,4795.0,9860
B20270772,NP01,43.0,4.9,43074.0,9860
B20270773,NP01,43.0,5.0,18126.0,9860
B20270774,NP01,43.0,5.9,120849.0,9860
B20270775,NP01,43.0,6.4,124306.0,9860
B20270776,NP01,43.0,4.9,108410.0,9860
B20270777,NP01,43.0,10.0,18358.0,9860
B20270778,NP01,43.0,6.4,21030.0,9860
B20270779,NP01,43.0,4.9,68276.0,9860
B20270780,NP01,43.0,8.23,36801.0,9860
B20270781,NP01,43.0,5.9,48685.0,9860
B20270782,NP01,43.0,6.1,37557.0,9860
B20270783,NP01,43.0,4.9,12526.0,9860
B20270784,NP01,43.0,7.0,49395.0,9860
B20270785,NP01,43.0,11.05,60869.0,9860
B20270786,NP01,43.0,9.34,61480.0,9860
B20270787,NP01,43.0,6.7,78445.0,9860
B20270788,NP01,43.0,5.1,36888.0,9860
B20270789,NP01,43.0,4.9,11986.0,9860
B20270790,NP01,43.0,7.0,12811.0,9860
B20270791,NP01,43.0,4.9,78560.0,9860
B20270792,NP01,43.0,4.9,90371.0,9860
B20270793,NP01,43.0,4.9,64679.0,9860
B20270794,NP01,43.0,5.9,25423.0,9860
B20270795,NP01,43.0,4.9,13273.0,9860
B20270796,NP01,43.0,6.14,128390.99999999999,9860
B20270797,NP01,43.0,4.9,14998.0,9860
B20270798,NP01,43.0,5.06,39700.0,9860
B20270799,NP01,43.0,6.4,63957.0,9860
B20270800,NP01,43.0,6.14,51456.0,9860
B20270801,NP01,43.0,4.9,28582.0,9860
B20270802,NP01,43.0,7.0,34172.0,9860
B20270803,NP01,43.0,4.9,87107.0,9860
B20270804,NP01,43.0,7.0,11950.0,9860
B20270805,NP01,43.0,4.901,63829.0,9860
B20270806,NP01,43.0,4.9,52825.0,9860
B20270807,NP01,43.0,8.97,33808.0,9860
B20270808,NP01,43.0,8.05,12796.0,9860
B20270809,NP01,43.0,6.1,33634.0,9860
B20270810,NP01,43.0,4.7,58195.0,9860
B20270811,NP01,43.0,4.9,12245.0,9860
B20270812,NP01,43.0,5.97,121968.0,9860
B20270813,NP01,43.0,6.14,51822.0,9860
B20270814,NP01,43.0,5.9,91063.0,9860
B20270815,NP01,43.0,4.9,31055.0,9860
B20270816,NP01,43.0,6.4,22404.0,9860
B20270817,NP01,43.0,4.9,37594.0,9860
B20270818,NP01,43.0,7.2,12905.0,9860
B20270819,NP01,43.0,10.06,66173.0,9860
B20270820,NP01,43.0,4.9,46661.0,9860
B20270821,NP01,43.0,5.33,12395.0,9860
B20270822,NP01,43.0,10.06,16139.0,9860
B20270823,NP01,43.0,4.901,130007.0,9860
B20270824,NP01,43.0,4.9,24326.0,9860
B20270825,NP01,43.0,4.901,57482.0,9860
B20270826,NP01,43.0,4.9,65778.0,9860
B20270827,NP01,43.0,5.08,29585.0,9860
B20270828,NP01,43.0,6.1,27352.0,9860
B20270829,NP01,43.0,4.9,35046.0,9860
B20270830,NP01,43.0,5.4,24129.0,9860
B20270831,NP01,43.0,8.23,82050.0,9860
B20270832,NP01,43.0,4.9,6243.0,9860
B20270833,NP01,43.0,4.7,8918.0,9860
B20270834,NP01,43.0,4.94,64843.0,9860
B20270835,NP01,43.0,8.28,138111.0,9860
B20270836,NP01,43.0,10.9,56861.0,9860
B20270837,NP01,43.0,4.5,29689.0,9860
B20270838,NP01,43.0,10.9,41015.0,9860
B20270839,NP01,43.0,5.018,25749.0,9860
B20270840,NP01,43.0,6.4,6435.0,9860
B20270841,NP01,43.0,4.9,136294.0,9860
B20270842,NP01,43.0,6.65,41015.0,9860
B20270843,NP01,43.0,7.0,59983.0,9860
B20270844,NP01,43.0,4.9,38253.0,9860
B20270845,NP01,43.0,4.9,12221.0,9860
B20270846,NP01,43.0,4.9,28704.0,9860
B20270847,NP01,43.0,4.9,24952.0,9860
B20270848,NP01,43.0,6.4,108090.0,9860
B20270849,NP01,43.0,4.9,13264.0,9860
B20270850,NP01,43.0,4.901,28314.0,9860
B20270851,NP01,43.0,5.9,60033.0,9860
B20270852,NP01,43.0,4.9,42550.0,9860
B20270853,NP01,43.0,5.6,12536.0,9860
B20270854,NP01,43.0,4.9,22315.0,9860
B20270855,NP01,43.0,4.901,18077.0,9860
B20270856,NP01,43.0,7.08,57268.0,9860
B20270857,NP01,43.0,4.901,29044.0,9860
B20270858,NP01,43.0,6.4,54458.0,9860
B20270859,NP01,43.0,6.1,10486.0,9860
B20270860,NP01,43.0,4.9,22532.0,9860
B20270861,NP01,43.0,4.9,36783.0,9860
B20270862,NP01,43.0,5.9,32870.0,9860
B20270863,NP01,43.0,6.4,82038.0,9860
B20270864,NP01,43.0,5.9,18511.0,9860
B20270865,NP01,43.0,4.9,49809.0,9860
B20270866,NP01,43.0,4.5,11856.0,9860
B20270867,NP01,43.0,4.9,109934.0,9860
B20270868,NP01,43.0,8.05,112220.0,9860
B20270869,NP01,43.0,6.65,7581.0,9860
B20270870,NP01,43.0,4.901,30486.0,9860
B20270871,NP01,43.0,5.0,20942.0,9860
B20270872,NP01,43.0,6.4,42029.0,9860
B20270873,NP01,43.0,4.95,15753.0,9860
B20270874,NP01,43.0,5.9,41259.0,9860
B20270875,NP01,43.0,5.9,61632.0,9860
B20270876,NP01,43.0,7.75,131798.0,9860
B20270877,NP01,43.0,6.4,29043.0,9860
B20270878,NP01,43.0,4.901,25753.0,9860
B20270879,NP01,43.0,6.1,25477.0,9860
B20270880,NP01,43.0,6.1,25068.0,9860
B20270881,NP01,43.0,6.4,35241.0,9860
B20270882,NP01,43.0,4.9,23573.0,9860
B20270883,NP01,43.0,5.9,81719.0,9860
B20270884,NP01,43.0,5.9,69315.0,9860
B20270885,NP01,43.0,4.9,12703.0,9860
B20270886,NP01,43.0,4.9,45865.0,9860
B20270887,NP01,43.0,8.1,27001.0,9860
B20270888,NP01,43.0,4.9,76054.0,9860
B20270889,NP01,43.0,4.95,46970.0,9860
B20270890,NP01,43.0,6.4,99682.0,9860
B20270891,NP01,43.0,6.4,20344.0,9860
B20270892,NP01,43.0,4.9,141692.0,9860
B20270893,NP01,43.0,11.0,12565.0,9860
B20270894,NP01,43.0,4.9,75818.0,9860
B20270895,NP01,43.0,4.9,116629.0,9860
B20270896,NP01,43.0,4.9,74195.0,9860
B20270897,NP01,43.0,5.7,45097.0,9860
B20270898,NP01,43.0,6.1,39010.0,9860
B20270899,NP01,43.0,5.9,46399.0,9860
B20270900,NP01,43.0,6.15,107984.0,9860
B20270901,NP01,43.0,4.9,12261.0,9860
B20270902,NP01,43.0,7.0,72252.0,9860
B20270903,NP01,43.0,4.901,125737.0,9860
B20270904,NP01,43.0,5.9,24044.0,9860
B20270905,NP01,43.0,6.1,61302.0,9860
B20270906,NP01,43.0,6.4,18113.0,9860
B20270907,NP01,43.0,4.9,44288.0,9860
B20270908,NP01,43.0,5.2,59341.0,9860
B20270909,NP01,43.0,7.24,25802.0,9860
B20270910,NP01,43.0,5.9,26055.0,9860
B20270911,NP01,43.0,4.7,34222.0,9860
B20270912,NP01,43.0,4.901,41591.0,9860
B20270913,NP01,43.0,5.3,111249.0,9860
B20270914,NP01,43.0,5.0,48941.0,9860
B20270915,NP01,43.0,5.9,12590.0,9860
B20270916,NP01,43.0,4.9,64795.0,9860
B20270917,NP01,43.0,4.9,31250.0,9860
B20270918,NP01,43.0,4.55,24498.0,9860
B20270919,NP01,43.0,6.55,10507.0,9860
B20270920,NP01,43.0,4.9,24011.0,9860
B20270921,NP01,43.0,6.9,19657.0,9860
B20270922,NP01,43.0,4.95,48932.0,9860
B20270923,NP01,43.0,6.1,25375.0,9860
B20270924,NP01,43.0,4.9,10017.0,9860
B20270925,NP01,43.0,6.4,88023.0,9860
B20270926,NP01,43.0,4.9,22666.0,9860
B20270927,NP01,43.0,5.9,24149.0,9860
B20270928,NP01,43.0,10.06,47792.0,9860
B20270929,NP01,43.0,4.6,12214.0,9860
B20270930,NP01,43.0,6.36,23678.0,9860
B20270931,NP01,43.0,6.2,20598.0,9860
B20270932,NP01,43.0,5.9,92431.0,9860
B20270933,NP01,43.0,5.2,12203.0,9860
B20270934,NP01,43.0,5.9,26849.0,9860
B20270935,NP01,43.0,4.9,35853.0,9860
B20270936,NP01,43.0,5.97,19901.0,9860
B20270937,NP01,43.0,4.9,56777.0,9860
B20270938,NP01,43.0,5.97,43305.0,9860
B20270939,NP01,43.0,7.0,15417.0,9860
B20270940,NP01,43.0,6.4,31547.0,9860
B20270941,NP01,43.0,5.2,58004.0,9860
B20270942,NP01,43.0,4.9,50949.0,9860
B20270943,NP01,43.0,4.9,18987.0,9860
B20270944,NP01,43.0,4.901,140083.0,9860
B20270945,NP01,43.0,4.9,87474.0,9860
B20270946,NP01,43.0,4.9,129977.0,9860
B20270947,NP01,43.0,4.9,80916.0,9860
B20270948,NP01,43.0,4.9,48894.0,9860
B20270949,NP01,43.0,7.4,81131.0,9860
B20270950,NP01,43.0,4.9,42525.0,9860
B20270951,NP01,43.0,4.5,32870.0,9860
B20270952,NP01,43.0,7.75,39358.0,9860
B20270953,NP01,43.0,4.9,13179.0,9860
B20270954,NP01,43.0,6.1,83476.0,9860
B20270955,NP01,43.0,5.3,36958.0,9860
B20270956,NP01,43.0,4.9,11878.0,9860
B20270957,NP01,43.0,4.9,17815.0,9860
B20270958,NP01,43.0,4.9,23978.0,9860
B20270959,NP01,43.0,5.9,29504.0,9860
B20270960,NP01,43.0,5.6,12823.0,9860
B20270961,NP01,43.0,6.4,41280.0,9860
B20270962,NP01,43.0,5.9,78469.0,9860
B20270963,NP01,43.0,6.65,30177.0,9860
B20270964,NP01,43.0,6.4,99790.0,9860
B20270965,NP01,43.0,10.06,23049.0,9860
B20270966,NP01,43.0,4.9,31396.0,9860
B20270967,NP01,43.0,6.1,12888.0,9860
B20270968,NP01,43.0,4.9,44404.0,9860
B20270969,NP01,43.0,4.7,22805.0,9860
B20270970,NP01,43.0,8.15,94639.0,9860
B20270971,NP01,43.0,10.9,29252.0,9860
B20270972,NP01,43.0,5.2,42788.0,9860
B20270973,NP01,43.0,7.2,71959.0,9860
B20270974,NP01,43.0,5.9,44489.0,9860
B20270975,NP01,43.0,5.33,17107.0,9860
B20270976,NP01,43.0,4.9,72420.0,9860
B20270977,NP01,43.0,4.9,14480.0,9860
B20270978,NP01,43.0,5.9,57714.0,9860
B20270979,NP01,43.0,9.0,24229.0,9860
B20270980,NP01,43.0,5.4,14590.0,9860
B20270981,NP01,43.0,4.9,57416.0,9860
B20270982,NP01,43.0,6.1,64549.00000000001,9860
B20270983,NP01,43.0,6.4,50217.0,9860
B20270984,NP01,43.0,6.1,67618.0,9860
B20270985,NP01,43.0,5.06,17374.0,9860
B20270986,NP01,43.0,4.9,24424.0,9860
B20270987,NP01,43.0,4.9,70532.0,9860
B20270988,NP01,43.0,6.4,12743.0,9860
B20270989,NP01,43.0,4.9,118483.0,9860
B20270990,NP01,43.0,6.1,55923.0,9860
B20270991,NP01,43.0,4.9,16145.0,9860
B20270992,NP01,43.0,4.9,50823.0,9860
B20270993,NP01,43.0,4.9,109010.0,9860
B20270994,NP01,43.0,5.9,77487.0,9860
B20270995,NP01,43.0,5.9,12816.0,9860
B20270996,NP01,43.0,10.68,56159.0,9860
B20270997,NP01,43.0,4.7,22117.0,9860
B20270998,NP01,43.0,4.4,56130.0,9860
B20270999,NP01,43.0,7.9,6620.0,9860
B20271000,NP01,43.0,6.4,9478.0,9860
B20271001,NP01,43.0,4.9,15866.0,9860
B20271002,NP01,43.0,8.28,131035.0,9860
B20271003,NP01,43.0,4.9,57034.0,9860
B20271004,NP01,43.0,6.14,48267.0,9860
B20271005,NP01,43.0,5.2,41274.0,9860
B20271006,NP01,43.0,6.9,41309.0,9860
B20271007,NP01,43.0,4.9,58085.0,9860
B20271008,NP01,43.0,7.0,6212.0,9860
B20271009,NP01,43.0,6.6,40005.0,9860
B20271010,NP01,43.0,11.0,29477.0,9860
B20271011,NP01,43.0,9.0,28719.0,9860
B20271012,NP01,43.0,5.4,6292.0,9860
B20271013,NP01,43.0,4.9,33011.0,9860
B20271014,NP01,43.0,4.9,63392.0,9860
B20271015,NP01,43.0,7.0,102266.0,9860
B20271016,NP01,43.0,4.901,64007.99999999999,9860
B20271017,NP01,43.0,5.15,24704.0,9860
B20271018,NP01,43.0,4.9,11992.0,9860
B20271019,NP01,43.0,4.9,31209.0,9860
B20271020,NP01,43.0,4.9,66731.0,9860
B20271021,NP01,43.0,5.7,43641.0,9860
B20271022,NP01,43.0,4.9,36928.0,9860
B20271023,NP01,43.0,4.9,26316.0,9860
B20271024,NP01,43.0,6.9,13225.0,9860
B20271025,NP01,43.0,6.4,12590.0,9860
B20271026,NP01,43.0,4.9,55755.0,9860
B20271027,NP01,43.0,5.4,23850.0,9860
B20271028,NP01,43.0,4.9,45273.0,9860
B20271029,NP01,43.0,5.9,42733.0,9860
B20271030,NP01,43.0,7.75,23797.0,9860
B20271031,NP01,43.0,6.65,30656.0,9860
B20271032,NP01,43.0,4.9,12752.0,9860
B20271033,NP01,43.0,4.9,17792.0,9860
B20271034,NP01,43.0,6.4,14362.0,9860
B20271035,NP01,43.0,4.9,49524.0,9860
B20271036,NP01,43.0,4.9,12066.0,9860
B20271037,NP01,43.0,4.94,24697.0,9860
B20271038,NP01,43.0,4.78,10937.0,9860
B20271039,NP01,43.0,4.9,10152.0,9860
B20271040,NP01,43.0,6.4,55974.0,9860
B20271041,NP01,43.0,6.0,44301.0,9860
B20271042,NP01,43.0,4.9,115316.0,9860
B20271043,NP01,43.0,5.7,28401.0,9860
B20271044,NP01,43.0,5.9,4689.0,9860
B20271045,NP01,43.0,7.75,24840.0,9860
B20271046,NP01,43.0,5.9,59669.0,9860
B20271047,NP01,43.0,6.4,31819.0,9860
B20271048,NP01,43.0,3.9,96971.0,9860
B20271049,NP01,43.0,3.9,12175.0,9860
B20271050,NP01,43.0,6.4,14813.0,9860
B20271051,NP01,43.0,4.9,87222.0,9860
B20271052,NP01,43.0,4.901,107142.0,9860
B20271053,NP01,43.0,11.05,78845.0,9860
B20271054,NP01,43.0,4.9,19871.0,9860
B20271055,NP01,43.0,7.0,34171.0,9860
B20271056,NP01,43.0,4.9,30976.0,9860
B20271057,NP01,43.0,4.95,46742.0,9860
B20271058,NP01,43.0,5.33,11789.0,9860
B20271059,NP01,43.0,6.1,37824.0,9860
B20271060,NP01,43.0,4.9,17580.0,9860
B20271061,NP01,43.0,5.4,41444.0,9860
B20271062,NP01,43.0,4.9,23134.0,9860
B20271063,NP01,43.0,6.4,12781.0,9860
B20271064,NP01,43.0,4.9,17964.0,9860
B20271065,NP01,43.0,4.9,19015.0,9860
B20271066,NP01,43.0,6.3,64682.0,9860
B20271067,NP01,43.0,7.0,32558.999999999996,9860
B20271068,NP01,43.0,6.35,28792.0,9860
B20271069,NP01,43.0,4.95,47236.0,9860
B20271070,NP01,43.0,6.4,74964.0,9860
B20271071,NP01,43.0,5.1,20561.0,9860
B20271072,NP01,43.0,4.5,31974.0,9860
B20271073,NP01,43.0,4.9,46551.0,9860
B20271074,NP01,43.0,6.1,25341.0,9860
B20271075,NP01,43.0,4.9,18358.0,9860
B20271076,NP01,43.0,4.9,18633.0,9860
B20271077,NP01,43.0,6.25,83131.0,9860
B20271078,NP01,43.0,6.4,75285.0,9860
B20271079,NP01,43.0,6.55,50766.0,9860
B20271080,NP01,43.0,6.1,21282.0,9860
B20271081,NP01,43.0,4.9,22244.0,9860
B20271082,NP01,43.0,6.2,39930.0,9860
B20271083,NP01,43.0,4.9,6221.0,9860
B20271084,NP01,43.0,6.65,92943.0,9860
B20271085,NP01,43.0,5.9,63153.0,9860
B20271086,NP01,43.0,6.4,54319.0,9860
B20271087,NP01,43.0,7.0,34111.0,9860
B20271088,NP01,43.0,5.9,137425.0,9860
B20271089,NP01,43.0,4.9,34339.0,9860
B20271090,NP01,43.0,6.4,18685.0,9860
B20271091,NP01,43.0,4.9,54641.0,9860
B20271092,NP01,43.0,11.05,11570.0,9860
B20271093,NP01,43.0,4.9,70452.0,9860
B20271094,NP01,43.0,7.0,45247.0,9860
B20271095,NP01,43.0,4.9,30677.0,9860
B20271096,NP01,43.0,4.9,49716.0,9860
B20271097,NP01,43.0,4.9,12639.0,9860
B20271098,NP01,43.0,8.1,7922.0,9860
B20271099,NP01,43.0,4.9,47930.0,9860
B20271100,NP01,43.0,5.9,63868.0,9860
B20271101,NP01,43.0,4.9,14222.0,9860
B20271102,NP01,43.0,5.018,43409.0,9860
B20271103,NP01,43.0,6.4,34058.0,9860
B20271104,NP01,43.0,4.9,10414.0,9860
B20271105,NP01,43.0,4.9,99352.0,9860
B20271106,NP01,43.0,4.9,21261.0,9860
B20271107,NP01,43.0,4.9,23003.0,9860
B20271108,NP01,43.0,4.9,116113.0,9860
B20271109,NP01,43.0,5.9,28990.0,9860
B20271110,NP01,43.0,4.9,42057.0,9860
B20271111,NP01,43.0,5.3,49709.0,9860
B20271112,NP01,43.0,5.4,20023.0,9860
B20271113,NP01,43.0,4.901,23303.0,9860
B20271114,NP01,43.0,4.9,50467.0,9860
B20271115,NP01,43.0,5.9,36717.0,9860
B20271116,NP01,43.0,7.9,36216.0,9860
B20271117,NP01,43.0,4.9,20530.0,9860
B20271118,NP01,43.0,4.9,11668.0,9860
B20271119,NP01,43.0,6.1,53557.0,9860
B20271120,NP01,43.0,5.0,51670.0,9860
B20271121,NP01,43.0,6.4,11591.0,9860
B20271122,NP01,43.0,5.9,30258.0,9860
B20271123,NP01,43.0,4.901,91877.0,9860
B20271124,NP01,43.0,4.9,31520.0,9860
B20271125,NP01,43.0,4.9,25581.0,9860
B20271126,NP01,43.0,4.9,37857.0,9860
B20271127,NP01,43.0,10.06,48148.0,9860
B20271128,NP01,43.0,4.901,50421.0,9860
B20271129,NP01,43.0,7.0,94993.0,9860
B20271130,NP01,43.0,6.7,63647.0,9860
B20271131,NP01,43.0,4.9,71443.0,9860
B20271132,NP01,43.0,4.901,34755.0,9860
B20271133,NP01,43.0,4.9,27675.0,9860
B20271134,NP01,43.0,4.5,4829.0,9860
B20271135,NP01,43.0,6.4,49099.0,9860
B20271136,NP01,43.0,5.1,19824.0,9860
B20271137,NP01,43.0,5.4,23462.0,9860
B20271138,NP01,43.0,4.9,3066.0,9860
B20271139,NP01,43.0,5.33,81620.0,9860
B20271140,NP01,43.0,6.4,18296.0,9860
B20271141,NP01,43.0,4.9,46240.0,9860
B20271142,NP01,43.0,5.4,57475.0,9860
B20271143,NP01,43.0,7.75,63839.0,9860
B20271144,NP01,43.0,5.9,35525.0,9860
B20271145,NP01,43.0,4.9,31411.0,9860
B20271146,NP01,43.0,4.9,19582.0,9860
B20271147,NP01,43.0,7.75,14892.0,9860
B20271148,NP01,43.0,4.45,23629.0,9860
B20271149,NP01,43.0,5.4,41382.0,9860
B20271150,NP01,43.0,10.06,42848.0,9860
B20271151,NP01,43.0,5.6,37200.0,9860
B20271152,NP01,43.0,6.84,12646.0,9860
B20271153,NP01,43.0,4.9,18995.0,9860
B20271154,NP01,43.0,4.9,50009.0,9860
B20271155,NP01,43.0,9.34,21591.0,9860
B20271156,NP01,43.0,4.5,32183.0,9860
B20271157,NP01,43.0,4.9,29480.0,9860
B20271158,NP01,43.0,4.9,110255.0,9860
B20271159,NP01,43.0,4.6,33398.0,9860
B20271160,NP01,43.0,6.25,33592.0,9860
B20271161,NP01,43.0,4.901,42928.0,9860
B20271162,NP01,43.0,4.4,36852.0,9860
B20271163,NP01,43.0,8.28,12761.0,9860
B20271164,NP01,43.0,8.23,60579.0,9860
B20271165,NP01,43.0,7.75,31544.0,9860
B20271166,NP01,43.0,4.901,24560.0,9860
B20271167,NP01,43.0,4.5,63162.0,9860
B20271168,NP01,43.0,6.25,30881.0,9860
B20271169,NP01,43.0,6.4,23497.0,9860
B20271170,NP01,43.0,5.0,103547.0,9860
B20271171,NP01,43.0,6.65,25046.0,9860
B20271172,NP01,43.0,4.9,33754.0,9860
B20271173,NP01,43.0,4.901,15062.0,9860
B20271174,NP01,43.0,4.95,24120.0,9860
B20271175,NP01,43.0,4.9,20567.0,9860
B20271176,NP01,43.0,5.3,37218.0,9860
B20271177,NP01,43.0,4.9,23755.0,9860
B20271178,NP01,43.0,11.4,51618.0,9860
B20271179,NP01,43.0,4.9,100230.0,9860
B20271180,NP01,43.0,4.901,17204.0,9860
B20271181,NP01,43.0,4.9,30349.0,9860
B20271182,NP01,43.0,5.018,15155.0,9860
B20271183,NP01,43.0,4.9,23587.0,9860
B20271184,NP01,43.0,4.9,30489.0,9860
B20271185,NP01,43.0,4.9,55090.0,9860
B20271186,NP01,43.0,6.9,32468.000000000004,9860
B20271187,NP01,43.0,5.9,33295.0,9860
B20271188,NP01,43.0,6.1,26337.0,9860
B20271189,NP01,43.0,6.1,18155.0,9860
B20271190,NP01,43.0,5.2,44467.0,9860
B20271191,NP01,43.0,4.9,31552.0,9860
B20271192,NP01,43.0,5.22,43631.0,9860
B20271193,NP01,43.0,8.28,136401.0,9860
B20271194,NP01,43.0,4.9,40248.0,9860
B20271195,NP01,43.0,5.4,41216.0,9860
B20271196,NP01,43.0,4.95,15391.0,9860
B20271197,NP01,43.0,6.1,48900.0,9860
B20271198,NP01,43.0,4.9,14513.0,9860
B20271199,NP01,43.0,4.9,51720.0,9860
B20271200,NP01,43.0,4.9,69004.0,9860
B20271201,NP01,43.0,6.4,12298.0,9860
B20271202,NP01,43.0,4.9,14813.0,9860
B20271203,NP01,43.0,4.9,71486.0,9860
B20271204,NP01,43.0,4.9,128250.0,9860
B20271205,NP01,43.0,6.4,25165.0,9860
B20271206,NP01,43.0,5.0,43289.0,9860
B20271207,NP01,43.0,7.0,57798.0,9860
B20271208,NP01,43.0,5.0,77322.0,9860
B20271209,NP01,43.0,4.7,9440.0,9860
B20271210,NP01,43.0,6.4,29839.0,9860
B20271211,NP01,43.0,6.1,33423.0,9860
B20271212,NP01,43.0,6.4,29378.0,9860
B20271213,NP01,43.0,7.9,25330.0,9860
B20271214,NP01,43.0,4.9,23982.0,9860
B20271215,NP01,43.0,4.9,35719.0,9860
B20271216,NP01,43.0,5.0,39137.0,9860
B20271217,NP01,43.0,6.65,42710.0,9860
B20271218,NP01,43.0,4.9,67494.0,9860
B20271219,NP01,43.0,5.4,138882.0,9860
B20271220,NP01,43.0,4.9,24009.0,9860
B20271221,NP01,43.0,6.4,15487.0,9860
B20271222,NP01,43.0,4.95,47180.0,9860
B20271223,NP01,43.0,4.9,49090.0,9860
B20271224,NP01,43.0,8.97,134561.0,9860
B20271225,NP01,43.0,4.901,44403.0,9860
B20271226,NP01,43.0,4.9,29613.0,9860
B20271227,NP01,43.0,6.54,28321.0,9860
B20271228,NP01,43.0,4.9,24043.0,9860
B20271229,NP01,43.0,5.33,12084.0,9860
B20271230,NP01,43.0,10.06,31568.0,9860
B20271231,NP01,43.0,4.7,37591.0,9860
B20271232,NP01,43.0,8.15,63182.0,9860
B20271233,NP01,43.0,4.9,33160.0,9860
B20271234,NP01,43.0,3.8,38211.0,9860
B20271235,NP01,43.0,7.0,116384.0,9860
B20271236,NP01,43.0,4.9,29892.0,9860
B20271237,NP01,43.0,5.33,7354.0,9860
B20271238,NP01,43.0,6.4,14288.0,9860
B20271239,NP01,43.0,4.9,46557.0,9860
B20271240,NP01,43.0,4.9,12822.0,9860
B20271241,NP01,43.0,4.9,12680.0,9860
B20271242,NP01,43.0,4.9,23288.0,9860
B20271243,NP01,43.0,6.4,33530.0,9860
B20271244,NP01,43.0,6.9,74993.0,9860
B20271245,NP01,43.0,5.15,36836.0,9860
B20271246,NP01,43.0,9.34,88342.0,9860
B20271247,NP01,43.0,9.34,23888.0,9860
B20271248,NP01,43.0,4.7,8167.999999999999,9860
B20271249,NP01,43.0,4.9,13238.0,9860
B20271250,NP01,43.0,4.9,21995.0,9860
B20271251,NP01,43.0,5.06,19721.0,9860
B20271252,NP01,43.0,4.9,87813.0,9860
B20271253,NP01,43.0,5.6,6286.0,9860
B20271254,NP01,43.0,4.9,15968.0,9860
B20271255,NP01,43.0,4.9,17688.0,9860
B20271256,NP01,43.0,10.9,18089.0,9860
B20271257,NP01,43.0,7.0,4720.0,9860
B20271258,NP01,43.0,4.901,113312.0,9860
B20271259,NP01,43.0,5.9,92244.0,9860
B20271260,NP01,43.0,7.0,47331.0,9860
B20271261,NP01,43.0,6.55,51138.0,9860
B20271262,NP01,43.0,4.75,11781.0,9860
B20271263,NP01,43.0,4.9,56076.0,9860
B20271264,NP01,43.0,4.45,23133.0,9860
B20271265,NP01,43.0,9.34,12206.0,9860
B20271266,NP01,43.0,8.15,49701.0,9860
B20271267,NP01,43.0,6.15,13017.0,9860
B20271268,NP01,43.0,4.9,70796.0,9860
B20271269,NP01,43.0,4.9,23146.0,9860
B20271270,NP01,43.0,9.34,19472.0,9860
B20271271,NP01,43.0,4.5,76539.0,9860
B20271272,NP01,43.0,7.0,84817.0,9860
B20271273,NP01,43.0,8.97,19291.0,9860
B20271274,NP01,43.0,6.4,12471.0,9860
B20271275,NP01,43.0,4.78,15742.0,9860
B20271276,NP01,43.0,4.9,40131.0,9860
B20271277,NP01,43.0,5.9,34597.0,9860
B20271278,NP01,43.0,4.901,54943.0,9860
B20271279,NP01,43.0,6.4,30786.0,9860
B20271280,NP01,43.0,6.4,44174.0,9860
B20271281,NP01,43.0,6.4,30784.0,9860
B20271282,NP01,43.0,7.0,24833.0,9860
B20271283,NP01,43.0,6.4,22237.0,9860
B20271284,NP01,43.0,5.7,30893.0,9860
B20271285,NP01,43.0,6.9,15723.0,9860
B20271286,NP01,43.0,6.9,11745.0,9860
B20271287,NP01,43.0,5.4,41401.0,9860
B20271288,NP01,43.0,7.9,19593.0,9860
B20271289,NP01,43.0,6.4,58291.0,9860
B20271290,NP01,43.0,4.9,22675.0,9860
B20271291,NP01,43.0,6.55,47246.0,9860
B20271292,NP01,43.0,6.4,50057.0,9860
B20271293,NP01,43.0,5.9,62396.0,9860
B20271294,NP01,43.0,4.9,63012.0,9860
B20271295,NP01,43.0,6.2,40507.0,9860
B20271296,NP01,43.0,7.08,24499.0,9860
B20271297,NP01,43.0,4.9,12561.0,9860
B20271298,NP01,43.0,5.995,23296.0,9860
B20271299,NP01,43.0,6.6,129137.0,9860
B20271300,NP01,43.0,4.901,124832.0,9860
B20271301,NP01,43.0,4.94,41926.0,9860
B20271302,NP01,43.0,4.9,59273.0,9860
B20271303,NP01,43.0,4.9,144177.0,9860
B20271304,NP01,43.0,5.7,26685.0,9860
B20271305,NP01,43.0,4.901,38726.0,9860
B20271306,NP01,43.0,6.4,93114.0,9860
B20271307,NP01,43.0,8.15,18577.0,9860
B20271308,NP01,43.0,6.9,12089.0,9860
B20271309,NP01,43.0,6.4,24789.0,9860
B20271310,NP01,43.0,5.84,49706.0,9860
B20271311,NP01,43.0,6.15,39927.0,9860
B20271312,NP01,43.0,6.0,49411.0,9860
B20271313,NP01,43.0,4.9,56758.0,9860
B20271314,NP01,43.0,4.9,30592.0,9860
B20271315,NP01,43.0,3.8,95537.0,9860
B20271316,NP01,43.0,4.55,23793.0,9860
B20271317,NP01,43.0,6.9,42061.0,9860
B20271318,NP01,43.0,4.9,26434.0,9860
B20271319,NP01,43.0,8.1,25821.0,9860
B20271320,NP01,43.0,4.9,25153.0,9860
B20271321,NP01,43.0,4.9,82181.0,9860
B20271322,NP01,43.0,5.22,23880.0,9860
B20271323,NP01,43.0,4.9,67493.0,9860
B20271324,NP01,43.0,8.97,33243.0,9860
B20271325,NP01,43.0,6.4,34973.0,9860
B20271326,NP01,43.0,4.9,12887.0,9860
B20271327,NP01,43.0,4.9,14589.0,9860
B20271328,NP01,43.0,6.4,29322.0,9860
B20271329,NP01,43.0,4.9,52126.0,9860
B20271330,NP01,43.0,6.4,24820.0,9860
B20271331,NP01,43.0,5.9,14872.0,9860
B20271332,NP01,43.0,4.9,47302.0,9860
B20271333,NP01,43.0,4.45,22854.0,9860
B20271334,NP01,43.0,6.1,53590.0,9860
B20271335,NP01,43.0,4.9,11586.0,9860
B20271336,NP01,43.0,4.525,29091.0,9860
B20271337,NP01,43.0,4.9,45463.0,9860
B20271338,NP01,43.0,9.0,77951.0,9860
B20271339,NP01,43.0,4.9,17489.0,9860
B20271340,NP01,43.0,6.1,22804.0,9860
B20271341,NP01,43.0,4.9,51707.0,9860
B20271342,NP01,43.0,6.4,63126.0,9860
B20271343,NP01,43.0,4.9,50222.0,9860
B20271344,NP01,43.0,5.36,23911.0,9860
B20271345,NP01,43.0,4.9,74699.0,9860
B20271346,NP01,43.0,4.9,24306.0,9860
B20271347,NP01,43.0,10.68,20603.0,9860
B20271348,NP01,43.0,5.4,14719.0,9860
B20271349,NP01,43.0,4.9,20508.0,9860
B20271350,NP01,43.0,5.9,26322.0,9860
B20271351,NP01,43.0,11.4,43516.0,9860
B20271352,NP01,43.0,5.9,11978.0,9860
B20271353,NP01,43.0,6.6,29662.0,9860
B20271354,NP01,43.0,4.6,34621.0,9860
B20271355,NP01,43.0,6.1,40026.0,9860
B20271356,NP01,43.0,8.97,42337.0,9860
B20271357,NP01,43.0,5.9,32090.000000000004,9860
B20271358,NP01,43.0,7.9,22159.0,9860
B20271359,NP01,43.0,4.901,48133.0,9860
B20271360,NP01,43.0,4.9,62993.0,9860
B20271361,NP01,43.0,4.9,15991.0,9860
B20271362,NP01,43.0,5.06,20173.0,9860
B20271363,NP01,43.0,3.9,12402.0,9860
B20271364,NP01,43.0,4.901,140980.0,9860
B20271365,NP01,43.0,6.1,11867.0,9860
B20271366,NP01,43.0,4.9,53051.0,9860
B20271367,NP01,43.0,6.65,32262.0,9860
B20271368,NP01,43.0,4.9,51929.0,9860
B20271369,NP01,43.0,5.3,112562.0,9860
B20271370,NP01,43.0,5.9,39570.0,9860
B20271371,NP01,43.0,4.5,33165.0,9860
B20271372,NP01,43.0,4.525,83265.0,9860
B20271373,NP01,43.0,6.4,25162.0,9860
B20271374,NP01,43.0,4.9,28676.0,9860
B20271375,NP01,43.0,6.4,12568.0,9860
B20271376,NP01,43.0,4.9,125491.0,9860
B20271377,NP01,43.0,4.9,101746.0,9860
B20271378,NP01,43.0,5.4,29073.0,9860
B20271379,NP01,43.0,4.9,41776.0,9860
B20271380,NP01,43.0,4.9,75015.0,9860
B20271381,NP01,43.0,5.4,75501.0,9860
B20271382,NP01,43.0,5.9,119787.0,9860
B20271383,NP01,43.0,6.9,124103.0,9860
B20271384,NP01,43.0,5.9,50082.0,9860
B20271385,NP01,43.0,4.9,12393.0,9860
B20271386,NP01,43.0,6.78,43136.0,9860
B20271387,NP01,43.0,6.25,82831.0,9860
B20271388,NP01,43.0,4.9,16676.0,9860
B20271389,NP01,43.0,7.75,63519.0,9860
B20271390,NP01,43.0,4.9,69866.0,9860
B20271391,NP01,43.0,4.9,34394.0,9860
B20271392,NP01,43.0,4.9,50861.0,9860
B20271393,NP01,43.0,4.9,31026.0,9860
B20271394,NP01,43.0,5.36,50254.0,9860
B20271395,NP01,43.0,6.4,44039.0,9860
B20271396,NP01,43.0,6.4,83713.0,9860
B20271397,NP01,43.0,11.05,37882.0,9860
B20271398,NP01,43.0,4.15,35508.0,9860
B20271399,NP01,43.0,4.9,116815.0,9860
B20271400,NP01,43.0,5.995,6512.0,9860
B20271401,NP01,43.0,8.9,25031.0,9860
B20271402,NP01,43.0,4.9,25469.0,9860
B20271403,NP01,43.0,4.9,29586.0,9860
B20271404,NP01,43.0,4.9,138573.0,9860
B20271405,NP01,43.0,4.9,34036.0,9860
B20271406,NP01,43.0,4.4,57543.0,9860
B20271407,NP01,43.0,7.0,29329.0,9860
B20271408,NP01,43.0,6.4,14298.0,9860
B20271409,NP01,43.0,5.97,31983.0,9860
B20271410,NP01,43.0,5.55,31782.0,9860
B20271411,NP01,43.0,4.9,27907.0,9860
B20271412,NP01,43.0,4.9,11873.0,9860
B20271413,NP01,43.0,4.9,32564.999999999996,9860
B20271414,NP01,43.0,6.4,71590.0,9860
B20271415,NP01,43.0,5.9,33908.0,9860
B20271416,NP01,43.0,4.9,28888.0,9860
B20271417,NP01,43.0,4.9,11608.0,9860
B20271418,NP01,43.0,4.901,24280.0,9860
B20271419,NP01,43.0,4.9,49740.0,9860
B20271420,NP01,43.0,5.22,64051.0,9860
B20271421,NP01,43.0,6.1,39309.0,9860
B20271422,NP01,43.0,5.3,51162.0,9860
B20271423,NP01,43.0,4.901,61067.0,9860
B20271424,NP01,43.0,7.0,49858.0,9860
B20271425,NP01,43.0,6.1,63952.0,9860
B20271426,NP01,43.0,7.9,16623.0,9860
B20271427,NP01,43.0,6.36,24165.0,9860
B20271428,NP01,43.0,6.9,58716.0,9860
B20271429,NP01,43.0,4.9,16714.0,9860
B20271430,NP01,43.0,6.4,113561.0,9860
B20271431,NP01,43.0,4.9,30059.0,9860
B20271432,NP01,43.0,4.9,67990.0,9860
B20271433,NP01,43.0,4.9,35257.0,9860
B20271434,NP01,43.0,6.4,31359.0,9860
B20271435,NP01,43.0,4.9,31654.0,9860
B20271436,NP01,43.0,4.9,64736.00000000001,9860
B20271437,NP01,43.0,5.9,36785.0,9860
B20271438,NP01,43.0,4.9,32392.000000000004,9860
B20271439,NP01,43.0,6.4,21626.0,9860
B20271440,NP01,43.0,5.0,130026.99999999999,9860
B20271441,NP01,43.0,4.9,34081.0,9860
B20271442,NP01,43.0,5.9,64272.00000000001,9860
B20271443,NP01,43.0,4.9,42894.0,9860
B20271444,NP01,43.0,5.9,54776.0,9860
B20271445,NP01,43.0,4.9,49097.0,9860
B20271446,NP01,43.0,4.9,42352.0,9860
B20271447,NP01,43.0,5.0,63345.0,9860
B20271448,NP01,43.0,5.9,32813.0,9860
B20271449,NP01,43.0,4.9,24772.0,9860
B20271450,NP01,43.0,4.9,110927.0,9860
B20271451,NP01,43.0,5.84,64721.99999999999,9860
B20271452,NP01,43.0,6.2,20633.0,9860
B20271453,NP01,43.0,6.55,113384.0,9860
B20271454,NP01,43.0,7.4,22923.0,9860
B20271455,NP01,43.0,4.6,11808.0,9860
B20271456,NP01,43.0,4.9,17909.0,9860
B20271457,NP01,43.0,4.9,23497.0,9860
B20271458,NP01,43.0,6.4,94411.0,9860
B20271459,NP01,43.0,6.4,38900.0,9860
B20271460,NP01,43.0,10.9,40382.0,9860
B20271461,NP01,43.0,4.9,25227.0,9860
B20271462,NP01,43.0,6.4,18365.0,9860
B20271463,NP01,43.0,6.4,48702.0,9860
B20271464,NP01,43.0,6.4,6177.0,9860
B20271465,NP01,43.0,6.4,16364.0,9860
B20271466,NP01,43.0,4.9,57509.0,9860
B20271467,NP01,43.0,9.34,18063.0,9860
B20271468,NP01,43.0,3.8,30473.0,9860
B20271469,NP01,43.0,5.97,61590.0,9860
B20271470,NP01,43.0,4.9,43766.0,9860
B20271471,NP01,43.0,4.4,15649.0,9860
B20271472,NP01,43.0,6.4,19147.0,9860
B20271473,NP01,43.0,4.9,24440.0,9860
B20271474,NP01,43.0,5.9,32994.0,9860
B20271475,NP01,43.0,7.75,81910.0,9860
B20271476,NP01,43.0,6.07,28267.0,9860
B20271477,NP01,43.0,5.018,131312.0,9860
B20271478,NP01,43.0,5.08,120417.0,9860
B20271479,NP01,43.0,5.9,36531.0,9860
B20271480,NP01,43.0,4.9,119259.0,9860
B20271481,NP01,43.0,5.9,36825.0,9860
B20271482,NP01,43.0,6.8,19678.0,9860
B20271483,NP01,43.0,4.9,28367.0,9860
B20271484,NP01,43.0,7.08,59868.0,9860
B20271485,NP01,43.0,5.9,34688.0,9860
B20271486,NP01,43.0,5.9,14505.0,9860
B20271487,NP01,43.0,5.1,20537.0,9860
B20271488,NP01,43.0,5.27,30037.0,9860
B20271489,NP01,43.0,5.0,23914.0,9860
B20271490,NP01,43.0,4.9,6413.0,9860
B20271491,NP01,43.0,5.9,50430.0,9860
B20271492,NP01,43.0,8.05,3626.0,9860
B20271493,NP01,43.0,7.0,17165.0,9860
B20271494,NP01,43.0,4.9,30520.0,9860
B20271495,NP01,43.0,7.0,99948.0,9860
B20271496,NP01,43.0,5.1,123374.0,9860
B20271497,NP01,43.0,5.9,49773.0,9860
B20271498,NP01,43.0,4.9,31169.0,9860
B20271499,NP01,43.0,7.96,83020.0,9860
B20271500,NP01,43.0,4.5,12291.0,9860
B20271501,NP01,43.0,7.9,85676.0,9860
B20271502,NP01,43.0,5.3,64050.0,9860
B20271503,NP01,43.0,6.4,28246.0,9860
B20271504,NP01,43.0,6.2,21063.0,9860
B20271505,NP01,43.0,4.9,24308.0,9860
B20271506,NP01,43.0,4.9,49583.0,9860
B20271507,NP01,43.0,4.9,43238.0,9860
B20271508,NP01,43.0,4.9,47290.0,9860
B20271509,NP01,43.0,6.1,24429.0,9860
B20271510,NP01,43.0,6.4,12298.0,9860
B20271511,NP01,43.0,5.9,33273.0,9860
B20271512,NP01,43.0,4.9,29055.0,9860
B20271513,NP01,43.0,5.4,70759.0,9860
B20271514,NP01,43.0,6.6,41936.0,9860
B20271515,NP01,43.0,5.2,71819.0,9860
B20271516,NP01,43.0,6.1,24158.0,9860
B20271517,NP01,43.0,4.9,18677.0,9860
B20271518,NP01,43.0,6.65,60173.0,9860
B20271519,NP01,43.0,6.4,39000.0,9860
B20271520,NP01,43.0,6.4,11890.0,9860
B20271521,NP01,43.0,6.4,71170.0,9860
B20271522,NP01,43.0,4.5,25383.0,9860
B20271523,NP01,43.0,5.9,18924.0,9860
B20271524,NP01,43.0,6.0,126547.0,9860
B20271525,NP01,43.0,6.7,40896.0,9860
B20271526,NP01,43.0,4.901,23244.0,9860
B20271527,NP01,43.0,6.4,18225.0,9860
B20271528,NP01,43.0,5.55,119299.0,9860
B20271529,NP01,43.0,6.1,16700.0,9860
B20271530,NP01,43.0,4.9,12017.0,9860
B20271531,NP01,43.0,5.9,49375.0,9860
B20271532,NP01,43.0,7.0,42623.0,9860
B20271533,NP01,43.0,4.45,22637.0,9860
B20271534,NP01,43.0,4.9,54998.0,9860
B20271535,NP01,43.0,4.9,10604.0,9860
B20271536,NP01,43.0,6.1,15788.0,9860
B20271537,NP01,43.0,4.9,16116.0,9860
B20271538,NP01,43.0,5.6,12415.0,9860
B20271539,NP01,43.0,7.75,105689.0,9860
B20271540,NP01,43.0,4.901,37254.0,9860
B20271541,NP01,43.0,6.1,22948.0,9860
B20271542,NP01,43.0,4.9,110338.0,9860
B20271543,NP01,43.0,11.0,55081.0,9860
B20271544,NP01,43.0,4.94,25825.0,9860
B20271545,NP01,43.0,5.84,12945.0,9860
B20271546,NP01,43.0,5.9,37780.0,9860
B20271547,NP01,43.0,5.4,43107.0,9860
B20271548,NP01,43.0,5.15,35991.0,9860
B20271549,NP01,43.0,6.9,41501.0,9860
B20271550,NP01,43.0,5.3,6627.0,9860
B20271551,NP01,43.0,8.15,11969.0,9860
B20271552,NP01,43.0,4.9,52111.0,9860
B20271553,NP01,43.0,5.9,12274.0,9860
B20271554,NP01,43.0,4.9,36146.0,9860
B20271555,NP01,43.0,10.9,29910.0,9860
B20271556,NP01,43.0,3.8,35061.0,9860
B20271557,NP01,43.0,4.9,66406.0,9860
B20271558,NP01,43.0,7.9,23623.0,9860
B20271559,NP01,43.0,6.4,23358.0,9860
B20271560,NP01,43.0,7.08,51005.0,9860
B20271561,NP01,43.0,7.9,61435.0,9860
B20271562,NP01,43.0,7.75,97432.0,9860
B20271563,NP01,43.0,4.901,65205.0,9860
B20271564,NP01,43.0,6.4,59940.0,9860
B20271565,NP01,43.0,7.9,22614.0,9860
B20271566,NP01,43.0,4.9,24498.0,9860
B20271567,NP01,43.0,6.65,29693.0,9860
B20271568,NP01,43.0,5.9,36038.0,9860
B20271569,NP01,43.0,4.901,39452.0,9860
B20271570,NP01,43.0,4.9,105323.0,9860
B20271571,NP01,43.0,11.4,45332.0,9860
B20271572,NP01,43.0,7.0,58962.0,9860
B20271573,NP01,43.0,4.9,52644.0,9860
B20271574,NP01,43.0,6.55,24501.0,9860
B20271575,NP01,43.0,9.0,12153.0,9860
B20271576,NP01,43.0,4.9,57792.0,9860
B20271577,NP01,43.0,4.9,6474.0,9860
B20271578,NP01,43.0,8.05,124702.0,9860
B20271579,NP01,43.0,5.4,62170.0,9860
B20271580,NP01,43.0,4.9,44320.0,9860
B20271581,NP01,43.0,6.4,22739.0,9860
B20271582,NP01,43.0,5.36,18538.0,9860
B20271583,NP01,43.0,7.0,55778.0,9860
B20271584,NP01,43.0,6.9,42442.0,9860
B20271585,NP01,43.0,4.9,30660.0,9860
B20271586,NP01,43.0,5.9,15185.0,9860
B20271587,NP01,43.0,5.018,15643.0,9860
B20271588,NP01,43.0,5.9,122058.0,9860
B20271589,NP01,43.0,7.9,97772.0,9860
B20271590,NP01,43.0,5.9,11925.0,9860
B20271591,NP01,43.0,4.901,89747.0,9860
B20271592,NP01,43.0,6.1,19508.0,9860
B20271593,NP01,43.0,6.1,62388.0,9860
B20271594,NP01,43.0,6.25,86315.0,9860
B20271595,NP01,43.0,4.9,11982.0,9860
B20271596,NP01,43.0,4.9,23204.0,9860
B20271597,NP01,43.0,4.9,32610.0,9860
B20271598,NP01,43.0,4.9,51821.0,9860
B20271599,NP01,43.0,6.1,85746.0,9860
B20271600,NP01,43.0,6.4,11642.0,9860
B20271601,NP01,43.0,4.9,57938.0,9860
B20271602,NP01,43.0,4.901,14167.0,9860
B20271603,NP01,43.0,4.9,29228.0,9860
B20271604,NP01,43.0,6.9,41568.0,9860
B20271605,NP01,43.0,6.1,18013.0,9860
B20271606,NP01,43.0,4.9,24060.0,9860
B20271607,NP01,43.0,5.0,74778.0,9860
B20271608,NP01,43.0,4.9,55375.0,9860
B20271609,NP01,43.0,6.4,32545.0,9860
B20271610,NP01,43.0,5.33,53530.0,9860
B20271611,NP01,43.0,10.0,61230.0,9860
B20271612,NP01,43.0,6.65,39367.0,9860
B20271613,NP01,43.0,5.9,49511.0,9860
B20271614,NP01,43.0,5.3,37496.0,9860
B20271615,NP01,43.0,6.1,54074.0,9860
B20271616,NP01,43.0,4.9,41575.0,9860
B20271617,NP01,43.0,6.1,25740.0,9860
B20271618,NP01,43.0,8.05,41125.0,9860
B20271619,NP01,43.0,6.2,95943.0,9860
B20271620,NP01,43.0,5.0,93475.0,9860
B20271621,NP01,43.0,4.9,68711.0,9860
B20271622,NP01,43.0,4.9,24600.0,9860
B20271623,NP01,43.0,5.55,36686.0,9860
B20271624,NP01,43.0,6.4,63282.0,9860
B20271625,NP01,43.0,6.4,95829.0,9860
B20271626,NP01,43.0,6.1,24147.0,9860
B20271627,NP01,43.0,6.4,28901.0,9860
B20271628,NP01,43.0,9.34,19126.0,9860
B20271629,NP01,43.0,6.1,16201.0,9860
B20271630,NP01,43.0,4.9,17886.0,9860
B20271631,NP01,43.0,4.9,41303.0,9860
B20271632,NP01,43.0,9.34,77465.0,9860
B20271633,NP01,43.0,4.9,44628.0,9860
B20271634,NP01,43.0,5.9,12699.0,9860
B20271635,NP01,43.0,7.75,76223.0,9860
B20271636,NP01,43.0,4.9,17826.0,9860
B20271637,NP01,43.0,6.4,30907.0,9860
B20271638,NP01,43.0,7.0,23347.0,9860
B20271639,NP01,43.0,7.75,4932.0,9860
B20271640,NP01,43.0,5.3,12618.0,9860
B20271641,NP01,43.0,4.9,131055.0,9860
B20271642,NP01,43.0,4.9,89295.0,9860
B20271643,NP01,43.0,6.4,12220.0,9860
B20271644,NP01,43.0,5.0,12147.0,9860
B20271645,NP01,43.0,5.4,19805.0,9860
B20271646,NP01,43.0,4.9,59393.0,9860
B20271647,NP01,43.0,5.9,35457.0,9860
B20271648,NP01,43.0,3.9,20128.0,9860
B20271649,NP01,43.0,5.27,29874.0,9860
B20271650,NP01,43.0,4.9,132636.0,9860
B20271651,NP01,43.0,5.1,123510.0,9860
B20271652,NP01,43.0,4.5,31696.0,9860
B20271653,NP01,43.0,4.9,147069.0,9860
B20271654,NP01,43.0,6.4,17466.0,9860
B20271655,NP01,43.0,6.4,22932.0,9860
B20271656,NP01,43.0,8.4,26498.0,9860
B20271657,NP01,43.0,4.9,34780.0,9860
B20271658,NP01,43.0,5.995,87667.0,9860
B20271659,NP01,43.0,5.9,117181.0,9860
B20271660,NP01,43.0,6.1,54087.0,9860
B20271661,NP01,43.0,4.9,12643.0,9860
B20271662,NP01,43.0,6.1,10023.0,9860
B20271663,NP01,43.0,4.9,67217.0,9860
B20271664,NP01,43.0,5.22,65672.0,9860
B20271665,NP01,43.0,5.4,6023.0,9860
B20271666,NP01,43.0,5.9,28968.0,9860
B20271667,NP01,43.0,7.0,91162.0,9860
B20271668,NP01,43.0,4.901,16663.0,9860
B20271669,NP01,43.0,7.0,20431.0,9860
B20271670,NP01,43.0,4.901,15444.0,9860
B20271671,NP01,43.0,4.6,81696.0,9860
B20271672,NP01,43.0,8.78,30913.0,9860
B20271673,NP01,43.0,6.15,24548.0,9860
B20271674,NP01,43.0,5.3,53338.0,9860
B20271675,NP01,43.0,11.0,39986.0,9860
B20271676,NP01,43.0,6.1,41861.0,9860
B20271677,NP01,43.0,5.84,12413.0,9860
B20271678,NP01,43.0,6.4,23094.0,9860
B20271679,NP01,43.0,6.07,8122.0,9860
B20271680,NP01,43.0,4.9,19258.0,9860
B20271681,NP01,43.0,4.6,26463.0,9860
B20271682,NP01,43.0,4.15,18058.0,9860
B20271683,NP01,43.0,5.9,55994.0,9860
B20271684,NP01,43.0,5.9,61184.0,9860
B20271685,NP01,43.0,4.9,23800.0,9860
B20271686,NP01,43.0,4.9,11521.0,9860
B20271687,NP01,43.0,9.34,69447.0,9860
B20271688,NP01,43.0,6.9,31993.0,9860
B20271689,NP01,43.0,8.1,113558.0,9860
B20271690,NP01,43.0,4.9,61095.0,9860
B20271691,NP01,43.0,4.9,30133.0,9860
B20271692,NP01,43.0,8.05,29697.0,9860
B20271693,NP01,43.0,5.9,11780.0,9860
B20271694,NP01,43.0,6.25,13008.0,9860
B20271695,NP01,43.0,6.4,12596.0,9860
B20271696,NP01,43.0,8.1,25583.0,9860
B20271697,NP01,43.0,5.4,19037.0,9860
B20271698,NP01,43.0,4.9,127285.0,9860
B20271699,NP01,43.0,4.901,61131.0,9860
B20271700,NP01,43.0,4.9,31301.0,9860
B20271701,NP01,43.0,4.78,51801.0,9860
B20271702,NP01,43.0,8.9,11607.0,9860
B20271703,NP01,43.0,4.9,38696.0,9860
B20271704,NP01,43.0,4.9,52350.0,9860
B20271705,NP01,43.0,4.9,63815.0,9860
B20271706,NP01,43.0,4.9,22054.0,9860
B20271707,NP01,43.0,7.0,81242.0,9860
B20271708,NP01,43.0,6.1,42728.0,9860
B20271709,NP01,43.0,10.68,40166.0,9860
B20271710,NP01,43.0,6.4,42309.0,9860
B20271711,NP01,43.0,4.9,101530.0,9860
B20271712,NP01,43.0,7.9,72890.0,9860
B20271713,NP01,43.0,11.05,74480.0,9860
B20271714,NP01,43.0,5.9,39983.0,9860
B20271715,NP01,43.0,8.28,3445.0,9860
B20271716,NP01,43.0,5.2,18553.0,9860
B20271717,NP01,43.0,4.9,27022.0,9860
B20271718,NP01,43.0,5.9,27822.0,9860
B20271719,NP01,43.0,8.78,52539.0,9860
B20271720,NP01,43.0,4.9,10286.0,9860
B20271721,NP01,43.0,4.9,64436.00000000001,9860
B20271722,NP01,43.0,7.75,5851.0,9860
B20271723,NP01,43.0,4.9,35310.0,9860
B20271724,NP01,43.0,7.0,103464.0,9860
B20271725,NP01,43.0,4.901,37843.0,9860
B20271726,NP01,43.0,6.9,49258.0,9860
B20271727,NP01,43.0,4.901,40072.0,9860
B20271728,NP01,43.0,5.0,46363.0,9860
B20271729,NP01,43.0,4.9,137933.0,9860
B20271730,NP01,43.0,4.9,17240.0,9860
B20271731,NP01,43.0,4.9,31580.0,9860
B20271732,NP01,43.0,4.9,69596.0,9860
B20271733,NP01,43.0,5.7,26832.0,9860
B20271734,NP01,43.0,4.901,12173.0,9860
B20271735,NP01,43.0,4.5,12215.0,9860
B20271736,NP01,43.0,5.27,95009.0,9860
B20271737,NP01,43.0,11.05,21036.0,9860
B20271738,NP01,43.0,8.28,59023.0,9860
B20271739,NP01,43.0,5.018,46562.0,9860
B20271740,NP01,43.0,5.9,28994.0,9860
B20271741,NP01,43.0,5.0,50489.0,9860
B20271742,NP01,43.0,6.4,19921.0,9860
B20271743,NP01,43.0,4.901,24649.0,9860
B20271744,NP01,43.0,6.1,7638.0,9860
B20271745,NP01,43.0,5.9,11109.0,9860
B20271746,NP01,43.0,7.9,23131.0,9860
B20271747,NP01,43.0,10.06,51835.0,9860
B20271748,NP01,43.0,4.9,14318.0,9860
B20271749,NP01,43.0,4.45,21095.0,9860
B20271750,NP01,43.0,4.9,43531.0,9860
B20271751,NP01,43.0,4.78,22688.0,9860
B20271752,NP01,43.0,11.0,40090.0,9860
B20271753,NP01,43.0,4.5,42932.0,9860
B20271754,NP01,43.0,7.9,71722.0,9860
B20271755,NP01,43.0,4.4,55083.0,9860
B20271756,NP01,43.0,6.54,126904.0,9860
B20271757,NP01,43.0,5.08,89741.0,9860
B20271758,NP01,43.0,6.0,25837.0,9860
B20271759,NP01,43.0,4.9,25151.0,9860
B20271760,NP01,43.0,4.9,41610.0,9860
B20271761,NP01,43.0,4.9,33059.0,9860
B20271762,NP01,43.0,3.9,17332.0,9860
B20271763,NP01,43.0,7.75,7430.0,9860
B20271764,NP01,43.0,6.3,113086.0,9860
B20271765,NP01,43.0,6.2,20496.0,9860
B20271766,NP01,43.0,11.4,25071.0,9860
B20271767,NP01,43.0,4.901,42324.0,9860
B20271768,NP01,43.0,5.2,75795.0,9860
B20271769,NP01,43.0,4.94,34029.0,9860
B20271770,NP01,43.0,6.4,12480.0,9860
B20271771,NP01,43.0,5.4,32311.0,9860
B20271772,NP01,43.0,6.25,23463.0,9860
B20271773,NP01,43.0,5.9,72869.0,9860
B20271774,NP01,43.0,6.4,46907.0,9860
B20271775,NP01,43.0,6.1,18166.0,9860
B20271776,NP01,43.0,6.4,18668.0,9860
B20271777,NP01,43.0,4.9,23960.0,9860
B20271778,NP01,43.0,5.6,30385.0,9860
B20271779,NP01,43.0,4.901,14459.0,9860
B20271780,NP01,43.0,6.65,40011.0,9860
B20271781,NP01,43.0,5.9,128788.00000000001,9860
B20271782,NP01,43.0,5.9,12515.0,9860
B20271783,NP01,43.0,4.9,25277.0,9860
B20271784,NP01,43.0,4.45,23459.0,9860
B20271785,NP01,43.0,5.9,25455.0,9860
B20271786,NP01,43.0,7.0,35357.0,9860
B20271787,NP01,43.0,5.018,30356.0,9860
B20271788,NP01,43.0,7.75,61091.0,9860
B20271789,NP01,43.0,6.54,30798.0,9860
B20271790,NP01,43.0,4.6,16662.0,9860
B20271791,NP01,43.0,7.0,12098.0,9860
B20271792,NP01,43.0,6.1,29707.0,9860
B20271793,NP01,43.0,4.9,8349.0,9860
B20271794,NP01,43.0,4.7,52047.0,9860
B20271795,NP01,43.0,5.9,72426.0,9860
B20271796,NP01,43.0,5.3,104652.0,9860
B20271797,NP01,43.0,6.1,60529.0,9860
B20271798,NP01,43.0,6.9,11630.0,9860
B20271799,NP01,43.0,4.9,3924.0,9860
B20271800,NP01,43.0,5.55,21270.0,9860
B20271801,NP01,43.0,4.9,33333.0,9860
B20271802,NP01,43.0,7.0,38962.0,9860
B20271803,NP01,43.0,8.78,50942.0,9860
B20271804,NP01,43.0,6.9,4656.0,9860
B20271805,NP01,43.0,4.9,26356.0,9860
B20271806,NP01,43.0,5.08,82127.0,9860
B20271807,NP01,43.0,5.995,18154.0,9860
B20271808,NP01,43.0,4.901,89341.0,9860
B20271809,NP01,43.0,6.25,23685.0,9860
B20271810,NP01,43.0,6.1,12804.0,9860
B20271811,NP01,43.0,7.0,17279.0,9860
B20271812,NP01,43.0,4.9,65129.00000000001,9860
B20271813,NP01,43.0,8.1,38441.0,9860
B20271814,NP01,43.0,6.1,24374.0,9860
B20271815,NP01,43.0,6.7,132672.0,9860
B20271816,NP01,43.0,6.4,24474.0,9860
B20271817,NP01,43.0,6.4,34302.0,9860
B20271818,NP01,43.0,4.9,14999.0,9860
B20271819,NP01,43.0,8.78,53143.0,9860
B20271820,NP01,43.0,4.9,24926.0,9860
B20271821,NP01,43.0,5.9,27459.0,9860
B20271822,NP01,43.0,4.901,39766.0,9860
B20271823,NP01,43.0,4.9,32188.000000000004,9860
B20271824,NP01,43.0,6.65,126652.0,9860
B20271825,NP01,43.0,4.95,16323.0,9860
B20271826,NP01,43.0,6.4,50787.0,9860
B20271827,NP01,43.0,5.2,126976.0,9860
B20271828,NP01,43.0,5.4,37102.0,9860
B20271829,NP01,43.0,6.9,12051.0,9860
B20271830,NP01,43.0,4.901,144959.0,9860
B20271831,NP01,43.0,8.05,32341.0,9860
B20271832,NP01,43.0,7.75,76827.0,9860
B20271833,NP01,43.0,6.1,38820.0,9860
B20271834,NP01,43.0,6.1,64842.0,9860
B20271835,NP01,43.0,4.9,65470.0,9860
B20271836,NP01,43.0,6.55,39902.0,9860
B20271837,NP01,43.0,4.901,33820.0,9860
B20271838,NP01,43.0,5.0,20625.0,9860
B20271839,NP01,43.0,6.4,14420.0,9860
B20271840,NP01,43.0,5.36,18640.0,9860
B20271841,NP01,43.0,4.9,23623.0,9860
B20271842,NP01,43.0,4.9,68284.0,9860
B20271843,NP01,43.0,5.08,59250.0,9860
B20271844,NP01,43.0,5.9,76265.0,9860
B20271845,NP01,43.0,4.9,6213.0,9860
B20271846,NP01,43.0,4.901,29590.0,9860
B20271847,NP01,43.0,10.0,35356.0,9860
B20271848,NP01,43.0,4.5,12297.0,9860
B20271849,NP01,43.0,6.4,92841.0,9860
B20271850,NP01,43.0,4.9,56681.0,9860
B20271851,NP01,43.0,5.9,27516.0,9860
B20271852,NP01,43.0,4.9,28648.0,9860
B20271853,NP01,43.0,6.55,53289.0,9860
B20271854,NP01,43.0,4.9,106194.0,9860
B20271855,NP01,43.0,5.1,129912.0,9860
B20271856,NP01,43.0,8.1,26956.0,9860
B20271857,NP01,43.0,5.97,43877.0,9860
B20271858,NP01,43.0,6.4,78314.0,9860
B20271859,NP01,43.0,4.9,37899.0,9860
B20271860,NP01,43.0,6.4,17135.0,9860
B20271861,NP01,43.0,4.9,25752.0,9860
B20271862,NP01,43.0,4.55,41464.0,9860
B20271863,NP01,43.0,4.9,109784.0,9860
B20271864,NP01,43.0,8.78,16297.999999999998,9860
B20271865,NP01,43.0,5.3,31378.0,9860
B20271866,NP01,43.0,6.4,23840.0,9860
B20271867,NP01,43.0,4.9,64839.0,9860
B20271868,NP01,43.0,4.9,40638.0,9860
B20271869,NP01,43.0,5.2,42015.0,9860
B20271870,NP01,43.0,5.9,99492.0,9860
B20271871,NP01,43.0,5.9,29502.0,9860
B20271872,NP01,43.0,4.9,57031.0,9860
B20271873,NP01,43.0,4.75,12680.0,9860
B20271874,NP01,43.0,10.06,24143.0,9860
B20271875,NP01,43.0,6.1,132845.0,9860
B20271876,NP01,43.0,5.9,33765.0,9860
B20271877,NP01,43.0,4.9,27283.0,9860
B20271878,NP01,43.0,4.45,76016.0,9860
B20271879,NP01,43.0,4.9,30619.0,9860
B20271880,NP01,43.0,6.1,25291.0,9860
B20271881,NP01,43.0,5.9,58815.0,9860
B20271882,NP01,43.0,4.9,71040.0,9860
B20271883,NP01,43.0,6.4,29377.0,9860
B20271884,NP01,43.0,8.15,21146.0,9860
B20271885,NP01,43.0,4.901,46260.0,9860
B20271886,NP01,43.0,4.94,34651.0,9860
B20271887,NP01,43.0,4.9,49599.0,9860
B20271888,NP01,43.0,6.78,46777.0,9860
B20271889,NP01,43.0,5.4,24311.0,9860
B20271890,NP01,43.0,4.901,24317.0,9860
B20271891,NP01,43.0,4.9,40764.0,9860
B20271892,NP01,43.0,6.15,25705.0,9860
B20271893,NP01,43.0,4.6,100877.0,9860
B20271894,NP01,43.0,4.901,12320.0,9860
B20271895,NP01,43.0,6.1,132739.0,9860
B20271896,NP01,43.0,7.0,110511.0,9860
B20271897,NP01,43.0,6.55,55451.0,9860
B20271898,NP01,43.0,6.1,47245.0,9860
B20271899,NP01,43.0,4.7,37532.0,9860
B20271900,NP01,43.0,4.9,23614.0,9860
B20271901,NP01,43.0,6.1,56316.0,9860
B20271902,NP01,43.0,7.0,30387.0,9860
B20271903,NP01,43.0,8.97,20695.0,9860
B20271904,NP01,43.0,4.9,75299.0,9860
B20271905,NP01,43.0,6.1,26640.0,9860
B20271906,NP01,43.0,4.9,106592.0,9860
B20271907,NP01,43.0,4.9,12746.0,9860
B20271908,NP01,43.0,6.9,12025.0,9860
B20271909,NP01,43.0,4.9,28476.0,9860
B20271910,NP01,43.0,4.95,48251.0,9860
B20271911,NP01,43.0,4.9,52461.0,9860
B20271912,NP01,43.0,4.9,27898.0,9860
B20271913,NP01,43.0,4.9,30972.0,9860
B20271914,NP01,43.0,5.9,49227.0,9860
B20271915,NP01,43.0,4.9,27804.0,9860
B20271916,NP01,43.0,7.0,30259.0,9860
B20271917,NP01,43.0,4.9,50183.0,9860
B20271918,NP01,43.0,6.1,77769.0,9860
B20271919,NP01,43.0,4.9,114024.0,9860
B20271920,NP01,43.0,4.9,25197.0,9860
B20271921,NP01,43.0,8.97,36221.0,9860
B20271922,NP01,43.0,4.9,20652.0,9860
B20271923,NP01,43.0,6.4,43276.0,9860
B20271924,NP01,43.0,4.901,25204.0,9860
B20271925,NP01,43.0,6.55,34852.0,9860
B20271926,NP01,43.0,4.9,23362.0,9860
B20271927,NP01,43.0,6.4,24305.0,9860
B20271928,NP01,43.0,4.9,9455.0,9860
B20271929,NP01,43.0,6.4,32356.0,9860
B20271930,NP01,43.0,6.4,79228.0,9860
B20271931,NP01,43.0,4.9,31142.0,9860
B20271932,NP01,43.0,6.4,42034.0,9860
B20271933,NP01,43.0,4.9,74050.0,9860
B20271934,NP01,43.0,4.9,26889.0,9860
B20271935,NP01,43.0,4.9,39420.0,9860
B20271936,NP01,43.0,4.9,51959.0,9860
B20271937,NP01,43.0,4.9,23940.0,9860
B20271938,NP01,43.0,4.9,19996.0,9860
B20271939,NP01,43.0,6.2,29671.0,9860
B20271940,NP01,43.0,6.4,15099.0,9860
B20271941,NP01,43.0,7.96,25193.0,9860
B20271942,NP01,43.0,7.9,22214.0,9860
B20271943,NP01,43.0,4.9,26675.0,9860
B20271944,NP01,43.0,4.9,15309.0,9860
B20271945,NP01,43.0,4.9,31963.0,9860
B20271946,NP01,43.0,8.4,66403.0,9860
B20271947,NP01,43.0,4.901,31601.0,9860
B20271948,NP01,43.0,5.55,15686.0,9860
B20271949,NP01,43.0,5.06,41098.0,9860
B20271950,NP01,43.0,4.9,101518.0,9860
B20271951,NP01,43.0,6.1,70413.0,9860
B20271952,NP01,43.0,5.9,46955.0,9860
B20271953,NP01,43.0,7.0,42590.0,9860
B20271954,NP01,43.0,4.9,11707.0,9860
B20271955,NP01,43.0,6.1,3357.0,9860
B20271956,NP01,43.0,8.15,61667.0,9860
B20271957,NP01,43.0,5.15,24813.0,9860
B20271958,NP01,43.0,6.07,112107.0,9860
B20271959,NP01,43.0,4.9,11856.0,9860
B20271960,NP01,43.0,6.9,22855.0,9860
B20271961,NP01,43.0,4.9,15736.0,9860
B20271962,NP01,43.0,8.28,87343.0,9860
B20271963,NP01,43.0,6.35,31309.0,9860
B20271964,NP01,43.0,4.9,16117.0,9860
B20271965,NP01,43.0,5.4,35882.0,9860
B20271966,NP01,43.0,4.9,117647.0,9860
B20271967,NP01,43.0,6.1,16813.0,9860
B20271968,NP01,43.0,8.78,15524.0,9860
B20271969,NP01,43.0,4.9,12938.0,9860
B20271970,NP01,43.0,7.96,67671.0,9860
B20271971,NP01,43.0,7.0,115733.0,9860
B20271972,NP01,43.0,4.9,75462.0,9860
B20271973,NP01,43.0,5.27,79660.0,9860
B20271974,NP01,43.0,5.2,132838.0,9860
B20271975,NP01,43.0,6.3,21058.0,9860
B20271976,NP01,43.0,4.9,31385.0,9860
B20271977,NP01,43.0,6.9,33451.0,9860
B20271978,NP01,43.0,4.9,26355.0,9860
B20271979,NP01,43.0,5.33,34258.0,9860
B20271980,NP01,43.0,5.4,5935.0,9860
B20271981,NP01,43.0,7.0,12247.0,9860
B20271982,NP01,43.0,4.9,19964.0,9860
B20271983,NP01,43.0,6.4,20730.0,9860
B20271984,NP01,43.0,8.05,12507.0,9860
B20271985,NP01,43.0,4.9,25634.0,9860
B20271986,NP01,43.0,7.0,6109.0,9860
B20271987,NP01,43.0,8.1,24307.0,9860
B20271988,NP01,43.0,4.9,90704.0,9860
B20271989,NP01,43.0,5.9,73329.0,9860
B20271990,NP01,43.0,10.9,18698.0,9860
B20271991,NP01,43.0,6.1,96463.0,9860
B20271992,NP01,43.0,5.6,33112.0,9860
B20271993,NP01,43.0,6.4,40157.0,9860
B20271994,NP01,43.0,7.75,58739.0,9860
B20271995,NP01,43.0,4.9,24499.0,9860
B20271996,NP01,43.0,4.7,9326.0,9860
B20271997,NP01,43.0,5.9,19174.0,9860
B20271998,NP01,43.0,4.9,29853.0,9860
B20271999,NP01,43.0,7.0,18718.0,9860
B20272000,NP01,43.0,4.9,55351.0,9860
B20272001,NP01,43.0,4.9,34620.0,9860
B20272002,NP01,43.0,5.9,42557.0,9860
B20272003,NP01,43.0,5.08,18561.0,9860
B20272004,NP01,43.0,5.4,35992.0,9860
B20272005,NP01,43.0,7.9,37660.0,9860
B20272006,NP01,43.0,5.4,49864.0,9860
B20272007,NP01,43.0,5.995,27996.0,9860
B20272008,NP01,43.0,6.65,60975.0,9860
B20272009,NP01,43.0,6.14,57409.0,9860
B20272010,NP01,43.0,6.4,38287.0,9860
B20272011,NP01,43.0,5.3,12902.0,9860
B20272012,NP01,43.0,4.901,38858.0,9860
B20272013,NP01,43.0,4.9,37979.0,9860
B20272014,NP01,43.0,6.9,84610.0,9860
B20272015,NP01,43.0,4.9,49207.0,9860
B20272016,NP01,43.0,6.9,44892.0,9860
B20272017,NP01,43.0,4.9,17229.0,9860
B20272018,NP01,43.0,6.1,11940.0,9860
B20272019,NP01,43.0,5.9,12314.0,9860
B20272020,NP01,43.0,6.1,39350.0,9860
B20272021,NP01,43.0,6.1,83717.0,9860
B20272022,NP01,43.0,6.4,22525.0,9860
B20272023,NP01,43.0,6.65,62303.0,9860
B20272024,NP01,43.0,4.9,12394.0,9860
B20272025,NP01,43.0,4.9,12052.0,9860
B20272026,NP01,43.0,4.55,26794.0,9860
B20272027,NP01,43.0,4.75,4124.0,9860
B20272028,NP01,43.0,4.9,30998.0,9860
B20272029,NP01,43.0,7.9,34882.0,9860
B20272030,NP01,43.0,6.1,10442.0,9860
B20272031,NP01,43.0,4.9,11531.0,9860
B20272032,NP01,43.0,7.75,32931.0,9860
B20272033,NP01,43.0,7.0,83524.0,9860
B20272034,NP01,43.0,4.9,70791.0,9860
B20272035,NP01,43.0,4.9,25206.0,9860
B20272036,NP01,43.0,4.9,32229.0,9860
B20272037,NP01,43.0,6.4,58538.0,9860
B20272038,NP01,43.0,4.5,63826.0,9860
B20272039,NP01,43.0,4.9,31790.0,9860
B20272040,NP01,43.0,5.33,85399.0,9860
B20272041,NP01,43.0,4.9,12970.0,9860
B20272042,NP01,43.0,8.05,25172.0,9860
B20272043,NP01,43.0,6.1,15024.0,9860
B20272044,NP01,43.0,4.9,39954.0,9860
B20272045,NP01,43.0,4.9,46750.0,9860
B20272046,NP01,43.0,5.84,66822.0,9860
B20272047,NP01,43.0,8.15,61590.0,9860
B20272048,NP01,43.0,6.4,11493.0,9860
B20272049,NP01,43.0,4.9,36808.0,9860
B20272050,NP01,43.0,6.6,43040.0,9860
B20272051,NP01,43.0,4.9,48606.0,9860
B20272052,NP01,43.0,7.75,31083.0,9860
B20272053,NP01,43.0,5.06,22372.0,9860
B20272054,NP01,43.0,9.34,74541.0,9860
B20272055,NP01,43.0,10.06,39243.0,9860
B20272056,NP01,43.0,6.9,41197.0,9860
B20272057,NP01,43.0,6.1,18964.0,9860
B20272058,NP01,43.0,4.9,67377.0,9860
B20272059,NP01,43.0,6.36,19393.0,9860
B20272060,NP01,43.0,4.9,14321.0,9860
B20272061,NP01,43.0,4.9,14343.0,9860
B20272062,NP01,43.0,11.0,42351.0,9860
B20272063,NP01,43.0,4.9,30858.0,9860
B20272064,NP01,43.0,5.0,61310.0,9860
B20272065,NP01,43.0,4.9,50099.0,9860
B20272066,NP01,43.0,9.0,53627.0,9860
B20272067,NP01,43.0,6.84,25952.0,9860
B20272068,NP01,43.0,5.9,16497.0,9860
B20272069,NP01,43.0,6.4,17617.0,9860
B20272070,NP01,43.0,7.75,21141.0,9860
B20272071,NP01,43.0,7.75,24080.0,9860
B20272072,NP01,43.0,6.4,45784.0,9860
B20272073,NP01,43.0,5.55,29928.0,9860
B20272074,NP01,43.0,7.75,132486.0,9860
B20272075,NP01,43.0,4.9,42743.0,9860
B20272076,NP01,43.0,4.9,30076.0,9860
B20272077,NP01,43.0,11.05,76370.0,9860
B20272078,NP01,43.0,4.9,19448.0,9860
B20272079,NP01,43.0,5.9,25163.0,9860
B20272080,NP01,43.0,6.4,35424.0,9860
B20272081,NP01,43.0,3.9,10403.0,9860
B20272082,NP01,43.0,6.36,23656.0,9860
B20272083,NP01,43.0,5.9,32494.999999999996,9860
B20272084,NP01,43.0,11.05,24845.0,9860
B20272085,NP01,43.0,5.55,30449.0,9860
B20272086,NP01,43.0,6.9,60281.0,9860
B20272087,NP01,43.0,6.36,20105.0,9860
B20272088,NP01,43.0,4.9,86281.0,9860
B20272089,NP01,43.0,6.1,15686.0,9860
B20272090,NP01,43.0,6.54,27524.0,9860
B20272091,NP01,43.0,7.0,93276.0,9860
B20272092,NP01,43.0,4.9,126923.0,9860
B20272093,NP01,43.0,5.6,12655.0,9860
B20272094,NP01,43.0,4.9,57919.0,9860
B20272095,NP01,43.0,6.25,19069.0,9860
B20272096,NP01,43.0,4.9,30723.0,9860
B20272097,NP01,43.0,4.9,16096.0,9860
B20272098,NP01,43.0,5.9,34713.0,9860
B20272099,NP01,43.0,4.9,10524.0,9860
B20272100,NP01,43.0,4.15,29905.0,9860
B20272101,NP01,43.0,5.9,48229.0,9860
B20272102,NP01,43.0,4.9,57341.0,9860
B20272103,NP01,43.0,5.9,115779.0,9860
B20272104,NP01,43.0,4.9,48593.0,9860
B20272105,NP01,43.0,6.4,29059.0,9860
B20272106,NP01,43.0,4.9,22200.0,9860
B20272107,NP01,43.0,4.9,144793.0,9860
B20272108,NP01,43.0,6.4,28591.0,9860
B20272109,NP01,43.0,7.0,18562.0,9860
B20272110,NP01,43.0,4.9,47446.0,9860
B20272111,NP01,43.0,4.9,49955.0,9860
B20272112,NP01,43.0,4.9,76128.0,9860
B20272113,NP01,43.0,4.901,43392.0,9860
B20272114,NP01,43.0,5.9,42808.0,9860
B20272115,NP01,43.0,7.0,119266.0,9860
B20272116,NP01,43.0,6.1,101849.0,9860
B20272117,NP01,43.0,5.1,25493.0,9860
B20272118,NP01,43.0,4.9,47242.0,9860
B20272119,NP01,43.0,4.9,114776.0,9860
B20272120,NP01,43.0,4.9,30387.0,9860
B20272121,NP01,43.0,4.9,27138.0,9860
B20272122,NP01,43.0,7.75,12637.0,9860
B20272123,NP01,43.0,4.5,12703.0,9860
B20272124,NP01,43.0,4.9,18372.0,9860
B20272125,NP01,43.0,5.9,83807.0,9860
B20272126,NP01,43.0,6.4,108412.0,9860
B20272127,NP01,43.0,4.9,72203.0,9860
B20272128,NP01,43.0,4.78,30024.0,9860
B20272129,NP01,43.0,4.901,35775.0,9860
B20272130,NP01,43.0,6.35,31325.0,9860
B20272131,NP01,43.0,8.1,35806.0,9860
B20272132,NP01,43.0,4.94,73854.0,9860
B20272133,NP01,43.0,4.9,24818.0,9860
B20272134,NP01,43.0,4.9,17978.0,9860
B20272135,NP01,43.0,4.9,42727.0,9860
B20272136,NP01,43.0,4.9,30519.0,9860
B20272137,NP01,43.0,4.9,37646.0,9860
B20272138,NP01,43.0,4.9,126837.0,9860
B20272139,NP01,43.0,4.9,50394.0,9860
B20272140,NP01,43.0,6.4,20443.0,9860
B20272141,NP01,43.0,4.9,136862.0,9860
B20272142,NP01,43.0,7.75,29729.0,9860
B20272143,NP01,43.0,4.9,20212.0,9860
B20272144,NP01,43.0,6.4,12789.0,9860
B20272145,NP01,43.0,7.9,19924.0,9860
B20272146,NP01,43.0,4.9,107088.0,9860
B20272147,NP01,43.0,6.4,44979.0,9860
B20272148,NP01,43.0,5.97,128020.00000000001,9860
B20272149,NP01,43.0,6.1,78923.0,9860
B20272150,NP01,43.0,7.08,37035.0,9860
B20272151,NP01,43.0,7.0,24581.0,9860
B20272152,NP01,43.0,4.9,43407.0,9860
B20272153,NP01,43.0,5.9,57699.0,9860
B20272154,NP01,43.0,5.9,38501.0,9860
B20272155,NP01,43.0,4.9,138685.0,9860
B20272156,NP01,43.0,5.9,18622.0,9860
B20272157,NP01,43.0,5.4,35031.0,9860
B20272158,NP01,43.0,4.9,70417.0,9860
B20272159,NP01,43.0,4.9,31550.0,9860
B20272160,NP01,43.0,5.9,12873.0,9860
B20272161,NP01,43.0,7.2,74662.0,9860
B20272162,NP01,43.0,6.1,23611.0,9860
B20272163,NP01,43.0,5.9,78048.0,9860
B20272164,NP01,43.0,4.9,49802.0,9860
B20272165,NP01,43.0,4.9,25771.0,9860
B20272166,NP01,43.0,5.4,75078.0,9860
B20272167,NP01,43.0,7.0,82466.0,9860
B20272168,NP01,43.0,4.525,91242.0,9860
B20272169,NP01,43.0,4.9,132863.0,9860
B20272170,NP01,43.0,7.9,6672.0,9860
B20272171,NP01,43.0,4.15,23511.0,9860
B20272172,NP01,43.0,4.9,71729.0,9860
B20272173,NP01,43.0,4.9,47299.0,9860
B20272174,NP01,43.0,5.06,20186.0,9860
B20272175,NP01,43.0,6.1,94334.0,9860
B20272176,NP01,43.0,4.9,49804.0,9860
B20272177,NP01,43.0,6.1,60191.0,9860
B20272178,NP01,43.0,5.018,42401.0,9860
B20272179,NP01,43.0,4.9,141384.0,9860
B20272180,NP01,43.0,6.9,21645.0,9860
B20272181,NP01,43.0,4.9,62848.0,9860
B20272182,NP01,43.0,4.45,77125.0,9860
B20272183,NP01,43.0,4.9,22705.0,9860
B20272184,NP01,43.0,6.4,13115.0,9860
B20272185,NP01,43.0,4.9,76464.0,9860
B20272186,NP01,43.0,3.8,12427.0,9860
B20272187,NP01,43.0,5.9,31146.0,9860
B20272188,NP01,43.0,6.4,25639.0,9860
B20272189,NP01,43.0,4.9,42514.0,9860
B20272190,NP01,43.0,4.9,12531.0,9860
B20272191,NP01,43.0,6.4,12075.0,9860
B20272192,NP01,43.0,5.9,46957.0,9860
B20272193,NP01,43.0,4.9,43733.0,9860
B20272194,NP01,43.0,5.9,12475.0,9860
B20272195,NP01,43.0,6.25,41948.0,9860
B20272196,NP01,43.0,7.75,137217.0,9860
B20272197,NP01,43.0,4.9,47178.0,9860
B20272198,NP01,43.0,6.4,55629.0,9860
B20272199,NP01,43.0,6.55,55542.0,9860
B20272200,NP01,43.0,5.9,121674.0,9860
B20272201,NP01,43.0,6.2,16263.000000000002,9860
B20272202,NP01,43.0,5.9,126273.0,9860
B20272203,NP01,43.0,3.9,31778.0,9860
B20272204,NP01,43.0,4.9,106662.0,9860
B20272205,NP01,43.0,4.901,115591.0,9860
B20272206,NP01,43.0,4.9,37231.0,9860
B20272207,NP01,43.0,4.9,29167.0,9860
B20272208,NP01,43.0,6.4,15854.0,9860
B20272209,NP01,43.0,4.901,37046.0,9860
B20272210,NP01,43.0,7.75,49496.0,9860
B20272211,NP01,43.0,5.2,40879.0,9860
B20272212,NP01,43.0,6.4,50516.0,9860
B20272213,NP01,43.0,5.0,61924.0,9860
B20272214,NP01,43.0,4.9,20544.0,9860
B20272215,NP01,43.0,6.35,31683.0,9860
B20272216,NP01,43.0,4.9,73882.0,9860
B20272217,NP01,43.0,4.9,29116.0,9860
B20272218,NP01,43.0,7.9,76456.0,9860
B20272219,NP01,43.0,6.1,49737.0,9860
B20272220,NP01,43.0,4.9,65612.0,9860
B20272221,NP01,43.0,4.15,33982.0,9860
B20272222,NP01,43.0,6.1,20916.0,9860
B20272223,NP01,43.0,5.7,126159.0,9860
B20272224,NP01,43.0,6.4,31614.0,9860
B20272225,NP01,43.0,6.1,75179.0,9860
B20272226,NP01,43.0,6.4,30487.0,9860
B20272227,NP01,43.0,4.9,46729.0,9860
B20272228,NP01,43.0,7.9,12850.0,9860
B20272229,NP01,43.0,5.9,51779.0,9860
B20272230,NP01,43.0,4.9,30506.0,9860
B20272231,NP01,43.0,6.4,33297.0,9860
B20272232,NP01,43.0,5.9,137639.0,9860
B20272233,NP01,43.0,4.6,22557.0,9860
B20272234,NP01,43.0,4.901,25043.0,9860
B20272235,NP01,43.0,3.9,19449.0,9860
B20272236,NP01,43.0,4.525,30328.0,9860
B20272237,NP01,43.0,4.9,48763.0,9860
B20272238,NP01,43.0,4.9,77442.0,9860
B20272239,NP01,43.0,5.9,80485.0,9860
B20272240,NP01,43.0,4.901,25006.0,9860
B20272241,NP01,43.0,7.0,23908.0,9860
B20272242,NP01,43.0,5.4,140901.0,9860
B20272243,NP01,43.0,6.65,90663.0,9860
B20272244,NP01,43.0,5.33,37156.0,9860
B20272245,NP01,43.0,4.901,24301.0,9860
B20272246,NP01,43.0,7.0,8077.999999999999,9860
B20272247,NP01,43.0,6.55,45363.0,9860
B20272248,NP01,43.0,9.34,76035.0,9860
B20272249,NP01,43.0,4.5,11865.0,9860
B20272250,NP01,43.0,4.9,26325.0,9860
B20272251,NP01,43.0,4.9,22803.0,9860
B20272252,NP01,43.0,6.4,47003.0,9860
B20272253,NP01,43.0,6.4,29285.0,9860
B20272254,NP01,43.0,8.97,24148.0,9860
B20272255,NP01,43.0,4.9,43062.0,9860
B20272256,NP01,43.0,5.9,119231.0,9860
B20272257,NP01,43.0,4.9,19131.0,9860
B20272258,NP01,43.0,4.9,117035.0,9860
B20272259,NP01,43.0,4.9,14223.0,9860
B20272260,NP01,43.0,4.9,24123.0,9860
B20272261,NP01,43.0,5.55,45599.0,9860
B20272262,NP01,43.0,6.4,12390.0,9860
B20272263,NP01,43.0,4.9,14878.0,9860
B20272264,NP01,43.0,6.65,40152.0,9860
B20272265,NP01,43.0,4.9,48505.0,9860
B20272266,NP01,43.0,4.15,53631.0,9860
B20272267,NP01,43.0,4.525,23453.0,9860
B20272268,NP01,43.0,9.34,12387.0,9860
B20272269,NP01,43.0,4.9,6454.0,9860
B20272270,NP01,43.0,4.6,16149.999999999998,9860
B20272271,NP01,43.0,10.9,94502.0,9860
B20272272,NP01,43.0,4.9,49066.0,9860
B20272273,NP01,43.0,5.9,89198.0,9860
B20272274,NP01,43.0,7.75,31793.0,9860
B20272275,NP01,43.0,6.78,58116.0,9860
B20272276,NP01,43.0,4.9,35163.0,9860
B20272277,NP01,43.0,5.9,11819.0,9860
B20272278,NP01,43.0,6.1,86523.0,9860
B20272279,NP01,43.0,4.9,31725.0,9860
B20272280,NP01,43.0,6.9,43486.0,9860
B20272281,NP01,43.0,7.75,30318.0,9860
B20272282,NP01,43.0,6.4,51886.0,9860
B20272283,NP01,43.0,6.1,34429.0,9860
B20272284,NP01,43.0,4.5,11953.0,9860
B20272285,NP01,43.0,4.9,50685.0,9860
B20272286,NP01,43.0,4.9,18085.0,9860
B20272287,NP01,43.0,4.9,25807.0,9860
B20272288,NP01,43.0,4.9,138531.0,9860
B20272289,NP01,43.0,5.0,11560.0,9860
B20272290,NP01,43.0,7.75,76005.0,9860
B20272291,NP01,43.0,4.9,70225.0,9860
B20272292,NP01,43.0,4.9,72916.0,9860
B20272293,NP01,43.0,10.06,28037.0,9860
B20272294,NP01,43.0,4.9,25211.0,9860
B20272295,NP01,43.0,6.1,47237.0,9860
B20272296,NP01,43.0,4.9,20201.0,9860
B20272297,NP01,43.0,4.9,31078.0,9860
B20272298,NP01,43.0,4.9,17465.0,9860
B20272299,NP01,43.0,4.9,23523.0,9860
B20272300,NP01,43.0,11.05,31888.0,9860
B20272301,NP01,43.0,7.2,41153.0,9860
B20272302,NP01,43.0,5.9,11947.0,9860
B20272303,NP01,43.0,4.6,15198.0,9860
B20272304,NP01,43.0,4.9,19342.0,9860
B20272305,NP01,43.0,6.36,49401.0,9860
B20272306,NP01,43.0,6.1,105135.0,9860
B20272307,NP01,43.0,4.9,104305.0,9860
B20272308,NP01,43.0,4.9,12153.0,9860
B20272309,NP01,43.0,6.4,30208.0,9860
B20272310,NP01,43.0,4.9,17959.0,9860
B20272311,NP01,43.0,10.9,41956.0,9860
B20272312,NP01,43.0,4.9,30188.0,9860
B20272313,NP01,43.0,6.84,91170.0,9860
B20272314,NP01,43.0,4.9,133837.0,9860
B20272315,NP01,43.0,5.08,35506.0,9860
B20272316,NP01,43.0,5.9,80384.0,9860
B20272317,NP01,43.0,5.36,25341.0,9860
B20272318,NP01,43.0,8.28,52899.0,9860
B20272319,NP01,43.0,7.75,15081.0,9860
B20272320,NP01,43.0,4.9,22232.0,9860
B20272321,NP01,43.0,4.9,44033.0,9860
B20272322,NP01,43.0,4.75,23409.0,9860
B20272323,NP01,43.0,8.05,3813.0,9860
B20272324,NP01,43.0,5.995,40703.0,9860
B20272325,NP01,43.0,4.9,69656.0,9860
B20272326,NP01,43.0,7.9,52810.0,9860
B20272327,NP01,43.0,5.97,11987.0,9860
B20272328,NP01,43.0,4.9,62540.0,9860
B20272329,NP01,43.0,6.4,19711.0,9860
B20272330,NP01,43.0,4.901,30125.0,9860
B20272331,NP01,43.0,10.9,38253.0,9860
B20272332,NP01,43.0,6.4,70971.0,9860
B20272333,NP01,43.0,7.0,11873.0,9860
B20272334,NP01,43.0,5.6,56329.0,9860
B20272335,NP01,43.0,6.65,33070.0,9860
B20272336,NP01,43.0,4.9,20539.0,9860
B20272337,NP01,43.0,5.4,23455.0,9860
B20272338,NP01,43.0,4.9,133371.0,9860
B20272339,NP01,43.0,7.0,32782.0,9860
B20272340,NP01,43.0,6.1,18452.0,9860
B20272341,NP01,43.0,6.4,132985.0,9860
B20272342,NP01,43.0,4.9,12282.0,9860
B20272343,NP01,43.0,3.9,10074.0,9860
B20272344,NP01,43.0,8.97,132371.0,9860
B20272345,NP01,43.0,6.4,30345.0,9860
B20272346,NP01,43.0,4.9,123305.0,9860
B20272347,NP01,43.0,4.9,86697.0,9860
B20272348,NP01,43.0,6.9,25016.0,9860
B20272349,NP01,43.0,8.05,34314.0,9860
B20272350,NP01,43.0,4.9,135121.0,9860
B20272351,NP01,43.0,7.4,119984.0,9860
B20272352,NP01,43.0,5.9,11418.0,9860
B20272353,NP01,43.0,6.4,59299.0,9860
B20272354,NP01,43.0,7.08,31574.0,9860
B20272355,NP01,43.0,4.9,54783.0,9860
B20272356,NP01,43.0,4.9,24315.0,9860
B20272357,NP01,43.0,4.9,6708.0,9860
B20272358,NP01,43.0,4.9,34879.0,9860
B20272359,NP01,43.0,5.2,8374.0,9860
B20272360,NP01,43.0,4.9,12426.0,9860
B20272361,NP01,43.0,5.6,39397.0,9860
B20272362,NP01,43.0,6.1,23374.0,9860
B20272363,NP01,43.0,4.9,29822.0,9860
B20272364,NP01,43.0,4.9,54294.0,9860
B20272365,NP01,43.0,5.97,39302.0,9860
B20272366,NP01,43.0,4.94,23018.0,9860
B20272367,NP01,43.0,5.08,25309.0,9860
B20272368,NP01,43.0,10.68,12391.0,9860
B20272369,NP01,43.0,6.0,48013.0,9860
B20272370,NP01,43.0,6.1,24927.0,9860
B20272371,NP01,43.0,6.6,29932.0,9860
B20272372,NP01,43.0,8.15,40286.0,9860
B20272373,NP01,43.0,4.9,71906.0,9860
B20272374,NP01,43.0,7.0,12270.0,9860
B20272375,NP01,43.0,5.9,10836.0,9860
B20272376,NP01,43.0,5.33,87883.0,9860
B20272377,NP01,43.0,4.7,17311.0,9860
B20272378,NP01,43.0,5.84,12547.0,9860
B20272379,NP01,43.0,6.84,36711.0,9860
B20272380,NP01,43.0,6.4,109166.0,9860
B20272381,NP01,43.0,4.5,67534.0,9860
B20272382,NP01,43.0,4.9,12989.0,9860
B20272383,NP01,43.0,6.1,91825.0,9860
B20272384,NP01,43.0,4.901,87024.0,9860
B20272385,NP01,43.0,4.9,101766.0,9860
B20272386,NP01,43.0,6.1,24511.0,9860
B20272387,NP01,43.0,6.4,18481.0,9860
B20272388,NP01,43.0,4.9,47038.0,9860
B20272389,NP01,43.0,6.4,72456.0,9860
B20272390,NP01,43.0,4.901,26114.0,9860
B20272391,NP01,43.0,5.9,44190.0,9860
B20272392,NP01,43.0,7.9,40072.0,9860
B20272393,NP01,43.0,10.06,51541.0,9860
B20272394,NP01,43.0,6.4,12412.0,9860
B20272395,NP01,43.0,4.9,133298.0,9860
B20272396,NP01,43.0,4.901,28435.0,9860
B20272397,NP01,43.0,6.4,15481.0,9860
B20272398,NP01,43.0,7.0,31506.0,9860
B20272399,NP01,43.0,6.4,34592.0,9860
B20272400,NP01,43.0,4.9,12104.0,9860
B20272401,NP01,43.0,6.25,39544.0,9860
B20272402,NP01,43.0,5.9,23903.0,9860
B20272403,NP01,43.0,7.9,17174.0,9860
B20272404,NP01,43.0,5.4,35121.0,9860
B20272405,NP01,43.0,4.9,15677.0,9860
B20272406,NP01,43.0,4.901,35064.0,9860
B20272407,NP01,43.0,5.9,62510.0,9860
B20272408,NP01,43.0,4.9,19055.0,9860
B20272409,NP01,43.0,4.45,6295.0,9860
B20272410,NP01,43.0,4.9,43040.0,9860
B20272411,NP01,43.0,4.901,17931.0,9860
B20272412,NP01,43.0,7.0,115502.0,9860
B20272413,NP01,43.0,8.28,51028.0,9860
B20272414,NP01,43.0,6.84,36356.0,9860
B20272415,NP01,43.0,4.9,20160.0,9860
B20272416,NP01,43.0,5.1,64021.0,9860
B20272417,NP01,43.0,6.1,32519.0,9860
B20272418,NP01,43.0,6.9,89771.0,9860
B20272419,NP01,43.0,5.9,12238.0,9860
B20272420,NP01,43.0,10.9,106495.0,9860
B20272421,NP01,43.0,6.1,24540.0,9860
B20272422,NP01,43.0,4.901,35225.0,9860
B20272423,NP01,43.0,4.9,27301.0,9860
B20272424,NP01,43.0,4.9,59437.0,9860
B20272425,NP01,43.0,5.08,22773.0,9860
B20272426,NP01,43.0,5.33,49023.0,9860
B20272427,NP01,43.0,6.3,56748.0,9860
B20272428,NP01,43.0,8.23,18314.0,9860
B20272429,NP01,43.0,4.9,29227.0,9860
B20272430,NP01,43.0,6.4,11955.0,9860
B20272431,NP01,43.0,7.0,98970.0,9860
B20272432,NP01,43.0,6.1,11944.0,9860
B20272433,NP01,43.0,4.9,11404.0,9860
B20272434,NP01,43.0,6.1,58037.0,9860
B20272435,NP01,43.0,4.9,38132.0,9860
B20272436,NP01,43.0,4.9,53539.0,9860
B20272437,NP01,43.0,7.0,77232.0,9860
B20272438,NP01,43.0,4.55,23208.0,9860
B20272439,NP01,43.0,6.07,18140.0,9860
B20272440,NP01,43.0,6.3,21622.0,9860
B20272441,NP01,43.0,8.97,20238.0,9860
B20272442,NP01,43.0,6.4,40963.0,9860
B20272443,NP01,43.0,10.0,72237.0,9860
B20272444,NP01,43.0,8.1,30934.0,9860
B20272445,NP01,43.0,5.9,54636.0,9860
B20272446,NP01,43.0,5.55,35473.0,9860
B20272447,NP01,43.0,6.14,43488.0,9860
B20272448,NP01,43.0,5.995,50588.0,9860
B20272449,NP01,43.0,5.9,33528.0,9860
B20272450,NP01,43.0,5.9,23196.0,9860
B20272451,NP01,43.0,5.9,24756.0,9860
B20272452,NP01,43.0,4.9,32564.999999999996,9860
B20272453,NP01,43.0,6.4,23878.0,9860
B20272454,NP01,43.0,5.9,129104.99999999999,9860
B20272455,NP01,43.0,6.3,12046.0,9860
B20272456,NP01,43.0,6.1,16247.0,9860
B20272457,NP01,43.0,5.06,94725.0,9860
B20272458,NP01,43.0,4.9,12124.0,9860
B20272459,NP01,43.0,4.9,18547.0,9860
B20272460,NP01,43.0,4.9,50873.0,9860
B20272461,NP01,43.0,4.9,16692.0,9860
B20272462,NP01,43.0,7.0,17242.0,9860
B20272463,NP01,43.0,6.2,22250.0,9860
B20272464,NP01,43.0,4.9,24094.0,9860
B20272465,NP01,43.0,7.0,8662.0,9860
B20272466,NP01,43.0,9.0,12241.0,9860
B20272467,NP01,43.0,4.9,40731.0,9860
B20272468,NP01,43.0,4.45,22359.0,9860
B20272469,NP01,43.0,4.9,48693.0,9860
B20272470,NP01,43.0,6.4,47727.0,9860
B20272471,NP01,43.0,5.08,71431.0,9860
B20272472,NP01,43.0,7.75,19880.0,9860
B20272473,NP01,43.0,4.9,24934.0,9860
B20272474,NP01,43.0,4.9,12588.0,9860
B20272475,NP01,43.0,4.9,53357.0,9860
B20272476,NP01,43.0,4.94,24105.0,9860
B20272477,NP01,43.0,4.6,101989.0,9860
B20272478,NP01,43.0,4.9,13252.0,9860
B20272479,NP01,43.0,5.36,58388.0,9860
B20272480,NP01,43.0,4.9,35881.0,9860
B20272481,NP01,43.0,4.9,12791.0,9860
B20272482,NP01,43.0,4.9,30045.0,9860
B20272483,NP01,43.0,4.75,93902.0,9860
B20272484,NP01,43.0,4.9,117031.0,9860
B20272485,NP01,43.0,6.9,38678.0,9860
B20272486,NP01,43.0,6.54,46664.0,9860
B20272487,NP01,43.0,7.0,67738.0,9860
B20272488,NP01,43.0,5.9,31165.0,9860
B20272489,NP01,43.0,5.9,50382.0,9860
B20272490,NP01,43.0,5.6,32707.0,9860
B20272491,NP01,43.0,4.9,53192.0,9860
B20272492,NP01,43.0,11.05,39093.0,9860
B20272493,NP01,43.0,6.4,50905.0,9860
B20272494,NP01,43.0,4.9,35606.0,9860
B20272495,NP01,43.0,4.9,76183.0,9860
B20272496,NP01,43.0,4.6,32344.0,9860
B20272497,NP01,43.0,6.9,14509.0,9860
B20272498,NP01,43.0,4.901,23273.0,9860
B20272499,NP01,43.0,5.018,46348.0,9860
B20272500,NP01,43.0,3.8,37008.0,9860
B20272501,NP01,43.0,5.1,20812.0,9860
B20272502,NP01,43.0,8.1,24689.0,9860
B20272503,NP01,43.0,7.75,58389.0,9860
B20272504,NP01,43.0,4.9,18895.0,9860
B20272505,NP01,43.0,6.4,31641.0,9860
B20272506,NP01,43.0,5.22,58867.0,9860
B20272507,NP01,43.0,4.9,148051.0,9860
B20272508,NP01,43.0,4.9,15666.0,9860
B20272509,NP01,43.0,4.9,121644.0,9860
B20272510,NP01,43.0,4.9,88653.0,9860
B20272511,NP01,43.0,4.9,99657.0,9860
B20272512,NP01,43.0,7.0,16621.0,9860
B20272513,NP01,43.0,3.9,17648.0,9860
B20272514,NP01,43.0,4.9,43261.0,9860
B20272515,NP01,43.0,6.4,79825.0,9860
B20272516,NP01,43.0,5.4,27452.0,9860
B20272517,NP01,43.0,5.0,11873.0,9860
B20272518,NP01,43.0,9.34,35701.0,9860
B20272519,NP01,43.0,4.9,33460.0,9860
B20272520,NP01,43.0,7.0,102505.0,9860
B20272521,NP01,43.0,7.0,38390.0,9860
B20272522,NP01,43.0,4.9,28642.0,9860
B20272523,NP01,43.0,4.9,50492.0,9860
B20272524,NP01,43.0,5.55,29000.0,9860
B20272525,NP01,43.0,4.9,42850.0,9860
B20272526,NP01,43.0,4.901,17968.0,9860
B20272527,NP01,43.0,5.018,85568.0,9860
B20272528,NP01,43.0,5.0,133563.0,9860
B20272529,NP01,43.0,4.901,6374.0,9860
B20272530,NP01,43.0,6.1,12675.0,9860
B20272531,NP01,43.0,6.65,95356.0,9860
B20272532,NP01,43.0,6.2,12025.0,9860
B20272533,NP01,43.0,6.36,40519.0,9860
B20272534,NP01,43.0,6.25,41215.0,9860
B20272535,NP01,43.0,5.27,35434.0,9860
B20272536,NP01,43.0,5.9,20270.0,9860
B20272537,NP01,43.0,5.9,28968.0,9860
B20272538,NP01,43.0,4.901,28351.0,9860
B20272539,NP01,43.0,4.901,22325.0,9860
B20272540,NP01,43.0,5.9,33928.0,9860
B20272541,NP01,43.0,4.9,111554.0,9860
B20272542,NP01,43.0,4.9,28986.0,9860
B20272543,NP01,43.0,4.9,33416.0,9860
B20272544,NP01,43.0,6.2,20296.0,9860
B20272545,NP01,43.0,5.9,46795.0,9860
B20272546,NP01,43.0,5.7,35259.0,9860
B20272547,NP01,43.0,7.4,40514.0,9860
B20272548,NP01,43.0,6.1,33945.0,9860
B20272549,NP01,43.0,4.9,33235.0,9860
B20272550,NP01,43.0,6.4,44954.0,9860
B20272551,NP01,43.0,4.55,24062.0,9860
B20272552,NP01,43.0,8.1,3787.0,9860
B20272553,NP01,43.0,5.9,41559.0,9860
B20272554,NP01,43.0,6.1,88203.0,9860
B20272555,NP01,43.0,4.7,9163.0,9860
B20272556,NP01,43.0,5.0,17376.0,9860
B20272557,NP01,43.0,5.9,76035.0,9860
B20272558,NP01,43.0,8.4,68902.0,9860
B20272559,NP01,43.0,4.9,16551.0,9860
B20272560,NP01,43.0,6.25,32134.0,9860
B20272561,NP01,43.0,4.9,65612.0,9860
B20272562,NP01,43.0,6.36,5418.0,9860
B20272563,NP01,43.0,5.9,18252.0,9860
B20272564,NP01,43.0,4.9,71968.0,9860
B20272565,NP01,43.0,7.24,52022.0,9860
B20272566,NP01,43.0,4.901,82185.0,9860
B20272567,NP01,43.0,5.9,53840.0,9860
B20272568,NP01,43.0,11.4,49926.0,9860
B20272569,NP01,43.0,6.1,59535.0,9860
B20272570,NP01,43.0,6.4,57275.0,9860
B20272571,NP01,43.0,6.4,43776.0,9860
B20272572,NP01,43.0,4.9,58105.0,9860
B20272573,NP01,43.0,5.6,119570.0,9860
B20272574,NP01,43.0,4.5,27502.0,9860
B20272575,NP01,43.0,6.4,59669.0,9860
B20272576,NP01,43.0,7.0,16688.0,9860
B20272577,NP01,43.0,6.36,80607.0,9860
B20272578,NP01,43.0,4.9,19043.0,9860
B20272579,NP01,43.0,8.28,22931.0,9860
B20272580,NP01,43.0,6.07,68673.0,9860
B20272581,NP01,43.0,6.4,113319.0,9860
B20272582,NP01,43.0,4.9,49240.0,9860
B20272583,NP01,43.0,6.4,6008.0,9860
B20272584,NP01,43.0,4.9,24981.0,9860
B20272585,NP01,43.0,6.1,24070.0,9860
B20272586,NP01,43.0,6.9,18296.0,9860
B20272587,NP01,43.0,5.9,31634.0,9860
B20272588,NP01,43.0,6.1,36531.0,9860
B20272589,NP01,43.0,5.9,11994.0,9860
B20272590,NP01,43.0,4.95,51134.0,9860
B20272591,NP01,43.0,8.15,19681.0,9860
B20272592,NP01,43.0,10.68,19855.0,9860
B20272593,NP01,43.0,4.5,33252.0,9860
B20272594,NP01,43.0,4.9,118180.0,9860
B20272595,NP01,43.0,8.15,16867.0,9860
B20272596,NP01,43.0,4.901,135986.0,9860
B20272597,NP01,43.0,4.901,88968.0,9860
B20272598,NP01,43.0,5.9,43466.0,9860
B20272599,NP01,43.0,5.9,80088.0,9860
B20272600,NP01,43.0,6.1,16174.0,9860
B20272601,NP01,43.0,6.4,73826.0,9860
B20272602,NP01,43.0,7.9,35686.0,9860
B20272603,NP01,43.0,5.36,18873.0,9860
B20272604,NP01,43.0,6.4,41158.0,9860
B20272605,NP01,43.0,4.9,70213.0,9860
B20272606,NP01,43.0,4.9,5615.0,9860
B20272607,NP01,43.0,6.1,25891.0,9860
B20272608,NP01,43.0,8.1,23348.0,9860
B20272609,NP01,43.0,5.9,41362.0,9860
B20272610,NP01,43.0,5.9,60733.0,9860
B20272611,NP01,43.0,6.4,49096.0,9860
B20272612,NP01,43.0,8.97,124578.0,9860
B20272613,NP01,43.0,4.9,110625.0,9860
B20272614,NP01,43.0,6.0,126155.0,9860
B20272615,NP01,43.0,4.9,24822.0,9860
B20272616,NP01,43.0,4.9,45756.0,9860
B20272617,NP01,43.0,6.1,16933.0,9860
B20272618,NP01,43.0,4.9,36312.0,9860
B20272619,NP01,43.0,6.54,30635.0,9860
B20272620,NP01,43.0,8.28,29783.0,9860
B20272621,NP01,43.0,6.4,43210.0,9860
B20272622,NP01,43.0,6.4,54455.0,9860
B20272623,NP01,43.0,10.68,55160.0,9860
B20272624,NP01,43.0,4.9,101104.0,9860
B20272625,NP01,43.0,4.901,28156.0,9860
B20272626,NP01,43.0,8.15,18388.0,9860
B20272627,NP01,43.0,4.4,78747.0,9860
B20272628,NP01,43.0,8.15,19312.0,9860
B20272629,NP01,43.0,5.9,17612.0,9860
B20272630,NP01,43.0,6.1,17903.0,9860
B20272631,NP01,43.0,4.9,26136.0,9860
B20272632,NP01,43.0,6.9,43604.0,9860
B20272633,NP01,43.0,4.9,18620.0,9860
B20272634,NP01,43.0,3.9,51131.0,9860
B20272635,NP01,43.0,5.4,52330.0,9860
B20272636,NP01,43.0,4.9,21889.0,9860
B20272637,NP01,43.0,6.4,35068.0,9860
B20272638,NP01,43.0,6.4,28627.0,9860
B20272639,NP01,43.0,4.9,22440.0,9860
B20272640,NP01,43.0,6.4,28607.0,9860
B20272641,NP01,43.0,5.84,63428.0,9860
B20272642,NP01,43.0,5.84,41946.0,9860
B20272643,NP01,43.0,6.1,23992.0,9860
B20272644,NP01,43.0,4.9,12450.0,9860
B20272645,NP01,43.0,6.9,4611.0,9860
B20272646,NP01,43.0,4.9,144584.0,9860
B20272647,NP01,43.0,5.22,138044.0,9860
B20272648,NP01,43.0,6.4,22934.0,9860
B20272649,NP01,43.0,4.9,17723.0,9860
B20272650,NP01,43.0,6.1,61060.0,9860
B20272651,NP01,43.0,8.05,23745.0,9860
B20272652,NP01,43.0,4.9,12871.0,9860
B20272653,NP01,43.0,11.0,12579.0,9860
B20272654,NP01,43.0,4.9,96104.0,9860
B20272655,NP01,43.0,4.9,35172.0,9860
B20272656,NP01,43.0,5.3,106075.0,9860
B20272657,NP01,43.0,6.4,22659.0,9860
B20272658,NP01,43.0,6.1,25239.0,9860
B20272659,NP01,43.0,7.0,98779.0,9860
B20272660,NP01,43.0,5.0,59495.0,9860
B20272661,NP01,43.0,4.95,19496.0,9860
B20272662,NP01,43.0,4.9,6613.0,9860
B20272663,NP01,43.0,7.75,15504.0,9860
B20272664,NP01,43.0,4.901,30870.0,9860
B20272665,NP01,43.0,5.27,78475.0,9860
B20272666,NP01,43.0,11.05,20897.0,9860
B20272667,NP01,43.0,5.33,62204.0,9860
B20272668,NP01,43.0,4.9,45779.0,9860
B20272669,NP01,43.0,6.35,94403.0,9860
B20272670,NP01,43.0,10.06,17015.0,9860
B20272671,NP01,43.0,4.9,32569.000000000004,9860
B20272672,NP01,43.0,5.15,30818.0,9860
B20272673,NP01,43.0,4.9,65206.0,9860
B20272674,NP01,43.0,7.0,16555.0,9860
B20272675,NP01,43.0,6.25,35038.0,9860
B20272676,NP01,43.0,4.9,49905.0,9860
B20272677,NP01,43.0,7.0,18372.0,9860
B20272678,NP01,43.0,4.9,49500.0,9860
B20272679,NP01,43.0,5.7,95254.0,9860
B20272680,NP01,43.0,4.9,50019.0,9860
B20272681,NP01,43.0,6.4,122638.0,9860
B20272682,NP01,43.0,5.018,65491.0,9860
B20272683,NP01,43.0,5.995,17143.0,9860
B20272684,NP01,43.0,6.4,48327.0,9860
B20272685,NP01,43.0,9.34,34427.0,9860
B20272686,NP01,43.0,6.1,24603.0,9860
B20272687,NP01,43.0,5.06,23636.0,9860
B20272688,NP01,43.0,4.78,24324.0,9860
B20272689,NP01,43.0,4.9,11953.0,9860
B20272690,NP01,43.0,4.9,45681.0,9860
B20272691,NP01,43.0,4.9,97677.0,9860
B20272692,NP01,43.0,4.9,22967.0,9860
B20272693,NP01,43.0,4.9,56395.0,9860
B20272694,NP01,43.0,7.0,24084.0,9860
B20272695,NP01,43.0,6.65,7778.0,9860
B20272696,NP01,43.0,4.7,30401.0,9860
B20272697,NP01,43.0,6.1,17218.0,9860
B20272698,NP01,43.0,5.9,73946.0,9860
B20272699,NP01,43.0,4.9,124360.0,9860
B20272700,NP01,43.0,8.23,16753.0,9860
B20272701,NP01,43.0,6.55,19054.0,9860
B20272702,NP01,43.0,6.84,30521.0,9860
B20272703,NP01,43.0,4.9,47882.0,9860
B20272704,NP01,43.0,11.0,12987.0,9860
B20272705,NP01,43.0,9.34,62705.0,9860
B20272706,NP01,43.0,4.9,52074.0,9860
B20272707,NP01,43.0,9.34,68449.0,9860
B20272708,NP01,43.0,5.9,20108.0,9860
B20272709,NP01,43.0,4.901,127063.0,9860
B20272710,NP01,43.0,6.4,80803.0,9860
B20272711,NP01,43.0,5.22,62655.0,9860
B20272712,NP01,43.0,6.1,28654.0,9860
B20272713,NP01,43.0,4.95,46056.0,9860
B20272714,NP01,43.0,6.35,12008.0,9860
B20272715,NP01,43.0,6.1,34971.0,9860
B20272716,NP01,43.0,4.45,17973.0,9860
B20272717,NP01,43.0,5.9,79841.0,9860
B20272718,NP01,43.0,7.0,30782.0,9860
B20272719,NP01,43.0,5.4,71677.0,9860
B20272720,NP01,43.0,8.97,7545.0,9860
B20272721,NP01,43.0,7.75,64763.00000000001,9860
B20272722,NP01,43.0,4.9,31067.0,9860
B20272723,NP01,43.0,4.9,25855.0,9860
B20272724,NP01,43.0,8.28,12174.0,9860
B20272725,NP01,43.0,6.1,17515.0,9860
B20272726,NP01,43.0,4.9,43328.0,9860
B20272727,NP01,43.0,4.9,44269.0,9860
B20272728,NP01,43.0,6.1,17546.0,9860
B20272729,NP01,43.0,7.9,95523.0,9860
B20272730,NP01,43.0,6.4,35791.0,9860
B20272731,NP01,43.0,4.9,22352.0,9860
B20272732,NP01,43.0,4.901,95123.0,9860
B20272733,NP01,43.0,4.9,29462.0,9860
B20272734,NP01,43.0,6.1,15596.0,9860
B20272735,NP01,43.0,4.9,26387.0,9860
B20272736,NP01,43.0,7.24,53768.0,9860
B20272737,NP01,43.0,6.4,89853.0,9860
B20272738,NP01,43.0,6.1,25354.0,9860
B20272739,NP01,43.0,4.9,19120.0,9860
B20272740,NP01,43.0,6.1,11804.0,9860
B20272741,NP01,43.0,4.9,25249.0,9860
B20272742,NP01,43.0,4.9,15179.0,9860
B20272743,NP01,43.0,4.9,12031.0,9860
B20272744,NP01,43.0,6.4,100107.0,9860
B20272745,NP01,43.0,6.4,30376.0,9860
B20272746,NP01,43.0,5.97,19168.0,9860
B20272747,NP01,43.0,4.9,6286.0,9860
B20272748,NP01,43.0,7.2,56293.0,9860
B20272749,NP01,43.0,7.0,18763.0,9860
B20272750,NP01,43.0,5.9,27469.0,9860
B20272751,NP01,43.0,4.9,18442.0,9860
B20272752,NP01,43.0,5.33,12708.0,9860
B20272753,NP01,43.0,5.06,3416.0,9860
B20272754,NP01,43.0,4.5,12627.0,9860
B20272755,NP01,43.0,8.97,127817.0,9860
B20272756,NP01,43.0,6.4,65553.0,9860
B20272757,NP01,43.0,4.9,11710.0,9860
B20272758,NP01,43.0,6.4,38238.0,9860
B20272759,NP01,43.0,6.36,89889.0,9860
B20272760,NP01,43.0,5.0,15185.0,9860
B20272761,NP01,43.0,7.4,18173.0,9860
B20272762,NP01,43.0,7.9,32235.0,9860
B20272763,NP01,43.0,4.9,11787.0,9860
B20272764,NP01,43.0,4.9,48149.0,9860
B20272765,NP01,43.0,4.901,17987.0,9860
B20272766,NP01,43.0,7.0,18806.0,9860
B20272767,NP01,43.0,6.1,7536.0,9860
B20272768,NP01,43.0,6.1,137501.0,9860
B20272769,NP01,43.0,5.3,27832.0,9860
B20272770,NP01,43.0,4.9,77467.0,9860
B20272771,NP01,43.0,5.9,49870.0,9860
B20272772,NP01,43.0,5.9,23947.0,9860
B20272773,NP01,43.0,4.9,17604.0,9860
B20272774,NP01,43.0,4.4,77652.0,9860
B20272775,NP01,43.0,5.0,16692.0,9860
B20272776,NP01,43.0,6.1,25483.0,9860
B20272777,NP01,43.0,8.78,52802.0,9860
B20272778,NP01,43.0,6.2,12285.0,9860
B20272779,NP01,43.0,7.0,106279.0,9860
B20272780,NP01,43.0,6.1,39533.0,9860
B20272781,NP01,43.0,4.5,43313.0,9860
B20272782,NP01,43.0,4.9,11629.0,9860
B20272783,NP01,43.0,6.4,20713.0,9860
B20272784,NP01,43.0,6.4,57227.0,9860
B20272785,NP01,43.0,6.4,12958.0,9860
B20272786,NP01,43.0,6.4,74082.0,9860
B20272787,NP01,43.0,4.9,117185.0,9860
B20272788,NP01,43.0,6.1,28104.0,9860
B20272789,NP01,43.0,6.4,30592.0,9860
B20272790,NP01,43.0,5.1,132740.0,9860
B20272791,NP01,43.0,7.0,80867.0,9860
B20272792,NP01,43.0,7.0,35435.0,9860
B20272793,NP01,43.0,4.9,29760.0,9860
B20272794,NP01,43.0,11.05,24928.0,9860
B20272795,NP01,43.0,5.9,54578.0,9860
B20272796,NP01,43.0,4.9,29575.0,9860
B20272797,NP01,43.0,4.9,111164.0,9860
B20272798,NP01,43.0,8.23,62241.0,9860
B20272799,NP01,43.0,4.9,134962.0,9860
B20272800,NP01,43.0,6.1,50132.0,9860
B20272801,NP01,43.0,4.9,15414.0,9860
B20272802,NP01,43.0,6.1,20970.0,9860
B20272803,NP01,43.0,4.9,30870.0,9860
B20272804,NP01,43.0,7.9,49706.0,9860
B20272805,NP01,43.0,5.2,71473.0,9860
B20272806,NP01,43.0,4.9,33132.0,9860
B20272807,NP01,43.0,7.0,6058.0,9860
B20272808,NP01,43.0,5.9,18840.0,9860
B20272809,NP01,43.0,5.0,78127.0,9860
B20272810,NP01,43.0,5.9,36880.0,9860
B20272811,NP01,43.0,4.9,90868.0,9860
B20272812,NP01,43.0,9.34,132036.0,9860
B20272813,NP01,43.0,4.9,116999.0,9860
B20272814,NP01,43.0,6.4,17703.0,9860
B20272815,NP01,43.0,4.9,38607.0,9860
B20272816,NP01,43.0,4.9,32219.0,9860
B20272817,NP01,43.0,4.9,37207.0,9860
B20272818,NP01,43.0,6.7,81670.0,9860
B20272819,NP01,43.0,5.9,47628.0,9860
B20272820,NP01,43.0,6.4,58433.0,9860
B20272821,NP01,43.0,5.84,12184.0,9860
B20272822,NP01,43.0,5.9,15083.0,9860
B20272823,NP01,43.0,4.9,80253.0,9860
B20272824,NP01,43.0,7.24,24898.0,9860
B20272825,NP01,43.0,7.0,29690.0,9860
B20272826,NP01,43.0,4.9,29849.0,9860
B20272827,NP01,43.0,5.9,15740.0,9860
B20272828,NP01,43.0,4.9,35042.0,9860
B20272829,NP01,43.0,4.9,79683.0,9860
B20272830,NP01,43.0,6.4,62422.0,9860
B20272831,NP01,43.0,6.35,30549.0,9860
B20272832,NP01,43.0,6.4,99427.0,9860
B20272833,NP01,43.0,6.4,20733.0,9860
B20272834,NP01,43.0,5.0,18978.0,9860
B20272835,NP01,43.0,6.4,42914.0,9860
B20272836,NP01,43.0,4.9,39935.0,9860
B20272837,NP01,43.0,7.9,18704.0,9860
B20272838,NP01,43.0,8.23,76820.0,9860
B20272839,NP01,43.0,4.9,72883.0,9860
B20272840,NP01,43.0,4.901,31458.0,9860
B20272841,NP01,43.0,5.4,20811.0,9860
B20272842,NP01,43.0,5.9,130151.99999999999,9860
B20272843,NP01,43.0,4.78,25690.0,9860
B20272844,NP01,43.0,6.1,11885.0,9860
B20272845,NP01,43.0,5.1,124472.0,9860
B20272846,NP01,43.0,6.4,6073.0,9860
B20272847,NP01,43.0,5.4,73159.0,9860
B20272848,NP01,43.0,4.9,26086.0,9860
B20272849,NP01,43.0,6.4,31568.0,9860
B20272850,NP01,43.0,4.9,100230.0,9860
B20272851,NP01,43.0,4.9,70047.0,9860
B20272852,NP01,43.0,4.9,14288.0,9860
B20272853,NP01,43.0,5.9,24588.0,9860
B20272854,NP01,43.0,4.6,23955.0,9860
B20272855,NP01,43.0,4.901,32866.0,9860
B20272856,NP01,43.0,4.9,63471.0,9860
B20272857,NP01,43.0,4.9,25173.0,9860
B20272858,NP01,43.0,4.9,18876.0,9860
B20272859,NP01,43.0,5.9,25538.0,9860
B20272860,NP01,43.0,4.9,12739.0,9860
B20272861,NP01,43.0,4.9,24780.0,9860
B20272862,NP01,43.0,6.07,12398.0,9860
B20272863,NP01,43.0,5.1,16325.0,9860
B20272864,NP01,43.0,4.9,31422.0,9860
B20272865,NP01,43.0,4.9,36434.0,9860
B20272866,NP01,43.0,6.4,11701.0,9860
B20272867,NP01,43.0,4.901,23376.0,9860
B20272868,NP01,43.0,4.9,61214.0,9860
B20272869,NP01,43.0,9.34,16689.0,9860
B20272870,NP01,43.0,4.9,17394.0,9860
B20272871,NP01,43.0,4.78,35014.0,9860
B20272872,NP01,43.0,4.9,46739.0,9860
B20272873,NP01,43.0,4.75,52671.0,9860
B20272874,NP01,43.0,4.9,31677.0,9860
B20272875,NP01,43.0,7.75,62630.0,9860
B20272876,NP01,43.0,4.9,22691.0,9860
B20272877,NP01,43.0,8.78,94646.0,9860
B20272878,NP01,43.0,4.9,74732.0,9860
B20272879,NP01,43.0,4.9,44858.0,9860
B20272880,NP01,43.0,6.0,89101.0,9860
B20272881,NP01,43.0,8.23,49078.0,9860
B20272882,NP01,43.0,6.4,38744.0,9860
B20272883,NP01,43.0,5.33,39182.0,9860
B20272884,NP01,43.0,5.9,25572.0,9860
B20272885,NP01,43.0,5.9,27087.0,9860
B20272886,NP01,43.0,5.9,33423.0,9860
B20272887,NP01,43.0,9.34,75497.0,9860
B20272888,NP01,43.0,4.9,54736.0,9860
B20272889,NP01,43.0,7.0,11747.0,9860
B20272890,NP01,43.0,4.9,106287.0,9860
B20272891,NP01,43.0,5.9,48858.0,9860
B20272892,NP01,43.0,6.1,83216.0,9860
B20272893,NP01,43.0,4.9,3270.0,9860
B20272894,NP01,43.0,5.9,5036.0,9860
B20272895,NP01,43.0,4.9,16065.000000000002,9860
B20272896,NP01,43.0,4.9,26215.0,9860
B20272897,NP01,43.0,4.9,3892.0,9860
B20272898,NP01,43.0,6.1,61611.0,9860
B20272899,NP01,43.0,6.25,85225.0,9860
B20272900,NP01,43.0,7.9,23585.0,9860
B20272901,NP01,43.0,6.4,72525.0,9860
B20272902,NP01,43.0,5.4,56592.0,9860
B20272903,NP01,43.0,6.35,30676.0,9860
B20272904,NP01,43.0,6.4,58207.0,9860
B20272905,NP01,43.0,4.9,86202.0,9860
B20272906,NP01,43.0,6.0,46967.0,9860
B20272907,NP01,43.0,4.525,51801.0,9860
B20272908,NP01,43.0,7.0,6297.0,9860
B20272909,NP01,43.0,4.901,16353.000000000002,9860
B20272910,NP01,43.0,5.7,123646.0,9860
B20272911,NP01,43.0,7.9,52730.0,9860
B20272912,NP01,43.0,4.9,4859.0,9860
B20272913,NP01,43.0,4.901,136098.0,9860
B20272914,NP01,43.0,4.9,35326.0,9860
B20272915,NP01,43.0,7.2,127826.0,9860
B20272916,NP01,43.0,6.4,42455.0,9860
B20272917,NP01,43.0,3.9,17749.0,9860
B20272918,NP01,43.0,4.9,31834.0,9860
B20272919,NP01,43.0,4.9,48625.0,9860
B20272920,NP01,43.0,4.9,23249.0,9860
B20272921,NP01,43.0,5.3,31513.0,9860
B20272922,NP01,43.0,5.9,36248.0,9860
B20272923,NP01,43.0,5.9,64236.00000000001,9860
B20272924,NP01,43.0,7.0,56713.0,9860
B20272925,NP01,43.0,7.0,16708.0,9860
B20272926,NP01,43.0,7.0,47639.0,9860
B20272927,NP01,43.0,4.525,31123.0,9860
B20272928,NP01,43.0,7.24,11621.0,9860
B20272929,NP01,43.0,6.4,15011.0,9860
B20272930,NP01,43.0,5.06,35753.0,9860
B20272931,NP01,43.0,5.4,34523.0,9860
B20272932,NP01,43.0,4.9,49825.0,9860
B20272933,NP01,43.0,5.9,41633.0,9860
B20272934,NP01,43.0,4.9,16132.000000000002,9860
B20272935,NP01,43.0,5.06,23408.0,9860
B20272936,NP01,43.0,4.9,5678.0,9860
B20272937,NP01,43.0,4.9,31523.0,9860
B20272938,NP01,43.0,8.15,32378.999999999996,9860
B20272939,NP01,43.0,6.4,44305.0,9860
B20272940,NP01,43.0,4.9,18856.0,9860
B20272941,NP01,43.0,4.9,62361.0,9860
B20272942,NP01,43.0,6.65,124949.0,9860
B20272943,NP01,43.0,4.9,31913.0,9860
B20272944,NP01,43.0,4.9,75283.0,9860
B20272945,NP01,43.0,4.9,23704.0,9860
B20272946,NP01,43.0,6.4,11754.0,9860
B20272947,NP01,43.0,6.1,88004.0,9860
B20272948,NP01,43.0,4.9,16710.0,9860
B20272949,NP01,43.0,6.36,122103.0,9860
B20272950,NP01,43.0,4.9,20505.0,9860
B20272951,NP01,43.0,6.4,34013.0,9860
B20272952,NP01,43.0,5.9,117422.0,9860
B20272953,NP01,43.0,6.0,50530.0,9860
B20272954,NP01,43.0,6.36,36736.0,9860
B20272955,NP01,43.0,4.9,56211.0,9860
B20272956,NP01,43.0,4.9,25015.0,9860
B20272957,NP01,43.0,4.9,71236.0,9860
B20272958,NP01,43.0,4.5,32685.000000000004,9860
B20272959,NP01,43.0,6.4,99086.0,9860
B20272960,NP01,43.0,6.65,39393.0,9860
B20272961,NP01,43.0,4.7,24837.0,9860
B20272962,NP01,43.0,5.4,37533.0,9860
B20272963,NP01,43.0,5.9,42799.0,9860
B20272964,NP01,43.0,4.901,108042.0,9860
B20272965,NP01,43.0,5.9,47699.0,9860
B20272966,NP01,43.0,5.27,99165.0,9860
B20272967,NP01,43.0,6.84,18622.0,9860
B20272968,NP01,43.0,4.9,114536.0,9860
B20272969,NP01,43.0,5.9,29457.0,9860
B20272970,NP01,43.0,6.25,146077.0,9860
B20272971,NP01,43.0,6.4,42901.0,9860
B20272972,NP01,43.0,6.1,11488.0,9860
B20272973,NP01,43.0,4.9,11953.0,9860
B20272974,NP01,43.0,4.901,117033.0,9860
B20272975,NP01,43.0,5.9,52792.0,9860
B20272976,NP01,43.0,4.9,132938.0,9860
B20272977,NP01,43.0,4.9,56908.0,9860
B20272978,NP01,43.0,4.7,87639.0,9860
B20272979,NP01,43.0,6.4,72270.0,9860
B20272980,NP01,43.0,6.54,16329.999999999998,9860
B20272981,NP01,43.0,5.3,49340.0,9860
B20272982,NP01,43.0,4.6,14706.0,9860
B20272983,NP01,43.0,7.2,82117.0,9860
B20272984,NP01,43.0,4.9,28266.0,9860
B20272985,NP01,43.0,4.9,75952.0,9860
B20272986,NP01,43.0,3.8,35708.0,9860
B20272987,NP01,43.0,4.9,73870.0,9860
B20272988,NP01,43.0,4.9,50073.0,9860
B20272989,NP01,43.0,4.9,27880.0,9860
B20272990,NP01,43.0,4.9,16277.999999999998,9860
B20272991,NP01,43.0,8.23,72105.0,9860
B20272992,NP01,43.0,4.901,31734.0,9860
B20272993,NP01,43.0,6.1,147355.0,9860
B20272994,NP01,43.0,5.0,18327.0,9860
B20272995,NP01,43.0,5.9,120012.0,9860
B20272996,NP01,43.0,4.9,5851.0,9860
B20272997,NP01,43.0,5.9,35893.0,9860
B20272998,NP01,43.0,4.9,88690.0,9860
B20272999,NP01,43.0,6.3,116594.0,9860
B20273000,NP01,43.0,4.9,54140.0,9860
B20273001,NP01,43.0,7.9,18471.0,9860
B20273002,NP01,43.0,4.901,38531.0,9860
B20273003,NP01,43.0,4.9,43173.0,9860
B20273004,NP01,43.0,9.34,31822.0,9860
B20273005,NP01,43.0,5.7,122658.0,9860
B20273006,NP01,43.0,4.9,96170.0,9860
B20273007,NP01,43.0,4.9,114897.0,9860
B20273008,NP01,43.0,6.65,18079.0,9860
B20273009,NP01,43.0,4.9,94820.0,9860
B20273010,NP01,43.0,6.1,24907.0,9860
B20273011,NP01,43.0,6.9,12642.0,9860
B20273012,NP01,43.0,4.9,126867.0,9860
B20273013,NP01,43.0,4.9,24488.0,9860
B20273014,NP01,43.0,4.9,70912.0,9860
B20273015,NP01,43.0,7.96,43124.0,9860
B20273016,NP01,43.0,4.9,22114.0,9860
B20273017,NP01,43.0,4.9,74582.0,9860
B20273018,NP01,43.0,4.9,118835.0,9860
B20273019,NP01,43.0,4.9,41132.0,9860
B20273020,NP01,43.0,8.15,17773.0,9860
B20273021,NP01,43.0,5.36,61795.0,9860
B20273022,NP01,43.0,4.9,34419.0,9860
B20273023,NP01,43.0,4.9,16204.999999999998,9860
B20273024,NP01,43.0,6.4,51349.0,9860
B20273025,NP01,43.0,4.9,74041.0,9860
B20273026,NP01,43.0,6.4,62636.0,9860
B20273027,NP01,43.0,6.36,10009.0,9860
B20273028,NP01,43.0,10.68,37896.0,9860
B20273029,NP01,43.0,6.9,33100.0,9860
B20273030,NP01,43.0,5.9,12506.0,9860
B20273031,NP01,43.0,11.4,48176.0,9860
B20273032,NP01,43.0,4.901,32054.000000000004,9860
B20273033,NP01,43.0,7.0,30279.0,9860
B20273034,NP01,43.0,4.75,4091.0,9860
B20273035,NP01,43.0,5.15,37624.0,9860
B20273036,NP01,43.0,4.9,87966.0,9860
B20273037,NP01,43.0,4.7,56987.0,9860
B20273038,NP01,43.0,5.9,20225.0,9860
B20273039,NP01,43.0,5.7,42643.0,9860
B20273040,NP01,43.0,8.97,26630.0,9860
B20273041,NP01,43.0,4.6,86015.0,9860
B20273042,NP01,43.0,6.14,60728.0,9860
B20273043,NP01,43.0,11.0,6133.0,9860
B20273044,NP01,43.0,4.901,30240.0,9860
B20273045,NP01,43.0,6.55,36191.0,9860
B20273046,NP01,43.0,5.7,43108.0,9860
B20273047,NP01,43.0,6.9,11515.0,9860
B20273048,NP01,43.0,5.08,26388.0,9860
B20273049,NP01,43.0,5.9,72139.0,9860
B20273050,NP01,43.0,4.9,86145.0,9860
B20273051,NP01,43.0,6.54,120984.0,9860
B20273052,NP01,43.0,5.0,21743.0,9860
B20273053,NP01,43.0,4.9,73170.0,9860
B20273054,NP01,43.0,6.2,23267.0,9860
B20273055,NP01,43.0,6.07,129983.0,9860
B20273056,NP01,43.0,5.9,34050.0,9860
B20273057,NP01,43.0,6.4,26450.0,9860
B20273058,NP01,43.0,4.9,44291.0,9860
B20273059,NP01,43.0,4.9,119043.0,9860
B20273060,NP01,43.0,6.1,24939.0,9860
B20273061,NP01,43.0,4.9,41052.0,9860
B20273062,NP01,43.0,6.4,61472.0,9860
B20273063,NP01,43.0,4.9,11591.0,9860
B20273064,NP01,43.0,4.901,30184.0,9860
B20273065,NP01,43.0,5.9,48419.0,9860
B20273066,NP01,43.0,4.6,34927.0,9860
B20273067,NP01,43.0,4.9,16986.0,9860
B20273068,NP01,43.0,4.9,49086.0,9860
B20273069,NP01,43.0,6.25,39665.0,9860
B20273070,NP01,43.0,6.78,30170.0,9860
B20273071,NP01,43.0,6.4,52898.0,9860
B20273072,NP01,43.0,4.15,7364.0,9860
B20273073,NP01,43.0,4.901,6349.0,9860
B20273074,NP01,43.0,4.9,145530.0,9860
B20273075,NP01,43.0,5.9,121655.0,9860
B20273076,NP01,43.0,5.9,5192.0,9860
B20273077,NP01,43.0,4.9,132420.0,9860
B20273078,NP01,43.0,4.9,116020.0,9860
B20273079,NP01,43.0,9.0,31319.0,9860
B20273080,NP01,43.0,10.9,51953.0,9860
B20273081,NP01,43.0,7.75,24410.0,9860
B20273082,NP01,43.0,6.1,65229.0,9860
B20273083,NP01,43.0,4.78,15297.0,9860
B20273084,NP01,43.0,5.27,37212.0,9860
B20273085,NP01,43.0,4.6,26646.0,9860
B20273086,NP01,43.0,4.4,59673.0,9860
B20273087,NP01,43.0,4.901,29723.0,9860
B20273088,NP01,43.0,4.9,11975.0,9860
B20273089,NP01,43.0,4.7,36150.0,9860
B20273090,NP01,43.0,4.9,114455.0,9860
B20273091,NP01,43.0,6.8,121388.0,9860
B20273092,NP01,43.0,4.75,92658.0,9860
B20273093,NP01,43.0,4.9,36392.0,9860
B20273094,NP01,43.0,6.4,41254.0,9860
B20273095,NP01,43.0,4.55,18163.0,9860
B20273096,NP01,43.0,5.9,33075.0,9860
B20273097,NP01,43.0,4.9,7910.0,9860
B20273098,NP01,43.0,5.9,50450.0,9860
B20273099,NP01,43.0,8.23,46055.0,9860
B20273100,NP01,43.0,6.54,27187.0,9860
B20273101,NP01,43.0,4.9,35433.0,9860
B20273102,NP01,43.0,4.9,31503.0,9860
B20273103,NP01,43.0,5.4,5969.0,9860
B20273104,NP01,43.0,4.9,20595.0,9860
B20273105,NP01,43.0,7.0,101725.0,9860
B20273106,NP01,43.0,4.9,30776.0,9860
B20273107,NP01,43.0,6.4,97430.0,9860
B20273108,NP01,43.0,4.9,125939.0,9860
B20273109,NP01,43.0,4.75,12056.0,9860
B20273110,NP01,43.0,5.33,35252.0,9860
B20273111,NP01,43.0,5.4,99154.0,9860
B20273112,NP01,43.0,4.9,35930.0,9860
B20273113,NP01,43.0,4.9,73212.0,9860
B20273114,NP01,43.0,6.4,73679.0,9860
B20273115,NP01,43.0,7.0,31005.0,9860
B20273116,NP01,43.0,10.06,46082.0,9860
B20273117,NP01,43.0,10.06,49016.0,9860
B20273118,NP01,43.0,4.9,90418.0,9860
B20273119,NP01,43.0,5.9,113794.0,9860
B20273120,NP01,43.0,4.9,61669.0,9860
B20273121,NP01,43.0,6.4,26780.0,9860
B20273122,NP01,43.0,6.4,17886.0,9860
B20273123,NP01,43.0,3.9,36987.0,9860
B20273124,NP01,43.0,6.1,26210.0,9860
B20273125,NP01,43.0,4.9,11553.0,9860
B20273126,NP01,43.0,4.901,60176.0,9860
B20273127,NP01,43.0,6.4,22021.0,9860
B20273128,NP01,43.0,4.9,15964.0,9860
B20273129,NP01,43.0,4.5,61777.0,9860
B20273130,NP01,43.0,5.2,32124.000000000004,9860
B20273131,NP01,43.0,6.1,11997.0,9860
B20273132,NP01,43.0,6.4,121152.0,9860
B20273133,NP01,43.0,7.9,84527.0,9860
B20273134,NP01,43.0,6.2,21705.0,9860
B20273135,NP01,43.0,8.05,22985.0,9860
B20273136,NP01,43.0,4.9,106984.0,9860
B20273137,NP01,43.0,4.5,80980.0,9860
B20273138,NP01,43.0,5.3,38186.0,9860
B20273139,NP01,43.0,6.1,106421.0,9860
B20273140,NP01,43.0,5.9,136531.0,9860
B20273141,NP01,43.0,4.4,36371.0,9860
B20273142,NP01,43.0,5.1,126320.0,9860
B20273143,NP01,43.0,6.4,12537.0,9860
B20273144,NP01,43.0,5.3,53103.0,9860
B20273145,NP01,43.0,7.75,20703.0,9860
B20273146,NP01,43.0,6.1,15079.0,9860
B20273147,NP01,43.0,7.0,11594.0,9860
B20273148,NP01,43.0,4.9,26946.0,9860
B20273149,NP01,43.0,4.9,12717.0,9860
B20273150,NP01,43.0,8.1,23809.0,9860
B20273151,NP01,43.0,7.0,23942.0,9860
B20273152,NP01,43.0,6.4,26141.0,9860
B20273153,NP01,43.0,4.9,76228.0,9860
B20273154,NP01,43.0,4.9,75681.0,9860
B20273155,NP01,43.0,4.9,49358.0,9860
B20273156,NP01,43.0,4.9,134403.0,9860
B20273157,NP01,43.0,6.4,54231.0,9860
B20273158,NP01,43.0,4.9,23947.0,9860
B20273159,NP01,43.0,5.9,11842.0,9860
B20273160,NP01,43.0,5.9,42135.0,9860
B20273161,NP01,43.0,8.78,51466.0,9860
B20273162,NP01,43.0,4.9,25011.0,9860
B20273163,NP01,43.0,6.35,114724.0,9860
B20273164,NP01,43.0,5.06,66552.0,9860
B20273165,NP01,43.0,7.0,6077.0,9860
B20273166,NP01,43.0,4.95,24989.0,9860
B20273167,NP01,43.0,6.4,5954.0,9860
B20273168,NP01,43.0,4.9,50361.0,9860
B20273169,NP01,43.0,11.4,54093.0,9860
B20273170,NP01,43.0,4.4,23976.0,9860
B20273171,NP01,43.0,6.36,41440.0,9860
B20273172,NP01,43.0,5.9,15471.0,9860
B20273173,NP01,43.0,4.9,21105.0,9860
B20273174,NP01,43.0,4.9,36733.0,9860
B20273175,NP01,43.0,5.9,18101.0,9860
B20273176,NP01,43.0,4.901,30779.0,9860
B20273177,NP01,43.0,5.9,55394.0,9860
B20273178,NP01,43.0,6.1,10147.0,9860
B20273179,NP01,43.0,6.7,102403.0,9860
B20273180,NP01,43.0,4.55,24097.0,9860
B20273181,NP01,43.0,5.9,19164.0,9860
B20273182,NP01,43.0,5.9,41951.0,9860
B20273183,NP01,43.0,4.75,113767.0,9860
B20273184,NP01,43.0,7.9,25039.0,9860
B20273185,NP01,43.0,6.1,15709.0,9860
B20273186,NP01,43.0,7.0,31622.0,9860
B20273187,NP01,43.0,11.0,109400.0,9860
B20273188,NP01,43.0,5.3,20108.0,9860
B20273189,NP01,43.0,10.06,17031.0,9860
B20273190,NP01,43.0,6.4,20382.0,9860
B20273191,NP01,43.0,7.0,95150.0,9860
B20273192,NP01,43.0,5.9,58022.0,9860
B20273193,NP01,43.0,7.0,22625.0,9860
B20273194,NP01,43.0,4.9,48229.0,9860
B20273195,NP01,43.0,4.9,11828.0,9860
B20273196,NP01,43.0,4.9,31765.0,9860
B20273197,NP01,43.0,7.0,31984.0,9860
B20273198,NP01,43.0,5.22,72767.0,9860
B20273199,NP01,43.0,4.9,42747.0,9860
B20273200,NP01,43.0,7.2,71502.0,9860
B20273201,NP01,43.0,4.901,22388.0,9860
B20273202,NP01,43.0,4.9,123703.0,9860
B20273203,NP01,43.0,10.06,41070.0,9860
B20273204,NP01,43.0,6.2,12581.0,9860
B20273205,NP01,43.0,5.9,71460.0,9860
B20273206,NP01,43.0,4.9,35123.0,9860
B20273207,NP01,43.0,7.0,11355.0,9860
B20273208,NP01,43.0,4.7,58145.0,9860
B20273209,NP01,43.0,4.9,17436.0,9860
B20273210,NP01,43.0,4.9,18701.0,9860
B20273211,NP01,43.0,5.9,114477.0,9860
B20273212,NP01,43.0,6.4,43811.0,9860
B20273213,NP01,43.0,4.45,23421.0,9860
B20273214,NP01,43.0,5.9,68028.0,9860
B20273215,NP01,43.0,5.0,12190.0,9860
B20273216,NP01,43.0,7.2,34367.0,9860
B20273217,NP01,43.0,4.9,14734.0,9860
B20273218,NP01,43.0,5.4,35241.0,9860
B20273219,NP01,43.0,5.9,34639.0,9860
B20273220,NP01,43.0,6.1,35843.0,9860
B20273221,NP01,43.0,4.9,26161.0,9860
B20273222,NP01,43.0,4.901,32223.999999999996,9860
B20273223,NP01,43.0,4.901,96509.0,9860
B20273224,NP01,43.0,6.0,120580.0,9860
B20273225,NP01,43.0,4.9,115374.0,9860
B20273226,NP01,43.0,4.9,72898.0,9860
B20273227,NP01,43.0,4.9,51895.0,9860
B20273228,NP01,43.0,4.9,44260.0,9860
B20273229,NP01,43.0,5.6,22626.0,9860
B20273230,NP01,43.0,4.9,69224.0,9860
B20273231,NP01,43.0,4.9,87309.0,9860
B20273232,NP01,43.0,6.9,5041.0,9860
B20273233,NP01,43.0,4.9,30264.0,9860
B20273234,NP01,43.0,5.2,30728.0,9860
B20273235,NP01,43.0,4.5,30001.0,9860
B20273236,NP01,43.0,4.9,18238.0,9860
B20273237,NP01,43.0,6.4,74941.0,9860
B20273238,NP01,43.0,5.0,18536.0,9860
B20273239,NP01,43.0,4.9,69139.0,9860
B20273240,NP01,43.0,5.0,18062.0,9860
B20273241,NP01,43.0,5.08,20731.0,9860
B20273242,NP01,43.0,4.9,34991.0,9860
B20273243,NP01,43.0,4.9,122649.0,9860
B20273244,NP01,43.0,5.9,37467.0,9860
B20273245,NP01,43.0,7.2,28546.0,9860
B20273246,NP01,43.0,5.97,34867.0,9860
B20273247,NP01,43.0,6.1,12066.0,9860
B20273248,NP01,43.0,4.9,36782.0,9860
B20273249,NP01,43.0,8.15,49294.0,9860
B20273250,NP01,43.0,4.9,49732.0,9860
B20273251,NP01,43.0,4.9,24600.0,9860
B20273252,NP01,43.0,10.9,94805.0,9860
B20273253,NP01,43.0,8.78,31158.0,9860
B20273254,NP01,43.0,4.9,48737.0,9860
B20273255,NP01,43.0,4.9,46926.0,9860
B20273256,NP01,43.0,4.9,22219.0,9860
B20273257,NP01,43.0,6.1,23565.0,9860
B20273258,NP01,43.0,5.9,28324.0,9860
B20273259,NP01,43.0,6.55,40066.0,9860
B20273260,NP01,43.0,4.9,26134.0,9860
B20273261,NP01,43.0,6.1,25278.0,9860
B20273262,NP01,43.0,4.9,34110.0,9860
B20273263,NP01,43.0,6.4,25405.0,9860
B20273264,NP01,43.0,4.6,14367.0,9860
B20273265,NP01,43.0,6.1,18111.0,9860
B20273266,NP01,43.0,11.4,118024.0,9860
B20273267,NP01,43.0,4.9,11649.0,9860
B20273268,NP01,43.0,5.3,29209.0,9860
B20273269,NP01,43.0,6.4,30484.0,9860
B20273270,NP01,43.0,9.0,31766.0,9860
B20273271,NP01,43.0,4.901,96909.0,9860
B20273272,NP01,43.0,6.4,67005.0,9860
B20273273,NP01,43.0,6.4,6420.0,9860
B20273274,NP01,43.0,8.1,24888.0,9860
B20273275,NP01,43.0,4.525,30847.0,9860
B20273276,NP01,43.0,4.9,48054.0,9860
B20273277,NP01,43.0,7.0,8394.0,9860
B20273278,NP01,43.0,6.4,12682.0,9860
B20273279,NP01,43.0,4.9,23250.0,9860
B20273280,NP01,43.0,5.9,14190.0,9860
B20273281,NP01,43.0,7.0,102227.0,9860
B20273282,NP01,43.0,8.4,139247.0,9860
B20273283,NP01,43.0,4.9,35827.0,9860
B20273284,NP01,43.0,5.9,11771.0,9860
B20273285,NP01,43.0,4.9,75576.0,9860
B20273286,NP01,43.0,7.75,53810.0,9860
B20273287,NP01,43.0,5.9,12927.0,9860
B20273288,NP01,43.0,7.0,5822.0,9860
B20273289,NP01,43.0,4.9,40813.0,9860
B20273290,NP01,43.0,10.68,19361.0,9860
B20273291,NP01,43.0,5.7,28151.0,9860
B20273292,NP01,43.0,6.4,30878.0,9860
B20273293,NP01,43.0,4.9,23846.0,9860
B20273294,NP01,43.0,4.901,32545.0,9860
B20273295,NP01,43.0,5.7,74119.0,9860
B20273296,NP01,43.0,5.33,35596.0,9860
B20273297,NP01,43.0,4.9,75709.0,9860
B20273298,NP01,43.0,7.75,30826.0,9860
B20273299,NP01,43.0,4.9,136534.0,9860
B20273300,NP01,43.0,4.9,14910.0,9860
B20273301,NP01,43.0,6.1,46112.0,9860
B20273302,NP01,43.0,4.9,58875.0,9860
B20273303,NP01,43.0,6.1,18642.0,9860
B20273304,NP01,43.0,4.9,3863.0,9860
B20273305,NP01,43.0,5.4,40542.0,9860
B20273306,NP01,43.0,7.0,118675.0,9860
B20273307,NP01,43.0,5.9,47573.0,9860
B20273308,NP01,43.0,4.95,78754.0,9860
B20273309,NP01,43.0,3.9,17076.0,9860
B20273310,NP01,43.0,4.901,114180.0,9860
B20273311,NP01,43.0,5.84,12574.0,9860
B20273312,NP01,43.0,6.4,74905.0,9860
B20273313,NP01,43.0,4.9,109018.0,9860
B20273314,NP01,43.0,5.06,65022.00000000001,9860
B20273315,NP01,43.0,4.901,111946.0,9860
B20273316,NP01,43.0,6.55,86498.0,9860
B20273317,NP01,43.0,5.9,34987.0,9860
B20273318,NP01,43.0,4.9,111679.0,9860
B20273319,NP01,43.0,4.78,15481.0,9860
B20273320,NP01,43.0,6.7,25226.0,9860
B20273321,NP01,43.0,4.9,20129.0,9860
B20273322,NP01,43.0,4.9,53035.0,9860
B20273323,NP01,43.0,4.9,117401.0,9860
B20273324,NP01,43.0,5.27,30098.0,9860
B20273325,NP01,43.0,6.4,17875.0,9860
B20273326,NP01,43.0,5.0,62112.0,9860
B20273327,NP01,43.0,4.9,35409.0,9860
B20273328,NP01,43.0,5.4,51121.0,9860
B20273329,NP01,43.0,4.9,90750.0,9860
B20273330,NP01,43.0,5.4,41915.0,9860
B20273331,NP01,43.0,6.6,19012.0,9860
B20273332,NP01,43.0,4.901,46382.0,9860
B20273333,NP01,43.0,8.97,23319.0,9860
B20273334,NP01,43.0,4.6,38040.0,9860
B20273335,NP01,43.0,7.75,39491.0,9860
B20273336,NP01,43.0,6.4,46403.0,9860
B20273337,NP01,43.0,4.9,15369.0,9860
B20273338,NP01,43.0,6.1,34729.0,9860
B20273339,NP01,43.0,5.018,66503.0,9860
B20273340,NP01,43.0,4.9,28629.0,9860
B20273341,NP01,43.0,4.9,52903.0,9860
B20273342,NP01,43.0,4.9,51250.0,9860
B20273343,NP01,43.0,4.9,61688.0,9860
B20273344,NP01,43.0,6.1,62072.0,9860
B20273345,NP01,43.0,7.0,12483.0,9860
B20273346,NP01,43.0,5.9,39754.0,9860
B20273347,NP01,43.0,5.9,115568.0,9860
B20273348,NP01,43.0,4.9,29542.0,9860
B20273349,NP01,43.0,6.4,58664.0,9860
B20273350,NP01,43.0,5.0,21168.0,9860
B20273351,NP01,43.0,4.45,21278.0,9860
B20273352,NP01,43.0,5.2,44059.0,9860
B20273353,NP01,43.0,6.4,25938.0,9860
B20273354,NP01,43.0,6.36,27889.0,9860
B20273355,NP01,43.0,4.6,32805.0,9860
B20273356,NP01,43.0,4.9,14665.0,9860
B20273357,NP01,43.0,5.9,82718.0,9860
B20273358,NP01,43.0,4.9,48358.0,9860
B20273359,NP01,43.0,4.9,38374.0,9860
B20273360,NP01,43.0,7.9,78267.0,9860
B20273361,NP01,43.0,5.9,50005.0,9860
B20273362,NP01,43.0,6.1,40876.0,9860
B20273363,NP01,43.0,5.1,132054.0,9860
B20273364,NP01,43.0,4.9,50116.0,9860
B20273365,NP01,43.0,4.9,37540.0,9860
B20273366,NP01,43.0,6.4,81733.0,9860
B20273367,NP01,43.0,4.78,11063.0,9860
B20273368,NP01,43.0,4.5,102772.0,9860
B20273369,NP01,43.0,6.9,5053.0,9860
B20273370,NP01,43.0,4.9,53354.0,9860
B20273371,NP01,43.0,6.55,24152.0,9860
B20273372,NP01,43.0,6.4,19321.0,9860
B20273373,NP01,43.0,4.9,117879.0,9860
B20273374,NP01,43.0,4.9,35435.0,9860
B20273375,NP01,43.0,4.9,28721.0,9860
B20273376,NP01,43.0,6.1,109163.0,9860
B20273377,NP01,43.0,5.4,35875.0,9860
B20273378,NP01,43.0,5.08,76948.0,9860
B20273379,NP01,43.0,5.4,76945.0,9860
B20273380,NP01,43.0,4.9,42018.0,9860
B20273381,NP01,43.0,6.4,31696.0,9860
B20273382,NP01,43.0,4.9,48606.0,9860
B20273383,NP01,43.0,6.4,31181.0,9860
B20273384,NP01,43.0,4.9,42679.0,9860
B20273385,NP01,43.0,7.0,36675.0,9860
B20273386,NP01,43.0,6.1,17594.0,9860
B20273387,NP01,43.0,4.9,54804.0,9860
B20273388,NP01,43.0,4.9,42809.0,9860
B20273389,NP01,43.0,5.9,23365.0,9860
B20273390,NP01,43.0,9.34,33374.0,9860
B20273391,NP01,43.0,4.9,129473.00000000001,9860
B20273392,NP01,43.0,6.4,35418.0,9860
B20273393,NP01,43.0,5.9,28663.0,9860
B20273394,NP01,43.0,4.7,37746.0,9860
B20273395,NP01,43.0,4.9,13034.0,9860
B20273396,NP01,43.0,7.75,105405.0,9860
B20273397,NP01,43.0,8.97,31639.0,9860
B20273398,NP01,43.0,7.0,17788.0,9860
B20273399,NP01,43.0,6.1,92855.0,9860
B20273400,NP01,43.0,8.1,65847.0,9860
B20273401,NP01,43.0,7.75,23715.0,9860
B20273402,NP01,43.0,6.4,37351.0,9860
B20273403,NP01,43.0,10.9,57004.0,9860
B20273404,NP01,43.0,4.5,121896.0,9860
B20273405,NP01,43.0,6.1,35623.0,9860
B20273406,NP01,43.0,4.9,24460.0,9860
B20273407,NP01,43.0,3.8,48648.0,9860
B20273408,NP01,43.0,4.9,25922.0,9860
B20273409,NP01,43.0,4.9,26052.0,9860
B20273410,NP01,43.0,7.0,111535.0,9860
B20273411,NP01,43.0,3.9,17217.0,9860
B20273412,NP01,43.0,6.1,43071.0,9860
B20273413,NP01,43.0,3.9,19118.0,9860
B20273414,NP01,43.0,5.018,129762.0,9860
B20273415,NP01,43.0,5.9,25292.0,9860
B20273416,NP01,43.0,4.9,43240.0,9860
B20273417,NP01,43.0,4.9,44651.0,9860
B20273418,NP01,43.0,4.9,37661.0,9860
B20273419,NP01,43.0,7.9,6644.0,9860
B20273420,NP01,43.0,4.45,22228.0,9860
B20273421,NP01,43.0,4.9,101991.0,9860
B20273422,NP01,43.0,5.9,34563.0,9860
B20273423,NP01,43.0,4.901,97323.0,9860
B20273424,NP01,43.0,6.4,53272.0,9860
B20273425,NP01,43.0,8.97,35223.0,9860
B20273426,NP01,43.0,4.5,23850.0,9860
B20273427,NP01,43.0,4.9,103027.0,9860
B20273428,NP01,43.0,4.55,18153.0,9860
B20273429,NP01,43.0,4.9,32982.0,9860
B20273430,NP01,43.0,6.4,87944.0,9860
B20273431,NP01,43.0,6.0,85049.0,9860
B20273432,NP01,43.0,8.9,99160.0,9860
B20273433,NP01,43.0,10.9,16631.0,9860
B20273434,NP01,43.0,4.9,49515.0,9860
B20273435,NP01,43.0,4.9,15405.0,9860
B20273436,NP01,43.0,6.4,26652.0,9860
B20273437,NP01,43.0,4.45,6048.0,9860
B20273438,NP01,43.0,4.9,69725.0,9860
B20273439,NP01,43.0,6.54,47261.0,9860
B20273440,NP01,43.0,4.9,109185.0,9860
B20273441,NP01,43.0,7.0,99994.0,9860
B20273442,NP01,43.0,5.0,133719.0,9860
B20273443,NP01,43.0,5.2,45738.0,9860
B20273444,NP01,43.0,5.9,12439.0,9860
B20273445,NP01,43.0,5.84,68066.0,9860
B20273446,NP01,43.0,5.9,46300.0,9860
B20273447,NP01,43.0,4.901,97820.0,9860
B20273448,NP01,43.0,11.0,30303.0,9860
B20273449,NP01,43.0,4.9,37256.0,9860
B20273450,NP01,43.0,6.4,11582.0,9860
B20273451,NP01,43.0,4.78,14546.0,9860
B20273452,NP01,43.0,4.9,5562.0,9860
B20273453,NP01,43.0,4.9,101175.0,9860
B20273454,NP01,43.0,5.9,38199.0,9860
B20273455,NP01,43.0,7.0,33758.0,9860
B20273456,NP01,43.0,4.901,30877.0,9860
B20273457,NP01,43.0,6.35,15530.0,9860
B20273458,NP01,43.0,4.901,90168.0,9860
B20273459,NP01,43.0,4.9,24022.0,9860
B20273460,NP01,43.0,4.9,18736.0,9860
B20273461,NP01,43.0,6.4,18977.0,9860
B20273462,NP01,43.0,7.0,37268.0,9860
B20273463,NP01,43.0,8.97,76244.0,9860
B20273464,NP01,43.0,4.75,11842.0,9860
B20273465,NP01,43.0,6.9,44200.0,9860
B20273466,NP01,43.0,4.9,53534.0,9860
B20273467,NP01,43.0,5.9,50765.0,9860
B20273468,NP01,43.0,4.9,63315.0,9860
B20273469,NP01,43.0,4.9,22559.0,9860
B20273470,NP01,43.0,4.94,23881.0,9860
B20273471,NP01,43.0,4.901,38073.0,9860
B20273472,NP01,43.0,6.4,40163.0,9860
B20273473,NP01,43.0,11.0,41334.0,9860
B20273474,NP01,43.0,5.97,111513.0,9860
B20273475,NP01,43.0,4.78,73838.0,9860
B20273476,NP01,43.0,4.9,15436.0,9860
B20273477,NP01,43.0,4.9,34542.0,9860
B20273478,NP01,43.0,6.4,47358.0,9860
B20273479,NP01,43.0,7.0,121013.0,9860
B20273480,NP01,43.0,4.9,25127.0,9860
B20273481,NP01,43.0,5.33,12939.0,9860
B20273482,NP01,43.0,4.901,42556.0,9860
B20273483,NP01,43.0,6.4,25202.0,9860
B20273484,NP01,43.0,4.7,45815.0,9860
B20273485,NP01,43.0,11.0,51698.0,9860
B20273486,NP01,43.0,3.8,22575.0,9860
B20273487,NP01,43.0,8.97,38734.0,9860
B20273488,NP01,43.0,6.4,19002.0,9860
B20273489,NP01,43.0,6.1,30544.0,9860
B20273490,NP01,43.0,4.75,107500.0,9860
B20273491,NP01,43.0,6.1,46835.0,9860
B20273492,NP01,43.0,4.9,24759.0,9860
B20273493,NP01,43.0,5.9,4881.0,9860
B20273494,NP01,43.0,10.9,17879.0,9860
B20273495,NP01,43.0,5.9,18354.0,9860
B20273496,NP01,43.0,6.0,36956.0,9860
B20273497,NP01,43.0,6.4,23423.0,9860
B20273498,NP01,43.0,11.4,30991.0,9860
B20273499,NP01,43.0,6.4,28275.0,9860
B20273500,NP01,43.0,5.2,115273.0,9860
B20273501,NP01,43.0,4.9,47910.0,9860
B20273502,NP01,43.0,4.901,24821.0,9860
B20273503,NP01,43.0,5.4,30441.0,9860
B20273504,NP01,43.0,4.55,39639.0,9860
B20273505,NP01,43.0,4.9,91937.0,9860
B20273506,NP01,43.0,4.9,8626.0,9860
B20273507,NP01,43.0,4.9,18816.0,9860
B20273508,NP01,43.0,7.0,14760.0,9860
B20273509,NP01,43.0,5.55,19740.0,9860
B20273510,NP01,43.0,6.1,53985.0,9860
B20273511,NP01,43.0,6.4,31339.0,9860
B20273512,NP01,43.0,5.9,23946.0,9860
B20273513,NP01,43.0,4.9,15712.0,9860
B20273514,NP01,43.0,7.0,6224.0,9860
B20273515,NP01,43.0,6.1,12359.0,9860
B20273516,NP01,43.0,5.9,23985.0,9860
B20273517,NP01,43.0,4.9,17136.0,9860
B20273518,NP01,43.0,4.9,149396.0,9860
B20273519,NP01,43.0,4.9,23955.0,9860
B20273520,NP01,43.0,4.901,12006.0,9860
B20273521,NP01,43.0,4.9,17094.0,9860
B20273522,NP01,43.0,6.1,18337.0,9860
B20273523,NP01,43.0,7.96,12506.0,9860
B20273524,NP01,43.0,4.9,68586.0,9860
B20273525,NP01,43.0,4.9,6956.0,9860
B20273526,NP01,43.0,7.0,48172.0,9860
B20273527,NP01,43.0,4.9,96052.0,9860
B20273528,NP01,43.0,4.9,56250.0,9860
B20273529,NP01,43.0,6.1,31645.0,9860
B20273530,NP01,43.0,6.25,29790.0,9860
B20273531,NP01,43.0,7.0,11906.0,9860
B20273532,NP01,43.0,6.07,29863.0,9860
B20273533,NP01,43.0,4.55,73103.0,9860
B20273534,C60,26.5,6.4,32895.0,9860
B20273535,C60,26.5,9.0,56569.0,9860
B20273536,C60,26.5,4.9,84612.0,9860
B20273537,C60,26.5,4.9,103581.0,9860
B20273538,C60,26.5,6.78,47818.0,9860
B20273539,C60,26.5,5.53,41291.0,9860
B20273540,C60,26.5,4.9,26362.0,9860
B20273541,C60,26.5,6.1,32523.000000000004,9860
B20273542,C60,26.5,4.8,37407.0,9860
B20273543,C60,26.5,4.5,54068.0,9860
B20273544,C60,26.5,4.7,66475.0,9860
B20273545,C60,26.5,4.9,44974.0,9860
B20273546,C60,26.5,4.75,56030.0,9860
B20273547,C60,26.5,6.68,34567.0,9860
B20273548,C60,26.5,6.4,35776.0,9860
B20273549,C60,26.5,6.1,60583.0,9860
B20273550,C60,26.5,4.9,64065.0,9860
B20273551,C60,26.5,6.1,44513.0,9860
B20273552,C60,26.5,7.65,55656.0,9860
B20273553,C60,26.5,4.42,98522.0,9860
B20273554,C60,26.5,7.0,23561.0,9860
B20273555,C60,26.5,5.9,151123.0,9860
B20273556,C60,26.5,5.08,39511.0,9860
B20273557,C60,26.5,4.9,53973.0,9860
B20273558,C60,26.5,4.9,36501.0,9860
B20273559,C60,26.5,6.0,28237.0,9860
B20273560,C60,26.5,10.0,105612.0,9860
B20273561,C60,26.5,7.0,33988.0,9860
B20273562,C60,26.5,4.9,52775.0,9860
B20273563,C60,26.5,4.9,35730.0,9860
B20273564,C60,26.5,4.9,143255.0,9860
B20273565,C60,26.5,5.8,99627.0,9860
B20273566,C60,26.5,4.9,46953.0,9860
B20273567,C60,26.5,5.6,32479.0,9860
B20273568,C60,26.5,4.5,108942.0,9860
B20273569,C60,26.5,4.9,133215.0,9860
B20273570,C60,26.5,5.0,42144.0,9860
B20273571,C60,26.5,4.9,35476.0,9860
B20273572,C60,26.5,4.9,75192.0,9860
B20273573,C60,26.5,6.4,52997.0,9860
B20273574,C60,26.5,5.9,31904.0,9860
B20273575,C60,26.5,4.9,31476.0,9860
B20273576,C60,26.5,4.96,45431.0,9860
B20273577,C60,26.5,6.4,86374.0,9860
B20273578,C60,26.5,4.4,156000.0,9860
B20273579,C60,26.5,6.0,115133.0,9860
B20273580,C60,26.5,9.34,71171.0,9860
B20273581,C60,26.5,5.9,79249.0,9860
B20273582,C60,26.5,4.9,39752.0,9860
B20273583,C60,26.5,6.4,48858.0,9860
B20273584,C60,26.5,4.9,138916.0,9860
B20273585,C60,26.5,6.9,34691.0,9860
B20273586,C60,26.5,5.36,42252.0,9860
B20273587,C60,26.5,6.1,46015.0,9860
B20273588,C60,26.5,7.75,150668.0,9860
B20273589,C60,26.5,7.75,34027.0,9860
B20273590,C60,26.5,4.9,98405.0,9860
B20273591,C60,26.5,4.9,71791.0,9860
B20273592,C60,26.5,6.4,82659.0,9860
B20273593,C60,26.5,8.9,48616.0,9860
B20273594,C60,26.5,7.14,114544.0,9860
B20273595,C60,26.5,5.9,32131.0,9860
B20273596,C60,26.5,4.901,77638.0,9860
B20273597,C60,26.5,4.9,78325.0,9860
B20273598,C60,26.5,4.9,37204.0,9860
B20273599,C60,26.5,4.9,69434.0,9860
B20273600,C60,26.5,10.06,49258.0,9860
B20273601,C60,26.5,4.9,45097.0,9860
B20273602,C60,26.5,4.9,45191.0,9860
B20273603,C60,26.5,4.9,73246.0,9860
B20273604,C60,26.5,4.901,63943.0,9860
B20273605,C60,26.5,8.28,52034.0,9860
B20273606,C60,26.5,4.9,126927.0,9860
B20273607,C60,26.5,4.15,47204.0,9860
B20273608,C60,26.5,5.0,39811.0,9860
B20273609,C60,26.5,4.94,39882.0,9860
B20273610,C60,26.5,4.9,26480.0,9860
B20273611,C60,26.5,4.9,76328.0,9860
B20273612,C60,26.5,6.4,54164.0,9860
B20273613,C60,26.5,6.1,138771.0,9860
B20273614,C60,26.5,4.9,113528.0,9860
B20273615,C60,26.5,4.8,66585.0,9860
B20273616,C60,26.5,5.06,38863.0,9860
B20273617,C60,26.5,6.0,129592.99999999999,9860
B20273618,C60,26.5,5.9,39488.0,9860
B20273619,C60,26.5,6.1,52264.0,9860
B20273620,C60,26.5,5.9,101474.0,9860
B20273621,C60,26.5,6.55,35915.0,9860
B20273622,C60,26.5,4.9,105767.0,9860
B20273623,C60,26.5,5.6,47990.0,9860
B20273624,C60,26.5,6.1,36492.0,9860
B20273625,C60,26.5,4.9,29990.0,9860
B20273626,C60,26.5,6.1,45685.0,9860
B20273627,C60,26.5,4.94,32317.999999999996,9860
B20273628,C60,26.5,5.9,33762.0,9860
B20273629,C60,26.5,4.9,82375.0,9860
B20273630,C60,26.5,7.9,94280.0,9860
B20273631,C60,26.5,4.9,30442.0,9860
B20273632,C60,26.5,4.42,38872.0,9860
B20273633,C60,26.5,7.9,40262.0,9860
B20273634,C60,26.5,5.06,51716.0,9860
B20273635,C60,26.5,5.08,72382.0,9860
B20273636,C60,26.5,4.9,45101.0,9860
B20273637,C60,26.5,6.1,97331.0,9860
B20273638,C60,26.5,10.62,35072.0,9860
B20273639,C60,26.5,4.9,54225.0,9860
B20273640,C60,26.5,4.9,71436.0,9860
B20273641,C60,26.5,5.4,54077.0,9860
B20273642,C60,26.5,5.53,33285.0,9860
B20273643,C60,26.5,8.1,42525.0,9860
B20273644,C60,26.5,4.9,40123.0,9860
B20273645,C60,26.5,4.9,32548.0,9860
B20273646,C60,26.5,9.34,29949.0,9860
B20273647,C60,26.5,4.9,47463.0,9860
B20273648,C60,26.5,4.9,33732.0,9860
B20273649,C60,26.5,6.4,54746.0,9860
B20273650,C60,26.5,9.0,127849.0,9860
B20273651,C60,26.5,4.9,39351.0,9860
B20273652,C60,26.5,5.08,32182.000000000004,9860
B20273653,C60,26.5,5.33,46767.0,9860
B20273654,C60,26.5,10.06,48743.0,9860
B20273655,C60,26.5,4.9,35972.0,9860
B20273656,C60,26.5,4.9,94319.0,9860
B20273657,C60,26.5,4.9,61026.0,9860
B20273658,C60,26.5,7.0,114888.0,9860
B20273659,C60,26.5,6.6,57546.0,9860
B20273660,C60,26.5,11.12,38276.0,9860
B20273661,C60,26.5,6.1,133707.0,9860
B20273662,C60,26.5,6.85,32561.999999999996,9860
B20273663,C60,26.5,4.9,46446.0,9860
B20273664,C60,26.5,4.9,33140.0,9860
B20273665,C60,26.5,5.9,94200.0,9860
B20273666,C60,26.5,4.9,40005.0,9860
B20273667,C60,26.5,5.2,33700.0,9860
B20273668,C60,26.5,4.5,125849.0,9860
B20273669,C60,26.5,8.05,57945.0,9860
B20273670,C60,26.5,8.05,56113.0,9860
B20273671,C60,26.5,6.0,56913.0,9860
B20273672,C60,26.5,4.8,26177.0,9860
B20273673,C60,26.5,5.53,48170.0,9860
B20273674,C60,26.5,4.9,64424.00000000001,9860
B20273675,C60,26.5,5.0,46176.0,9860
B20273676,C60,26.5,6.3,68420.0,9860
B20273677,C60,26.5,4.9,48115.0,9860
B20273678,C60,26.5,7.75,116469.0,9860
B20273679,C60,26.5,7.0,24905.0,9860
B20273680,C60,26.5,4.9,124917.0,9860
B20273681,C60,26.5,5.9,51139.0,9860
B20273682,C60,26.5,4.9,144105.0,9860
B20273683,C60,26.5,9.0,59446.0,9860
B20273684,C60,26.5,6.1,140139.0,9860
B20273685,C60,26.5,11.0,39511.0,9860
B20273686,C60,26.5,4.9,62558.0,9860
B20273687,C60,26.5,4.9,60779.0,9860
B20273688,C60,26.5,6.1,76337.0,9860
B20273689,C60,26.5,4.9,93893.0,9860
B20273690,C60,26.5,7.65,48590.0,9860
B20273691,C60,26.5,6.4,86206.0,9860
B20273692,C60,26.5,5.9,32756.999999999996,9860
B20273693,C60,26.5,9.54,41017.0,9860
B20273694,C60,26.5,4.9,41703.0,9860
B20273695,C60,26.5,7.75,156000.0,9860
B20273696,C60,26.5,6.25,71944.0,9860
B20273697,C60,26.5,4.9,33175.0,9860
B20273698,C60,26.5,6.1,34798.0,9860
B20273699,C60,26.5,4.9,68869.0,9860
B20273700,C60,26.5,5.9,33632.0,9860
B20273701,C60,26.5,4.901,86350.0,9860
B20273702,C60,26.5,4.9,30285.0,9860
B20273703,C60,26.5,6.1,26365.0,9860
B20273704,C60,26.5,6.4,81962.0,9860
B20273705,C60,26.5,6.3,53023.0,9860
B20273706,C60,26.5,4.9,36322.0,9860
B20273707,C60,26.5,4.9,36926.0,9860
B20273708,C60,26.5,7.4,37608.0,9860
B20273709,C60,26.5,4.9,156000.0,9860
B20273710,C60,26.5,4.9,28627.0,9860
B20273711,C60,26.5,4.95,45366.0,9860
B20273712,C60,26.5,5.15,133293.0,9860
B20273713,C60,26.5,5.0,43876.0,9860
B20273714,C60,26.5,11.05,32028.0,9860
B20273715,C60,26.5,4.9,64308.00000000001,9860
B20273716,C60,26.5,7.0,34286.0,9860
B20273717,C60,26.5,4.9,38551.0,9860
B20273718,C60,26.5,5.9,135564.0,9860
B20273719,C60,26.5,5.3,146080.0,9860
B20273720,C60,26.5,4.9,82444.0,9860
B20273721,C60,26.5,4.42,97592.0,9860
B20273722,C60,26.5,6.4,101682.0,9860
B20273723,C60,26.5,4.95,105898.0,9860
B20273724,C60,26.5,4.9,26805.0,9860
B20273725,C60,26.5,10.95,47519.0,9860
B20273726,C60,26.5,6.1,103826.0,9860
B20273727,C60,26.5,7.0,30312.0,9860
B20273728,C60,26.5,5.9,73545.0,9860
B20273729,C60,26.5,5.9,34614.0,9860
B20273730,C60,26.5,4.93,98212.0,9860
B20273731,C60,26.5,5.018,46591.0,9860
B20273732,C60,26.5,4.9,50852.0,9860
B20273733,C60,26.5,4.9,29443.0,9860
B20273734,C60,26.5,4.9,44208.0,9860
B20273735,C60,26.5,8.28,38131.0,9860
B20273736,C60,26.5,7.75,109999.0,9860
B20273737,C60,26.5,7.75,54523.0,9860
B20273738,C60,26.5,5.9,51664.0,9860
B20273739,C60,26.5,10.95,56550.0,9860
B20273740,C60,26.5,4.9,37850.0,9860
B20273741,C60,26.5,8.1,33947.0,9860
B20273742,C60,26.5,6.4,38927.0,9860
B20273743,C60,26.5,4.9,73843.0,9860
B20273744,C60,26.5,4.9,121352.0,9860
B20273745,C60,26.5,5.9,89323.0,9860
B20273746,C60,26.5,6.65,37909.0,9860
B20273747,C60,26.5,7.86,46814.0,9860
B20273748,C60,26.5,4.9,153011.0,9860
B20273749,C60,26.5,6.4,36789.0,9860
B20273750,C60,26.5,6.1,36358.0,9860
B20273751,C60,26.5,11.4,48881.0,9860
B20273752,C60,26.5,5.15,152663.0,9860
B20273753,C60,26.5,4.9,51490.0,9860
B20273754,C60,26.5,4.9,136523.0,9860
B20273755,C60,26.5,7.65,30704.0,9860
B20273756,C60,26.5,4.9,143595.0,9860
B20273757,C60,26.5,6.0,41073.0,9860
B20273758,C60,26.5,4.9,46362.0,9860
B20273759,C60,26.5,4.9,74554.0,9860
B20273760,C60,26.5,4.9,37046.0,9860
B20273761,C60,26.5,4.9,84002.0,9860
B20273762,C60,26.5,6.4,33652.0,9860
B20273763,C60,26.5,5.27,68197.0,9860
B20273764,C60,26.5,3.8,38385.0,9860
B20273765,C60,26.5,6.4,57114.0,9860
B20273766,C60,26.5,4.9,52333.0,9860
B20273767,C60,26.5,4.9,63125.0,9860
B20273768,C60,26.5,4.83,41795.0,9860
B20273769,C60,26.5,8.78,79580.0,9860
B20273770,C60,26.5,6.9,82438.0,9860
B20273771,C60,26.5,4.9,93747.0,9860
B20273772,C60,26.5,4.9,82418.0,9860
B20273773,C60,26.5,6.0,45485.0,9860
B20273774,C60,26.5,4.5,52423.0,9860
B20273775,C60,26.5,9.34,64553.0,9860
B20273776,C60,26.5,6.65,137452.0,9860
B20273777,C60,26.5,4.675,60128.0,9860
B20273778,C60,26.5,4.9,72102.0,9860
B20273779,C60,26.5,8.1,98173.0,9860
B20273780,C60,26.5,6.0,25961.0,9860
B20273781,C60,26.5,9.34,34597.0,9860
B20273782,C60,26.5,4.97,47556.0,9860
B20273783,C60,26.5,4.8,40789.0,9860
B20273784,C60,26.5,6.7,51230.0,9860
B20273785,C60,26.5,4.9,45360.0,9860
B20273786,C60,26.5,7.0,89745.0,9860
B20273787,C60,26.5,6.4,46185.0,9860
B20273788,C60,26.5,6.1,50222.0,9860
B20273789,C60,26.5,4.7,56120.0,9860
B20273790,C60,26.5,4.9,33156.0,9860
B20273791,C60,26.5,4.9,37441.0,9860
B20273792,C60,26.5,4.9,37590.0,9860
B20273793,C60,26.5,4.9,34812.0,9860
B20273794,C60,26.5,7.75,65441.99999999999,9860
B20273795,C60,26.5,4.9,41366.0,9860
B20273796,C60,26.5,4.9,47225.0,9860
B20273797,C60,26.5,7.86,45626.0,9860
B20273798,C60,26.5,5.9,31924.0,9860
B20273799,C60,26.5,7.9,32858.0,9860
B20273800,C60,26.5,5.15,122522.0,9860
B20273801,C60,26.5,7.86,55648.0,9860
B20273802,C60,26.5,4.78,31330.0,9860
B20273803,C60,26.5,4.8,55854.0,9860
B20273804,C60,26.5,4.9,40990.0,9860
B20273805,C60,26.5,4.9,74317.0,9860
B20273806,C60,26.5,4.9,52240.0,9860
B20273807,C60,26.5,4.9,67970.0,9860
B20273808,C60,26.5,6.4,38771.0,9860
B20273809,C60,26.5,4.9,74190.0,9860
B20273810,C60,26.5,4.9,63138.0,9860
B20273811,C60,26.5,4.9,62546.0,9860
B20273812,C60,26.5,6.4,28720.0,9860
B20273813,C60,26.5,7.0,73237.0,9860
B20273814,C60,26.5,4.525,39454.0,9860
B20273815,C60,26.5,4.9,115664.0,9860
B20273816,C60,26.5,7.0,69475.0,9860
B20273817,C60,26.5,4.8,149775.0,9860
B20273818,C60,26.5,7.2,43898.0,9860
B20273819,C60,26.5,4.901,84341.0,9860
B20273820,C60,26.5,4.9,40415.0,9860
B20273821,C60,26.5,9.0,59019.0,9860
B20273822,C60,26.5,5.36,55432.0,9860
B20273823,C60,26.5,8.05,60335.0,9860
B20273824,C60,26.5,4.9,113414.0,9860
B20273825,C60,26.5,5.8,31152.0,9860
B20273826,C60,26.5,4.9,80271.0,9860
B20273827,C60,26.5,4.42,99710.0,9860
B20273828,C60,26.5,4.9,57427.0,9860
B20273829,C60,26.5,8.18,33427.0,9860
B20273830,C60,26.5,4.9,97800.0,9860
B20273831,C60,26.5,7.14,75870.0,9860
B20273832,C60,26.5,6.84,34435.0,9860
B20273833,C60,26.5,7.65,53030.0,9860
B20273834,C60,26.5,4.9,49587.0,9860
B20273835,C60,26.5,6.1,108504.0,9860
B20273836,C60,26.5,4.9,44508.0,9860
B20273837,C60,26.5,4.9,47176.0,9860
B20273838,C60,26.5,4.9,143479.0,9860
B20273839,C60,26.5,5.2,48101.0,9860
B20273840,C60,26.5,5.4,32986.0,9860
B20273841,C60,26.5,4.7,49089.0,9860
B20273842,C60,26.5,7.4,24657.0,9860
B20273843,C60,26.5,7.0,58789.0,9860
B20273844,C60,26.5,5.9,92933.0,9860
B20273845,C60,26.5,4.9,111048.0,9860
B20273846,C60,26.5,4.7,39030.0,9860
B20273847,C60,26.5,5.7,74718.0,9860
B20273848,C60,26.5,4.7,87883.0,9860
B20273849,C60,26.5,4.9,25745.0,9860
B20273850,C60,26.5,7.3,34715.0,9860
B20273851,C60,26.5,8.3,58488.0,9860
B20273852,C60,26.5,4.8,32454.0,9860
B20273853,C60,26.5,4.9,45597.0,9860
B20273854,C60,26.5,6.07,80229.0,9860
B20273855,C60,26.5,4.4,32606.0,9860
B20273856,C60,26.5,6.4,156000.0,9860
B20273857,C60,26.5,6.0,34742.0,9860
B20273858,C60,26.5,4.9,36826.0,9860
B20273859,C60,26.5,8.1,42103.0,9860
B20273860,C60,26.5,4.9,45744.0,9860
B20273861,C60,26.5,5.6,57144.0,9860
B20273862,C60,26.5,4.97,28017.0,9860
B20273863,C60,26.5,4.9,61088.0,9860
B20273864,C60,26.5,4.9,43549.0,9860
B20273865,C60,26.5,4.9,133324.0,9860
B20273866,C60,26.5,7.0,89538.0,9860
B20273867,C60,26.5,4.9,91648.0,9860
B20273868,C60,26.5,4.9,111816.0,9860
B20273869,C60,26.5,9.34,136334.0,9860
B20273870,C60,26.5,4.9,33550.0,9860
B20273871,C60,26.5,4.9,71575.0,9860
B20273872,C60,26.5,5.9,65782.0,9860
B20273873,C60,26.5,7.4,114164.0,9860
B20273874,C60,26.5,6.4,64177.00000000001,9860
B20273875,C60,26.5,6.4,64461.0,9860
B20273876,C60,26.5,5.4,34057.0,9860
B20273877,C60,26.5,4.9,156000.0,9860
B20273878,C60,26.5,8.05,96742.0,9860
B20273879,C60,26.5,5.08,37210.0,9860
B20273880,C60,26.5,8.3,46057.0,9860
B20273881,C60,26.5,4.9,54924.0,9860
B20273882,C60,26.5,4.9,59009.0,9860
B20273883,C60,26.5,4.9,95003.0,9860
B20273884,C60,26.5,4.9,26775.0,9860
B20273885,C60,26.5,4.9,27664.0,9860
B20273886,C60,26.5,6.0,52414.0,9860
B20273887,C60,26.5,6.1,123783.0,9860
B20273888,C60,26.5,4.9,46905.0,9860
B20273889,C60,26.5,5.9,38771.0,9860
B20273890,C60,26.5,4.9,73481.0,9860
B20273891,C60,26.5,4.9,43951.0,9860
B20273892,C60,26.5,6.14,110930.0,9860
B20273893,C60,26.5,7.0,95227.0,9860
B20273894,C60,26.5,8.78,41365.0,9860
B20273895,C60,26.5,4.5,57056.0,9860
B20273896,C60,26.5,7.75,116486.0,9860
B20273897,C60,26.5,5.9,64742.00000000001,9860
B20273898,C60,26.5,4.9,34310.0,9860
B20273899,C60,26.5,5.0,107727.0,9860
B20273900,C60,26.5,10.06,136462.0,9860
B20273901,C60,26.5,7.0,60124.0,9860
B20273902,C60,26.5,5.9,38738.0,9860
B20273903,C60,26.5,4.9,45850.0,9860
B20273904,C60,26.5,4.9,54559.0,9860
B20273905,C60,26.5,6.4,99189.0,9860
B20273906,C60,26.5,4.9,32732.999999999996,9860
B20273907,C60,26.5,4.9,34572.0,9860
B20273908,C60,26.5,4.9,78815.0,9860
B20273909,C60,26.5,4.9,74782.0,9860
B20273910,C60,26.5,6.1,153017.0,9860
B20273911,C60,26.5,4.9,24451.0,9860
B20273912,C60,26.5,4.9,97022.0,9860
B20273913,C60,26.5,6.1,61053.0,9860
B20273914,C60,26.5,5.6,37745.0,9860
B20273915,C60,26.5,6.1,32526.000000000004,9860
B20273916,C60,26.5,4.8,38514.0,9860
B20273917,C60,26.5,6.78,49269.0,9860
B20273918,C60,26.5,4.9,28290.0,9860
B20273919,C60,26.5,7.9,97993.0,9860
B20273920,C60,26.5,5.3,33669.0,9860
B20273921,C60,26.5,10.0,81694.0,9860
B20273922,C60,26.5,5.55,90442.0,9860
B20273923,C60,26.5,4.9,36141.0,9860
B20273924,C60,26.5,5.9,32577.0,9860
B20273925,C60,26.5,7.65,28123.0,9860
B20273926,C60,26.5,4.9,99839.0,9860
B20273927,C60,26.5,7.0,32442.0,9860
B20273928,C60,26.5,4.9,41240.0,9860
B20273929,C60,26.5,6.4,37498.0,9860
B20273930,C60,26.5,6.4,39534.0,9860
B20273931,C60,26.5,4.79,52972.0,9860
B20273932,C60,26.5,4.675,105043.0,9860
B20273933,C60,26.5,7.75,99802.0,9860
B20273934,C60,26.5,7.9,34064.0,9860
B20273935,C60,26.5,6.65,126138.0,9860
B20273936,C60,26.5,4.9,55091.0,9860
B20273937,C60,26.5,6.4,62314.0,9860
B20273938,C60,26.5,5.9,33373.0,9860
B20273939,C60,26.5,4.9,59515.0,9860
B20273940,C60,26.5,8.97,56285.0,9860
B20273941,C60,26.5,6.4,47923.0,9860
B20273942,C60,26.5,4.9,56662.0,9860
B20273943,C60,26.5,4.9,36592.0,9860
B20273944,C60,26.5,4.9,33754.0,9860
B20273945,C60,26.5,4.9,43469.0,9860
B20273946,C60,26.5,5.27,72387.0,9860
B20273947,C60,26.5,6.1,135016.0,9860
B20273948,C60,26.5,4.9,52586.0,9860
B20273949,C60,26.5,4.9,85218.0,9860
B20273950,C60,26.5,6.9,129747.00000000001,9860
B20273951,C60,26.5,6.1,122360.0,9860
B20273952,C60,26.5,5.36,34280.0,9860
B20273953,C60,26.5,4.94,83890.0,9860
B20273954,C60,26.5,8.65,63110.0,9860
B20273955,C60,26.5,4.9,43952.0,9860
B20273956,C60,26.5,8.12,50704.0,9860
B20273957,C60,26.5,7.95,47184.0,9860
B20273958,C60,26.5,8.05,55743.0,9860
B20273959,C60,26.5,6.74,80869.0,9860
B20273960,C60,26.5,4.9,101450.0,9860
B20273961,C60,26.5,10.62,35056.0,9860
B20273962,C60,26.5,9.34,29278.0,9860
B20273963,C60,26.5,4.9,46812.0,9860
B20273964,C60,26.5,4.9,53332.0,9860
B20273965,C60,26.5,6.1,67529.0,9860
B20273966,C60,26.5,4.9,126671.0,9860
B20273967,C60,26.5,6.7,121817.0,9860
B20273968,C60,26.5,5.9,38809.0,9860
B20273969,C60,26.5,4.9,32682.000000000004,9860
B20273970,C60,26.5,4.9,52974.0,9860
B20273971,C60,26.5,4.9,40707.0,9860
B20273972,C60,26.5,4.8,85483.0,9860
B20273973,C60,26.5,7.96,45281.0,9860
B20273974,C60,26.5,10.0,33901.0,9860
B20273975,C60,26.5,7.95,48528.0,9860
B20273976,C60,26.5,4.9,27940.0,9860
B20273977,C60,26.5,4.9,46563.0,9860
B20273978,C60,26.5,6.4,54733.0,9860
B20273979,C60,26.5,4.9,32649.0,9860
B20273980,C60,26.5,4.9,28388.0,9860
B20273981,C60,26.5,4.9,59985.0,9860
B20273982,C60,26.5,6.9,43488.0,9860
B20273983,C60,26.5,5.3,39302.0,9860
B20273984,C60,26.5,4.901,42261.0,9860
B20273985,C60,26.5,4.9,94690.0,9860
B20273986,C60,26.5,6.1,32375.999999999996,9860
B20273987,C60,26.5,7.75,96104.0,9860
B20273988,C60,26.5,7.0,45192.0,9860
B20273989,C60,26.5,10.95,48445.0,9860
B20273990,C60,26.5,4.9,28059.0,9860
B20273991,C60,26.5,5.9,85623.0,9860
B20273992,C60,26.5,7.0,39531.0,9860
B20273993,C60,26.5,4.9,84803.0,9860
B20273994,C60,26.5,4.9,146620.0,9860
B20273995,C60,26.5,6.4,60038.0,9860
B20273996,C60,26.5,6.6,56745.0,9860
B20273997,C60,26.5,4.9,39716.0,9860
B20273998,C60,26.5,6.0,40003.0,9860
B20273999,C60,26.5,5.0,41158.0,9860
B20274000,C60,26.5,7.0,39264.0,9860
B20274001,C60,26.5,7.9,92838.0,9860
B20274002,C60,26.5,4.9,115435.0,9860
B20274003,C60,26.5,4.9,32177.0,9860
B20274004,C60,26.5,4.9,40624.0,9860
B20274005,C60,26.5,7.9,129537.0,9860
B20274006,C60,26.5,4.5,35189.0,9860
B20274007,C60,26.5,6.78,48934.0,9860
B20274008,C60,26.5,11.54,31248.0,9860
B20274009,C60,26.5,7.08,66627.0,9860
B20274010,C60,26.5,4.9,45532.0,9860
B20274011,C60,26.5,4.9,85646.0,9860
B20274012,C60,26.5,4.9,85669.0,9860
B20274013,C60,26.5,4.9,60941.0,9860
B20274014,C60,26.5,5.0,99028.0,9860
B20274015,C60,26.5,6.1,36589.0,9860
B20274016,C60,26.5,4.9,58127.0,9860
B20274017,C60,26.5,7.0,65173.0,9860
B20274018,C60,26.5,4.75,32182.000000000004,9860
B20274019,C60,26.5,4.901,110981.0,9860
B20274020,C60,26.5,5.06,58360.0,9860
B20274021,C60,26.5,4.9,37625.0,9860
B20274022,C60,26.5,4.9,33824.0,9860
B20274023,C60,26.5,8.97,99357.0,9860
B20274024,C60,26.5,4.9,56749.0,9860
B20274025,C60,26.5,4.9,48032.0,9860
B20274026,C60,26.5,5.5,33954.0,9860
B20274027,C60,26.5,5.9,52424.0,9860
B20274028,C60,26.5,4.9,121980.0,9860
B20274029,C60,26.5,4.9,69080.0,9860
B20274030,C60,26.5,4.9,55393.0,9860
B20274031,C60,26.5,6.4,98701.0,9860
B20274032,C60,26.5,7.75,35772.0,9860
B20274033,C60,26.5,4.9,112450.0,9860
B20274034,C60,26.5,4.901,35291.0,9860
B20274035,C60,26.5,7.08,64819.99999999999,9860
B20274036,C60,26.5,4.9,105322.0,9860
B20274037,C60,26.5,4.9,40753.0,9860
B20274038,C60,26.5,7.0,114076.0,9860
B20274039,C60,26.5,7.0,104108.0,9860
B20274040,C60,26.5,4.9,82748.0,9860
B20274041,C60,26.5,6.3,67285.0,9860
B20274042,C60,26.5,6.1,73412.0,9860
B20274043,C60,26.5,4.9,32659.999999999996,9860
B20274044,C60,26.5,8.97,104097.0,9860
B20274045,C60,26.5,7.96,46795.0,9860
B20274046,C60,26.5,4.9,58865.0,9860
B20274047,C60,26.5,4.9,98719.0,9860
B20274048,C60,26.5,4.901,34113.0,9860
B20274049,C60,26.5,4.8,43713.0,9860
B20274050,C60,26.5,11.0,36354.0,9860
B20274051,C60,26.5,4.9,42177.0,9860
B20274052,C60,26.5,10.95,127111.0,9860
B20274053,C60,26.5,5.36,56434.0,9860
B20274054,C60,26.5,7.14,77493.0,9860
B20274055,C60,26.5,9.54,131048.0,9860
B20274056,C60,26.5,4.9,133988.0,9860
B20274057,C60,26.5,4.9,31708.0,9860
B20274058,C60,26.5,4.9,46761.0,9860
B20274059,C60,26.5,4.8,44485.0,9860
B20274060,C60,26.5,4.9,78282.0,9860
B20274061,C60,26.5,6.4,38743.0,9860
B20274062,C60,26.5,4.9,42567.0,9860
B20274063,C60,26.5,5.5,133476.0,9860
B20274064,C60,26.5,4.4,43389.0,9860
B20274065,C60,26.5,4.675,92062.0,9860
B20274066,C60,26.5,5.8,32762.0,9860
B20274067,C60,26.5,6.4,70223.0,9860
B20274068,C60,26.5,4.75,61513.0,9860
B20274069,C60,26.5,4.9,51739.0,9860
B20274070,C60,26.5,7.4,32704.0,9860
B20274071,C60,26.5,4.9,102196.0,9860
B20274072,C60,26.5,7.4,36118.0,9860
B20274073,C60,26.5,4.5,117187.0,9860
B20274074,C60,26.5,6.4,80150.0,9860
B20274075,C60,26.5,4.6,100177.0,9860
B20274076,C60,26.5,4.5,55434.0,9860
B20274077,C60,26.5,4.9,44367.0,9860
B20274078,C60,26.5,6.4,100168.0,9860
B20274079,C60,26.5,8.97,35924.0,9860
B20274080,C60,26.5,6.1,58326.0,9860
B20274081,C60,26.5,4.9,57781.0,9860
B20274082,C60,26.5,4.42,39993.0,9860
B20274083,C60,26.5,9.34,67928.0,9860
B20274084,C60,26.5,5.7,74873.0,9860
B20274085,C60,26.5,6.4,41696.0,9860
B20274086,C60,26.5,7.0,51088.0,9860
B20274087,C60,26.5,4.9,50922.0,9860
B20274088,C60,26.5,5.15,117276.0,9860
B20274089,C60,26.5,11.54,60702.0,9860
B20274090,C60,26.5,6.4,60818.0,9860
B20274091,C60,26.5,4.9,30314.0,9860
B20274092,C60,26.5,4.8,33539.0,9860
B20274093,C60,26.5,8.1,41440.0,9860
B20274094,C60,26.5,4.9,77020.0,9860
B20274095,C60,26.5,8.28,51921.0,9860
B20274096,C60,26.5,5.9,26669.0,9860
B20274097,C60,26.5,4.9,37969.0,9860
B20274098,C60,26.5,6.1,34976.0,9860
B20274099,C60,26.5,5.9,101902.0,9860
B20274100,C60,26.5,6.15,43569.0,9860
B20274101,C60,26.5,7.75,53585.0,9860
B20274102,C60,26.5,5.7,58841.0,9860
B20274103,C60,26.5,4.9,91550.0,9860
B20274104,C60,26.5,4.9,83621.0,9860
B20274105,C60,26.5,5.15,33595.0,9860
B20274106,C60,26.5,10.06,137539.0,9860
B20274107,C60,26.5,8.97,136970.0,9860
B20274108,C60,26.5,4.83,32521.0,9860
B20274109,C60,26.5,6.0,32847.0,9860
B20274110,C60,26.5,6.4,52394.0,9860
B20274111,C60,26.5,6.4,89452.0,9860
B20274112,C60,26.5,10.9,43071.0,9860
B20274113,C60,26.5,4.9,36979.0,9860
B20274114,C60,26.5,6.4,156000.0,9860
B20274115,C60,26.5,4.9,133578.0,9860
B20274116,C60,26.5,6.4,99625.0,9860
B20274117,C60,26.5,4.9,38148.0,9860
B20274118,C60,26.5,6.4,82590.0,9860
B20274119,C60,26.5,4.9,100903.0,9860
B20274120,C60,26.5,8.1,26982.0,9860
B20274121,C60,26.5,5.9,39453.0,9860
B20274122,C60,26.5,4.9,54978.0,9860
B20274123,C60,26.5,4.9,67262.0,9860
B20274124,C60,26.5,4.9,28162.0,9860
B20274125,C60,26.5,4.9,40237.0,9860
B20274126,C60,26.5,6.0,66872.0,9860
B20274127,C60,26.5,8.28,28161.0,9860
B20274128,C60,26.5,6.1,66579.0,9860
B20274129,C60,26.5,5.55,33030.0,9860
B20274130,C60,26.5,4.9,45981.0,9860
B20274131,C60,26.5,4.9,46900.0,9860
B20274132,C60,26.5,6.4,41912.0,9860
B20274133,C60,26.5,6.4,72622.0,9860
B20274134,C60,26.5,4.9,51313.0,9860
B20274135,C60,26.5,7.0,75443.0,9860
B20274136,C60,26.5,4.9,24955.0,9860
B20274137,C60,26.5,4.9,34000.0,9860
B20274138,C60,26.5,6.1,117405.0,9860
B20274139,C60,26.5,4.5,40836.0,9860
B20274140,C60,26.5,4.9,62365.0,9860
B20274141,C60,26.5,6.84,33025.0,9860
B20274142,C60,26.5,9.0,86649.0,9860
B20274143,C60,26.5,7.0,43804.0,9860
B20274144,C60,26.5,4.9,41015.0,9860
B20274145,C60,26.5,7.0,25400.0,9860
B20274146,C60,26.5,6.4,59459.0,9860
B20274147,C60,26.5,6.25,67223.0,9860
B20274148,C60,26.5,4.9,27502.0,9860
B20274149,C60,26.5,7.08,47342.0,9860
B20274150,C60,26.5,4.9,35323.0,9860
B20274151,C60,26.5,6.4,33865.0,9860
B20274152,C60,26.5,6.36,106569.0,9860
B20274153,C60,26.5,10.62,37171.0,9860
B20274154,C60,26.5,4.4,39580.0,9860
B20274155,C60,26.5,5.4,132595.0,9860
B20274156,C60,26.5,3.82,45897.0,9860
B20274157,C60,26.5,4.9,56353.0,9860
B20274158,C60,26.5,6.55,40283.0,9860
B20274159,C60,26.5,4.9,87756.0,9860
B20274160,C60,26.5,6.74,132357.0,9860
B20274161,C60,26.5,4.9,78603.0,9860
B20274162,C60,26.5,6.9,44882.0,9860
B20274163,C60,26.5,6.4,73106.0,9860
B20274164,C60,26.5,4.96,39055.0,9860
B20274165,C60,26.5,7.0,62034.0,9860
B20274166,C60,26.5,7.96,72321.0,9860
B20274167,C60,26.5,10.95,25463.0,9860
B20274168,C60,26.5,6.4,47501.0,9860
B20274169,C60,26.5,3.8,71562.0,9860
B20274170,C60,26.5,7.0,90412.0,9860
B20274171,C60,26.5,5.15,40771.0,9860
B20274172,C60,26.5,6.1,152621.0,9860
B20274173,C60,26.5,7.14,74316.0,9860
B20274174,C60,26.5,6.65,136229.0,9860
B20274175,C60,26.5,4.9,34570.0,9860
B20274176,C60,26.5,8.05,83535.0,9860
B20274177,C60,26.5,4.6,59415.0,9860
B20274178,C60,26.5,4.6,26134.0,9860
B20274179,C60,26.5,4.9,33246.0,9860
B20274180,C60,26.5,7.75,115101.0,9860
B20274181,C60,26.5,4.9,47139.0,9860
B20274182,C60,26.5,4.96,33574.0,9860
B20274183,C60,26.5,6.85,34801.0,9860
B20274184,C60,26.5,4.97,99929.0,9860
B20274185,C60,26.5,6.15,61396.0,9860
B20274186,C60,26.5,4.9,40129.0,9860
B20274187,C60,26.5,4.9,42899.0,9860
B20274188,C60,26.5,5.55,62217.0,9860
B20274189,C60,26.5,6.68,62335.0,9860
B20274190,C60,26.5,7.0,31669.0,9860
B20274191,C60,26.5,5.3,57229.0,9860
B20274192,C60,26.5,4.9,83648.0,9860
B20274193,C60,26.5,4.9,54816.0,9860
B20274194,C60,26.5,6.0,26721.0,9860
B20274195,C60,26.5,4.9,106489.0,9860
B20274196,C60,26.5,3.82,35718.0,9860
B20274197,C60,26.5,5.3,69441.0,9860
B20274198,C60,26.5,11.54,59894.0,9860
B20274199,C60,26.5,4.9,56772.0,9860
B20274200,C60,26.5,6.1,26686.0,9860
B20274201,C60,26.5,4.78,75065.0,9860
B20274202,C60,26.5,5.97,32359.0,9860
B20274203,C60,26.5,4.9,34293.0,9860
B20274204,C60,26.5,4.9,35221.0,9860
B20274205,C60,26.5,8.4,73476.0,9860
B20274206,C60,26.5,6.1,133859.0,9860
B20274207,C60,26.5,5.018,78929.0,9860
B20274208,C60,26.5,4.9,32815.0,9860
B20274209,C60,26.5,4.9,67820.0,9860
B20274210,C60,26.5,6.1,130770.00000000001,9860
B20274211,C60,26.5,4.9,39324.0,9860
B20274212,C60,26.5,4.9,115254.0,9860
B20274213,C60,26.5,4.9,62220.0,9860
B20274214,C60,26.5,5.9,41293.0,9860
B20274215,C60,26.5,4.9,37089.0,9860
B20274216,C60,26.5,4.9,27207.0,9860
B20274217,C60,26.5,7.0,138020.0,9860
B20274218,C60,26.5,5.995,34715.0,9860
B20274219,C60,26.5,6.1,58094.0,9860
B20274220,C60,26.5,4.9,52254.0,9860
B20274221,C60,26.5,4.9,58779.0,9860
B20274222,C60,26.5,4.901,153122.0,9860
B20274223,C60,26.5,7.392,45630.0,9860
B20274224,C60,26.5,4.9,50147.0,9860
B20274225,C60,26.5,5.06,52609.0,9860
B20274226,C60,26.5,4.901,60448.0,9860
B20274227,C60,26.5,4.42,104120.0,9860
B20274228,C60,26.5,4.8,33835.0,9860
B20274229,C60,26.5,4.9,145678.0,9860
B20274230,C60,26.5,4.9,34964.0,9860
B20274231,C60,26.5,7.0,38651.0,9860
B20274232,C60,26.5,5.9,46886.0,9860
B20274233,C60,26.5,4.9,48370.0,9860
B20274234,C60,26.5,4.525,53043.0,9860
B20274235,C60,26.5,4.9,36426.0,9860
B20274236,C60,26.5,5.9,32883.0,9860
B20274237,C60,26.5,7.95,47279.0,9860
B20274238,C60,26.5,7.75,51462.0,9860
B20274239,C60,26.5,6.3,26292.0,9860
B20274240,C60,26.5,7.9,66205.0,9860
B20274241,C60,26.5,10.0,33900.0,9860
B20274242,C60,26.5,10.62,40995.0,9860
B20274243,C60,26.5,7.75,144918.0,9860
B20274244,C60,26.5,6.68,62341.0,9860
B20274245,C60,26.5,7.75,50534.0,9860
B20274246,C60,26.5,4.7,51087.0,9860
B20274247,C60,26.5,6.1,78200.0,9860
B20274248,C60,26.5,4.9,119148.0,9860
B20274249,C60,26.5,6.6,52994.0,9860
B20274250,C60,26.5,4.9,44761.0,9860
B20274251,C60,26.5,7.0,33418.0,9860
B20274252,C60,26.5,11.4,47515.0,9860
B20274253,C60,26.5,4.8,50746.0,9860
B20274254,C60,26.5,4.9,56097.0,9860
B20274255,C60,26.5,5.53,32904.0,9860
B20274256,C60,26.5,7.0,97798.0,9860
B20274257,C60,26.5,7.0,34403.0,9860
B20274258,C60,26.5,5.47,62541.0,9860
B20274259,C60,26.5,3.9,46166.0,9860
B20274260,C60,26.5,8.9,73364.0,9860
B20274261,C60,26.5,4.8,89917.0,9860
B20274262,C60,26.5,6.6,46398.0,9860
B20274263,C60,26.5,7.392,66461.0,9860
B20274264,C60,26.5,5.9,45577.0,9860
B20274265,C60,26.5,4.9,30337.0,9860
B20274266,C60,26.5,4.9,77793.0,9860
B20274267,C60,26.5,4.7,52576.0,9860
B20274268,C60,26.5,6.0,46368.0,9860
B20274269,C60,26.5,8.15,76630.0,9860
B20274270,C60,26.5,6.4,28062.0,9860
B20274271,C60,26.5,6.7,38724.0,9860
B20274272,C60,26.5,4.9,94004.0,9860
B20274273,C60,26.5,4.9,88125.0,9860
B20274274,C60,26.5,4.901,40788.0,9860
B20274275,C60,26.5,4.9,52865.0,9860
B20274276,C60,26.5,4.9,58313.0,9860
B20274277,C60,26.5,6.4,41086.0,9860
B20274278,C60,26.5,4.5,81752.0,9860
B20274279,C60,26.5,4.8,77051.0,9860
B20274280,C60,26.5,4.9,116862.0,9860
B20274281,C60,26.5,7.0,107329.0,9860
B20274282,C60,26.5,11.4,49340.0,9860
B20274283,C60,26.5,4.9,50630.0,9860
B20274284,C60,26.5,4.9,31038.0,9860
B20274285,C60,26.5,5.26,51241.0,9860
B20274286,C60,26.5,4.9,72027.0,9860
B20274287,C60,26.5,4.901,61054.0,9860
B20274288,C60,26.5,4.9,57732.0,9860
B20274289,C60,26.5,4.9,31705.0,9860
B20274290,C60,26.5,6.1,151800.0,9860
B20274291,C60,26.5,7.0,31558.0,9860
B20274292,C60,26.5,4.8,92964.0,9860
B20274293,C60,26.5,7.0,41291.0,9860
B20274294,C60,26.5,9.54,36824.0,9860
B20274295,C60,26.5,4.901,68668.0,9860
B20274296,C60,26.5,7.2,34454.0,9860
B20274297,C60,26.5,5.6,112822.0,9860
B20274298,C60,26.5,6.9,137433.0,9860
B20274299,C60,26.5,4.9,118816.0,9860
B20274300,C60,26.5,4.75,58316.0,9860
B20274301,C60,26.5,4.8,42396.0,9860
B20274302,C60,26.5,4.9,36358.0,9860
B20274303,C60,26.5,5.6,33879.0,9860
B20274304,C60,26.5,9.54,39193.0,9860
B20274305,C60,26.5,4.9,55020.0,9860
B20274306,C60,26.5,4.9,57361.0,9860
B20274307,C60,26.5,4.9,57685.0,9860
B20274308,C60,26.5,4.9,44312.0,9860
B20274309,C60,26.5,4.3,77530.0,9860
B20274310,C60,26.5,6.1,50634.0,9860
B20274311,C60,26.5,6.4,45332.0,9860
B20274312,C60,26.5,6.1,66606.0,9860
B20274313,C60,26.5,4.9,67329.0,9860
B20274314,C60,26.5,4.9,26582.0,9860
B20274315,C60,26.5,4.9,47175.0,9860
B20274316,C60,26.5,7.0,34125.0,9860
B20274317,C60,26.5,4.9,71225.0,9860
B20274318,C60,26.5,4.9,59478.0,9860
B20274319,C60,26.5,6.1,119315.0,9860
B20274320,C60,26.5,6.9,47147.0,9860
B20274321,C60,26.5,7.75,148795.0,9860
B20274322,C60,26.5,4.9,69618.0,9860
B20274323,C60,26.5,6.1,91780.0,9860
B20274324,C60,26.5,5.995,33120.0,9860
B20274325,C60,26.5,6.07,92045.0,9860
B20274326,C60,26.5,4.9,79212.0,9860
B20274327,C60,26.5,4.9,89060.0,9860
B20274328,C60,26.5,4.9,54334.0,9860
B20274329,C60,26.5,6.8,44804.0,9860
B20274330,C60,26.5,9.34,47616.0,9860
B20274331,C60,26.5,4.7,47004.0,9860
B20274332,C60,26.5,4.9,52691.0,9860
B20274333,C60,26.5,4.9,55266.0,9860
B20274334,C60,26.5,4.8,57728.0,9860
B20274335,C60,26.5,8.78,54029.0,9860
B20274336,C60,26.5,4.9,52223.0,9860
B20274337,C60,26.5,4.42,80378.0,9860
B20274338,C60,26.5,4.4,37579.0,9860
B20274339,C60,26.5,9.34,27346.0,9860
B20274340,C60,26.5,4.9,45966.0,9860
B20274341,C60,26.5,7.75,95671.0,9860
B20274342,C60,26.5,4.8,39749.0,9860
B20274343,C60,26.5,8.97,77019.0,9860
B20274344,C60,26.5,4.9,37958.0,9860
B20274345,C60,26.5,6.4,70395.0,9860
B20274346,C60,26.5,4.9,53498.0,9860
B20274347,C60,26.5,5.9,31676.0,9860
B20274348,C60,26.5,4.9,49650.0,9860
B20274349,C60,26.5,6.1,53921.0,9860
B20274350,C60,26.5,4.97,48634.0,9860
B20274351,C60,26.5,6.4,47498.0,9860
B20274352,C60,26.5,6.1,114436.0,9860
B20274353,C60,26.5,6.1,40317.0,9860
B20274354,C60,26.5,5.06,60289.0,9860
B20274355,C60,26.5,7.4,56208.0,9860
B20274356,C60,26.5,6.4,150141.0,9860
B20274357,C60,26.5,9.0,57803.0,9860
B20274358,C60,26.5,7.0,36481.0,9860
B20274359,C60,26.5,4.9,51437.0,9860
B20274360,C60,26.5,7.75,63958.0,9860
B20274361,C60,26.5,4.9,59811.0,9860
B20274362,C60,26.5,6.6,47381.0,9860
B20274363,C60,26.5,6.3,52573.0,9860
B20274364,C60,26.5,4.9,40079.0,9860
B20274365,C60,26.5,4.9,27073.0,9860
B20274366,C60,26.5,4.78,72848.0,9860
B20274367,C60,26.5,4.9,33576.0,9860
B20274368,C60,26.5,5.15,141177.0,9860
B20274369,C60,26.5,6.0,33969.0,9860
B20274370,C60,26.5,4.5,32896.0,9860
B20274371,C60,26.5,4.9,93258.0,9860
B20274372,C60,26.5,4.7,34181.0,9860
B20274373,C60,26.5,4.9,40211.0,9860
B20274374,C60,26.5,4.9,59792.0,9860
B20274375,C60,26.5,4.9,32433.0,9860
B20274376,C60,26.5,4.9,35174.0,9860
B20274377,C60,26.5,4.9,96023.0,9860
B20274378,C60,26.5,4.9,65071.0,9860
B20274379,C60,26.5,8.15,75545.0,9860
B20274380,C60,26.5,10.9,33347.0,9860
B20274381,C60,26.5,5.2,39071.0,9860
B20274382,C60,26.5,8.78,50022.0,9860
B20274383,C60,26.5,7.08,63210.0,9860
B20274384,C60,26.5,4.9,33997.0,9860
B20274385,C60,26.5,4.9,85103.0,9860
B20274386,C60,26.5,6.1,32969.0,9860
B20274387,C60,26.5,6.1,115824.0,9860
B20274388,C60,26.5,4.9,34861.0,9860
B20274389,C60,26.5,4.9,58543.0,9860
B20274390,C60,26.5,9.0,99372.0,9860
B20274391,C60,26.5,6.4,72076.0,9860
B20274392,C60,26.5,4.9,71345.0,9860
B20274393,C60,26.5,4.9,55618.0,9860
B20274394,C60,26.5,9.0,103842.0,9860
B20274395,C60,26.5,4.9,131407.0,9860
B20274396,C60,26.5,4.9,50434.0,9860
B20274397,C60,26.5,7.9,32573.999999999996,9860
B20274398,C60,26.5,6.1,45140.0,9860
B20274399,C60,26.5,4.6,56476.0,9860
B20274400,C60,26.5,4.9,71509.0,9860
B20274401,C60,26.5,7.0,59915.0,9860
B20274402,C60,26.5,4.55,32862.0,9860
B20274403,C60,26.5,7.75,96435.0,9860
B20274404,C60,26.5,4.9,136559.0,9860
B20274405,C60,26.5,4.9,126756.0,9860
B20274406,C60,26.5,5.018,80762.0,9860
B20274407,C60,26.5,4.94,48298.0,9860
B20274408,C60,26.5,6.78,60464.0,9860
B20274409,C60,26.5,6.6,45365.0,9860
B20274410,C60,26.5,4.9,47140.0,9860
B20274411,C60,26.5,8.9,46100.0,9860
B20274412,C60,26.5,4.9,28211.0,9860
B20274413,C60,26.5,4.9,78487.0,9860
B20274414,C60,26.5,5.9,61153.0,9860
B20274415,C60,26.5,3.9,37352.0,9860
B20274416,C60,26.5,6.1,44933.0,9860
B20274417,C60,26.5,11.4,66484.0,9860
B20274418,C60,26.5,5.4,57413.0,9860
B20274419,C60,26.5,4.9,38095.0,9860
B20274420,C60,26.5,4.9,48344.0,9860
B20274421,C60,26.5,7.0,31692.0,9860
B20274422,C60,26.5,6.1,34901.0,9860
B20274423,C60,26.5,8.4,146300.0,9860
B20274424,C60,26.5,9.54,42074.0,9860
B20274425,C60,26.5,4.9,33691.0,9860
B20274426,C60,26.5,7.2,38426.0,9860
B20274427,C60,26.5,4.9,90212.0,9860
B20274428,C60,26.5,5.06,38503.0,9860
B20274429,C60,26.5,6.1,116419.0,9860
B20274430,C60,26.5,4.9,41627.0,9860
B20274431,C60,26.5,4.9,84874.0,9860
B20274432,C60,26.5,4.9,148438.0,9860
B20274433,C60,26.5,5.15,32316.000000000004,9860
B20274434,C60,26.5,7.65,31871.0,9860
B20274435,C60,26.5,10.06,63591.0,9860
B20274436,C60,26.5,4.9,38452.0,9860
B20274437,C60,26.5,4.9,84974.0,9860
B20274438,C60,26.5,6.4,81871.0,9860
B20274439,C60,26.5,8.12,53534.0,9860
B20274440,C60,26.5,4.9,68602.0,9860
B20274441,C60,26.5,8.23,35697.0,9860
B20274442,C60,26.5,4.9,41876.0,9860
B20274443,C60,26.5,7.0,31556.0,9860
B20274444,C60,26.5,6.3,31531.0,9860
B20274445,C60,26.5,4.901,80396.0,9860
B20274446,C60,26.5,5.36,49973.0,9860
B20274447,C60,26.5,4.9,43713.0,9860
B20274448,C60,26.5,4.9,78006.0,9860
B20274449,C60,26.5,4.8,86983.0,9860
B20274450,C60,26.5,4.9,46096.0,9860
B20274451,C60,26.5,4.901,68372.0,9860
B20274452,C60,26.5,4.9,60549.0,9860
B20274453,C60,26.5,3.8,40596.0,9860
B20274454,C60,26.5,6.25,69591.0,9860
B20274455,C60,26.5,7.9,63745.0,9860
B20274456,C60,26.5,6.4,112513.0,9860
B20274457,C60,26.5,4.6,98362.0,9860
B20274458,C60,26.5,10.0,52794.0,9860
B20274459,C60,26.5,6.35,69682.0,9860
B20274460,C60,26.5,4.9,94218.0,9860
B20274461,C60,26.5,4.9,47361.0,9860
B20274462,C60,26.5,7.0,30132.0,9860
B20274463,C60,26.5,4.7,42985.0,9860
B20274464,C60,26.5,4.9,45395.0,9860
B20274465,C60,26.5,4.9,38723.0,9860
B20274466,C60,26.5,6.28,54766.0,9860
B20274467,C60,26.5,4.75,62212.0,9860
B20274468,C60,26.5,7.75,152325.0,9860
B20274469,C60,26.5,9.0,90269.0,9860
B20274470,C60,26.5,4.9,135942.0,9860
B20274471,C60,26.5,4.9,41639.0,9860
B20274472,C60,26.5,4.525,35076.0,9860
B20274473,C60,26.5,6.3,103685.0,9860
B20274474,C60,26.5,4.9,57379.0,9860
B20274475,C60,26.5,4.15,35956.0,9860
B20274476,C60,26.5,7.4,24438.0,9860
B20274477,C60,26.5,6.74,140076.0,9860
B20274478,C60,26.5,8.28,54456.0,9860
B20274479,C60,26.5,4.9,34136.0,9860
B20274480,C60,26.5,4.9,90416.0,9860
B20274481,C60,26.5,7.4,52433.0,9860
B20274482,C60,26.5,4.9,96673.0,9860
B20274483,C60,26.5,4.5,148506.0,9860
B20274484,C60,26.5,5.3,33916.0,9860
B20274485,C60,26.5,4.97,47149.0,9860
B20274486,C60,26.5,7.75,34575.0,9860
B20274487,C60,26.5,9.54,41107.0,9860
B20274488,C60,26.5,4.9,53241.0,9860
B20274489,C60,26.5,5.06,36820.0,9860
B20274490,C60,26.5,4.9,40961.0,9860
B20274491,C60,26.5,4.9,74717.0,9860
B20274492,C60,26.5,4.8,87326.0,9860
B20274493,C60,26.5,4.9,33467.0,9860
B20274494,C60,26.5,5.9,153371.0,9860
B20274495,C60,26.5,6.1,75382.0,9860
B20274496,C60,26.5,4.9,34095.0,9860
B20274497,C60,26.5,6.4,46380.0,9860
B20274498,C60,26.5,7.0,64769.99999999999,9860
B20274499,C60,26.5,4.9,74972.0,9860
B20274500,C60,26.5,4.8,54841.0,9860
B20274501,C60,26.5,7.4,38153.0,9860
B20274502,C60,26.5,5.9,76447.0,9860
B20274503,C60,26.5,4.901,114624.0,9860
B20274504,C60,26.5,4.9,34687.0,9860
B20274505,C60,26.5,6.4,63216.0,9860
B20274506,C60,26.5,5.2,28118.0,9860
B20274507,C60,26.5,4.9,98768.0,9860
B20274508,C60,26.5,9.0,99709.0,9860
B20274509,C60,26.5,6.1,64096.0,9860
B20274510,C60,26.5,4.9,88209.0,9860
B20274511,C60,26.5,4.9,122285.0,9860
B20274512,C60,26.5,5.4,58535.0,9860
B20274513,C60,26.5,4.9,41548.0,9860
B20274514,C60,26.5,6.4,81050.0,9860
B20274515,C60,26.5,4.75,55984.0,9860
B20274516,C60,26.5,4.9,34725.0,9860
B20274517,C60,26.5,4.8,38492.0,9860
B20274518,C60,26.5,4.9,54281.0,9860
B20274519,C60,26.5,5.06,46730.0,9860
B20274520,C60,26.5,7.0,59036.0,9860
B20274521,C60,26.5,4.9,36294.0,9860
B20274522,C60,26.5,4.9,42679.0,9860
B20274523,C60,26.5,9.54,41253.0,9860
B20274524,C60,26.5,6.68,54049.0,9860
B20274525,C60,26.5,8.1,35434.0,9860
B20274526,C60,26.5,7.2,31719.0,9860
B20274527,C60,26.5,4.8,95493.0,9860
B20274528,C60,26.5,4.9,76235.0,9860
B20274529,C60,26.5,4.9,68087.0,9860
B20274530,C60,26.5,4.9,137071.0,9860
B20274531,C60,26.5,5.2,48436.0,9860
B20274532,C60,26.5,4.901,60286.0,9860
B20274533,C60,26.5,5.27,46514.0,9860
B20274534,C60,26.5,7.0,34411.0,9860
B20274535,C60,26.5,6.8,45274.0,9860
B20274536,C60,26.5,7.0,34156.0,9860
B20274537,C60,26.5,4.9,56960.0,9860
B20274538,C60,26.5,7.0,32641.0,9860
B20274539,C60,26.5,5.9,33859.0,9860
B20274540,C60,26.5,5.9,31796.0,9860
B20274541,C60,26.5,5.4,134240.0,9860
B20274542,C60,26.5,4.9,32843.0,9860
B20274543,C60,26.5,7.75,116727.0,9860
B20274544,C60,26.5,5.9,93133.0,9860
B20274545,C60,26.5,8.28,62406.0,9860
B20274546,C60,26.5,4.9,101149.0,9860
B20274547,C60,26.5,5.9,33023.0,9860
B20274548,C60,26.5,6.9,35044.0,9860
B20274549,C60,26.5,7.65,49696.0,9860
B20274550,C60,26.5,4.9,33831.0,9860
B20274551,C60,26.5,4.3,24367.0,9860
B20274552,C60,26.5,6.78,81701.0,9860
B20274553,C60,26.5,4.9,63149.0,9860
B20274554,C60,26.5,7.2,33501.0,9860
B20274555,C60,26.5,5.9,44726.0,9860
B20274556,C60,26.5,4.9,59565.0,9860
B20274557,C60,26.5,7.75,93683.0,9860
B20274558,C60,26.5,4.4,34879.0,9860
B20274559,C60,26.5,6.1,52507.0,9860
B20274560,C60,26.5,5.9,50186.0,9860
B20274561,C60,26.5,4.9,26604.0,9860
B20274562,C60,26.5,5.6,34622.0,9860
B20274563,C60,26.5,6.4,60440.0,9860
B20274564,C60,26.5,4.9,34391.0,9860
B20274565,C60,26.5,4.9,142958.0,9860
B20274566,C60,26.5,4.9,66017.0,9860
B20274567,C60,26.5,8.97,53675.0,9860
B20274568,C60,26.5,5.9,63744.0,9860
B20274569,C60,26.5,7.392,62904.0,9860
B20274570,C60,26.5,4.9,123014.0,9860
B20274571,C60,26.5,4.9,37509.0,9860
B20274572,C60,26.5,4.9,39179.0,9860
B20274573,C60,26.5,6.4,102426.0,9860
B20274574,C60,26.5,6.9,56858.0,9860
B20274575,C60,26.5,7.0,58123.0,9860
B20274576,C60,26.5,8.4,62487.0,9860
B20274577,C60,26.5,5.9,64464.0,9860
B20274578,C60,26.5,4.9,107849.0,9860
B20274579,C60,26.5,4.9,28979.0,9860
B20274580,C60,26.5,8.23,37573.0,9860
B20274581,C60,26.5,4.9,35260.0,9860
B20274582,C60,26.5,4.9,38742.0,9860
B20274583,C60,26.5,5.08,68228.0,9860
B20274584,C60,26.5,6.4,72918.0,9860
B20274585,C60,26.5,5.47,27731.0,9860
B20274586,C60,26.5,4.9,72984.0,9860
B20274587,C60,26.5,4.9,80157.0,9860
B20274588,C60,26.5,3.82,51160.0,9860
B20274589,C60,26.5,7.9,33116.0,9860
B20274590,C60,26.5,4.9,46055.0,9860
B20274591,C60,26.5,4.9,76127.0,9860
B20274592,C60,26.5,8.1,41485.0,9860
B20274593,C60,26.5,4.9,40145.0,9860
B20274594,C60,26.5,4.9,37864.0,9860
B20274595,C60,26.5,5.6,37344.0,9860
B20274596,C60,26.5,6.4,77229.0,9860
B20274597,C60,26.5,3.9,98171.0,9860
B20274598,C60,26.5,6.4,36904.0,9860
B20274599,C60,26.5,4.9,72318.0,9860
B20274600,C60,26.5,4.9,62038.0,9860
B20274601,C60,26.5,6.07,37883.0,9860
B20274602,C60,26.5,4.9,135138.0,9860
B20274603,C60,26.5,7.65,35234.0,9860
B20274604,C60,26.5,7.0,111189.0,9860
B20274605,C60,26.5,4.9,47336.0,9860
B20274606,C60,26.5,4.9,38259.0,9860
B20274607,C60,26.5,4.97,26187.0,9860
B20274608,C60,26.5,4.9,47323.0,9860
B20274609,C60,26.5,8.3,74382.0,9860
B20274610,C60,26.5,7.0,42865.0,9860
B20274611,C60,26.5,4.9,84441.0,9860
B20274612,C60,26.5,7.0,99312.0,9860
B20274613,C60,26.5,6.4,64285.0,9860
B20274614,C60,26.5,4.9,40788.0,9860
B20274615,C60,26.5,7.08,89411.0,9860
B20274616,C60,26.5,3.9,29939.0,9860
B20274617,C60,26.5,4.9,85918.0,9860
B20274618,C60,26.5,10.68,33349.0,9860
B20274619,C60,26.5,4.9,30711.0,9860
B20274620,C60,26.5,4.8,91199.0,9860
B20274621,C60,26.5,4.9,28375.0,9860
B20274622,C60,26.5,8.18,64412.00000000001,9860
B20274623,C60,26.5,4.9,37381.0,9860
B20274624,C60,26.5,4.9,131525.0,9860
B20274625,C60,26.5,5.4,34950.0,9860
B20274626,C60,26.5,4.9,61242.0,9860
B20274627,C60,26.5,4.9,34114.0,9860
B20274628,C60,26.5,7.0,90890.0,9860
B20274629,C60,26.5,6.1,87030.0,9860
B20274630,C60,26.5,4.8,38881.0,9860
B20274631,C60,26.5,4.9,26097.0,9860
B20274632,C60,26.5,4.9,46808.0,9860
B20274633,C60,26.5,4.9,70488.0,9860
B20274634,C60,26.5,4.9,58875.0,9860
B20274635,C60,26.5,4.9,32470.0,9860
B20274636,C60,26.5,4.9,30375.0,9860
B20274637,C60,26.5,4.9,43738.0,9860
B20274638,C60,26.5,7.0,38357.0,9860
B20274639,C60,26.5,4.9,47007.0,9860
B20274640,C60,26.5,4.9,72910.0,9860
B20274641,C60,26.5,4.9,32461.0,9860
B20274642,C60,26.5,6.1,133386.0,9860
B20274643,C60,26.5,4.8,86965.0,9860
B20274644,C60,26.5,6.25,53917.0,9860
B20274645,C60,26.5,4.9,75129.0,9860
B20274646,C60,26.5,6.1,46179.0,9860
B20274647,C60,26.5,4.9,33081.0,9860
B20274648,C60,26.5,5.06,37547.0,9860
B20274649,C60,26.5,4.83,102920.0,9860
B20274650,C60,26.5,4.9,58662.0,9860
B20274651,C60,26.5,10.0,64566.99999999999,9860
B20274652,C60,26.5,7.4,50211.0,9860
B20274653,C60,26.5,5.53,37887.0,9860
B20274654,C60,26.5,10.9,57465.0,9860
B20274655,C60,26.5,5.8,33062.0,9860
B20274656,C60,26.5,6.4,147255.0,9860
B20274657,C60,26.5,4.9,62265.0,9860
B20274658,C60,26.5,4.9,139958.0,9860
B20274659,C60,26.5,4.9,50348.0,9860
B20274660,C60,26.5,4.9,33007.0,9860
B20274661,C60,26.5,4.9,107795.0,9860
B20274662,C60,26.5,4.8,32261.000000000004,9860
B20274663,C60,26.5,6.1,98886.0,9860
B20274664,C60,26.5,4.9,64358.99999999999,9860
B20274665,C60,26.5,4.9,40258.0,9860
B20274666,C60,26.5,4.9,79552.0,9860
B20274667,C60,26.5,5.15,34258.0,9860
B20274668,C60,26.5,7.3,28267.0,9860
B20274669,C60,26.5,4.4,43384.0,9860
B20274670,C60,26.5,6.9,37211.0,9860
B20274671,C60,26.5,7.75,48033.0,9860
B20274672,C60,26.5,8.97,35639.0,9860
B20274673,C60,26.5,4.7,38372.0,9860
B20274674,C60,26.5,4.9,45210.0,9860
B20274675,C60,26.5,4.9,56101.0,9860
B20274676,C60,26.5,6.4,34889.0,9860
B20274677,C60,26.5,6.74,34902.0,9860
B20274678,C60,26.5,4.9,33151.0,9860
B20274679,C60,26.5,4.9,57779.0,9860
B20274680,C60,26.5,4.9,147379.0,9860
B20274681,C60,26.5,6.4,64083.0,9860
B20274682,C60,26.5,4.9,105304.0,9860
B20274683,C60,26.5,4.6,27635.0,9860
B20274684,C60,26.5,4.9,55675.0,9860
B20274685,C60,26.5,8.23,95057.0,9860
B20274686,C60,26.5,4.9,122246.0,9860
B20274687,C60,26.5,6.3,51103.0,9860
B20274688,C60,26.5,4.9,78552.0,9860
B20274689,C60,26.5,4.9,50428.0,9860
B20274690,C60,26.5,6.9,130865.00000000001,9860
B20274691,C60,26.5,4.9,86297.0,9860
B20274692,C60,26.5,5.9,27435.0,9860
B20274693,C60,26.5,7.95,37176.0,9860
B20274694,C60,26.5,8.2,34210.0,9860
B20274695,C60,26.5,4.9,71963.0,9860
B20274696,C60,26.5,4.9,36887.0,9860
B20274697,C60,26.5,10.86,56236.0,9860
B20274698,C60,26.5,4.8,78332.0,9860
B20274699,C60,26.5,4.75,119570.0,9860
B20274700,C60,26.5,5.9,38957.0,9860
B20274701,C60,26.5,7.9,33963.0,9860
B20274702,C60,26.5,4.9,25389.0,9860
B20274703,C60,26.5,10.68,55340.0,9860
B20274704,C60,26.5,4.93,26362.0,9860
B20274705,C60,26.5,10.68,130314.0,9860
B20274706,C60,26.5,4.9,66131.0,9860
B20274707,C60,26.5,4.9,72407.0,9860
B20274708,C60,26.5,6.4,84649.0,9860
B20274709,C60,26.5,5.9,32378.999999999996,9860
B20274710,C60,26.5,4.9,42163.0,9860
B20274711,C60,26.5,5.4,46782.0,9860
B20274712,C60,26.5,4.83,40528.0,9860
B20274713,C60,26.5,4.7,33263.0,9860
B20274714,C60,26.5,4.78,73218.0,9860
B20274715,C60,26.5,4.9,74891.0,9860
B20274716,C60,26.5,5.9,26639.0,9860
B20274717,C60,26.5,6.35,25791.0,9860
B20274718,C60,26.5,4.9,54673.0,9860
B20274719,C60,26.5,4.9,62973.0,9860
B20274720,C60,26.5,6.25,69125.0,9860
B20274721,C60,26.5,4.9,87239.0,9860
B20274722,C60,26.5,4.675,44585.0,9860
B20274723,C60,26.5,6.1,53352.0,9860
B20274724,C60,26.5,11.05,38571.0,9860
B20274725,C60,26.5,5.15,151523.0,9860
B20274726,C60,26.5,4.9,34008.0,9860
B20274727,C60,26.5,6.4,28559.0,9860
B20274728,C60,26.5,4.9,54355.0,9860
B20274729,C60,26.5,10.06,51308.0,9860
B20274730,C60,26.5,4.94,36411.0,9860
B20274731,C60,26.5,4.9,104270.0,9860
B20274732,C60,26.5,8.2,55733.0,9860
B20274733,C60,26.5,5.8,51566.0,9860
B20274734,C60,26.5,6.74,34778.0,9860
B20274735,C60,26.5,5.9,47021.0,9860
B20274736,C60,26.5,7.0,60988.0,9860
B20274737,C60,26.5,6.25,32936.0,9860
B20274738,C60,26.5,5.36,80341.0,9860
B20274739,C60,26.5,4.9,47295.0,9860
B20274740,C60,26.5,4.9,73769.0,9860
B20274741,C60,26.5,6.4,26320.0,9860
B20274742,C60,26.5,4.6,28455.0,9860
B20274743,C60,26.5,6.4,54850.0,9860
B20274744,C60,26.5,4.9,75086.0,9860
B20274745,C60,26.5,4.9,46118.0,9860
B20274746,C60,26.5,4.9,50018.0,9860
B20274747,C60,26.5,5.9,32286.0,9860
B20274748,C60,26.5,5.3,34102.0,9860
B20274749,C60,26.5,4.9,154862.0,9860
B20274750,C60,26.5,6.3,72215.0,9860
B20274751,C60,26.5,4.9,38470.0,9860
B20274752,C60,26.5,6.65,80207.0,9860
B20274753,C60,26.5,11.0,34321.0,9860
B20274754,C60,26.5,4.94,81790.0,9860
B20274755,C60,26.5,4.9,72049.0,9860
B20274756,C60,26.5,5.05,77237.0,9860
B20274757,C60,26.5,6.4,54766.0,9860
B20274758,C60,26.5,5.9,37683.0,9860
B20274759,C60,26.5,4.8,33549.0,9860
B20274760,C60,26.5,6.4,63672.0,9860
B20274761,C60,26.5,5.9,39455.0,9860
B20274762,C60,26.5,4.901,60362.0,9860
B20274763,C60,26.5,5.018,47923.0,9860
B20274764,C60,26.5,7.0,34677.0,9860
B20274765,C60,26.5,6.4,28406.0,9860
B20274766,C60,26.5,4.9,27329.0,9860
B20274767,C60,26.5,7.0,60176.0,9860
B20274768,C60,26.5,4.9,56164.0,9860
B20274769,C60,26.5,5.9,80491.0,9860
B20274770,C60,26.5,9.54,38268.0,9860
B20274771,C60,26.5,7.75,54084.0,9860
B20274772,C60,26.5,7.0,51299.0,9860
B20274773,C60,26.5,4.9,28227.0,9860
B20274774,C60,26.5,4.9,36872.0,9860
B20274775,C60,26.5,5.9,44975.0,9860
B20274776,C60,26.5,3.9,47362.0,9860
B20274777,C60,26.5,4.9,95918.0,9860
B20274778,C60,26.5,4.9,53406.0,9860
B20274779,C60,26.5,5.9,34035.0,9860
B20274780,C60,26.5,7.3,31785.0,9860
B20274781,C60,26.5,5.0,106345.0,9860
B20274782,C60,26.5,4.9,37684.0,9860
B20274783,C60,26.5,9.34,52512.0,9860
B20274784,C60,26.5,7.2,34724.0,9860
B20274785,C60,26.5,5.36,54719.0,9860
B20274786,C60,26.5,4.9,34779.0,9860
B20274787,C60,26.5,7.65,29831.0,9860
B20274788,C60,26.5,5.9,52450.0,9860
B20274789,C60,26.5,6.9,103468.0,9860
B20274790,C60,26.5,5.36,32119.999999999996,9860
B20274791,C60,26.5,4.4,32890.0,9860
B20274792,C60,26.5,4.9,54677.0,9860
B20274793,C60,26.5,4.9,97638.0,9860
B20274794,C60,26.5,7.65,75228.0,9860
B20274795,C60,26.5,4.9,85771.0,9860
B20274796,C60,26.5,5.9,31652.0,9860
B20274797,C60,26.5,4.9,39533.0,9860
B20274798,C60,26.5,6.14,69004.0,9860
B20274799,C60,26.5,4.9,32668.999999999996,9860
B20274800,C60,26.5,5.3,39626.0,9860
B20274801,C60,26.5,4.9,131543.0,9860
B20274802,C60,26.5,5.4,39017.0,9860
B20274803,C60,26.5,7.0,86618.0,9860
B20274804,C60,26.5,7.4,40288.0,9860
B20274805,C60,26.5,7.0,95894.0,9860
B20274806,C60,26.5,6.1,155108.0,9860
B20274807,C60,26.5,6.9,42552.0,9860
B20274808,C60,26.5,5.05,90446.0,9860
B20274809,C60,26.5,7.9,32539.0,9860
B20274810,C60,26.5,4.9,83807.0,9860
B20274811,C60,26.5,7.65,49389.0,9860
B20274812,C60,26.5,4.4,34299.0,9860
B20274813,C60,26.5,5.0,89789.0,9860
B20274814,C60,26.5,4.9,56181.0,9860
B20274815,C60,26.5,6.4,72710.0,9860
B20274816,C60,26.5,7.24,53998.0,9860
B20274817,C60,26.5,4.9,73960.0,9860
B20274818,C60,26.5,6.4,61205.0,9860
B20274819,C60,26.5,6.3,50575.0,9860
B20274820,C60,26.5,8.18,39950.0,9860
B20274821,C60,26.5,4.9,73572.0,9860
B20274822,C60,26.5,4.8,40953.0,9860
B20274823,C60,26.5,7.08,91210.0,9860
B20274824,C60,26.5,4.9,76988.0,9860
B20274825,C60,26.5,4.901,61668.0,9860
B20274826,C60,26.5,5.2,32375.999999999996,9860
B20274827,C60,26.5,7.75,144303.0,9860
B20274828,C60,26.5,7.2,33988.0,9860
B20274829,C60,26.5,4.9,48530.0,9860
B20274830,C60,26.5,4.9,46529.0,9860
B20274831,C60,26.5,10.86,40070.0,9860
B20274832,C60,26.5,4.9,73943.0,9860
B20274833,C60,26.5,5.7,47195.0,9860
B20274834,C60,26.5,5.0,86118.0,9860
B20274835,C60,26.5,4.901,65488.0,9860
B20274836,C60,26.5,6.8,56386.0,9860
B20274837,C60,26.5,4.9,75422.0,9860
B20274838,C60,26.5,4.75,60149.0,9860
B20274839,C60,26.5,6.78,50038.0,9860
B20274840,C60,26.5,4.9,32078.000000000004,9860
B20274841,C60,26.5,4.45,92791.0,9860
B20274842,C60,26.5,7.95,44571.0,9860
B20274843,C60,26.5,6.401,69669.0,9860
B20274844,C60,26.5,4.9,46463.0,9860
B20274845,C60,26.5,4.9,37130.0,9860
B20274846,C60,26.5,10.62,38278.0,9860
B20274847,C60,26.5,4.9,39327.0,9860
B20274848,C60,26.5,11.12,151935.0,9860
B20274849,C60,26.5,5.15,149040.0,9860
B20274850,C60,26.5,4.9,66201.0,9860
B20274851,C60,26.5,4.9,26076.0,9860
B20274852,C60,26.5,4.9,63054.0,9860
B20274853,C60,26.5,4.9,49034.0,9860
B20274854,C60,26.5,4.79,96805.0,9860
B20274855,C60,26.5,7.0,24295.0,9860
B20274856,C60,26.5,7.0,44728.0,9860
B20274857,C60,26.5,4.9,46748.0,9860
B20274858,C60,26.5,6.1,64437.0,9860
B20274859,C60,26.5,4.83,50144.0,9860
B20274860,C60,26.5,6.9,137974.0,9860
B20274861,C60,26.5,7.0,30103.0,9860
B20274862,C60,26.5,4.8,33808.0,9860
B20274863,C60,26.5,4.901,144961.0,9860
B20274864,C60,26.5,4.8,44370.0,9860
B20274865,C60,26.5,5.06,130550.99999999999,9860
B20274866,C60,26.5,6.4,41839.0,9860
B20274867,C60,26.5,5.9,47404.0,9860
B20274868,C60,26.5,8.05,50824.0,9860
B20274869,C60,26.5,5.8,77837.0,9860
B20274870,C60,26.5,5.6,108101.0,9860
B20274871,C60,26.5,4.9,67228.0,9860
B20274872,C60,26.5,4.79,103625.0,9860
B20274873,C60,26.5,4.9,60047.0,9860
B20274874,C60,26.5,7.75,46699.0,9860
B20274875,C60,26.5,4.9,142460.0,9860
B20274876,C60,26.5,7.86,45944.0,9860
B20274877,C60,26.5,6.9,49460.0,9860
B20274878,C60,26.5,5.06,57127.0,9860
B20274879,C60,26.5,4.9,63685.0,9860
B20274880,C60,26.5,4.9,125243.0,9860
B20274881,C60,26.5,4.9,29777.0,9860
B20274882,C60,26.5,4.9,77694.0,9860
B20274883,C60,26.5,5.9,34588.0,9860
B20274884,C60,26.5,6.4,33673.0,9860
B20274885,C60,26.5,10.62,41064.0,9860
B20274886,C60,26.5,5.0,43783.0,9860
B20274887,C60,26.5,4.9,95069.0,9860
B20274888,C60,26.5,5.9,46862.0,9860
B20274889,C60,26.5,4.9,85144.0,9860
B20274890,C60,26.5,4.9,81880.0,9860
B20274891,C60,26.5,7.0,52357.0,9860
B20274892,C60,26.5,4.9,35414.0,9860
B20274893,C60,26.5,4.9,53861.0,9860
B20274894,C60,26.5,4.9,89495.0,9860
B20274895,C60,26.5,7.4,88507.0,9860
B20274896,C60,26.5,9.34,57203.0,9860
B20274897,C60,26.5,6.4,54897.0,9860
B20274898,C60,26.5,5.3,61559.0,9860
B20274899,C60,26.5,5.3,46898.0,9860
B20274900,C60,26.5,4.15,53511.0,9860
B20274901,C60,26.5,6.3,30045.0,9860
B20274902,C60,26.5,5.15,49970.0,9860
B20274903,C60,26.5,4.9,35552.0,9860
B20274904,C60,26.5,11.05,72098.0,9860
B20274905,C60,26.5,5.8,47193.0,9860
B20274906,C60,26.5,4.9,44931.0,9860
B20274907,C60,26.5,5.53,33797.0,9860
B20274908,C60,26.5,5.8,47638.0,9860
B20274909,C60,26.5,7.0,84733.0,9860
B20274910,C60,26.5,4.9,50816.0,9860
B20274911,C60,26.5,10.62,39819.0,9860
B20274912,C60,26.5,4.9,58429.0,9860
B20274913,C60,26.5,4.9,49453.0,9860
B20274914,C60,26.5,4.9,40578.0,9860
B20274915,C60,26.5,4.9,40814.0,9860
B20274916,C60,26.5,4.9,41028.0,9860
B20274917,C60,26.5,4.9,99625.0,9860
B20274918,C60,26.5,4.7,55386.0,9860
B20274919,C60,26.5,5.5,46722.0,9860
B20274920,C60,26.5,4.9,40099.0,9860
B20274921,C60,26.5,4.9,35887.0,9860
B20274922,C60,26.5,4.9,34464.0,9860
B20274923,C60,26.5,6.4,35201.0,9860
B20274924,C60,26.5,4.9,37164.0,9860
B20274925,C60,26.5,6.1,60752.0,9860
B20274926,C60,26.5,4.9,32828.0,9860
B20274927,C60,26.5,7.0,32417.0,9860
B20274928,C60,26.5,4.9,46318.0,9860
B20274929,C60,26.5,4.9,35166.0,9860
B20274930,C60,26.5,6.4,63076.0,9860
B20274931,C60,26.5,6.4,57068.0,9860
B20274932,C60,26.5,6.3,31873.0,9860
B20274933,C60,26.5,8.78,38687.0,9860
B20274934,C60,26.5,8.78,40939.0,9860
B20274935,C60,26.5,6.4,39425.0,9860
B20274936,C60,26.5,4.9,74667.0,9860
B20274937,C60,26.5,4.9,53568.0,9860
B20274938,C60,26.5,4.93,62302.0,9860
B20274939,C60,26.5,4.9,78991.0,9860
B20274940,C60,26.5,7.65,38648.0,9860
B20274941,C60,26.5,6.9,102243.0,9860
B20274942,C60,26.5,6.4,86052.0,9860
B20274943,C60,26.5,7.75,144096.0,9860
B20274944,C60,26.5,4.95,47074.0,9860
B20274945,C60,26.5,4.9,32357.0,9860
B20274946,C60,26.5,4.9,39843.0,9860
B20274947,C60,26.5,6.1,46034.0,9860
B20274948,C60,26.5,4.9,33542.0,9860
B20274949,C60,26.5,4.5,41035.0,9860
B20274950,C60,26.5,4.9,53720.0,9860
B20274951,C60,26.5,5.7,44709.0,9860
B20274952,C60,26.5,7.0,34829.0,9860
B20274953,C60,26.5,7.65,31869.0,9860
B20274954,C60,26.5,4.9,34205.0,9860
B20274955,C60,26.5,7.3,35963.0,9860
B20274956,C60,26.5,7.0,32127.000000000004,9860
B20274957,C60,26.5,6.1,131690.0,9860
B20274958,C60,26.5,5.9,34042.0,9860
B20274959,C60,26.5,4.9,29988.0,9860
B20274960,C60,26.5,4.9,43515.0,9860
B20274961,C60,26.5,5.4,45603.0,9860
B20274962,C60,26.5,6.1,64046.00000000001,9860
B20274963,C60,26.5,7.24,109971.0,9860
B20274964,C60,26.5,4.9,39672.0,9860
B20274965,C60,26.5,7.95,33901.0,9860
B20274966,C60,26.5,6.4,59961.0,9860
B20274967,C60,26.5,4.9,55244.0,9860
B20274968,C60,26.5,4.9,44706.0,9860
B20274969,C60,26.5,6.1,46520.0,9860
B20274970,C60,26.5,4.9,85615.0,9860
B20274971,C60,26.5,5.33,44231.0,9860
B20274972,C60,26.5,8.05,52138.0,9860
B20274973,C60,26.5,8.4,80930.0,9860
B20274974,C60,26.5,4.9,37593.0,9860
B20274975,C60,26.5,4.9,150569.0,9860
B20274976,C60,26.5,5.9,60567.0,9860
B20274977,C60,26.5,7.96,44765.0,9860
B20274978,C60,26.5,5.2,28192.0,9860
B20274979,C60,26.5,8.05,32408.0,9860
B20274980,C60,26.5,5.3,58566.0,9860
B20274981,C60,26.5,5.05,24954.0,9860
B20274982,C60,26.5,4.9,54295.0,9860
B20274983,C60,26.5,8.15,73459.0,9860
B20274984,C60,26.5,4.4,36219.0,9860
B20274985,C60,26.5,5.9,28354.0,9860
B20274986,C60,26.5,4.9,35557.0,9860
B20274987,C60,26.5,6.1,51332.0,9860
B20274988,C60,26.5,9.34,67044.0,9860
B20274989,C60,26.5,4.9,70093.0,9860
B20274990,C60,26.5,3.8,39753.0,9860
B20274991,C60,26.5,8.28,29557.0,9860
B20274992,C60,26.5,9.0,30326.0,9860
B20274993,C60,26.5,4.9,51660.0,9860
B20274994,C60,26.5,6.1,90515.0,9860
B20274995,C60,26.5,8.65,33240.0,9860
B20274996,C60,26.5,8.05,52028.0,9860
B20274997,C60,26.5,3.82,50665.0,9860
B20274998,C60,26.5,6.9,33518.0,9860
B20274999,C60,26.5,4.9,33051.0,9860
B20275000,C60,26.5,4.9,23618.0,9860
B20275001,C60,26.5,6.8,46843.0,9860
B20275002,C60,26.5,4.9,29306.0,9860
B20275003,C60,26.5,8.2,32226.0,9860
B20275004,C60,26.5,6.4,33675.0,9860
B20275005,C60,26.5,6.14,84315.0,9860
B20275006,C60,26.5,4.9,25595.0,9860
B20275007,C60,26.5,4.901,28292.0,9860
B20275008,C60,26.5,5.06,143910.0,9860
B20275009,C60,26.5,6.55,72501.0,9860
B20275010,C60,26.5,4.93,39492.0,9860
B20275011,C60,26.5,6.3,51233.0,9860
B20275012,C60,26.5,4.9,44576.0,9860
B20275013,C60,26.5,9.0,83918.0,9860
B20275014,C60,26.5,4.8,152202.0,9860
B20275015,C60,26.5,4.9,83584.0,9860
B20275016,C60,26.5,4.9,45541.0,9860
B20275017,C60,26.5,10.0,61148.0,9860
B20275018,C60,26.5,4.9,47451.0,9860
B20275019,C60,26.5,7.96,45632.0,9860
B20275020,C60,26.5,4.9,79508.0,9860
B20275021,C60,26.5,4.9,37925.0,9860
B20275022,C60,26.5,5.2,45053.0,9860
B20275023,C60,26.5,4.8,38618.0,9860
B20275024,C60,26.5,5.33,45685.0,9860
B20275025,C60,26.5,4.9,81315.0,9860
B20275026,C60,26.5,5.4,45087.0,9860
B20275027,C60,26.5,6.1,35283.0,9860
B20275028,C60,26.5,4.9,154401.0,9860
B20275029,C60,26.5,5.9,64373.00000000001,9860
B20275030,C60,26.5,4.9,42739.0,9860
B20275031,C60,26.5,7.65,34126.0,9860
B20275032,C60,26.5,4.9,45581.0,9860
B20275033,C60,26.5,4.9,85672.0,9860
B20275034,C60,26.5,6.4,93761.0,9860
B20275035,C60,26.5,6.1,102560.0,9860
B20275036,C60,26.5,4.9,76673.0,9860
B20275037,C60,26.5,10.0,59194.0,9860
B20275038,C60,26.5,6.0,43963.0,9860
B20275039,C60,26.5,9.34,70966.0,9860
B20275040,C60,26.5,4.9,43174.0,9860
B20275041,C60,26.5,8.05,94101.0,9860
B20275042,C60,26.5,4.9,84627.0,9860
B20275043,C60,26.5,8.4,46841.0,9860
B20275044,C60,26.5,10.0,81831.0,9860
B20275045,C60,26.5,4.9,76241.0,9860
B20275046,C60,26.5,4.9,38454.0,9860
B20275047,C60,26.5,7.0,32054.000000000004,9860
B20275048,C60,26.5,5.7,44065.0,9860
B20275049,C60,26.5,7.75,151172.0,9860
B20275050,C60,26.5,4.9,39750.0,9860
B20275051,C60,26.5,5.53,65952.0,9860
B20275052,C60,26.5,5.15,41348.0,9860
B20275053,C60,26.5,4.8,34678.0,9860
B20275054,C60,26.5,5.15,153231.0,9860
B20275055,C60,26.5,6.1,50806.0,9860
B20275056,C60,26.5,7.75,50819.0,9860
B20275057,C60,26.5,10.95,140096.0,9860
B20275058,C60,26.5,4.9,77493.0,9860
B20275059,C60,26.5,6.9,34155.0,9860
B20275060,C60,26.5,5.9,50513.0,9860
B20275061,C60,26.5,4.83,82349.0,9860
B20275062,C60,26.5,7.96,90400.0,9860
B20275063,C60,26.5,4.79,104854.0,9860
B20275064,C60,26.5,7.14,73729.0,9860
B20275065,C60,26.5,7.0,94305.0,9860
B20275066,C60,26.5,4.95,47735.0,9860
B20275067,C60,26.5,4.9,139007.0,9860
B20275068,C60,26.5,4.9,67796.0,9860
B20275069,C60,26.5,7.0,37913.0,9860
B20275070,C60,26.5,5.27,28448.0,9860
B20275071,C60,26.5,6.35,66946.0,9860
B20275072,C60,26.5,4.901,45279.0,9860
B20275073,C60,26.5,7.75,118093.0,9860
B20275074,C60,26.5,4.9,80253.0,9860
B20275075,C60,26.5,4.9,32622.0,9860
B20275076,C60,26.5,4.8,59159.0,9860
B20275077,C60,26.5,4.4,133763.0,9860
B20275078,C60,26.5,4.9,50113.0,9860
B20275079,C60,26.5,8.97,35644.0,9860
B20275080,C60,26.5,5.9,50783.0,9860
B20275081,C60,26.5,6.9,33270.0,9860
B20275082,C60,26.5,4.9,66571.0,9860
B20275083,C60,26.5,4.9,55981.0,9860
B20275084,C60,26.5,4.9,145933.0,9860
B20275085,C60,26.5,6.4,62315.0,9860
B20275086,C60,26.5,6.4,50537.0,9860
B20275087,C60,26.5,4.94,84259.0,9860
B20275088,C60,26.5,6.25,70669.0,9860
B20275089,C60,26.5,4.9,57853.0,9860
B20275090,C60,26.5,4.9,108806.0,9860
B20275091,C60,26.5,6.78,31999.0,9860
B20275092,C60,26.5,8.12,50586.0,9860
B20275093,C60,26.5,4.9,63689.0,9860
B20275094,C60,26.5,4.5,51023.0,9860
B20275095,C60,26.5,5.6,32274.0,9860
B20275096,C60,26.5,4.8,45019.0,9860
B20275097,C60,26.5,4.9,50079.0,9860
B20275098,C60,26.5,4.9,50100.0,9860
B20275099,C60,26.5,7.0,24415.0,9860
B20275100,C60,26.5,4.9,92207.0,9860
B20275101,C60,26.5,4.3,96479.0,9860
B20275102,C60,26.5,9.34,32654.000000000004,9860
B20275103,C60,26.5,4.9,28057.0,9860
B20275104,C60,26.5,7.3,27026.0,9860
B20275105,C60,26.5,6.55,62300.0,9860
B20275106,C60,26.5,5.3,69994.0,9860
B20275107,C60,26.5,4.9,45655.0,9860
B20275108,C60,26.5,4.901,62226.0,9860
B20275109,C60,26.5,4.9,71764.0,9860
B20275110,C60,26.5,4.5,60853.0,9860
B20275111,C60,26.5,7.08,27268.0,9860
B20275112,C60,26.5,8.2,55869.0,9860
B20275113,C60,26.5,4.9,46052.0,9860
B20275114,C60,26.5,7.9,90127.0,9860
B20275115,C60,26.5,4.9,61736.0,9860
B20275116,C60,26.5,5.3,68459.0,9860
B20275117,C60,26.5,7.0,62665.0,9860
B20275118,C60,26.5,7.75,149901.0,9860
B20275119,C60,26.5,4.9,54243.0,9860
B20275120,C60,26.5,6.6,61217.0,9860
B20275121,C60,26.5,4.9,45403.0,9860
B20275122,C60,26.5,6.9,34749.0,9860
B20275123,C60,26.5,6.1,156000.0,9860
B20275124,C60,26.5,10.86,57742.0,9860
B20275125,C60,26.5,4.9,37710.0,9860
B20275126,C60,26.5,4.9,97302.0,9860
B20275127,C60,26.5,4.9,46555.0,9860
B20275128,C60,26.5,4.7,40719.0,9860
B20275129,C60,26.5,7.08,89131.0,9860
B20275130,C60,26.5,8.65,32162.999999999996,9860
B20275131,C60,26.5,7.0,32615.000000000004,9860
B20275132,C60,26.5,7.75,65421.00000000001,9860
B20275133,C60,26.5,4.9,71170.0,9860
B20275134,C60,26.5,4.901,42453.0,9860
B20275135,C60,26.5,4.9,131778.0,9860
B20275136,C60,26.5,5.97,29031.0,9860
B20275137,C60,26.5,8.28,50615.0,9860
B20275138,C60,26.5,9.34,68681.0,9860
B20275139,C60,26.5,6.1,36203.0,9860
B20275140,C60,26.5,4.95,46696.0,9860
B20275141,C60,26.5,4.901,32436.999999999996,9860
B20275142,C60,26.5,7.0,88353.0,9860
B20275143,C60,26.5,7.75,53806.0,9860
B20275144,C60,26.5,6.1,60591.0,9860
B20275145,C60,26.5,5.9,46788.0,9860
B20275146,C60,26.5,4.9,59987.0,9860
B20275147,C60,26.5,5.9,52169.0,9860
B20275148,C60,26.5,5.8,62970.0,9860
B20275149,C60,26.5,5.9,89483.0,9860
B20275150,C60,26.5,7.75,58376.0,9860
B20275151,C60,26.5,5.9,26986.0,9860
B20275152,C60,26.5,4.9,84251.0,9860
B20275153,C60,26.5,8.1,40575.0,9860
B20275154,C60,26.5,7.75,144212.0,9860
B20275155,C60,26.5,10.5,65852.0,9860
B20275156,C60,26.5,8.05,101852.0,9860
B20275157,C60,26.5,4.9,65977.0,9860
B20275158,C60,26.5,4.901,111517.0,9860
B20275159,C60,26.5,5.2,63153.0,9860
B20275160,C60,26.5,5.9,33634.0,9860
B20275161,C60,26.5,10.5,34351.0,9860
B20275162,C60,26.5,4.9,63188.0,9860
B20275163,C60,26.5,6.1,44922.0,9860
B20275164,C60,26.5,4.675,37065.0,9860
B20275165,C60,26.5,4.9,141032.0,9860
B20275166,C60,26.5,5.3,34973.0,9860
B20275167,C60,26.5,4.9,91704.0,9860
B20275168,C60,26.5,4.901,30201.0,9860
B20275169,C60,26.5,6.14,47103.0,9860
B20275170,C60,26.5,4.97,50054.0,9860
B20275171,C60,26.5,6.1,44383.0,9860
B20275172,C60,26.5,6.55,52668.0,9860
B20275173,C60,26.5,8.15,47838.0,9860
B20275174,C60,26.5,6.4,112055.0,9860
B20275175,C60,26.5,5.9,28611.0,9860
B20275176,C60,26.5,4.9,46895.0,9860
B20275177,C60,26.5,5.47,64170.0,9860
B20275178,C60,26.5,7.75,32863.0,9860
B20275179,C60,26.5,8.78,55241.0,9860
B20275180,C60,26.5,7.9,62926.0,9860
B20275181,C60,26.5,4.9,46514.0,9860
B20275182,C60,26.5,4.9,38104.0,9860
B20275183,C60,26.5,7.4,32735.999999999996,9860
B20275184,C60,26.5,5.7,44103.0,9860
B20275185,C60,26.5,5.9,28708.0,9860
B20275186,C60,26.5,6.25,32637.0,9860
B20275187,C60,26.5,4.5,38570.0,9860
B20275188,C60,26.5,6.6,51419.0,9860
B20275189,C60,26.5,5.9,83375.0,9860
B20275190,C60,26.5,7.0,59341.0,9860
B20275191,C60,26.5,4.9,52911.0,9860
B20275192,C60,26.5,6.25,38289.0,9860
B20275193,C60,26.5,4.9,50637.0,9860
B20275194,C60,26.5,7.75,52479.0,9860
B20275195,C60,26.5,4.5,32998.0,9860
B20275196,C60,26.5,4.9,34571.0,9860
B20275197,C60,26.5,4.901,116753.0,9860
B20275198,C60,26.5,4.9,83191.0,9860
B20275199,C60,26.5,4.9,151998.0,9860
B20275200,C60,26.5,5.9,72682.0,9860
B20275201,C60,26.5,4.9,35902.0,9860
B20275202,C60,26.5,4.3,25145.0,9860
B20275203,C60,26.5,4.9,39855.0,9860
B20275204,C60,26.5,4.9,54265.0,9860
B20275205,C60,26.5,4.9,69261.0,9860
B20275206,C60,26.5,4.9,99597.0,9860
B20275207,C60,26.5,4.75,63647.0,9860
B20275208,C60,26.5,4.9,51953.0,9860
B20275209,C60,26.5,4.9,56762.0,9860
B20275210,C60,26.5,4.9,55080.0,9860
B20275211,C60,26.5,6.1,34576.0,9860
B20275212,C60,26.5,4.9,30132.0,9860
B20275213,C60,26.5,7.75,148183.0,9860
B20275214,C60,26.5,9.34,87867.0,9860
B20275215,C60,26.5,4.9,52288.0,9860
B20275216,C60,26.5,6.9,43662.0,9860
B20275217,C60,26.5,4.9,64712.0,9860
B20275218,C60,26.5,5.4,50991.0,9860
B20275219,C60,26.5,4.9,59015.0,9860
B20275220,C60,26.5,4.9,78901.0,9860
B20275221,C60,26.5,4.9,36939.0,9860
B20275222,C60,26.5,5.22,50305.0,9860
B20275223,C60,26.5,4.9,52296.0,9860
B20275224,C60,26.5,4.9,53854.0,9860
B20275225,C60,26.5,6.9,136433.0,9860
B20275226,C60,26.5,4.3,57023.0,9860
B20275227,C60,26.5,4.9,38016.0,9860
B20275228,C60,26.5,7.75,50979.0,9860
B20275229,C60,26.5,7.08,90452.0,9860
B20275230,C60,26.5,4.6,57192.0,9860
B20275231,C60,26.5,4.9,44671.0,9860
B20275232,C60,26.5,5.9,45817.0,9860
B20275233,C60,26.5,4.9,98853.0,9860
B20275234,C60,26.5,4.9,77999.0,9860
B20275235,C60,26.5,6.9,32052.0,9860
B20275236,C60,26.5,7.0,66493.0,9860
B20275237,C60,26.5,4.9,35828.0,9860
B20275238,C60,26.5,6.36,97524.0,9860
B20275239,C60,26.5,6.9,99886.0,9860
B20275240,C60,26.5,4.8,47405.0,9860
B20275241,C60,26.5,5.9,77092.0,9860
B20275242,C60,26.5,9.52,117383.0,9860
B20275243,C60,26.5,4.9,30039.0,9860
B20275244,C60,26.5,4.9,40680.0,9860
B20275245,C60,26.5,4.9,55578.0,9860
B20275246,C60,26.5,6.35,68470.0,9860
B20275247,C60,26.5,4.9,51742.0,9860
B20275248,C60,26.5,7.86,57993.0,9860
B20275249,C60,26.5,4.9,49388.0,9860
B20275250,C60,26.5,11.3,26653.0,9860
B20275251,C60,26.5,5.9,86153.0,9860
B20275252,C60,26.5,7.08,92921.0,9860
B20275253,C60,26.5,7.75,93741.0,9860
B20275254,C60,26.5,6.1,106258.0,9860
B20275255,C60,26.5,4.9,126469.0,9860
B20275256,C60,26.5,4.9,50299.0,9860
B20275257,C60,26.5,6.6,52423.0,9860
B20275258,C60,26.5,7.65,122048.0,9860
B20275259,C60,26.5,6.4,79006.0,9860
B20275260,C60,26.5,7.75,154956.0,9860
B20275261,C60,26.5,6.9,28885.0,9860
B20275262,C60,26.5,4.901,59250.0,9860
B20275263,C60,26.5,4.83,83058.0,9860
B20275264,C60,26.5,7.0,56072.0,9860
B20275265,C60,26.5,4.9,73408.0,9860
B20275266,C60,26.5,6.4,35384.0,9860
B20275267,C60,26.5,4.9,44718.0,9860
B20275268,C60,26.5,6.3,35792.0,9860
B20275269,C60,26.5,4.78,75847.0,9860
B20275270,C60,26.5,8.97,107244.0,9860
B20275271,C60,26.5,6.28,37538.0,9860
B20275272,C60,26.5,11.4,45328.0,9860
B20275273,C60,26.5,5.9,40697.0,9860
B20275274,C60,26.5,6.4,58355.0,9860
B20275275,C60,26.5,6.1,90754.0,9860
B20275276,C60,26.5,4.94,46295.0,9860
B20275277,C60,26.5,4.901,73059.0,9860
B20275278,C60,26.5,4.9,82972.0,9860
B20275279,C60,26.5,4.9,39270.0,9860
B20275280,C60,26.5,4.901,115625.0,9860
B20275281,C60,26.5,6.65,130448.00000000001,9860
B20275282,C60,26.5,3.8,39534.0,9860
B20275283,C60,26.5,6.4,86820.0,9860
B20275284,C60,26.5,5.9,38613.0,9860
B20275285,C60,26.5,4.9,80164.0,9860
B20275286,C60,26.5,4.9,40460.0,9860
B20275287,C60,26.5,5.15,117206.0,9860
B20275288,C60,26.5,4.9,87594.0,9860
B20275289,C60,26.5,4.9,58569.0,9860
B20275290,C60,26.5,4.9,47769.0,9860
B20275291,C60,26.5,8.4,33702.0,9860
B20275292,C60,26.5,5.9,33079.0,9860
B20275293,C60,26.5,7.75,50836.0,9860
B20275294,C60,26.5,4.3,46855.0,9860
B20275295,C60,26.5,5.06,37265.0,9860
B20275296,C60,26.5,10.5,32289.0,9860
B20275297,C60,26.5,6.4,62338.0,9860
B20275298,C60,26.5,4.901,62717.0,9860
B20275299,C60,26.5,5.9,52020.0,9860
B20275300,C60,26.5,6.4,55513.0,9860
B20275301,C60,26.5,6.0,38929.0,9860
B20275302,C60,26.5,4.9,61370.0,9860
B20275303,C60,26.5,7.75,35056.0,9860
B20275304,C60,26.5,8.97,53653.0,9860
B20275305,C60,26.5,6.4,26986.0,9860
B20275306,C60,26.5,4.9,88136.0,9860
B20275307,C60,26.5,5.33,44271.0,9860
B20275308,C60,26.5,6.0,39724.0,9860
B20275309,C60,26.5,4.9,64313.99999999999,9860
B20275310,C60,26.5,4.9,33438.0,9860
B20275311,C60,26.5,4.9,33752.0,9860
B20275312,C60,26.5,6.0,43503.0,9860
B20275313,C60,26.5,4.9,59124.0,9860
B20275314,C60,26.5,4.9,37366.0,9860
B20275315,C60,26.5,4.9,62605.0,9860
B20275316,C60,26.5,4.9,57130.0,9860
B20275317,C60,26.5,7.4,25452.0,9860
B20275318,C60,26.5,6.4,34131.0,9860
B20275319,C60,26.5,4.9,27968.0,9860
B20275320,C60,26.5,4.96,40735.0,9860
B20275321,C60,26.5,4.8,39386.0,9860
B20275322,C60,26.5,4.9,146881.0,9860
B20275323,C60,26.5,5.9,44696.0,9860
B20275324,C60,26.5,4.9,76050.0,9860
B20275325,C60,26.5,6.4,35834.0,9860
B20275326,C60,26.5,4.9,65972.0,9860
B20275327,C60,26.5,4.8,62753.0,9860
B20275328,C60,26.5,7.9,32674.0,9860
B20275329,C60,26.5,5.53,44652.0,9860
B20275330,C60,26.5,4.79,100195.0,9860
B20275331,C60,26.5,4.9,66693.0,9860
B20275332,C60,26.5,4.9,55021.0,9860
B20275333,C60,26.5,6.9,34864.0,9860
B20275334,C60,26.5,6.1,107839.0,9860
B20275335,C60,26.5,5.08,40378.0,9860
B20275336,C60,26.5,4.9,56348.0,9860
B20275337,C60,26.5,4.9,75293.0,9860
B20275338,C60,26.5,4.94,86997.0,9860
B20275339,C60,26.5,4.9,53810.0,9860
B20275340,C60,26.5,4.9,135869.0,9860
B20275341,C60,26.5,10.06,51622.0,9860
B20275342,C60,26.5,4.9,29995.0,9860
B20275343,C60,26.5,4.9,92106.0,9860
B20275344,C60,26.5,4.9,32220.0,9860
B20275345,C60,26.5,8.1,97363.0,9860
B20275346,C60,26.5,5.4,33102.0,9860
B20275347,C60,26.5,6.4,40099.0,9860
B20275348,C60,26.5,4.9,44315.0,9860
B20275349,C60,26.5,5.33,47336.0,9860
B20275350,C60,26.5,4.9,102700.0,9860
B20275351,C60,26.5,9.34,30621.0,9860
B20275352,C60,26.5,5.33,135083.0,9860
B20275353,C60,26.5,4.9,83961.0,9860
B20275354,C60,26.5,4.9,40874.0,9860
B20275355,C60,26.5,7.9,87378.0,9860
B20275356,C60,26.5,4.9,92689.0,9860
B20275357,C60,26.5,6.4,50297.0,9860
B20275358,C60,26.5,4.9,35025.0,9860
B20275359,C60,26.5,6.74,49541.0,9860
B20275360,C60,26.5,6.4,46687.0,9860
B20275361,C60,26.5,5.9,40106.0,9860
B20275362,C60,26.5,6.68,62801.0,9860
B20275363,C60,26.5,4.9,41484.0,9860
B20275364,C60,26.5,7.96,44307.0,9860
B20275365,C60,26.5,6.4,39399.0,9860
B20275366,C60,26.5,4.9,44617.0,9860
B20275367,C60,26.5,4.4,150212.0,9860
B20275368,C60,26.5,4.9,61274.0,9860
B20275369,C60,26.5,8.15,71910.0,9860
B20275370,C60,26.5,4.9,45851.0,9860
B20275371,C60,26.5,10.86,96361.0,9860
B20275372,C60,26.5,4.9,57844.0,9860
B20275373,C60,26.5,4.75,32448.999999999996,9860
B20275374,C60,26.5,7.95,47975.0,9860
B20275375,C60,26.5,4.9,127534.0,9860
B20275376,C60,26.5,4.9,57171.0,9860
B20275377,C60,26.5,5.33,45297.0,9860
B20275378,C60,26.5,4.9,131203.0,9860
B20275379,C60,26.5,4.901,83442.0,9860
B20275380,C60,26.5,4.9,34691.0,9860
B20275381,C60,26.5,4.9,34740.0,9860
B20275382,C60,26.5,4.9,109372.0,9860
B20275383,C60,26.5,6.1,53404.0,9860
B20275384,C60,26.5,11.0,82367.0,9860
B20275385,C60,26.5,10.06,53562.0,9860
B20275386,C60,26.5,4.9,77552.0,9860
B20275387,C60,26.5,5.05,44759.0,9860
B20275388,C60,26.5,6.55,67632.0,9860
B20275389,C60,26.5,6.8,46166.0,9860
B20275390,C60,26.5,4.901,81728.0,9860
B20275391,C60,26.5,7.0,137252.0,9860
B20275392,C60,26.5,4.9,82308.0,9860
B20275393,C60,26.5,5.0,85830.0,9860
B20275394,C60,26.5,6.4,44720.0,9860
B20275395,C60,26.5,4.4,46337.0,9860
B20275396,C60,26.5,4.9,27240.0,9860
B20275397,C60,26.5,5.06,36274.0,9860
B20275398,C60,26.5,4.9,30113.0,9860
B20275399,C60,26.5,4.9,39487.0,9860
B20275400,C60,26.5,4.9,61084.0,9860
B20275401,C60,26.5,6.55,69510.0,9860
B20275402,C60,26.5,4.9,46264.0,9860
B20275403,C60,26.5,5.9,51617.0,9860
B20275404,C60,26.5,4.9,41928.0,9860
B20275405,C60,26.5,7.0,112837.0,9860
B20275406,C60,26.5,6.25,147586.0,9860
B20275407,C60,26.5,4.9,82436.0,9860
B20275408,C60,26.5,7.0,49832.0,9860
B20275409,C60,26.5,5.9,33508.0,9860
B20275410,C60,26.5,5.3,33805.0,9860
B20275411,C60,26.5,4.9,33247.0,9860
B20275412,C60,26.5,5.0,64953.0,9860
B20275413,C60,26.5,6.28,74504.0,9860
B20275414,C60,26.5,4.9,46263.0,9860
B20275415,C60,26.5,4.9,33387.0,9860
B20275416,C60,26.5,6.1,138969.0,9860
B20275417,C60,26.5,4.9,66934.0,9860
B20275418,C60,26.5,4.9,50181.0,9860
B20275419,C60,26.5,6.4,94283.0,9860
B20275420,C60,26.5,4.6,59252.0,9860
B20275421,C60,26.5,7.75,52113.0,9860
B20275422,C60,26.5,4.9,67470.0,9860
B20275423,C60,26.5,4.9,51488.0,9860
B20275424,C60,26.5,4.5,76424.0,9860
B20275425,C60,26.5,10.0,58904.0,9860
B20275426,C60,26.5,6.4,41392.0,9860
B20275427,C60,26.5,5.0,102718.0,9860
B20275428,C60,26.5,6.6,93115.0,9860
B20275429,C60,26.5,4.8,50171.0,9860
B20275430,C60,26.5,5.7,46566.0,9860
B20275431,C60,26.5,5.5,48763.0,9860
B20275432,C60,26.5,4.9,75600.0,9860
B20275433,C60,26.5,9.54,28429.0,9860
B20275434,C60,26.5,7.0,104102.0,9860
B20275435,C60,26.5,4.9,149127.0,9860
B20275436,C60,26.5,5.6,37737.0,9860
B20275437,C60,26.5,4.9,45119.0,9860
B20275438,C60,26.5,4.9,37724.0,9860
B20275439,C60,26.5,6.3,76435.0,9860
B20275440,C60,26.5,10.5,35927.0,9860
B20275441,C60,26.5,4.9,39317.0,9860
B20275442,C60,26.5,4.9,33442.0,9860
B20275443,C60,26.5,4.9,57008.0,9860
B20275444,C60,26.5,5.0,38454.0,9860
B20275445,C60,26.5,7.95,73873.0,9860
B20275446,C60,26.5,11.0,32515.0,9860
B20275447,C60,26.5,6.4,51472.0,9860
B20275448,C60,26.5,9.0,100506.0,9860
B20275449,C60,26.5,4.9,39622.0,9860
B20275450,C60,26.5,4.45,60437.0,9860
B20275451,C60,26.5,10.95,56926.0,9860
B20275452,C60,26.5,5.97,32377.000000000004,9860
B20275453,C60,26.5,4.9,129741.99999999999,9860
B20275454,C60,26.5,7.75,33585.0,9860
B20275455,C60,26.5,6.4,59151.0,9860
B20275456,C60,26.5,4.6,99351.0,9860
B20275457,C60,26.5,4.9,99818.0,9860
B20275458,C60,26.5,7.0,63799.0,9860
B20275459,C60,26.5,4.9,43789.0,9860
B20275460,C60,26.5,5.9,50484.0,9860
B20275461,C60,26.5,4.9,41437.0,9860
B20275462,C60,26.5,4.901,54986.0,9860
B20275463,C60,26.5,4.9,48540.0,9860
B20275464,C60,26.5,6.0,53151.0,9860
B20275465,C60,26.5,4.9,76083.0,9860
B20275466,C60,26.5,7.75,105600.0,9860
B20275467,C60,26.5,11.54,58463.0,9860
B20275468,C60,26.5,10.06,63322.0,9860
B20275469,C60,26.5,6.1,72417.0,9860
B20275470,C60,26.5,4.8,39391.0,9860
B20275471,C60,26.5,6.1,60875.0,9860
B20275472,C60,26.5,4.9,30045.0,9860
B20275473,C60,26.5,4.9,39322.0,9860
B20275474,C60,26.5,4.9,136586.0,9860
B20275475,C60,26.5,4.675,59705.0,9860
B20275476,C60,26.5,4.9,90737.0,9860
B20275477,C60,26.5,4.9,41680.0,9860
B20275478,C60,26.5,5.9,63811.0,9860
B20275479,C60,26.5,7.0,113948.0,9860
B20275480,C60,26.5,7.96,78862.0,9860
B20275481,C60,26.5,6.15,50610.0,9860
B20275482,C60,26.5,6.9,107964.0,9860
B20275483,C60,26.5,6.0,32734.0,9860
B20275484,C60,26.5,4.9,72493.0,9860
B20275485,C60,26.5,4.901,40420.0,9860
B20275486,C60,26.5,4.93,37822.0,9860
B20275487,C60,26.5,4.9,47383.0,9860
B20275488,C60,26.5,4.9,29459.0,9860
B20275489,C60,26.5,11.05,23483.0,9860
B20275490,C60,26.5,4.9,115101.0,9860
B20275491,C60,26.5,4.9,31697.0,9860
B20275492,C60,26.5,4.9,78797.0,9860
B20275493,C60,26.5,4.9,34724.0,9860
B20275494,C60,26.5,4.15,44167.0,9860
B20275495,C60,26.5,4.9,42121.0,9860
B20275496,C60,26.5,4.9,29348.0,9860
B20275497,C60,26.5,6.74,132029.0,9860
B20275498,C60,26.5,4.7,54562.0,9860
B20275499,C60,26.5,4.9,94745.0,9860
B20275500,C60,26.5,5.6,155265.0,9860
B20275501,C60,26.5,6.4,34227.0,9860
B20275502,C60,26.5,5.53,41270.0,9860
B20275503,C60,26.5,5.8,52269.0,9860
B20275504,C60,26.5,6.3,30900.0,9860
B20275505,C60,26.5,4.9,37630.0,9860
B20275506,C60,26.5,7.96,85097.0,9860
B20275507,C60,26.5,5.0,106138.0,9860
B20275508,C60,26.5,6.25,33866.0,9860
B20275509,C60,26.5,6.1,69598.0,9860
B20275510,C60,26.5,5.2,35910.0,9860
B20275511,C60,26.5,4.9,44524.0,9860
B20275512,C60,26.5,4.9,49827.0,9860
B20275513,C60,26.5,4.9,110304.0,9860
B20275514,C60,26.5,6.4,55318.0,9860
B20275515,C60,26.5,6.85,37511.0,9860
B20275516,C60,26.5,6.1,43862.0,9860
B20275517,C60,26.5,4.901,117871.0,9860
B20275518,C60,26.5,6.4,34975.0,9860
B20275519,C60,26.5,5.9,60873.0,9860
B20275520,C60,26.5,9.34,45478.0,9860
B20275521,C60,26.5,10.95,35232.0,9860
B20275522,C60,26.5,4.9,49277.0,9860
B20275523,C60,26.5,4.9,104610.0,9860
B20275524,C60,26.5,4.9,52618.0,9860
B20275525,C60,26.5,4.9,25906.0,9860
B20275526,C60,26.5,7.75,150750.0,9860
B20275527,C60,26.5,7.0,97200.0,9860
B20275528,C60,26.5,6.1,85886.0,9860
B20275529,C60,26.5,6.55,69336.0,9860
B20275530,C60,26.5,4.9,63445.0,9860
B20275531,C60,26.5,4.675,58226.0,9860
B20275532,C60,26.5,7.0,38836.0,9860
B20275533,C60,26.5,4.5,32238.0,9860
B20275534,C60,26.5,4.8,85457.0,9860
B20275535,C60,26.5,4.9,133473.0,9860
B20275536,C60,26.5,4.8,36798.0,9860
B20275537,C60,26.5,6.4,33713.0,9860
B20275538,C60,26.5,6.9,33008.0,9860
B20275539,C60,26.5,4.9,94393.0,9860
B20275540,C60,26.5,4.3,69011.0,9860
B20275541,C60,26.5,4.9,32225.0,9860
B20275542,C60,26.5,4.9,31831.0,9860
B20275543,C60,26.5,4.9,46504.0,9860
B20275544,C60,26.5,6.1,152935.0,9860
B20275545,C60,26.5,4.901,70078.0,9860
B20275546,C60,26.5,7.75,99985.0,9860
B20275547,C60,26.5,6.1,43059.0,9860
B20275548,C60,26.5,4.8,31863.0,9860
B20275549,C60,26.5,4.8,41934.0,9860
B20275550,C60,26.5,7.0,94887.0,9860
B20275551,C60,26.5,4.9,33224.0,9860
B20275552,C60,26.5,7.9,131975.0,9860
B20275553,C60,26.5,4.9,53868.0,9860
B20275554,C60,26.5,4.42,80160.0,9860
B20275555,C60,26.5,4.9,42067.0,9860
B20275556,C60,26.5,7.0,142791.0,9860
B20275557,C60,26.5,4.9,49925.0,9860
B20275558,C60,26.5,4.9,97541.0,9860
B20275559,C60,26.5,6.9,53418.0,9860
B20275560,C60,26.5,6.84,34838.0,9860
B20275561,C60,26.5,7.95,46064.0,9860
B20275562,C60,26.5,5.2,45411.0,9860
B20275563,C60,26.5,6.36,100426.0,9860
B20275564,C60,26.5,8.12,53508.0,9860
B20275565,C60,26.5,4.9,40734.0,9860
B20275566,C60,26.5,4.9,73397.0,9860
B20275567,C60,26.5,6.4,62845.0,9860
B20275568,C60,26.5,4.7,41004.0,9860
B20275569,C60,26.5,4.9,79973.0,9860
B20275570,C60,26.5,6.9,35153.0,9860
B20275571,C60,26.5,4.9,26213.0,9860
B20275572,C60,26.5,5.27,44699.0,9860
B20275573,C60,26.5,6.1,56264.0,9860
B20275574,C60,26.5,4.9,74469.0,9860
B20275575,C60,26.5,4.9,41849.0,9860
B20275576,C60,26.5,6.4,62943.0,9860
B20275577,C60,26.5,4.9,74136.0,9860
B20275578,C60,26.5,4.9,90316.0,9860
B20275579,C60,26.5,4.9,52918.0,9860
B20275580,C60,26.5,5.9,50249.0,9860
B20275581,C60,26.5,6.1,32545.0,9860
B20275582,C60,26.5,7.0,44163.0,9860
B20275583,C60,26.5,4.9,27625.0,9860
B20275584,C60,26.5,8.3,33938.0,9860
B20275585,C60,26.5,4.5,38524.0,9860
B20275586,C60,26.5,4.9,108070.0,9860
B20275587,C60,26.5,4.9,61358.0,9860
B20275588,C60,26.5,6.9,99403.0,9860
B20275589,C60,26.5,4.9,51729.0,9860
B20275590,C60,26.5,5.9,32911.0,9860
B20275591,C60,26.5,4.9,127389.0,9860
B20275592,C60,26.5,6.1,152079.0,9860
B20275593,C60,26.5,4.9,73179.0,9860
B20275594,C60,26.5,6.4,109962.0,9860
B20275595,C60,26.5,4.901,64857.0,9860
B20275596,C60,26.5,4.5,152953.0,9860
B20275597,C60,26.5,4.9,49583.0,9860
B20275598,C60,26.5,4.9,101317.0,9860
B20275599,C60,26.5,6.0,46251.0,9860
B20275600,C60,26.5,11.05,24212.0,9860
B20275601,C60,26.5,5.9,59913.0,9860
B20275602,C60,26.5,3.9,43898.0,9860
B20275603,C60,26.5,7.75,149740.0,9860
B20275604,C60,26.5,4.55,34130.0,9860
B20275605,C60,26.5,4.9,36198.0,9860
B20275606,C60,26.5,4.9,43193.0,9860
B20275607,C60,26.5,4.3,41077.0,9860
B20275608,C60,26.5,4.7,33195.0,9860
B20275609,C60,26.5,4.9,40418.0,9860
B20275610,C60,26.5,6.4,42794.0,9860
B20275611,C60,26.5,6.4,42166.0,9860
B20275612,C60,26.5,8.9,36782.0,9860
B20275613,C60,26.5,5.9,93319.0,9860
B20275614,C60,26.5,5.1,56928.0,9860
B20275615,C60,26.5,11.0,36847.0,9860
B20275616,C60,26.5,4.9,77687.0,9860
B20275617,C60,26.5,4.9,35310.0,9860
B20275618,C60,26.5,4.9,80324.0,9860
B20275619,C60,26.5,8.13,37659.0,9860
B20275620,C60,26.5,4.901,147037.0,9860
B20275621,C60,26.5,6.4,29340.0,9860
B20275622,C60,26.5,4.9,57884.0,9860
B20275623,C60,26.5,4.9,29628.0,9860
B20275624,C60,26.5,4.9,86262.0,9860
B20275625,C60,26.5,4.901,119704.0,9860
B20275626,C60,26.5,4.9,46098.0,9860
B20275627,C60,26.5,7.0,112764.0,9860
B20275628,C60,26.5,4.55,33265.0,9860
B20275629,C60,26.5,8.4,45386.0,9860
B20275630,C60,26.5,4.9,82562.0,9860
B20275631,C60,26.5,10.5,37322.0,9860
B20275632,C60,26.5,5.7,48093.0,9860
B20275633,C60,26.5,4.9,130775.0,9860
B20275634,C60,26.5,4.9,64623.00000000001,9860
B20275635,C60,26.5,4.6,26340.0,9860
B20275636,C60,26.5,4.9,40518.0,9860
B20275637,C60,26.5,6.78,53633.0,9860
B20275638,C60,26.5,4.9,28233.0,9860
B20275639,C60,26.5,5.15,34143.0,9860
B20275640,C60,26.5,7.4,87197.0,9860
B20275641,C60,26.5,8.05,64066.99999999999,9860
B20275642,C60,26.5,4.9,34875.0,9860
B20275643,C60,26.5,4.9,26814.0,9860
B20275644,C60,26.5,5.9,53700.0,9860
B20275645,C60,26.5,6.1,33981.0,9860
B20275646,C60,26.5,5.9,34793.0,9860
B20275647,C60,26.5,4.9,47268.0,9860
B20275648,C60,26.5,5.06,124539.0,9860
B20275649,C60,26.5,6.1,64229.0,9860
B20275650,C60,26.5,4.901,28128.0,9860
B20275651,C60,26.5,4.9,95753.0,9860
B20275652,C60,26.5,5.06,59991.0,9860
B20275653,C60,26.5,6.0,26789.0,9860
B20275654,C60,26.5,5.9,60933.0,9860
B20275655,C60,26.5,4.9,40863.0,9860
B20275656,C60,26.5,4.9,92446.0,9860
B20275657,C60,26.5,5.6,74082.0,9860
B20275658,C60,26.5,6.65,39094.0,9860
B20275659,C60,26.5,4.9,156000.0,9860
B20275660,C60,26.5,7.0,94232.0,9860
B20275661,C60,26.5,4.9,47209.0,9860
B20275662,C60,26.5,5.0,62046.0,9860
B20275663,C60,26.5,6.4,35613.0,9860
B20275664,C60,26.5,4.9,52223.0,9860
B20275665,C60,26.5,8.05,57885.0,9860
B20275666,C60,26.5,6.4,93189.0,9860
B20275667,C60,26.5,4.8,72160.0,9860
B20275668,C60,26.5,5.2,37639.0,9860
B20275669,C60,26.5,4.9,141107.0,9860
B20275670,C60,26.5,4.5,59141.0,9860
B20275671,C60,26.5,4.9,29267.0,9860
B20275672,C60,26.5,4.9,57891.0,9860
B20275673,C60,26.5,5.9,56013.0,9860
B20275674,C60,26.5,4.9,31890.0,9860
B20275675,C60,26.5,5.9,54277.0,9860
B20275676,C60,26.5,6.4,132429.0,9860
B20275677,C60,26.5,7.4,24850.0,9860
B20275678,C60,26.5,5.3,32549.999999999996,9860
B20275679,C60,26.5,4.97,48007.0,9860
B20275680,C60,26.5,4.94,48181.0,9860
B20275681,C60,26.5,4.3,42761.0,9860
B20275682,C60,26.5,4.9,36876.0,9860
B20275683,C60,26.5,4.93,26799.0,9860
B20275684,C60,26.5,4.9,91815.0,9860
B20275685,C60,26.5,7.9,99751.0,9860
B20275686,C60,26.5,6.4,48126.0,9860
B20275687,C60,26.5,4.9,74254.0,9860
B20275688,C60,26.5,7.4,55533.0,9860
B20275689,C60,26.5,4.9,83974.0,9860
B20275690,C60,26.5,4.9,149582.0,9860
B20275691,C60,26.5,7.0,45519.0,9860
B20275692,C60,26.5,4.9,104039.0,9860
B20275693,C60,26.5,8.23,37055.0,9860
B20275694,C60,26.5,5.9,32712.000000000004,9860
B20275695,C60,26.5,4.9,40576.0,9860
B20275696,C60,26.5,5.9,39977.0,9860
B20275697,C60,26.5,6.6,46638.0,9860
B20275698,C60,26.5,4.901,86278.0,9860
B20275699,C60,26.5,4.9,86801.0,9860
B20275700,C60,26.5,4.9,47981.0,9860
B20275701,C60,26.5,6.1,66901.0,9860
B20275702,C60,26.5,7.0,33599.0,9860
B20275703,C60,26.5,4.9,32567.0,9860
B20275704,C60,26.5,7.65,50752.0,9860
B20275705,C60,26.5,4.8,34531.0,9860
B20275706,C60,26.5,10.68,32534.999999999996,9860
B20275707,C60,26.5,4.9,33987.0,9860
B20275708,C60,26.5,10.62,40954.0,9860
B20275709,C60,26.5,4.9,107300.0,9860
B20275710,C60,26.5,4.8,32046.999999999996,9860
B20275711,C60,26.5,4.525,45948.0,9860
B20275712,C60,26.5,4.9,54300.0,9860
B20275713,C60,26.5,5.3,32442.0,9860
B20275714,C60,26.5,10.0,64322.0,9860
B20275715,C60,26.5,8.28,29797.0,9860
B20275716,C60,26.5,7.0,85520.0,9860
B20275717,C60,26.5,8.23,117938.0,9860
B20275718,C60,26.5,6.4,40691.0,9860
B20275719,C60,26.5,5.06,60277.0,9860
B20275720,C60,26.5,4.901,110629.0,9860
B20275721,C60,26.5,4.901,29068.0,9860
B20275722,C60,26.5,6.3,53966.0,9860
B20275723,C60,26.5,4.9,67700.0,9860
B20275724,C60,26.5,7.75,63834.0,9860
B20275725,C60,26.5,6.0,141883.0,9860
B20275726,C60,26.5,6.9,143398.0,9860
B20275727,C60,26.5,4.9,98163.0,9860
B20275728,C60,26.5,7.392,131548.0,9860
B20275729,C60,26.5,4.8,66354.0,9860
B20275730,C60,26.5,6.4,85910.0,9860
B20275731,C60,26.5,4.9,23588.0,9860
B20275732,C60,26.5,4.9,32090.000000000004,9860
B20275733,C60,26.5,10.9,42218.0,9860
B20275734,C60,26.5,4.9,40987.0,9860
B20275735,C60,26.5,5.0,45080.0,9860
B20275736,C60,26.5,5.3,63944.0,9860
B20275737,C60,26.5,4.9,115831.0,9860
B20275738,C60,26.5,4.9,46334.0,9860
B20275739,30C,45.0,4.901,34707.0,9860
B20275740,30C,45.0,5.08,56029.0,9860
B20275741,30C,45.0,4.9,65355.99999999999,9860
B20275742,30C,45.0,6.6,40115.0,9860
B20275743,30C,45.0,4.9,44186.0,9860
B20275744,30C,45.0,4.9,26032.0,9860
B20275745,30C,45.0,4.9,31253.0,9860
B20275746,30C,45.0,4.9,31552.0,9860
B20275747,30C,45.0,6.401,22458.0,9860
B20275748,30C,45.0,4.9,44829.0,9860
B20275749,30C,45.0,4.9,34067.0,9860
B20275750,30C,45.0,4.9,53181.0,9860
B20275751,30C,45.0,4.7,30170.0,9860
B20275752,30C,45.0,4.9,25492.0,9860
B20275753,30C,45.0,7.9,22406.0,9860
B20275754,30C,45.0,7.4,13734.0,9860
B20275755,30C,45.0,4.6,50188.0,9860
B20275756,30C,45.0,4.94,47394.0,9860
B20275757,30C,45.0,4.9,28907.0,9860
B20275758,30C,45.0,6.4,48323.0,9860
B20275759,30C,45.0,6.4,21754.0,9860
B20275760,30C,45.0,5.08,59066.0,9860
B20275761,30C,45.0,5.3,75004.0,9860
B20275762,30C,45.0,4.9,54414.0,9860
B20275763,30C,45.0,4.9,49064.0,9860
B20275764,30C,45.0,4.9,39437.0,9860
B20275765,30C,45.0,5.9,79335.0,9860
B20275766,30C,45.0,5.3,23205.0,9860
B20275767,30C,45.0,4.9,30523.0,9860
B20275768,30C,45.0,4.9,42114.0,9860
B20275769,30C,45.0,4.9,65171.00000000001,9860
B20275770,30C,45.0,4.9,34729.0,9860
B20275771,30C,45.0,8.2,57094.0,9860
B20275772,30C,45.0,4.42,22595.0,9860
B20275773,30C,45.0,9.54,27693.0,9860
B20275774,30C,45.0,5.15,22252.0,9860
B20275775,30C,45.0,5.2,27299.0,9860
B20275776,30C,45.0,6.4,145563.0,9860
B20275777,30C,45.0,6.7,26190.0,9860
B20275778,30C,45.0,9.52,27461.0,9860
B20275779,30C,45.0,6.4,58802.0,9860
B20275780,30C,45.0,7.08,33884.0,9860
B20275781,30C,45.0,7.0,111403.0,9860
B20275782,30C,45.0,6.4,132635.0,9860
B20275783,30C,45.0,12.3,20431.0,9860
B20275784,30C,45.0,4.9,66624.0,9860
B20275785,30C,45.0,4.9,28498.0,9860
B20275786,30C,45.0,4.9,15070.0,9860
B20275787,30C,45.0,4.9,36379.0,9860
B20275788,30C,45.0,4.9,45279.0,9860
B20275789,30C,45.0,6.3,27414.0,9860
B20275790,30C,45.0,6.28,41395.0,9860
B20275791,30C,45.0,4.9,43310.0,9860
B20275792,30C,45.0,4.6,16102.0,9860
B20275793,30C,45.0,4.9,34240.0,9860
B20275794,30C,45.0,4.9,124450.0,9860
B20275795,30C,45.0,4.815,19888.0,9860
B20275796,30C,45.0,4.9,15936.0,9860
B20275797,30C,45.0,4.9,47096.0,9860
B20275798,30C,45.0,5.4,48240.0,9860
B20275799,30C,45.0,4.9,38944.0,9860
B20275800,30C,45.0,5.9,42447.0,9860
B20275801,30C,45.0,6.4,135299.0,9860
B20275802,30C,45.0,10.9,44527.0,9860
B20275803,30C,45.0,4.9,33422.0,9860
B20275804,30C,45.0,4.9,30018.0,9860
B20275805,30C,45.0,4.9,101430.0,9860
B20275806,30C,45.0,7.9,22037.0,9860
B20275807,30C,45.0,6.4,32850.0,9860
B20275808,30C,45.0,6.401,47305.0,9860
B20275809,30C,45.0,4.901,47915.0,9860
B20275810,30C,45.0,4.9,146726.0,9860
B20275811,30C,45.0,9.54,15374.0,9860
B20275812,30C,45.0,4.9,48518.0,9860
B20275813,30C,45.0,5.15,27260.0,9860
B20275814,30C,45.0,7.08,55254.0,9860
B20275815,30C,45.0,8.97,58365.0,9860
B20275816,30C,45.0,6.4,15560.0,9860
B20275817,30C,45.0,5.9,79600.0,9860
B20275818,30C,45.0,4.9,62952.0,9860
B20275819,30C,45.0,4.7,58676.0,9860
B20275820,30C,45.0,4.9,109572.0,9860
B20275821,30C,45.0,5.9,38092.0,9860
B20275822,30C,45.0,9.54,29423.0,9860
B20275823,30C,45.0,4.6,50606.0,9860
B20275824,30C,45.0,4.9,44288.0,9860
B20275825,30C,45.0,5.9,60761.0,9860
B20275826,30C,45.0,10.0,36227.0,9860
B20275827,30C,45.0,4.9,46962.0,9860
B20275828,30C,45.0,6.28,54259.0,9860
B20275829,30C,45.0,4.9,123841.0,9860
B20275830,30C,45.0,5.7,35663.0,9860
B20275831,30C,45.0,4.9,97716.0,9860
B20275832,30C,45.0,5.7,35404.0,9860
B20275833,30C,45.0,4.795,21831.0,9860
B20275834,30C,45.0,4.9,31040.0,9860
B20275835,30C,45.0,4.94,22364.0,9860
B20275836,30C,45.0,4.9,33543.0,9860
B20275837,30C,45.0,7.2,25230.0,9860
B20275838,30C,45.0,4.5,29293.0,9860
B20275839,30C,45.0,7.2,26348.0,9860
B20275840,30C,45.0,4.9,31551.0,9860
B20275841,30C,45.0,5.15,28331.0,9860
B20275842,30C,45.0,4.83,17148.0,9860
B20275843,30C,45.0,5.2,31807.0,9860
B20275844,30C,45.0,5.33,40664.0,9860
B20275845,30C,45.0,6.4,59300.0,9860
B20275846,30C,45.0,6.35,60478.0,9860
B20275847,30C,45.0,7.2,27903.0,9860
B20275848,30C,45.0,4.9,31919.0,9860
B20275849,30C,45.0,4.9,23163.0,9860
B20275850,30C,45.0,4.5,30333.0,9860
B20275851,30C,45.0,6.4,119036.0,9860
B20275852,30C,45.0,4.93,91435.0,9860
B20275853,30C,45.0,4.9,21681.0,9860
B20275854,30C,45.0,5.53,93519.0,9860
B20275855,30C,45.0,4.9,42282.0,9860
B20275856,30C,45.0,4.9,53708.0,9860
B20275857,30C,45.0,4.9,46141.0,9860
B20275858,30C,45.0,5.0,35140.0,9860
B20275859,30C,45.0,6.9,29337.0,9860
B20275860,30C,45.0,4.9,29700.0,9860
B20275861,30C,45.0,6.4,50596.0,9860
B20275862,30C,45.0,4.9,62182.0,9860
B20275863,30C,45.0,5.53,21537.0,9860
B20275864,30C,45.0,4.9,124910.0,9860
B20275865,30C,45.0,6.54,55852.0,9860
B20275866,30C,45.0,8.97,38943.0,9860
B20275867,30C,45.0,8.2,22852.0,9860
B20275868,30C,45.0,5.3,23275.0,9860
B20275869,30C,45.0,6.1,54057.0,9860
B20275870,30C,45.0,6.3,24402.0,9860
B20275871,30C,45.0,5.9,77554.0,9860
B20275872,30C,45.0,6.4,30408.0,9860
B20275873,30C,45.0,7.0,29582.0,9860
B20275874,30C,45.0,4.901,74830.0,9860
B20275875,30C,45.0,4.9,49035.0,9860
B20275876,30C,45.0,7.9,25844.0,9860
B20275877,30C,45.0,4.9,20426.0,9860
B20275878,30C,45.0,8.1,24193.0,9860
B20275879,30C,45.0,4.675,28650.0,9860
B20275880,30C,45.0,4.94,93613.0,9860
B20275881,30C,45.0,10.86,22013.0,9860
B20275882,30C,45.0,6.54,59000.0,9860
B20275883,30C,45.0,6.4,28016.0,9860
B20275884,30C,45.0,5.0,89261.0,9860
B20275885,30C,45.0,4.9,46092.0,9860
B20275886,30C,45.0,4.9,45106.0,9860
B20275887,30C,45.0,4.7,29385.0,9860
B20275888,30C,45.0,10.9,21979.0,9860
B20275889,30C,45.0,4.9,25743.0,9860
B20275890,30C,45.0,4.9,28964.0,9860
B20275891,30C,45.0,5.53,25053.0,9860
B20275892,30C,45.0,4.9,87128.0,9860
B20275893,30C,45.0,4.9,137461.0,9860
B20275894,30C,45.0,4.83,70356.0,9860
B20275895,30C,45.0,6.4,40804.0,9860
B20275896,30C,45.0,4.9,114720.0,9860
B20275897,30C,45.0,4.9,81504.0,9860
B20275898,30C,45.0,4.815,43589.0,9860
B20275899,30C,45.0,4.9,63261.0,9860
B20275900,30C,45.0,5.9,81928.0,9860
B20275901,30C,45.0,4.5,29507.0,9860
B20275902,30C,45.0,4.7,56199.0,9860
B20275903,30C,45.0,8.65,23001.0,9860
B20275904,30C,45.0,4.9,127355.0,9860
B20275905,30C,45.0,4.9,98300.0,9860
B20275906,30C,45.0,4.9,15831.0,9860
B20275907,30C,45.0,4.901,22991.0,9860
B20275908,30C,45.0,5.6,48703.0,9860
B20275909,30C,45.0,6.9,29851.0,9860
B20275910,30C,45.0,9.52,46609.0,9860
B20275911,30C,45.0,6.9,39850.0,9860
B20275912,30C,45.0,4.901,34807.0,9860
B20275913,30C,45.0,7.08,18907.0,9860
B20275914,30C,45.0,5.3,34416.0,9860
B20275915,30C,45.0,5.3,21504.0,9860
B20275916,30C,45.0,4.9,24553.0,9860
B20275917,30C,45.0,5.53,46267.0,9860
B20275918,30C,45.0,4.9,62971.0,9860
B20275919,30C,45.0,7.0,34860.0,9860
B20275920,30C,45.0,4.901,59925.0,9860
B20275921,30C,45.0,6.4,128521.99999999999,9860
B20275922,30C,45.0,4.9,66935.0,9860
B20275923,30C,45.0,3.82,14970.0,9860
B20275924,30C,45.0,4.815,43390.0,9860
B20275925,30C,45.0,10.62,22124.0,9860
B20275926,30C,45.0,4.9,34357.0,9860
B20275927,30C,45.0,4.95,36052.0,9860
B20275928,30C,45.0,6.3,53727.0,9860
B20275929,30C,45.0,6.401,45617.0,9860
B20275930,30C,45.0,4.9,74367.0,9860
B20275931,30C,45.0,4.9,17138.0,9860
B20275932,30C,45.0,4.9,22282.0,9860
B20275933,30C,45.0,5.15,27757.0,9860
B20275934,30C,45.0,8.65,28933.0,9860
B20275935,30C,45.0,4.9,19588.0,9860
B20275936,30C,45.0,4.9,42014.0,9860
B20275937,30C,45.0,5.6,46845.0,9860
B20275938,30C,45.0,6.85,23247.0,9860
B20275939,30C,45.0,4.901,70072.0,9860
B20275940,30C,45.0,4.9,87223.0,9860
B20275941,30C,45.0,11.0,23193.0,9860
B20275942,30C,45.0,6.25,57226.0,9860
B20275943,30C,45.0,6.4,16590.0,9860
B20275944,30C,45.0,5.15,28232.0,9860
B20275945,30C,45.0,4.9,69104.0,9860
B20275946,30C,45.0,4.9,19849.0,9860
B20275947,30C,45.0,4.9,49788.0,9860
B20275948,30C,45.0,4.83,68695.0,9860
B20275949,30C,45.0,4.9,31421.0,9860
B20275950,30C,45.0,10.86,22383.0,9860
B20275951,30C,45.0,4.9,96533.0,9860
B20275952,30C,45.0,6.35,58183.0,9860
B20275953,30C,45.0,4.8,21556.0,9860
B20275954,30C,45.0,4.901,47084.0,9860
B20275955,30C,45.0,5.9,44827.0,9860
B20275956,30C,45.0,6.7,27638.0,9860
B20275957,30C,45.0,4.675,17613.0,9860
B20275958,30C,45.0,4.9,41824.0,9860
B20275959,30C,45.0,6.35,58070.0,9860
B20275960,30C,45.0,4.9,82050.0,9860
B20275961,30C,45.0,4.9,94489.0,9860
B20275962,30C,45.0,8.65,21590.0,9860
B20275963,30C,45.0,5.15,28362.0,9860
B20275964,30C,45.0,4.9,121493.0,9860
B20275965,30C,45.0,5.4,87382.0,9860
B20275966,30C,45.0,6.4,56476.0,9860
B20275967,30C,45.0,4.9,43332.0,9860
B20275968,30C,45.0,5.08,74851.0,9860
B20275969,30C,45.0,4.9,22064.0,9860
B20275970,30C,45.0,4.9,91603.0,9860
B20275971,30C,45.0,4.9,119578.0,9860
B20275972,30C,45.0,4.9,41196.0,9860
B20275973,30C,45.0,4.93,31733.0,9860
B20275974,30C,45.0,4.9,79139.0,9860
B20275975,30C,45.0,6.25,57802.0,9860
B20275976,30C,45.0,6.0,22815.0,9860
B20275977,30C,45.0,4.6,16513.0,9860
B20275978,30C,45.0,7.9,23280.0,9860
B20275979,30C,45.0,4.7,38970.0,9860
B20275980,30C,45.0,4.901,60313.0,9860
B20275981,30C,45.0,7.4,40416.0,9860
B20275982,30C,45.0,4.9,43441.0,9860
B20275983,30C,45.0,4.9,57981.0,9860
B20275984,30C,45.0,5.22,34438.0,9860
B20275985,30C,45.0,4.9,25511.0,9860
B20275986,30C,45.0,5.53,45676.0,9860
B20275987,30C,45.0,4.9,22087.0,9860
B20275988,30C,45.0,11.12,40545.0,9860
B20275989,30C,45.0,5.9,16784.0,9860
B20275990,30C,45.0,4.9,44074.0,9860
B20275991,30C,45.0,4.93,21793.0,9860
B20275992,30C,45.0,4.9,37143.0,9860
B20275993,30C,45.0,4.9,30066.0,9860
B20275994,30C,45.0,7.4,34881.0,9860
B20275995,30C,45.0,4.9,123580.0,9860
B20275996,30C,45.0,7.9,39551.0,9860
B20275997,30C,45.0,7.4,39269.0,9860
B20275998,30C,45.0,3.82,49735.0,9860
B20275999,30C,45.0,4.9,65042.0,9860
B20276000,30C,45.0,6.4,25453.0,9860
B20276001,30C,45.0,4.83,33681.0,9860
B20276002,30C,45.0,6.4,50103.0,9860
B20276003,30C,45.0,4.9,66421.0,9860
B20276004,30C,45.0,6.4,72239.0,9860
B20276005,30C,45.0,6.401,45245.0,9860
B20276006,30C,45.0,4.9,25730.0,9860
B20276007,30C,45.0,6.4,74508.0,9860
B20276008,30C,45.0,6.9,39442.0,9860
B20276009,30C,45.0,4.9,56196.0,9860
B20276010,30C,45.0,5.15,22590.0,9860
B20276011,30C,45.0,8.97,25776.0,9860
B20276012,30C,45.0,6.1,55221.0,9860
B20276013,30C,45.0,4.9,15779.0,9860
B20276014,30C,45.0,4.9,133233.0,9860
B20276015,30C,45.0,4.9,36099.0,9860
B20276016,30C,45.0,4.9,46173.0,9860
B20276017,30C,45.0,5.53,66097.0,9860
B20276018,30C,45.0,4.9,27502.0,9860
B20276019,30C,45.0,4.83,40763.0,9860
B20276020,30C,45.0,4.9,23104.0,9860
B20276021,30C,45.0,4.7,104971.0,9860
B20276022,30C,45.0,4.9,34591.0,9860
B20276023,30C,45.0,4.9,29289.0,9860
B20276024,30C,45.0,7.0,42784.0,9860
B20276025,30C,45.0,5.97,16624.0,9860
B20276026,30C,45.0,5.3,51767.0,9860
B20276027,30C,45.0,5.3,73985.0,9860
B20276028,30C,45.0,4.9,126191.0,9860
B20276029,30C,45.0,4.901,56123.0,9860
B20276030,30C,45.0,4.9,24177.0,9860
B20276031,30C,45.0,5.9,106632.0,9860
B20276032,30C,45.0,4.9,48188.0,9860
B20276033,30C,45.0,4.675,48864.0,9860
B20276034,30C,45.0,4.9,33896.0,9860
B20276035,30C,45.0,4.9,35032.0,9860
B20276036,30C,45.0,4.9,30493.0,9860
B20276037,30C,45.0,4.9,30301.0,9860
B20276038,30C,45.0,4.9,106160.0,9860
B20276039,30C,45.0,5.4,21673.0,9860
B20276040,30C,45.0,6.4,16433.0,9860
B20276041,30C,45.0,4.9,50065.0,9860
B20276042,30C,45.0,9.54,29362.0,9860
B20276043,30C,45.0,8.1,23261.0,9860
B20276044,30C,45.0,4.9,26096.0,9860
B20276045,30C,45.0,6.25,60649.0,9860
B20276046,30C,45.0,10.62,29443.0,9860
B20276047,30C,45.0,4.9,33445.0,9860
B20276048,30C,45.0,10.62,27528.0,9860
B20276049,30C,45.0,4.6,16626.0,9860
B20276050,30C,45.0,11.12,41157.0,9860
B20276051,30C,45.0,4.9,127972.0,9860
B20276052,30C,45.0,4.901,49886.0,9860
B20276053,30C,45.0,4.9,63413.0,9860
B20276054,30C,45.0,4.675,48216.0,9860
B20276055,30C,45.0,6.6,39906.0,9860
B20276056,30C,45.0,4.9,25718.0,9860
B20276057,30C,45.0,4.9,95273.0,9860
B20276058,30C,45.0,4.9,15968.0,9860
B20276059,30C,45.0,5.9,91796.0,9860
B20276060,30C,45.0,4.9,72926.0,9860
B20276061,30C,45.0,5.2,28100.0,9860
B20276062,30C,45.0,7.0,33975.0,9860
B20276063,30C,45.0,8.78,43660.0,9860
B20276064,30C,45.0,4.94,47212.0,9860
B20276065,30C,45.0,6.9,40156.0,9860
B20276066,30C,45.0,7.0,28397.0,9860
B20276067,30C,45.0,4.9,41395.0,9860
B20276068,30C,45.0,7.4,13451.0,9860
B20276069,30C,45.0,6.25,50434.0,9860
B20276070,30C,45.0,4.9,56341.0,9860
B20276071,30C,45.0,8.97,43619.0,9860
B20276072,30C,45.0,5.3,36537.0,9860
B20276073,30C,45.0,4.9,80246.0,9860
B20276074,30C,45.0,4.94,20328.0,9860
B20276075,30C,45.0,6.4,75644.0,9860
B20276076,30C,45.0,4.9,34907.0,9860
B20276077,30C,45.0,4.9,124618.0,9860
B20276078,30C,45.0,10.62,23206.0,9860
B20276079,30C,45.0,9.54,29245.0,9860
B20276080,30C,45.0,4.78,67872.0,9860
B20276081,30C,45.0,4.9,81197.0,9860
B20276082,30C,45.0,4.9,81410.0,9860
B20276083,30C,45.0,4.9,114100.0,9860
B20276084,30C,45.0,11.54,35958.0,9860
B20276085,30C,45.0,7.3,26492.0,9860
B20276086,30C,45.0,6.401,17751.0,9860
B20276087,30C,45.0,4.9,52953.0,9860
B20276088,30C,45.0,4.9,18376.0,9860
B20276089,30C,45.0,5.2,21194.0,9860
B20276090,30C,45.0,9.52,29341.0,9860
B20276091,30C,45.0,4.9,60689.0,9860
B20276092,30C,45.0,5.995,21788.0,9860
B20276093,30C,45.0,4.9,30021.0,9860
B20276094,30C,45.0,4.9,104370.0,9860
B20276095,30C,45.0,6.4,22842.0,9860
B20276096,30C,45.0,8.15,63464.0,9860
B20276097,30C,45.0,3.82,27384.0,9860
B20276098,30C,45.0,4.901,67138.0,9860
B20276099,30C,45.0,4.9,107291.0,9860
B20276100,30C,45.0,4.95,35109.0,9860
B20276101,30C,45.0,4.675,48193.0,9860
B20276102,30C,45.0,4.9,34050.0,9860
B20276103,30C,45.0,5.0,33393.0,9860
B20276104,30C,45.0,7.0,28630.0,9860
B20276105,30C,45.0,4.5,30440.0,9860
B20276106,30C,45.0,10.62,22725.0,9860
B20276107,30C,45.0,6.1,57651.0,9860
B20276108,30C,45.0,4.9,54921.0,9860
B20276109,30C,45.0,5.2,22925.0,9860
B20276110,30C,45.0,4.9,95702.0,9860
B20276111,30C,45.0,4.7,59164.0,9860
B20276112,30C,45.0,4.9,42955.0,9860
B20276113,30C,45.0,6.9,39066.0,9860
B20276114,30C,45.0,4.95,34821.0,9860
B20276115,30C,45.0,3.82,53271.0,9860
B20276116,30C,45.0,5.3,33870.0,9860
B20276117,30C,45.0,6.4,16363.0,9860
B20276118,30C,45.0,4.9,128074.00000000001,9860
B20276119,30C,45.0,4.94,23591.0,9860
B20276120,30C,45.0,4.94,21704.0,9860
B20276121,30C,45.0,4.9,23897.0,9860
B20276122,30C,45.0,4.9,34122.0,9860
B20276123,30C,45.0,4.9,18388.0,9860
B20276124,30C,45.0,4.6,16190.999999999998,9860
B20276125,30C,45.0,4.9,38194.0,9860
B20276126,30C,45.0,4.9,29200.0,9860
B20276127,30C,45.0,4.901,74886.0,9860
B20276128,30C,45.0,4.9,33285.0,9860
B20276129,30C,45.0,7.4,32177.999999999996,9860
B20276130,30C,45.0,4.9,30667.0,9860
B20276131,30C,45.0,4.9,40325.0,9860
B20276132,30C,45.0,4.9,30120.0,9860
B20276133,30C,45.0,4.675,23127.0,9860
B20276134,30C,45.0,4.9,62621.0,9860
B20276135,30C,45.0,4.7,43303.0,9860
B20276136,30C,45.0,6.3,20686.0,9860
B20276137,30C,45.0,4.9,104923.0,9860
B20276138,30C,45.0,4.94,21324.0,9860
B20276139,30C,45.0,4.9,29039.0,9860
B20276140,30C,45.0,10.5,33806.0,9860
B20276141,30C,45.0,6.4,143434.0,9860
B20276142,30C,45.0,4.9,67915.0,9860
B20276143,30C,45.0,4.9,39595.0,9860
B20276144,30C,45.0,6.4,37590.0,9860
B20276145,30C,45.0,5.4,22960.0,9860
B20276146,30C,45.0,4.901,50096.0,9860
B20276147,30C,45.0,8.2,45655.0,9860
B20276148,30C,45.0,9.54,14754.0,9860
B20276149,30C,45.0,4.9,38949.0,9860
B20276150,30C,45.0,4.901,30339.0,9860
B20276151,30C,45.0,4.5,29719.0,9860
B20276152,30C,45.0,4.9,35024.0,9860
B20276153,30C,45.0,8.1,22593.0,9860
B20276154,30C,45.0,4.63,100374.0,9860
B20276155,30C,45.0,7.0,48049.0,9860
B20276156,30C,45.0,4.9,49674.0,9860
B20276157,30C,45.0,6.1,57883.0,9860
B20276158,30C,45.0,4.9,23629.0,9860
B20276159,30C,45.0,6.3,28971.0,9860
B20276160,30C,45.0,4.9,24694.0,9860
B20276161,30C,45.0,7.0,66054.0,9860
B20276162,30C,45.0,4.75,54159.0,9860
B20276163,30C,45.0,4.9,24605.0,9860
B20276164,30C,45.0,4.63,42867.0,9860
B20276165,30C,45.0,4.9,23273.0,9860
B20276166,30C,45.0,4.9,37574.0,9860
B20276167,30C,45.0,4.9,64852.00000000001,9860
B20276168,30C,45.0,4.675,47911.0,9860
B20276169,30C,45.0,4.901,96911.0,9860
B20276170,30C,45.0,4.9,34776.0,9860
B20276171,30C,45.0,4.9,31153.0,9860
B20276172,30C,45.0,4.97,23332.0,9860
B20276173,30C,45.0,4.901,21378.0,9860
B20276174,30C,45.0,4.9,100453.0,9860
B20276175,30C,45.0,4.9,27080.0,9860
B20276176,30C,45.0,5.15,33355.0,9860
B20276177,30C,45.0,4.6,49421.0,9860
B20276178,30C,45.0,8.15,46238.0,9860
B20276179,30C,45.0,8.2,48437.0,9860
B20276180,30C,45.0,4.9,34480.0,9860
B20276181,30C,45.0,5.53,25201.0,9860
B20276182,30C,45.0,4.9,49023.0,9860
B20276183,30C,45.0,4.7,28750.0,9860
B20276184,30C,45.0,4.9,40338.0,9860
B20276185,30C,45.0,4.97,15807.0,9860
B20276186,30C,45.0,4.9,81991.0,9860
B20276187,30C,45.0,6.4,29979.0,9860
B20276188,30C,45.0,5.995,41534.0,9860
B20276189,30C,45.0,4.9,34592.0,9860
B20276190,30C,45.0,4.78,67131.0,9860
B20276191,30C,45.0,5.15,22343.0,9860
B20276192,30C,45.0,12.3,21444.0,9860
B20276193,30C,45.0,4.9,34222.0,9860
B20276194,30C,45.0,12.3,20836.0,9860
B20276195,30C,45.0,3.82,14639.0,9860
B20276196,30C,45.0,6.4,60700.0,9860
B20276197,30C,45.0,4.901,80989.0,9860
B20276198,30C,45.0,4.901,32020.000000000004,9860
B20276199,30C,45.0,4.8,22962.0,9860
B20276200,30C,45.0,5.7,33146.0,9860
B20276201,30C,45.0,4.9,136541.0,9860
B20276202,30C,45.0,3.8,30612.0,9860
B20276203,30C,45.0,9.54,28137.0,9860
B20276204,30C,45.0,6.4,36342.0,9860
B20276205,30C,45.0,7.08,54688.0,9860
B20276206,30C,45.0,4.9,41778.0,9860
B20276207,30C,45.0,4.93,21406.0,9860
B20276208,30C,45.0,4.9,44106.0,9860
B20276209,30C,45.0,9.54,27408.0,9860
B20276210,30C,45.0,4.525,24970.0,9860
B20276211,30C,45.0,6.3,48843.0,9860
B20276212,30C,45.0,4.9,63944.0,9860
B20276213,30C,45.0,4.9,78758.0,9860
B20276214,30C,45.0,4.9,52119.0,9860
B20276215,30C,45.0,4.7,56701.0,9860
B20276216,30C,45.0,4.9,46871.0,9860
B20276217,30C,45.0,5.15,23292.0,9860
B20276218,30C,45.0,4.675,22217.0,9860
B20276219,30C,45.0,5.9,97978.0,9860
B20276220,30C,45.0,4.9,31952.0,9860
B20276221,30C,45.0,9.34,19960.0,9860
B20276222,30C,45.0,4.94,29231.0,9860
B20276223,30C,45.0,6.4,46259.0,9860
B20276224,30C,45.0,3.82,49491.0,9860
B20276225,30C,45.0,6.25,22208.0,9860
B20276226,30C,45.0,4.9,36092.0,9860
B20276227,30C,45.0,4.9,67353.0,9860
B20276228,30C,45.0,4.63,23810.0,9860
B20276229,30C,45.0,4.9,43788.0,9860
B20276230,30C,45.0,4.9,27548.0,9860
B20276231,30C,45.0,5.33,33735.0,9860
B20276232,30C,45.0,4.9,56213.0,9860
B20276233,30C,45.0,4.9,69489.0,9860
B20276234,30C,45.0,7.3,22228.0,9860
B20276235,30C,45.0,6.9,40291.0,9860
B20276236,30C,45.0,4.9,34680.0,9860
B20276237,30C,45.0,7.9,21776.0,9860
B20276238,30C,45.0,4.901,21444.0,9860
B20276239,30C,45.0,8.1,24007.0,9860
B20276240,30C,45.0,6.4,24590.0,9860
B20276241,30C,45.0,4.9,127468.0,9860
B20276242,30C,45.0,5.55,22445.0,9860
B20276243,30C,45.0,4.9,34156.0,9860
B20276244,30C,45.0,4.9,24896.0,9860
B20276245,30C,45.0,4.9,33217.0,9860
B20276246,30C,45.0,4.901,53132.0,9860
B20276247,30C,45.0,4.78,78510.0,9860
B20276248,30C,45.0,5.2,22687.0,9860
B20276249,30C,45.0,4.9,33660.0,9860
B20276250,30C,45.0,4.9,62156.0,9860
B20276251,30C,45.0,4.9,27487.0,9860
B20276252,30C,45.0,4.9,41745.0,9860
B20276253,30C,45.0,4.9,22504.0,9860
B20276254,30C,45.0,4.9,120249.0,9860
B20276255,30C,45.0,5.53,26581.0,9860
B20276256,30C,45.0,7.0,29321.0,9860
B20276257,30C,45.0,4.9,15344.0,9860
B20276258,30C,45.0,4.9,149615.0,9860
B20276259,30C,45.0,4.9,62496.0,9860
B20276260,30C,45.0,7.0,32141.0,9860
B20276261,30C,45.0,4.9,32188.000000000004,9860
B20276262,30C,45.0,4.9,96317.0,9860
B20276263,30C,45.0,4.9,25016.0,9860
B20276264,30C,45.0,4.9,25085.0,9860
B20276265,30C,45.0,8.97,27560.0,9860
B20276266,30C,45.0,4.93,22453.0,9860
B20276267,30C,45.0,5.9,102008.0,9860
B20276268,30C,45.0,4.9,139076.0,9860
B20276269,30C,45.0,10.62,27833.0,9860
B20276270,30C,45.0,6.4,24715.0,9860
B20276271,30C,45.0,4.9,29523.0,9860
B20276272,30C,45.0,4.9,116049.0,9860
B20276273,30C,45.0,4.7,71621.0,9860
B20276274,30C,45.0,4.9,21749.0,9860
B20276275,30C,45.0,4.9,48670.0,9860
B20276276,30C,45.0,4.9,32875.0,9860
B20276277,30C,45.0,4.9,36560.0,9860
B20276278,30C,45.0,4.97,35552.0,9860
B20276279,30C,45.0,5.33,35521.0,9860
B20276280,30C,45.0,6.4,56379.0,9860
B20276281,30C,45.0,4.83,74617.0,9860
B20276282,30C,45.0,5.97,46161.0,9860
B20276283,30C,45.0,7.4,36937.0,9860
B20276284,30C,45.0,4.9,69561.0,9860
B20276285,30C,45.0,7.0,67579.0,9860
B20276286,30C,45.0,4.9,28118.0,9860
B20276287,30C,45.0,10.06,41465.0,9860
B20276288,30C,45.0,4.901,61260.0,9860
B20276289,30C,45.0,9.54,28205.0,9860
B20276290,30C,45.0,4.42,92700.0,9860
B20276291,30C,45.0,7.392,54637.0,9860
B20276292,30C,45.0,5.2,28962.0,9860
B20276293,30C,45.0,4.9,64739.99999999999,9860
B20276294,30C,45.0,4.9,65841.0,9860
B20276295,30C,45.0,4.9,30532.0,9860
B20276296,30C,45.0,6.4,16120.000000000002,9860
B20276297,30C,45.0,4.9,41513.0,9860
B20276298,30C,45.0,6.35,92836.0,9860
B20276299,30C,45.0,4.9,21979.0,9860
B20276300,30C,45.0,4.93,30273.0,9860
B20276301,30C,45.0,4.94,33824.0,9860
B20276302,30C,45.0,5.3,80022.0,9860
B20276303,30C,45.0,6.4,69015.0,9860
B20276304,30C,45.0,4.9,35144.0,9860
B20276305,30C,45.0,5.53,46239.0,9860
B20276306,30C,45.0,5.995,22301.0,9860
B20276307,30C,45.0,5.2,54484.0,9860
B20276308,30C,45.0,7.3,21603.0,9860
B20276309,30C,45.0,4.9,90830.0,9860
B20276310,30C,45.0,4.9,56481.0,9860
B20276311,30C,45.0,6.3,29508.0,9860
B20276312,30C,45.0,4.901,104048.0,9860
B20276313,30C,45.0,5.9,16637.0,9860
B20276314,30C,45.0,4.9,56788.0,9860
B20276315,30C,45.0,6.6,42292.0,9860
B20276316,30C,45.0,9.54,29554.0,9860
B20276317,30C,45.0,4.9,75102.0,9860
B20276318,30C,45.0,4.7,28544.0,9860
B20276319,30C,45.0,6.25,23246.0,9860
B20276320,30C,45.0,5.53,21972.0,9860
B20276321,30C,45.0,6.3,19104.0,9860
B20276322,30C,45.0,5.3,22721.0,9860
B20276323,30C,45.0,5.4,22902.0,9860
B20276324,30C,45.0,4.901,51634.0,9860
B20276325,30C,45.0,5.3,29473.0,9860
B20276326,30C,45.0,4.9,23360.0,9860
B20276327,30C,45.0,9.52,89392.0,9860
B20276328,30C,45.0,4.9,109764.0,9860
B20276329,30C,45.0,5.15,28753.0,9860
B20276330,30C,45.0,4.901,59008.0,9860
B20276331,30C,45.0,4.94,47313.0,9860
B20276332,30C,45.0,7.4,44270.0,9860
B20276333,30C,45.0,4.9,47366.0,9860
B20276334,30C,45.0,4.83,70567.0,9860
B20276335,30C,45.0,4.7,28780.0,9860
B20276336,30C,45.0,5.33,68978.0,9860
B20276337,30C,45.0,5.15,23136.0,9860
B20276338,30C,45.0,9.54,29211.0,9860
B20276339,30C,45.0,6.4,99011.0,9860
B20276340,30C,45.0,6.25,23047.0,9860
B20276341,30C,45.0,4.9,125153.0,9860
B20276342,30C,45.0,4.9,35183.0,9860
B20276343,30C,45.0,5.53,23004.0,9860
B20276344,30C,45.0,4.9,46367.0,9860
B20276345,30C,45.0,4.9,56315.0,9860
B20276346,30C,45.0,4.9,25479.0,9860
B20276347,30C,45.0,4.9,39054.0,9860
B20276348,30C,45.0,6.4,22048.0,9860
B20276349,30C,45.0,5.9,41588.0,9860
B20276350,30C,45.0,4.9,70175.0,9860
B20276351,30C,45.0,4.78,67967.0,9860
B20276352,30C,45.0,4.9,33870.0,9860
B20276353,30C,45.0,4.9,66800.0,9860
B20276354,30C,45.0,4.9,26895.0,9860
B20276355,30C,45.0,4.901,31708.0,9860
B20276356,30C,45.0,4.9,24072.0,9860
B20276357,30C,45.0,4.9,31663.0,9860
B20276358,30C,45.0,4.9,69971.0,9860
B20276359,30C,45.0,4.9,38099.0,9860
B20276360,30C,45.0,5.9,41403.0,9860
B20276361,30C,45.0,9.54,14704.0,9860
B20276362,30C,45.0,10.06,40782.0,9860
B20276363,30C,45.0,5.97,16811.0,9860
B20276364,30C,45.0,6.4,50425.0,9860
B20276365,30C,45.0,4.9,35850.0,9860
B20276366,30C,45.0,4.9,29744.0,9860
B20276367,30C,45.0,4.9,106085.0,9860
B20276368,30C,45.0,9.54,15102.0,9860
B20276369,30C,45.0,4.9,41598.0,9860
B20276370,30C,45.0,4.9,124395.0,9860
B20276371,30C,45.0,4.901,96557.0,9860
B20276372,30C,45.0,4.795,21580.0,9860
B20276373,30C,45.0,5.15,22040.0,9860
B20276374,30C,45.0,5.47,53823.0,9860
B20276375,30C,45.0,4.9,113154.0,9860
B20276376,30C,45.0,6.4,13203.0,9860
B20276377,30C,45.0,5.9,61737.0,9860
B20276378,30C,45.0,4.9,21827.0,9860
B20276379,30C,45.0,7.392,55714.0,9860
B20276380,30C,45.0,4.9,28185.0,9860
B20276381,30C,45.0,11.54,29086.0,9860
B20276382,30C,45.0,4.63,43314.0,9860
B20276383,30C,45.0,4.7,28591.0,9860
B20276384,30C,45.0,5.9,16061.0,9860
B20276385,30C,45.0,4.9,23791.0,9860
B20276386,30C,45.0,4.7,54824.0,9860
B20276387,30C,45.0,4.9,119594.0,9860
B20276388,30C,45.0,4.42,70700.0,9860
B20276389,30C,45.0,10.86,22895.0,9860
B20276390,30C,45.0,5.53,26165.0,9860
B20276391,30C,45.0,5.3,51794.0,9860
B20276392,30C,45.0,5.53,22582.0,9860
B20276393,30C,45.0,9.54,14888.0,9860
B20276394,30C,45.0,5.3,75834.0,9860
B20276395,30C,45.0,10.62,27220.0,9860
B20276396,30C,45.0,7.4,12986.0,9860
B20276397,30C,45.0,5.08,21610.0,9860
B20276398,30C,45.0,6.4,49143.0,9860
B20276399,30C,45.0,4.5,28752.0,9860
B20276400,30C,45.0,4.83,71173.0,9860
B20276401,30C,45.0,4.9,36999.0,9860
B20276402,30C,45.0,8.1,31356.0,9860
B20276403,30C,45.0,6.7,51404.0,9860
B20276404,30C,45.0,4.9,52572.0,9860
B20276405,30C,45.0,5.2,20217.0,9860
B20276406,30C,45.0,4.9,97945.0,9860
B20276407,30C,45.0,6.4,69955.0,9860
B20276408,30C,45.0,6.7,29487.0,9860
B20276409,30C,45.0,6.4,26228.0,9860
B20276410,30C,45.0,5.53,22005.0,9860
B20276411,30C,45.0,12.3,29189.0,9860
B20276412,30C,45.0,5.7,63873.0,9860
B20276413,30C,45.0,4.675,22128.0,9860
B20276414,30C,45.0,9.54,15655.0,9860
B20276415,30C,45.0,4.9,56690.0,9860
B20276416,30C,45.0,11.12,47505.0,9860
B20276417,30C,45.0,10.62,28282.0,9860
B20276418,30C,45.0,5.22,33663.0,9860
B20276419,30C,45.0,4.9,53422.0,9860
B20276420,30C,45.0,4.9,41366.0,9860
B20276421,30C,45.0,4.9,41396.0,9860
B20276422,30C,45.0,4.9,31514.0,9860
B20276423,30C,45.0,5.2,23162.0,9860
B20276424,30C,45.0,4.901,30511.0,9860
B20276425,30C,45.0,4.9,21651.0,9860
B20276426,30C,45.0,4.9,34550.0,9860
B20276427,30C,45.0,4.9,65260.00000000001,9860
B20276428,30C,45.0,4.9,29292.0,9860
B20276429,30C,45.0,4.901,22623.0,9860
B20276430,30C,45.0,5.0,36079.0,9860
B20276431,30C,45.0,6.3,40701.0,9860
B20276432,30C,45.0,4.9,69507.0,9860
B20276433,30C,45.0,4.9,21452.0,9860
B20276434,30C,45.0,4.9,35014.0,9860
B20276435,30C,45.0,6.4,60448.0,9860
B20276436,30C,45.0,4.9,52745.0,9860
B20276437,30C,45.0,4.94,22400.0,9860
B20276438,30C,45.0,4.9,73351.0,9860
B20276439,30C,45.0,4.675,45556.0,9860
B20276440,30C,45.0,4.901,49550.0,9860
B20276441,30C,45.0,4.815,84248.0,9860
B20276442,30C,45.0,6.4,16286.000000000002,9860
B20276443,30C,45.0,9.52,25263.0,9860
B20276444,30C,45.0,11.12,65725.0,9860
B20276445,30C,45.0,6.4,24908.0,9860
B20276446,30C,45.0,4.9,50079.0,9860
B20276447,30C,45.0,4.9,37476.0,9860
B20276448,30C,45.0,8.78,140077.0,9860
B20276449,30C,45.0,4.9,71262.0,9860
B20276450,30C,45.0,6.4,38237.0,9860
B20276451,30C,45.0,10.62,21621.0,9860
B20276452,30C,45.0,5.7,62467.0,9860
B20276453,30C,45.0,4.675,22472.0,9860
B20276454,30C,45.0,7.0,109678.0,9860
B20276455,30C,45.0,4.9,40893.0,9860
B20276456,30C,45.0,4.9,37934.0,9860
B20276457,30C,45.0,6.3,57254.0,9860
B20276458,30C,45.0,6.4,60861.0,9860
B20276459,30C,45.0,4.9,23701.0,9860
B20276460,30C,45.0,4.795,22855.0,9860
B20276461,30C,45.0,6.9,31583.0,9860
B20276462,30C,45.0,4.9,93443.0,9860
B20276463,30C,45.0,4.9,59117.0,9860
B20276464,30C,45.0,4.42,70570.0,9860
B20276465,30C,45.0,6.35,31040.0,9860
B20276466,30C,45.0,4.9,40176.0,9860
B20276467,30C,45.0,4.9,31200.0,9860
B20276468,30C,45.0,4.9,63304.0,9860
B20276469,30C,45.0,4.78,65299.00000000001,9860
B20276470,30C,45.0,4.9,44466.0,9860
B20276471,30C,45.0,4.795,28756.0,9860
B20276472,30C,45.0,10.86,29288.0,9860
B20276473,30C,45.0,8.1,116173.0,9860
B20276474,30C,45.0,4.9,47598.0,9860
B20276475,30C,45.0,5.2,28917.0,9860
B20276476,30C,45.0,4.9,43850.0,9860
B20276477,30C,45.0,4.9,34415.0,9860
B20276478,30C,45.0,4.9,31048.0,9860
B20276479,30C,45.0,6.4,55958.0,9860
B20276480,30C,45.0,6.4,106608.0,9860
B20276481,30C,45.0,10.0,73063.0,9860
B20276482,30C,45.0,4.9,109088.0,9860
B20276483,30C,45.0,4.9,100509.0,9860
B20276484,30C,45.0,6.4,34689.0,9860
B20276485,30C,45.0,4.9,95264.0,9860
B20276486,30C,45.0,4.9,100211.0,9860
B20276487,30C,45.0,8.15,56636.0,9860
B20276488,30C,45.0,4.97,38195.0,9860
B20276489,30C,45.0,4.9,40430.0,9860
B20276490,30C,45.0,5.0,23359.0,9860
B20276491,30C,45.0,6.9,30295.0,9860
B20276492,30C,45.0,10.62,26166.0,9860
B20276493,30C,45.0,5.6,48255.0,9860
B20276494,30C,45.0,11.0,22868.0,9860
B20276495,30C,45.0,9.54,15728.0,9860
B20276496,30C,45.0,4.9,102748.0,9860
B20276497,30C,45.0,5.3,46231.0,9860
B20276498,30C,45.0,6.4,59050.0,9860
B20276499,30C,45.0,4.9,42832.0,9860
B20276500,30C,45.0,5.3,16280.999999999998,9860
B20276501,30C,45.0,4.9,40817.0,9860
B20276502,30C,45.0,7.392,53937.0,9860
B20276503,30C,45.0,10.62,25782.0,9860
B20276504,30C,45.0,5.47,53617.0,9860
B20276505,30C,45.0,4.9,49048.0,9860
B20276506,30C,45.0,7.4,12845.0,9860
B20276507,30C,45.0,4.9,99362.0,9860
B20276508,30C,45.0,7.4,24640.0,9860
B20276509,30C,45.0,6.3,29323.0,9860
B20276510,30C,45.0,6.9,18355.0,9860
B20276511,30C,45.0,7.0,64780.0,9860
B20276512,30C,45.0,4.75,31055.0,9860
B20276513,30C,45.0,4.9,16030.999999999998,9860
B20276514,30C,45.0,4.42,66858.0,9860
B20276515,30C,45.0,8.97,94463.0,9860
B20276516,30C,45.0,5.9,60834.0,9860
B20276517,30C,45.0,4.7,70147.0,9860
B20276518,30C,45.0,4.901,30970.0,9860
B20276519,30C,45.0,10.62,27351.0,9860
B20276520,30C,45.0,4.9,34080.0,9860
B20276521,30C,45.0,6.4,36509.0,9860
B20276522,30C,45.0,4.795,22902.0,9860
B20276523,30C,45.0,4.9,78529.0,9860
B20276524,30C,45.0,12.3,27638.0,9860
B20276525,30C,45.0,4.9,36483.0,9860
B20276526,30C,45.0,4.9,113469.0,9860
B20276527,GB40,28.0,4.9,21838.0,9860
B20276528,GB40,28.0,5.9,34819.0,9860
B20276529,GB40,28.0,4.9,16820.0,9860
B20276530,GB40,28.0,4.5,18460.0,9860
B20276531,GB40,28.0,7.9,22955.0,9860
B20276532,GB40,28.0,7.75,135191.0,9860
B20276533,GB40,28.0,6.9,25536.0,9860
B20276534,GB40,28.0,4.9,129030.0,9860
B20276535,GB40,28.0,7.0,85006.0,9860
B20276536,GB40,28.0,6.25,27976.0,9860
B20276537,GB40,28.0,4.9,39003.0,9860
B20276538,GB40,28.0,6.78,45029.0,9860
B20276539,GB40,28.0,7.0,27845.0,9860
B20276540,GB40,28.0,5.9,73550.0,9860
B20276541,GB40,28.0,4.9,40017.0,9860
B20276542,GB40,28.0,5.9,71805.0,9860
B20276543,GB40,28.0,4.9,34765.0,9860
B20276544,GB40,28.0,6.25,29243.0,9860
B20276545,GB40,28.0,7.0,22345.0,9860
B20276546,GB40,28.0,4.9,67612.0,9860
B20276547,GB40,28.0,10.68,22422.0,9860
B20276548,GB40,28.0,7.75,45129.0,9860
B20276549,GB40,28.0,4.9,70533.0,9860
B20276550,GB40,28.0,5.9,22256.0,9860
B20276551,GB40,28.0,3.9,36589.0,9860
B20276552,GB40,28.0,5.2,30129.0,9860
B20276553,GB40,28.0,6.1,140478.0,9860
B20276554,GB40,28.0,6.1,33229.0,9860
B20276555,GB40,28.0,6.1,122837.0,9860
B20276556,GB40,28.0,6.2,33556.0,9860
B20276557,GB40,28.0,7.0,78598.0,9860
B20276558,GB40,28.0,4.9,34280.0,9860
B20276559,GB40,28.0,6.1,108731.0,9860
B20276560,GB40,28.0,6.1,73201.0,9860
B20276561,GB40,28.0,6.1,143539.0,9860
B20276562,GB40,28.0,4.9,81473.0,9860
B20276563,GB40,28.0,4.9,13528.0,9860
B20276564,GB40,28.0,7.0,22597.0,9860
B20276565,GB40,28.0,6.1,139683.0,9860
B20276566,GB40,28.0,6.65,116587.0,9860
B20276567,GB40,28.0,7.0,54471.0,9860
B20276568,GB40,28.0,4.4,126112.0,9860
B20276569,GB40,28.0,4.75,45329.0,9860
B20276570,GB40,28.0,4.55,147818.0,9860
B20276571,GB40,28.0,5.4,61216.0,9860
B20276572,GB40,28.0,4.9,75422.0,9860
B20276573,GB40,28.0,6.1,96139.0,9860
B20276574,GB40,28.0,6.4,50564.0,9860
B20276575,GB40,28.0,7.75,139596.0,9860
B20276576,GB40,28.0,6.65,56195.0,9860
B20276577,GB40,28.0,7.9,79036.0,9860
B20276578,GB40,28.0,6.4,93003.0,9860
B20276579,GB40,28.0,4.9,19648.0,9860
B20276580,GB40,28.0,6.1,125609.0,9860
B20276581,GB40,28.0,6.1,119553.0,9860
B20276582,GB40,28.0,7.0,38364.0,9860
B20276583,GB40,28.0,6.8,35261.0,9860
B20276584,GB40,28.0,4.9,23103.0,9860
B20276585,GB40,28.0,6.9,21764.0,9860
B20276586,GB40,28.0,4.9,35036.0,9860
B20276587,GB40,28.0,6.1,131185.0,9860
B20276588,GB40,28.0,4.9,61856.0,9860
B20276589,GB40,28.0,10.68,93922.0,9860
B20276590,GB40,28.0,4.9,51281.0,9860
B20276591,GB40,28.0,5.018,22632.0,9860
B20276592,GB40,28.0,7.0,21589.0,9860
B20276593,GB40,28.0,6.55,23815.0,9860
B20276594,GB40,28.0,5.9,35463.0,9860
B20276595,GB40,28.0,6.3,59894.0,9860
B20276596,GB40,28.0,4.9,22535.0,9860
B20276597,GB40,28.0,5.9,22203.0,9860
B20276598,GB40,28.0,7.0,22524.0,9860
B20276599,GB40,28.0,5.9,28318.0,9860
B20276600,GB40,28.0,5.06,33472.0,9860
B20276601,GB40,28.0,6.65,58079.0,9860
B20276602,GB40,28.0,7.0,38984.0,9860
B20276603,GB40,28.0,5.9,26880.0,9860
B20276604,GB40,28.0,5.36,21607.0,9860
B20276605,GB40,28.0,4.9,58392.0,9860
B20276606,GB40,28.0,6.1,125458.0,9860
B20276607,GB40,28.0,6.9,45440.0,9860
B20276608,GB40,28.0,7.75,140628.0,9860
B20276609,GB40,28.0,5.9,21130.0,9860
B20276610,GB40,28.0,4.5,49646.0,9860
B20276611,GB40,28.0,8.4,47476.0,9860
B20276612,GB40,28.0,5.0,72740.0,9860
B20276613,GB40,28.0,4.9,41342.0,9860
B20276614,GB40,28.0,6.55,59870.0,9860
B20276615,GB40,28.0,6.55,83950.0,9860
B20276616,GB40,28.0,6.1,124491.0,9860
B20276617,GB40,28.0,6.4,78179.0,9860
B20276618,GB40,28.0,5.2,46556.0,9860
B20276619,GB40,28.0,5.9,52763.0,9860
B20276620,GB40,28.0,6.1,57965.0,9860
B20276621,GB40,28.0,8.05,42495.0,9860
B20276622,GB40,28.0,7.96,35392.0,9860
B20276623,GB40,28.0,4.9,75170.0,9860
B20276624,GB40,28.0,3.9,45383.0,9860
B20276625,GB40,28.0,6.4,47567.0,9860
B20276626,GB40,28.0,4.9,136203.0,9860
B20276627,GB40,28.0,7.0,39166.0,9860
B20276628,GB40,28.0,4.9,103586.0,9860
B20276629,GB40,28.0,7.0,28439.0,9860
B20276630,GB40,28.0,11.4,28025.0,9860
B20276631,GB40,28.0,5.4,27711.0,9860
B20276632,GB40,28.0,6.1,73066.0,9860
B20276633,GB40,28.0,8.9,54842.0,9860
B20276634,GB40,28.0,5.6,33981.0,9860
B20276635,GB40,28.0,6.1,126297.0,9860
B20276636,GB40,28.0,6.1,56496.0,9860
B20276637,GB40,28.0,8.4,40401.0,9860
B20276638,GB40,28.0,6.36,81971.0,9860
B20276639,GB40,28.0,6.1,33385.0,9860
B20276640,GB40,28.0,5.9,73439.0,9860
B20276641,GB40,28.0,5.9,28462.0,9860
B20276642,GB40,28.0,9.0,45087.0,9860
B20276643,GB40,28.0,11.4,35774.0,9860
B20276644,GB40,28.0,8.23,21867.0,9860
B20276645,GB40,28.0,6.9,25161.0,9860
B20276646,GB40,28.0,6.1,50367.0,9860
B20276647,GB40,28.0,6.4,88435.0,9860
B20276648,GB40,28.0,6.1,148603.0,9860
B20276649,GB40,28.0,5.0,50849.0,9860
B20276650,GB40,28.0,4.9,58114.0,9860
B20276651,GB40,28.0,8.28,47448.0,9860
B20276652,GB40,28.0,4.9,18776.0,9860
B20276653,GB40,28.0,5.9,60673.0,9860
B20276654,GB40,28.0,11.05,28527.0,9860
B20276655,GB40,28.0,4.9,33520.0,9860
B20276656,GB40,28.0,11.05,86858.0,9860
B20276657,GB40,28.0,10.68,21368.0,9860
B20276658,GB40,28.0,5.9,22754.0,9860
B20276659,GB40,28.0,6.14,21736.0,9860
B20276660,GB40,28.0,5.9,22347.0,9860
B20276661,GB40,28.0,5.9,34316.0,9860
B20276662,GB40,28.0,5.2,24445.0,9860
B20276663,GB40,28.0,6.78,46114.0,9860
B20276664,GB40,28.0,4.9,30500.0,9860
B20276665,GB40,28.0,4.9,51327.0,9860
B20276666,GB40,28.0,6.4,69780.0,9860
B20276667,GB40,28.0,4.9,69919.0,9860
B20276668,GB40,28.0,7.75,132782.0,9860
B20276669,GB40,28.0,5.9,28867.0,9860
B20276670,GB40,28.0,4.5,27722.0,9860
B20276671,GB40,28.0,4.9,21900.0,9860
B20276672,GB40,28.0,6.4,34462.0,9860
B20276673,GB40,28.0,4.9,33436.0,9860
B20276674,GB40,28.0,4.9,30144.0,9860
B20276675,GB40,28.0,7.0,53800.0,9860
B20276676,GB40,28.0,7.0,21237.0,9860
B20276677,GB40,28.0,6.1,49981.0,9860
B20276678,GB40,28.0,4.9,29060.0,9860
B20276679,GB40,28.0,6.4,29433.0,9860
B20276680,GB40,28.0,8.23,22404.0,9860
B20276681,GB40,28.0,6.1,92527.0,9860
B20276682,GB40,28.0,5.4,118252.0,9860
B20276683,GB40,28.0,6.3,63254.0,9860
B20276684,GB40,28.0,4.9,39453.0,9860
B20276685,GB40,28.0,6.1,127908.0,9860
B20276686,GB40,28.0,6.4,24564.0,9860
B20276687,GB40,28.0,6.4,22314.0,9860
B20276688,GB40,28.0,5.9,26734.0,9860
B20276689,GB40,28.0,4.9,21614.0,9860
B20276690,GB40,28.0,4.95,92745.0,9860
B20276691,GB40,28.0,5.9,28227.0,9860
B20276692,GB40,28.0,5.36,22332.0,9860
B20276693,GB40,28.0,6.4,25331.0,9860
B20276694,GB40,28.0,5.9,74418.0,9860
B20276695,GB40,28.0,6.1,146836.0,9860
B20276696,GB40,28.0,5.9,57940.0,9860
B20276697,GB40,28.0,5.9,16364.0,9860
B20276698,GB40,28.0,7.96,35520.0,9860
B20276699,GB40,28.0,6.1,118906.0,9860
B20276700,GB40,28.0,5.9,21254.0,9860
B20276701,GB40,28.0,4.9,40406.0,9860
B20276702,GB40,28.0,5.9,94127.0,9860
B20276703,GB40,28.0,5.9,21395.0,9860
B20276704,GB40,28.0,6.65,59379.0,9860
B20276705,GB40,28.0,4.9,23158.0,9860
B20276706,GB40,28.0,4.9,54708.0,9860
B20276707,GB40,28.0,7.0,21966.0,9860
B20276708,GB40,28.0,5.9,22485.0,9860
B20276709,GB40,28.0,6.78,23042.0,9860
B20276710,GB40,28.0,8.05,47107.0,9860
B20276711,GB40,28.0,4.55,78952.0,9860
B20276712,GB40,28.0,6.4,25876.0,9860
B20276713,GB40,28.0,5.9,33472.0,9860
B20276714,GB40,28.0,5.9,35108.0,9860
B20276715,GB40,28.0,7.0,84924.0,9860
B20276716,GB40,28.0,6.4,73664.0,9860
B20276717,GB40,28.0,6.4,40691.0,9860
B20276718,GB40,28.0,5.9,62551.0,9860
B20276719,GB40,28.0,4.9,41828.0,9860
B20276720,GB40,28.0,5.15,109081.0,9860
B20276721,GB40,28.0,6.4,47702.0,9860
B20276722,GB40,28.0,6.1,68675.0,9860
B20276723,GB40,28.0,7.9,129763.0,9860
B20276724,GB40,28.0,4.5,145117.0,9860
B20276725,GB40,28.0,4.9,34341.0,9860
B20276726,GB40,28.0,4.6,15339.0,9860
B20276727,GB40,28.0,8.28,36053.0,9860
B20276728,GB40,28.0,6.4,26221.0,9860
B20276729,GB40,28.0,5.9,39047.0,9860
B20276730,GB40,28.0,5.0,74242.0,9860
B20276731,GB40,28.0,8.28,34774.0,9860
B20276732,GB40,28.0,8.05,50329.0,9860
B20276733,GB40,28.0,6.4,70646.0,9860
B20276734,GB40,28.0,7.75,144355.0,9860
B20276735,GB40,28.0,6.4,33500.0,9860
B20276736,GB40,28.0,7.75,139893.0,9860
B20276737,GB40,28.0,4.9,59487.0,9860
B20276738,GB40,28.0,5.0,30059.0,9860
B20276739,GB40,28.0,4.9,34230.0,9860
B20276740,GB40,28.0,4.9,76218.0,9860
B20276741,GB40,28.0,6.1,141368.0,9860
B20276742,GB40,28.0,7.0,22822.0,9860
B20276743,GB40,28.0,7.0,82565.0,9860
B20276744,GB40,28.0,7.0,51517.0,9860
B20276745,GB40,28.0,4.9,49295.0,9860
B20276746,GB40,28.0,4.6,68023.0,9860
B20276747,GB40,28.0,4.9,73718.0,9860
B20276748,GB40,28.0,6.1,50918.0,9860
B20276749,GB40,28.0,4.9,46793.0,9860
B20276750,GB40,28.0,4.9,39156.0,9860
B20276751,GB40,28.0,8.9,129631.0,9860
B20276752,GB40,28.0,6.25,28286.0,9860
B20276753,GB40,28.0,4.9,120520.0,9860
B20276754,GB40,28.0,6.1,104439.0,9860
B20276755,GB40,28.0,7.0,45568.0,9860
B20276756,GB40,28.0,4.9,96067.0,9860
B20276757,GB40,28.0,5.9,21610.0,9860
B20276758,GB40,28.0,6.1,125658.0,9860
B20276759,GB40,28.0,6.4,62257.0,9860
B20276760,GB40,28.0,4.5,144838.0,9860
B20276761,GB40,28.0,7.0,21963.0,9860
B20276762,GB40,28.0,5.9,34620.0,9860
B20276763,GB40,28.0,6.4,77657.0,9860
B20276764,GB40,28.0,4.9,21780.0,9860
B20276765,GB40,28.0,6.4,91579.0,9860
B20276766,GB40,28.0,4.9,76232.0,9860
B20276767,GB40,28.0,11.4,34936.0,9860
B20276768,GB40,28.0,4.7,53919.0,9860
B20276769,GB40,28.0,4.9,41639.0,9860
B20276770,GB40,28.0,4.9,69905.0,9860
B20276771,GB40,28.0,4.9,121685.0,9860
B20276772,GB40,28.0,5.9,50607.0,9860
B20276773,GB40,28.0,4.9,76998.0,9860
B20276774,GB40,28.0,6.4,26550.0,9860
B20276775,GB40,28.0,4.9,35370.0,9860
B20276776,GB40,28.0,7.75,44243.0,9860
B20276777,GB40,28.0,4.55,21138.0,9860
B20276778,GB40,28.0,4.9,41570.0,9860
B20276779,GB40,28.0,4.5,147227.0,9860
B20276780,GB40,28.0,5.9,70743.0,9860
B20276781,GB40,28.0,6.55,80548.0,9860
B20276782,GB40,28.0,7.75,134515.0,9860
B20276783,GB40,28.0,6.1,129214.0,9860
B20276784,GB40,28.0,6.1,143297.0,9860
B20276785,GB40,28.0,7.0,22078.0,9860
B20276786,GB40,28.0,5.27,16359.000000000002,9860
B20276787,GB40,28.0,4.9,35239.0,9860
B20276788,GB40,28.0,7.0,50891.0,9860
B20276789,GB40,28.0,4.9,40056.0,9860
B20276790,GB40,28.0,5.9,34073.0,9860
B20276791,GB40,28.0,4.9,16449.0,9860
B20276792,GB40,28.0,5.27,15656.0,9860
B20276793,GB40,28.0,5.6,27673.0,9860
B20276794,GB40,28.0,4.9,33399.0,9860
B20276795,GB40,28.0,7.0,21331.0,9860
B20276796,GB40,28.0,5.9,41543.0,9860
B20276797,GB40,28.0,6.4,23215.0,9860
B20276798,GB40,28.0,6.4,23298.0,9860
B20276799,GB40,28.0,6.84,23256.0,9860
B20276800,GB40,28.0,4.9,46076.0,9860
B20276801,GB40,28.0,6.4,30312.0,9860
B20276802,GB40,28.0,5.9,16364.999999999998,9860
B20276803,GB40,28.0,5.9,33743.0,9860
B20276804,GB40,28.0,6.1,21442.0,9860
B20276805,GB40,28.0,6.55,81394.0,9860
B20276806,GB40,28.0,9.0,48435.0,9860
B20276807,GB40,28.0,5.06,26785.0,9860
B20276808,GB40,28.0,5.9,21677.0,9860
B20276809,GB40,28.0,5.9,15773.0,9860
B20276810,GB40,28.0,7.9,119252.0,9860
B20276811,GB40,28.0,4.7,33315.0,9860
B20276812,GB40,28.0,5.9,34491.0,9860
B20276813,GB40,28.0,4.9,33199.0,9860
B20276814,GB40,28.0,4.9,42630.0,9860
B20276815,GB40,28.0,4.9,47303.0,9860
B20276816,GB40,28.0,5.9,34581.0,9860
B20276817,GB40,28.0,5.9,15420.0,9860
B20276818,GB40,28.0,4.9,71475.0,9860
B20276819,GB40,28.0,5.27,16696.0,9860
B20276820,GB40,28.0,6.1,143554.0,9860
B20276821,GB40,28.0,6.4,22602.0,9860
B20276822,GB40,28.0,6.1,105043.0,9860
B20276823,GB40,28.0,5.9,32946.0,9860
B20276824,GB40,28.0,4.9,42925.0,9860
B20276825,GB40,28.0,8.05,71326.0,9860
B20276826,GB40,28.0,5.9,68997.0,9860
B20276827,GB40,28.0,7.75,140896.0,9860
B20276828,GB40,28.0,4.9,34493.0,9860
B20276829,GB40,28.0,7.96,34604.0,9860
B20276830,GB40,28.0,4.9,45055.0,9860
B20276831,GB40,28.0,6.4,34856.0,9860
B20276832,GB40,28.0,4.9,41433.0,9860
B20276833,GB40,28.0,5.1,42665.0,9860
B20276834,GB40,28.0,8.05,71581.0,9860
B20276835,GB40,28.0,5.0,50334.0,9860
B20276836,GB40,28.0,4.9,42178.0,9860
B20276837,GB40,28.0,7.75,141863.0,9860
B20276838,GB40,28.0,4.9,34358.0,9860
B20276839,GB40,28.0,6.25,50928.0,9860
B20276840,GB40,28.0,5.9,23017.0,9860
B20276841,GB40,28.0,6.4,26563.0,9860
B20276842,GB40,28.0,4.9,33496.0,9860
B20276843,GB40,28.0,4.9,83349.0,9860
B20276844,GB40,28.0,6.1,49718.0,9860
B20276845,GB40,28.0,6.1,147304.0,9860
B20276846,GB40,28.0,5.9,73431.0,9860
B20276847,GB40,28.0,6.1,35472.0,9860
B20276848,GB40,28.0,4.9,17761.0,9860
B20276849,GB40,28.0,8.28,34938.0,9860
B20276850,GB40,28.0,4.9,132858.0,9860
B20276851,GB40,28.0,4.9,35202.0,9860
B20276852,GB40,28.0,5.2,18180.0,9860
B20276853,GB40,28.0,5.9,58280.0,9860
B20276854,GB40,28.0,5.6,140996.0,9860
B20276855,GB40,28.0,5.9,35362.0,9860
B20276856,GB40,28.0,4.9,23021.0,9860
B20276857,GB40,28.0,6.4,23267.0,9860
B20276858,GB40,28.0,6.4,23422.0,9860
B20276859,GB40,28.0,7.9,22926.0,9860
B20276860,GB40,28.0,4.45,46391.0,9860
B20276861,GB40,28.0,5.1,21236.0,9860
B20276862,GB40,28.0,9.0,48716.0,9860
B20276863,GB40,28.0,4.9,99257.0,9860
B20276864,GB40,28.0,6.15,63881.0,9860
B20276865,GB40,28.0,4.6,15716.0,9860
B20276866,GB40,28.0,6.1,71746.0,9860
B20276867,GB40,28.0,4.9,66682.0,9860
B20276868,GB40,28.0,4.9,35968.0,9860
B20276869,GB40,28.0,5.9,28036.0,9860
B20276870,GB40,28.0,7.75,139771.0,9860
B20276871,GB40,28.0,4.9,71199.0,9860
B20276872,GB40,28.0,6.4,96879.0,9860
B20276873,GB40,28.0,4.55,35548.0,9860
B20276874,GB40,28.0,4.9,31454.0,9860
B20276875,GB40,28.0,6.55,58886.0,9860
B20276876,GB40,28.0,7.75,141607.0,9860
B20276877,GB40,28.0,6.4,40683.0,9860
B20276878,GB40,28.0,4.9,18096.0,9860
B20276879,GB40,28.0,6.65,27065.0,9860
B20276880,GB40,28.0,8.28,37523.0,9860
B20276881,GB40,28.0,5.9,75185.0,9860
B20276882,GB40,28.0,5.0,30570.0,9860
B20276883,GB40,28.0,6.55,57863.0,9860
B20276884,GB40,28.0,4.9,27438.0,9860
B20276885,GB40,28.0,4.9,46752.0,9860
B20276886,GB40,28.0,4.55,21600.0,9860
B20276887,GB40,28.0,5.2,26365.0,9860
B20276888,GB40,28.0,4.901,107314.0,9860
B20276889,GB40,28.0,4.9,33381.0,9860
B20276890,GB40,28.0,6.1,50052.0,9860
B20276891,GB40,28.0,5.0,51617.0,9860
B20276892,GB40,28.0,11.4,17734.0,9860
B20276893,GB40,28.0,6.4,46713.0,9860
B20276894,GB40,28.0,7.24,22391.0,9860
B20276895,GB40,28.0,7.24,21802.0,9860
B20276896,GB40,28.0,5.9,21568.0,9860
B20276897,GB40,28.0,6.4,36646.0,9860
B20276898,GB40,28.0,5.9,41671.0,9860
B20276899,GB40,28.0,5.9,20846.0,9860
B20276900,GB40,28.0,6.9,22510.0,9860
B20276901,GB40,28.0,6.25,41125.0,9860
B20276902,GB40,28.0,6.15,35343.0,9860
B20276903,GB40,28.0,5.9,26508.0,9860
B20276904,GB40,28.0,8.28,48661.0,9860
B20276905,GB40,28.0,7.0,26916.0,9860
B20276906,GB40,28.0,7.0,85070.0,9860
B20276907,GB40,28.0,4.9,127606.0,9860
B20276908,GB40,28.0,4.9,31120.0,9860
B20276909,GB40,28.0,6.65,29804.0,9860
B20276910,GB40,28.0,5.9,40360.0,9860
B20276911,GB40,28.0,11.4,37873.0,9860
B20276912,GB40,28.0,5.0,74279.0,9860
B20276913,GB40,28.0,6.25,97656.0,9860
B20276914,GB40,28.0,5.6,21680.0,9860
B20276915,GB40,28.0,6.9,24741.0,9860
B20276916,GB40,28.0,6.84,22669.0,9860
B20276917,GB40,28.0,6.55,57227.0,9860
B20276918,GB40,28.0,5.9,59871.0,9860
B20276919,GB40,28.0,5.27,120215.0,9860
B20276920,GB40,28.0,5.9,57993.0,9860
B20276921,GB40,28.0,6.4,48841.0,9860
B20276922,GB40,28.0,5.9,49027.0,9860
B20276923,GB40,28.0,4.9,35458.0,9860
B20276924,GB40,28.0,6.1,110099.0,9860
B20276925,GB40,28.0,6.1,81193.0,9860
B20276926,GB40,28.0,6.55,34634.0,9860
B20276927,GB40,28.0,4.9,65683.0,9860
B20276928,GB40,28.0,4.9,54190.0,9860
B20276929,GB40,28.0,6.1,74535.0,9860
B20276930,GB40,28.0,7.0,50601.0,9860
B20276931,GB40,28.0,6.9,47591.0,9860
B20276932,GB40,28.0,5.1,45094.0,9860
B20276933,GB40,28.0,4.9,40488.0,9860
B20276934,GB40,28.0,4.45,48021.0,9860
B20276935,GB40,28.0,7.0,40733.0,9860
B20276936,GB40,28.0,7.75,138478.0,9860
B20276937,GB40,28.0,5.9,21611.0,9860
B20276938,GB40,28.0,4.9,33874.0,9860
B20276939,GB40,28.0,7.9,81606.0,9860
B20276940,GB40,28.0,11.05,28512.0,9860
B20276941,GB40,28.0,6.1,108128.0,9860
B20276942,GB40,28.0,6.1,136295.0,9860
B20276943,GB40,28.0,4.9,16959.0,9860
B20276944,GB40,28.0,4.901,107945.0,9860
B20276945,GB40,28.0,4.9,76137.0,9860
B20276946,GB40,28.0,6.55,25399.0,9860
B20276947,GB40,28.0,5.9,21246.0,9860
B20276948,GB40,28.0,4.9,45181.0,9860
B20276949,GB40,28.0,6.1,82163.0,9860
B20276950,GB40,28.0,5.9,29002.0,9860
B20276951,GB40,28.0,4.9,21713.0,9860
B20276952,GB40,28.0,6.55,85477.0,9860
B20276953,GB40,28.0,6.4,80250.0,9860
B20276954,GB40,28.0,7.9,23030.0,9860
B20276955,GB40,28.0,5.2,35594.0,9860
B20276956,GB40,28.0,4.4,26743.0,9860
B20276957,GB40,28.0,4.9,40771.0,9860
B20276958,GB40,28.0,4.9,39076.0,9860
B20276959,GB40,28.0,4.15,32634.0,9860
B20276960,GB40,28.0,5.9,97997.0,9860
B20276961,GB40,28.0,6.1,30140.0,9860
B20276962,GB40,28.0,4.9,38078.0,9860
B20276963,GB40,28.0,7.75,140403.0,9860
B20276964,GB40,28.0,7.9,49317.0,9860
B20276965,GB40,28.0,6.78,133403.0,9860
B20276966,GB40,28.0,6.1,108852.0,9860
B20276967,GB40,28.0,5.9,53268.0,9860
B20276968,GB40,28.0,7.0,23029.0,9860
B20276969,GB40,28.0,6.1,31895.0,9860
B20276970,GB40,28.0,4.9,77432.0,9860
B20276971,GB40,28.0,4.9,94722.0,9860
B20276972,GB40,28.0,4.45,44231.0,9860
B20276973,GB40,28.0,11.05,27400.0,9860
B20276974,GB40,28.0,5.9,21764.0,9860
B20276975,GB40,28.0,4.9,130249.0,9860
B20276976,GB40,28.0,5.9,21769.0,9860
B20276977,GB40,28.0,6.8,53358.0,9860
B20276978,GB40,28.0,4.9,41516.0,9860
B20276979,GB40,28.0,5.9,59784.0,9860
B20276980,GB40,28.0,6.1,51957.0,9860
B20276981,GB40,28.0,4.9,15815.0,9860
B20276982,GB40,28.0,4.9,77220.0,9860
B20276983,GB40,28.0,4.9,33045.0,9860
B20276984,GB40,28.0,7.0,52484.0,9860
B20276985,GB40,28.0,4.7,42263.0,9860
B20276986,GB40,28.0,7.0,40220.0,9860
B20276987,GB40,28.0,6.25,91302.0,9860
B20276988,GB40,28.0,4.9,52069.0,9860
B20276989,GB40,28.0,6.1,127368.0,9860
B20276990,GB40,28.0,5.2,17921.0,9860
B20276991,GB40,28.0,5.9,38609.0,9860
B20276992,GB40,28.0,6.1,114130.0,9860
B20276993,GB40,28.0,4.9,35507.0,9860
B20276994,GB40,28.0,4.9,55470.0,9860
B20276995,GB40,28.0,6.4,26387.0,9860
B20276996,GB40,28.0,6.1,87206.0,9860
B20276997,GB40,28.0,4.9,22363.0,9860
B20276998,GB40,28.0,4.5,70375.0,9860
B20276999,GB40,28.0,4.9,36025.0,9860
B20277000,GB40,28.0,5.6,92353.0,9860
B20277001,GB40,28.0,5.9,16296.0,9860
B20277002,GB40,28.0,6.1,87707.0,9860
B20277003,GB40,28.0,7.0,21899.0,9860
B20277004,GB40,28.0,5.4,121472.0,9860
B20277005,GB40,28.0,6.4,71448.0,9860
B20277006,GB40,28.0,4.5,69152.0,9860
B20277007,GB40,28.0,7.0,61475.0,9860
B20277008,GB40,28.0,4.9,21660.0,9860
B20277009,GB40,28.0,4.9,29722.0,9860
B20277010,GB40,28.0,6.1,142362.0,9860
B20277011,GB40,28.0,4.9,38484.0,9860
B20277012,GB40,28.0,6.1,31725.0,9860
B20277013,GB40,28.0,6.65,29221.0,9860
B20277014,GB40,28.0,6.4,28386.0,9860
B20277015,GB40,28.0,6.65,61738.0,9860
B20277016,GB40,28.0,7.75,76822.0,9860
B20277017,GB40,28.0,6.1,103200.0,9860
B20277018,GB40,28.0,6.1,33358.0,9860
B20277019,GB40,28.0,5.2,25805.0,9860
B20277020,GB40,28.0,8.4,21236.0,9860
B20277021,GB40,28.0,6.4,61231.0,9860
B20277022,GB40,28.0,7.75,135860.0,9860
B20277023,GB40,28.0,4.9,15933.0,9860
B20277024,GB40,28.0,6.4,71411.0,9860
B20277025,GB40,28.0,4.9,37950.0,9860
B20277026,GB40,28.0,7.0,41401.0,9860
B20277027,GB40,28.0,4.9,40488.0,9860
B20277028,GB40,28.0,6.1,110790.0,9860
B20277029,GC-4,32.0,11.05,35995.0,9860
B20277030,GC-4,32.0,5.22,23484.0,9860
B20277031,GC-4,32.0,7.0,36093.0,9860
B20277032,GC-4,32.0,4.9,28589.0,9860
B20277033,GC-4,32.0,8.23,44522.0,9860
B20277034,GC-4,32.0,6.4,27464.0,9860
B20277035,GC-4,32.0,4.5,42017.0,9860
B20277036,GC-4,32.0,6.4,30161.0,9860
B20277037,GC-4,32.0,7.0,94891.0,9860
B20277038,GC-4,32.0,8.4,38986.0,9860
B20277039,GC-4,32.0,4.9,40885.0,9860
B20277040,GC-4,32.0,5.9,112234.0,9860
B20277041,GC-4,32.0,4.901,56911.0,9860
B20277042,GC-4,32.0,5.9,119387.0,9860
B20277043,GC-4,32.0,11.05,35632.0,9860
B20277044,GC-4,32.0,6.9,127412.0,9860
B20277045,GC-4,32.0,6.4,119969.0,9860
B20277046,GC-4,32.0,4.6,107150.0,9860
B20277047,GC-4,32.0,5.7,36559.0,9860
B20277048,GC-4,32.0,8.28,43497.0,9860
B20277049,GC-4,32.0,5.9,71387.0,9860
B20277050,GC-4,32.0,7.96,28505.0,9860
B20277051,GC-4,32.0,5.9,56224.0,9860
B20277052,GC-4,32.0,5.9,120627.0,9860
B20277053,GC-4,32.0,4.9,35291.0,9860
B20277054,GC-4,32.0,8.23,44726.0,9860
B20277055,GC-4,32.0,5.9,24215.0,9860
B20277056,GC-4,32.0,6.54,83654.0,9860
B20277057,GC-4,32.0,4.5,22811.0,9860
B20277058,GC-4,32.0,7.0,32144.0,9860
B20277059,GC-4,32.0,5.9,115383.0,9860
B20277060,GC-4,32.0,7.0,20376.0,9860
B20277061,GC-4,32.0,6.54,85914.0,9860
B20277062,GC-4,32.0,6.4,28567.0,9860
B20277063,GC-4,32.0,5.97,82675.0,9860
B20277064,GC-4,32.0,6.9,126320.0,9860
B20277065,GC-4,32.0,4.94,144875.0,9860
B20277066,GC-4,32.0,4.9,38731.0,9860
B20277067,GC-4,32.0,5.9,22832.0,9860
B20277068,GC-4,32.0,4.5,22617.0,9860
B20277069,GC-4,32.0,5.22,33236.0,9860
B20277070,GC-4,32.0,4.9,36922.0,9860
B20277071,GC-4,32.0,6.4,28408.0,9860
B20277072,GC-4,32.0,5.9,114009.0,9860
B20277073,GC-4,32.0,4.9,106956.0,9860
B20277074,GC-4,32.0,4.901,29435.0,9860
B20277075,GC-4,32.0,4.9,22781.0,9860
B20277076,GC-4,32.0,5.9,125786.0,9860
B20277077,GC-4,32.0,4.9,27670.0,9860
B20277078,GC-4,32.0,5.9,95131.0,9860
B20277079,GC-4,32.0,4.9,28771.0,9860
B20277080,GC-4,32.0,5.9,77234.0,9860
B20277081,GC-4,32.0,6.9,128996.00000000001,9860
B20277082,GC-4,32.0,4.5,49065.0,9860
B20277083,GC-4,32.0,4.9,37629.0,9860
B20277084,GC-4,32.0,5.9,124713.0,9860
B20277085,GC-4,32.0,7.0,97540.0,9860
B20277086,GC-4,32.0,5.9,56305.0,9860
B20277087,GC-4,32.0,7.0,35599.0,9860
B20277088,GC-4,32.0,4.9,88363.0,9860
B20277089,GC-4,32.0,5.15,83192.0,9860
B20277090,GC-4,32.0,4.94,125131.0,9860
B20277091,GC-4,32.0,5.9,58019.0,9860
B20277092,GC-4,32.0,4.9,28690.0,9860
B20277093,GC-4,32.0,4.6,23692.0,9860
B20277094,GC-4,32.0,5.9,41275.0,9860
B20277095,GC-4,32.0,5.9,35725.0,9860
B20277096,GC-4,32.0,6.35,46376.0,9860
B20277097,GC-4,32.0,7.0,93166.0,9860
B20277098,GC-4,32.0,5.9,24690.0,9860
B20277099,GC-4,32.0,4.9,15257.0,9860
B20277100,GC-4,32.0,6.78,26549.0,9860
B20277101,GC-4,32.0,7.0,66571.0,9860
B20277102,GC-4,32.0,5.9,120150.0,9860
B20277103,GC-4,32.0,6.84,27567.0,9860
B20277104,GC-4,32.0,6.9,31074.0,9860
B20277105,GC-4,32.0,5.9,77125.0,9860
B20277106,GC-4,32.0,7.0,67286.0,9860
B20277107,GC-4,32.0,5.97,92623.0,9860
B20277108,GC-4,32.0,5.22,15344.0,9860
B20277109,GC-4,32.0,5.9,51140.0,9860
B20277110,GC-4,32.0,5.9,144238.0,9860
B20277111,GC-4,32.0,4.5,44986.0,9860
B20277112,GC-4,32.0,8.4,41667.0,9860
B20277113,GC-4,32.0,6.35,25420.0,9860
B20277114,GC-4,32.0,8.9,23858.0,9860
B20277115,GC-4,32.0,5.0,22868.0,9860
B20277116,GC-4,32.0,5.9,61432.0,9860
B20277117,GC-4,32.0,4.6,15742.0,9860
B20277118,GC-4,32.0,10.9,40021.0,9860
B20277119,GC-4,32.0,4.9,30334.0,9860
B20277120,GC-4,32.0,5.9,93004.0,9860
B20277121,GC-4,32.0,5.9,121230.0,9860
B20277122,GC-4,32.0,5.9,23064.0,9860
B20277123,GC-4,32.0,4.9,54032.0,9860
B20277124,GC-4,32.0,9.0,61865.0,9860
B20277125,GC-4,32.0,5.4,19213.0,9860
B20277126,GC-4,32.0,5.9,147100.0,9860
B20277127,GC-4,32.0,4.9,37624.0,9860
B20277128,GC-4,32.0,8.23,40894.0,9860
B20277129,GC-4,32.0,11.05,34633.0,9860
B20277130,GC-4,32.0,4.901,28289.0,9860
B20277131,GC-4,32.0,4.9,43845.0,9860
B20277132,GC-4,32.0,4.9,52637.0,9860
B20277133,GC-4,32.0,4.9,104776.0,9860
B20277134,GC-4,32.0,6.9,127331.0,9860
B20277135,GC-4,32.0,6.54,80664.0,9860
B20277136,GC-4,32.0,9.0,62237.0,9860
B20277137,GC-4,32.0,4.9,29601.0,9860
B20277138,GC-4,32.0,5.9,118369.0,9860
B20277139,GC-4,32.0,9.0,61499.0,9860
B20277140,GC-4,32.0,5.9,149707.0,9860
B20277141,GC-4,32.0,5.9,74856.0,9860
B20277142,GC-4,32.0,4.6,22554.0,9860
B20277143,GC-4,32.0,4.9,35707.0,9860
B20277144,GC-4,32.0,4.9,15443.0,9860
B20277145,GC-4,32.0,7.0,35885.0,9860
B20277146,GC-4,32.0,4.9,78071.0,9860
B20277147,GC-4,32.0,5.9,149240.0,9860
B20277148,GC-4,32.0,4.5,23943.0,9860
B20277149,GC-4,32.0,5.9,125926.0,9860
B20277150,GC-4,32.0,4.9,56153.0,9860
B20277151,GC-4,32.0,5.9,60062.0,9860
B20277152,GC-4,32.0,8.23,45002.0,9860
B20277153,GC-4,32.0,4.9,28734.0,9860
B20277154,GC-4,32.0,4.9,29224.0,9860
B20277155,GC-4,32.0,4.9,36771.0,9860
B20277156,GC-4,32.0,5.9,58133.0,9860
B20277157,GC-4,32.0,4.901,24500.0,9860
B20277158,GC-4,32.0,5.9,54312.0,9860
B20277159,GC-4,32.0,4.5,14721.0,9860
B20277160,GC-4,32.0,6.4,24236.0,9860
B20277161,GC-4,32.0,4.901,22467.0,9860
B20277162,GC-4,32.0,5.9,21755.0,9860
B20277163,GC-4,32.0,7.0,30199.0,9860
B20277164,GC-4,32.0,4.901,31734.0,9860
B20277165,GC-4,32.0,8.4,54867.0,9860
B20277166,GC-4,32.0,4.9,23854.0,9860
B20277167,GC-4,32.0,4.901,53362.0,9860
B20277168,GC-4,32.0,7.9,23068.0,9860
B20277169,GC-4,32.0,6.4,24164.0,9860
B20277170,GC-4,32.0,4.9,15058.0,9860
B20277171,GC-4,32.0,4.5,42677.0,9860
B20277172,GC-4,32.0,6.9,119583.0,9860
B20277173,GC-4,32.0,5.0,77899.0,9860
B20277174,GC-4,32.0,4.9,36676.0,9860
B20277175,GC-4,32.0,4.9,82737.0,9860
B20277176,GC-4,32.0,4.5,23495.0,9860
B20277177,GC-4,32.0,5.15,21288.0,9860
B20277178,GC-4,32.0,9.0,45033.0,9860
B20277179,GC-4,32.0,4.901,27651.0,9860
B20277180,GC-4,32.0,4.9,55582.0,9860
B20277181,GC-4,32.0,6.4,15121.0,9860
B20277182,GC-4,32.0,4.901,87782.0,9860
B20277183,GC-4,32.0,9.0,50182.0,9860
B20277184,GC-4,32.0,6.4,31013.0,9860
B20277185,GC-4,32.0,4.9,38979.0,9860
B20277186,GC-4,32.0,7.0,37463.0,9860
B20277187,GC-4,32.0,7.0,41132.0,9860
B20277188,GC-4,32.0,4.9,23613.0,9860
B20277189,GC-4,32.0,5.9,58737.0,9860
B20277190,GC-4,32.0,4.901,15625.0,9860
B20277191,GC-4,32.0,8.23,44584.0,9860
B20277192,GC-4,32.0,5.9,54108.0,9860
B20277193,GC-4,32.0,4.5,50289.0,9860
B20277194,GC-4,32.0,6.9,29074.0,9860
B20277195,GC-4,32.0,5.7,89681.0,9860
B20277196,GC-4,32.0,5.9,149092.0,9860
B20277197,GC-4,32.0,5.9,72885.0,9860
B20277198,GC-4,32.0,5.4,19653.0,9860
B20277199,GC-4,32.0,4.9,33760.0,9860
B20277200,GC-4,32.0,4.9,28486.0,9860
B20277201,GC-4,32.0,5.4,21866.0,9860
B20277202,GC-4,32.0,5.0,22342.0,9860
B20277203,GC-4,32.0,5.9,24515.0,9860
B20277204,GC-4,32.0,4.94,126305.0,9860
B20277205,GC-4,32.0,6.4,24752.0,9860
B20277206,GC-4,32.0,4.9,53090.0,9860
B20277207,GC-4,32.0,6.4,29103.0,9860
B20277208,GC-4,32.0,5.22,26471.0,9860
B20277209,GC-4,32.0,7.0,52607.0,9860
B20277210,GC-4,32.0,4.9,15583.0,9860
B20277211,GC-4,32.0,4.9,46139.0,9860
B20277212,GC-4,32.0,4.5,25405.0,9860
B20277213,GC-4,32.0,5.7,88959.0,9860
B20277214,GC-4,32.0,4.9,47213.0,9860
B20277215,GC-4,32.0,4.9,54192.0,9860
B20277216,GC-4,32.0,4.901,23418.0,9860
B20277217,GC-4,32.0,4.5,22233.0,9860
B20277218,GC-4,32.0,5.9,52278.0,9860
B20277219,GC-4,32.0,5.22,16216.999999999998,9860
B20277220,GC-4,32.0,4.5,24539.0,9860
B20277221,GC-4,32.0,5.4,20905.0,9860
B20277222,GC-4,32.0,4.9,95318.0,9860
B20277223,GC-4,32.0,5.97,94094.0,9860
B20277224,GC-4,32.0,4.9,37488.0,9860
B20277225,GC-4,32.0,4.5,29274.0,9860
B20277226,GC-4,32.0,5.9,119789.0,9860
B20277227,GC-4,32.0,4.901,42087.0,9860
B20277228,GC-4,32.0,4.9,57859.0,9860
B20277229,GC-4,32.0,7.0,19784.0,9860
B20277230,GC-4,32.0,4.9,55417.0,9860
B20277231,GC-4,32.0,11.05,36016.0,9860
B20277232,GC-4,32.0,4.94,121437.0,9860
B20277233,GC-4,32.0,4.9,44456.0,9860
B20277234,GC-4,32.0,5.9,23237.0,9860
B20277235,GC-4,32.0,4.5,43698.0,9860
B20277236,GC-4,32.0,5.9,32322.000000000004,9860
B20277237,GC-4,32.0,5.4,19505.0,9860
B20277238,GC-4,32.0,6.9,16965.0,9860
B20277239,GC-4,32.0,4.9,24615.0,9860
B20277240,GC-4,32.0,4.9,43380.0,9860
B20277241,GC-4,32.0,4.9,94541.0,9860
B20277242,GC-4,32.0,5.9,29110.0,9860
B20277243,GC-4,32.0,4.9,24191.0,9860
B20277244,GC-4,32.0,5.4,20784.0,9860
B20277245,GC-4,32.0,4.9,14682.0,9860
B20277246,GC-4,32.0,4.9,36993.0,9860
B20277247,GC-4,32.0,8.4,20194.0,9860
B20277248,GC-4,32.0,4.9,26189.0,9860
B20277249,GC-4,32.0,4.9,15258.0,9860
B20277250,GC-4,32.0,11.05,36809.0,9860
B20277251,GC-4,32.0,4.9,38693.0,9860
B20277252,GC-4,32.0,4.9,47597.0,9860
B20277253,GC-4,32.0,4.901,54025.0,9860
B20277254,GC-4,32.0,4.9,54728.0,9860
B20277255,GC-4,32.0,8.4,19632.0,9860
B20277256,GC-4,32.0,4.9,52344.0,9860
B20277257,GC-4,32.0,4.901,16131.0,9860
B20277258,GC-4,32.0,6.9,30780.0,9860
B20277259,GC-4,32.0,5.9,22777.0,9860
B20277260,GC-4,32.0,4.9,24742.0,9860
B20277261,GC-4,32.0,4.9,30544.0,9860
B20277262,GC-4,32.0,6.4,24470.0,9860
B20277263,GC-4,32.0,6.84,113450.0,9860
B20277264,GC-4,32.0,5.9,142135.0,9860
B20277265,GC-4,32.0,4.9,47821.0,9860
B20277266,GC-4,32.0,4.901,15350.0,9860
B20277267,GC-4,32.0,4.901,15470.0,9860
B20277268,GC-4,32.0,5.9,34792.0,9860
B20277269,GC-4,32.0,7.0,31445.0,9860
B20277270,GC-4,32.0,4.7,48576.0,9860
B20277271,GC-4,32.0,4.901,22742.0,9860
B20277272,GC-4,32.0,4.6,23602.0,9860
B20277273,GC-4,32.0,4.9,29618.0,9860
B20277274,GC-4,32.0,6.9,17478.0,9860
B20277275,GC-4,32.0,4.9,39007.0,9860
B20277276,GC-4,32.0,8.9,23114.0,9860
B20277277,GC-7,52.0,6.4,21856.0,9860
B20277278,GC-7,52.0,5.9,33109.0,9860
B20277279,GC-7,52.0,5.6,84540.0,9860
B20277280,GC-7,52.0,7.24,72803.0,9860
B20277281,GC-7,52.0,6.1,127123.0,9860
B20277282,GC-7,52.0,4.9,28058.0,9860
B20277283,GC-7,52.0,7.0,45875.0,9860
B20277284,GC-7,52.0,6.4,130525.0,9860
B20277285,GC-7,52.0,4.9,84893.0,9860
B20277286,GC-7,52.0,7.0,22352.0,9860
B20277287,GC-7,52.0,4.9,23151.0,9860
B20277288,GC-7,52.0,3.9,104708.0,9860
B20277289,GC-7,52.0,7.0,23139.0,9860
B20277290,GC-7,52.0,6.8,25704.0,9860
B20277291,GC-7,52.0,6.4,112891.0,9860
B20277292,GC-7,52.0,7.0,42345.0,9860
B20277293,GC-7,52.0,5.2,29981.0,9860
B20277294,GC-7,52.0,7.0,41957.0,9860
B20277295,GC-7,52.0,6.4,136038.0,9860
B20277296,GC-7,52.0,7.75,134912.0,9860
B20277297,GC-7,52.0,6.4,116395.0,9860
B20277298,GC-7,52.0,6.1,58255.0,9860
B20277299,GC-7,52.0,5.2,27984.0,9860
B20277300,GC-7,52.0,6.1,41650.0,9860
B20277301,GC-7,52.0,7.0,59933.0,9860
B20277302,GC-7,52.0,6.1,145952.0,9860
B20277303,GC-7,52.0,4.9,56235.0,9860
B20277304,GC-7,52.0,4.9,140481.0,9860
B20277305,GC-7,52.0,5.9,34760.0,9860
B20277306,GC-7,52.0,4.9,32988.0,9860
B20277307,GC-7,52.0,4.9,21642.0,9860
B20277308,GC-7,52.0,6.1,49544.0,9860
B20277309,GC-7,52.0,7.75,69332.0,9860
B20277310,GC-7,52.0,4.9,26450.0,9860
B20277311,GC-7,52.0,5.0,50349.0,9860
B20277312,GC-7,52.0,5.2,45535.0,9860
B20277313,GC-7,52.0,5.6,22281.0,9860
B20277314,GC-7,52.0,6.8,25756.0,9860
B20277315,GC-7,52.0,4.9,32222.0,9860
B20277316,GC-7,52.0,7.75,16671.0,9860
B20277317,GC-7,52.0,5.9,41763.0,9860
B20277318,GC-7,52.0,5.2,42773.0,9860
B20277319,GC-7,52.0,4.9,46111.0,9860
B20277320,GC-7,52.0,4.9,66102.0,9860
B20277321,GC-7,52.0,7.75,27477.0,9860
B20277322,GC-7,52.0,5.06,70596.0,9860
B20277323,GC-7,52.0,5.9,33640.0,9860
B20277324,GC-7,52.0,4.9,46583.0,9860
B20277325,GC-7,52.0,4.9,109691.0,9860
B20277326,GC-7,52.0,10.68,17216.0,9860
B20277327,GC-7,52.0,5.0,45130.0,9860
B20277328,GC-7,52.0,7.0,24247.0,9860
B20277329,GC-7,52.0,4.9,35665.0,9860
B20277330,GC-7,52.0,11.4,26122.0,9860
B20277331,GC-7,52.0,7.75,56394.0,9860
B20277332,GC-7,52.0,6.1,57965.0,9860
B20277333,GC-7,52.0,6.1,47014.0,9860
B20277334,GC-7,52.0,6.1,61218.0,9860
B20277335,GC-7,52.0,5.9,59779.0,9860
B20277336,GC-7,52.0,7.0,58101.0,9860
B20277337,GC-7,52.0,6.1,124075.0,9860
B20277338,GC-7,52.0,7.0,44756.0,9860
B20277339,GC-7,52.0,4.9,35988.0,9860
B20277340,GC-7,52.0,7.75,29236.0,9860
B20277341,GC-7,52.0,5.0,44659.0,9860
B20277342,GC-7,52.0,7.0,42403.0,9860
B20277343,GC-7,52.0,4.9,29205.0,9860
B20277344,GC-7,52.0,5.9,19977.0,9860
B20277345,GC-7,52.0,5.9,20132.0,9860
B20277346,GC-7,52.0,7.0,41291.0,9860
B20277347,GC-7,52.0,7.24,42078.0,9860
B20277348,GC-7,52.0,4.9,65666.0,9860
B20277349,GC-7,52.0,7.75,16264.0,9860
B20277350,GC-7,52.0,5.9,34907.0,9860
B20277351,GC-7,52.0,7.0,38768.0,9860
B20277352,GC-7,52.0,5.2,45671.0,9860
B20277353,GC-7,52.0,6.1,69553.0,9860
B20277354,GC-7,52.0,6.4,101719.0,9860
B20277355,GC-7,52.0,11.4,27271.0,9860
B20277356,GC-7,52.0,6.1,59211.0,9860
B20277357,GC-7,52.0,5.1,48823.0,9860
B20277358,GC-7,52.0,4.95,24487.0,9860
B20277359,GC-7,52.0,4.9,87556.0,9860
B20277360,GC-7,52.0,4.9,25981.0,9860
B20277361,GC-7,52.0,7.0,23661.0,9860
B20277362,GC-7,52.0,4.9,15359.0,9860
B20277363,GC-7,52.0,5.2,44241.0,9860
B20277364,GC-7,52.0,4.9,23263.0,9860
B20277365,GC-7,52.0,6.4,38397.0,9860
B20277366,GC-7,52.0,6.1,21551.0,9860
B20277367,GC-7,52.0,7.75,58604.0,9860
B20277368,GC-7,52.0,5.06,31319.0,9860
B20277369,GC-7,52.0,4.9,128485.00000000001,9860
B20277370,GC-7,52.0,4.9,50677.0,9860
B20277371,GC-7,52.0,7.0,56596.0,9860
B20277372,GC-7,52.0,3.9,21969.0,9860
B20277373,GC-7,52.0,5.6,112483.0,9860
B20277374,GC-7,52.0,6.1,27069.0,9860
B20277375,GC-7,52.0,5.0,47174.0,9860
B20277376,GC-7,52.0,4.4,29298.0,9860
B20277377,GC-7,52.0,6.1,30894.0,9860
B20277378,GC-7,52.0,4.9,44916.0,9860
B20277379,GC-7,52.0,6.1,16189.0,9860
B20277380,GC-7,52.0,7.75,29256.0,9860
B20277381,GC-7,52.0,4.9,25504.0,9860
B20277382,GC-7,52.0,6.1,132559.0,9860
B20277383,GC-7,52.0,4.9,22791.0,9860
B20277384,GC-7,52.0,7.0,46197.0,9860
B20277385,GC-7,52.0,6.1,46245.0,9860
B20277386,GC-7,52.0,4.9,29937.0,9860
B20277387,GC-7,52.0,7.0,44809.0,9860
B20277388,GC-7,52.0,7.0,66890.0,9860
B20277389,GC-7,52.0,4.9,46670.0,9860
B20277390,GC-7,52.0,3.9,102965.0,9860
B20277391,GC-7,52.0,4.9,23849.0,9860
B20277392,GC-7,52.0,7.0,61983.0,9860
B20277393,GC-7,52.0,4.9,16149.0,9860
B20277394,GC-7,52.0,5.9,34328.0,9860
B20277395,GC-7,52.0,5.0,43225.0,9860
B20277396,GC-7,52.0,6.1,20644.0,9860
B20277397,GC-7,52.0,6.1,48989.0,9860
B20277398,GC-7,52.0,6.1,148955.0,9860
B20277399,GC-7,52.0,7.75,65767.0,9860
B20277400,GC-7,52.0,4.9,28660.0,9860
B20277401,GC-7,52.0,7.75,27469.0,9860
B20277402,GC-7,52.0,4.9,124389.0,9860
B20277403,GC-7,52.0,5.06,31586.0,9860
B20277404,GC-7,52.0,5.0,15580.0,9860
B20277405,GC-7,52.0,6.1,126972.0,9860
B20277406,GC-7,52.0,6.1,119657.0,9860
B20277407,GC-7,52.0,4.7,85366.0,9860
B20277408,GC-7,52.0,3.9,100085.0,9860
B20277409,GC-7,52.0,6.4,124160.0,9860
B20277410,GC-7,52.0,6.1,43807.0,9860
B20277411,GC-7,52.0,5.9,71799.0,9860
B20277412,GC-7,52.0,6.4,35076.0,9860
B20277413,GC-7,52.0,4.9,34110.0,9860
B20277414,GC-7,52.0,6.4,55145.0,9860
B20277415,GC-7,52.0,4.9,122822.0,9860
B20277416,GC-7,52.0,7.0,42336.0,9860
B20277417,GC-7,52.0,4.9,36295.0,9860
B20277418,GC-7,52.0,6.8,25809.0,9860
B20277419,GC-7,52.0,5.9,38524.0,9860
B20277420,GC-7,52.0,7.0,61259.0,9860
B20277421,GC-7,52.0,6.4,127729.0,9860
B20277422,GC-7,52.0,7.0,40772.0,9860
B20277423,GC-7,52.0,3.9,43131.0,9860
B20277424,GC-7,52.0,3.9,104899.0,9860
B20277425,GC-7,52.0,5.06,29545.0,9860
B20277426,GC-7,52.0,5.0,49789.0,9860
B20277427,GC-7,52.0,4.9,47408.0,9860
B20277428,GC-7,52.0,4.9,25881.0,9860
B20277429,GC-7,52.0,7.75,65606.0,9860
B20277430,GC-7,52.0,10.68,34313.0,9860
B20277431,GC-7,52.0,4.9,21814.0,9860
B20277432,GC-7,52.0,6.4,39114.0,9860
B20277433,GC-7,52.0,4.9,34160.0,9860
B20277434,GC-7,52.0,5.9,69005.0,9860
B20277435,GC-7,52.0,8.05,21981.0,9860
B20277436,GC-7,52.0,8.05,22702.0,9860
B20277437,GC-7,52.0,7.0,64440.0,9860
B20277438,GC-7,52.0,7.75,59947.0,9860
B20277439,GC-7,52.0,7.0,143390.0,9860
B20277440,GC-7,52.0,5.0,44497.0,9860
B20277441,GC-7,52.0,6.1,47035.0,9860
B20277442,GC-7,52.0,7.75,56682.0,9860
B20277443,GC-7,52.0,3.9,105207.0,9860
B20277444,GC-7,52.0,6.1,65486.99999999999,9860
B20277445,GC-7,52.0,5.9,21185.0,9860
B20277446,GC-7,52.0,4.9,28154.0,9860
B20277447,GC-7,52.0,8.05,21262.0,9860
B20277448,GC-7,52.0,4.95,26073.0,9860
B20277449,GC-7,52.0,5.0,47535.0,9860
B20277450,GC-7,52.0,7.0,57509.0,9860
B20277451,GC-7,52.0,4.9,56690.0,9860
B20277452,GC-7,52.0,5.018,102131.0,9860
B20277453,GC-7,52.0,6.1,125474.0,9860
B20277454,GC-7,52.0,10.68,23227.0,9860
B20277455,GC-7,52.0,3.9,105450.0,9860
B20277456,GC-7,52.0,4.9,29920.0,9860
B20277457,GC-7,52.0,5.9,34833.0,9860
B20277458,GC-7,52.0,6.4,62002.0,9860
B20277459,GC-7,52.0,4.9,29569.0,9860
B20277460,GC-7,52.0,6.1,59375.0,9860
B20277461,GC-7,52.0,7.0,27168.0,9860
B20277462,GC-7,52.0,4.9,34581.0,9860
B20277463,GC-7,52.0,8.05,22839.0,9860
B20277464,GC-7,52.0,6.4,37106.0,9860
B20277465,GC-7,52.0,4.9,16451.0,9860
B20277466,GC-7,52.0,6.1,60241.0,9860
B20277467,GC-7,52.0,7.75,28510.0,9860
B20277468,GC-7,52.0,5.2,46909.0,9860
B20277469,GC-7,52.0,5.9,39376.0,9860
B20277470,GC-7,52.0,5.9,38460.0,9860
B20277471,GC-7,52.0,4.9,25817.0,9860
B20277472,GC-7,52.0,4.9,31588.0,9860
B20277473,GC-7,52.0,4.9,33206.0,9860
B20277474,GC-7,52.0,4.9,46988.0,9860
B20277475,GC-7,52.0,4.9,141299.0,9860
B20277476,GC-7,52.0,6.8,41955.0,9860
B20277477,GC-7,52.0,5.1,51370.0,9860
B20277478,GC-7,52.0,5.018,95956.0,9860
B20277479,GC-7,52.0,4.9,115115.0,9860
B20277480,GC-7,52.0,7.75,92114.0,9860
B20277481,GC-7,52.0,5.9,33359.0,9860
B20277482,GC-7,52.0,7.75,139271.0,9860
B20277483,GC-7,52.0,4.9,23592.0,9860
B20277484,GC-7,52.0,7.0,40473.0,9860
B20277485,GC-7,52.0,5.06,39533.0,9860
B20277486,GC-7,52.0,7.75,28175.0,9860
B20277487,GC-7,52.0,7.0,43295.0,9860
B20277488,GC-7,52.0,6.4,34025.0,9860
B20277489,GC-7,52.0,6.4,23825.0,9860
B20277490,GC-7,52.0,4.9,54799.0,9860
B20277491,GC-7,52.0,5.9,22395.0,9860
B20277492,GC-7,52.0,11.4,27479.0,9860
B20277493,GC-7,52.0,7.0,23127.0,9860
B20277494,GC-7,52.0,7.75,28182.0,9860
B20277495,GC-7,52.0,4.9,22774.0,9860
B20277496,GC-7,52.0,4.7,121002.0,9860
B20277497,GC-9,36.0,4.901,31602.0,9860
B20277498,GC-9,36.0,4.901,24983.0,9860
B20277499,GC-9,36.0,4.9,55667.0,9860
B20277500,GC-9,36.0,4.9,42946.0,9860
B20277501,GC-9,36.0,6.4,36178.0,9860
B20277502,GC-9,36.0,4.94,27709.0,9860
B20277503,GC-9,36.0,4.9,29308.0,9860
B20277504,GC-9,36.0,4.901,133305.0,9860
B20277505,GC-9,36.0,4.901,24387.0,9860
B20277506,GC-9,36.0,5.3,28228.0,9860
B20277507,GC-9,36.0,4.9,72919.0,9860
B20277508,GC-9,36.0,4.9,23229.0,9860
B20277509,GC-9,36.0,4.901,57405.0,9860
B20277510,GC-9,36.0,4.9,55512.0,9860
B20277511,GC-9,36.0,4.901,21166.0,9860
B20277512,GC-9,36.0,5.22,20496.0,9860
B20277513,GC-9,36.0,4.9,91951.0,9860
B20277514,GC-9,36.0,5.4,34624.0,9860
B20277515,GC-9,36.0,4.78,29125.0,9860
B20277516,GC-9,36.0,6.54,47225.0,9860
B20277517,GC-9,36.0,4.901,28590.0,9860
B20277518,GC-9,36.0,5.4,55526.0,9860
B20277519,GC-9,36.0,6.4,36045.0,9860
B20277520,GC-9,36.0,5.4,35485.0,9860
B20277521,GC-9,36.0,4.901,29085.0,9860
B20277522,GC-9,36.0,5.4,36239.0,9860
B20277523,GC-9,36.0,4.78,28946.0,9860
B20277524,GC-9,36.0,4.901,30295.0,9860
B20277525,GC-9,36.0,4.9,29249.0,9860
B20277526,GC-9,36.0,6.4,48898.0,9860
B20277527,GC-9,36.0,5.08,39802.0,9860
B20277528,GC-9,36.0,4.901,25127.0,9860
B20277529,GC-9,36.0,4.78,30243.0,9860
B20277530,GC-9,36.0,4.9,39439.0,9860
B20277531,GC-9,36.0,4.9,45431.0,9860
B20277532,GC-9,36.0,6.35,28894.0,9860
B20277533,GC-9,36.0,4.9,25926.0,9860
B20277534,GC-9,36.0,5.33,53157.0,9860
B20277535,GC-9,36.0,4.901,108912.0,9860
B20277536,GC-9,36.0,4.9,41263.0,9860
B20277537,GC-9,36.0,6.4,97415.0,9860
B20277538,GC-9,36.0,5.33,52553.0,9860
B20277539,GC-9,36.0,5.0,144744.0,9860
B20277540,GC-9,36.0,4.94,70192.0,9860
B20277541,GC-9,36.0,4.7,20350.0,9860
B20277542,GC-9,36.0,4.901,108583.0,9860
B20277543,GC-9,36.0,4.9,27138.0,9860
B20277544,GC-9,36.0,6.4,21997.0,9860
B20277545,GC-9,36.0,4.9,15771.0,9860
B20277546,GC-9,36.0,4.9,47152.0,9860
B20277547,GC-9,36.0,10.9,50016.0,9860
B20277548,GC-9,36.0,4.9,90977.0,9860
B20277549,GC-9,36.0,6.4,18569.0,9860
B20277550,GC-9,36.0,4.9,46661.0,9860
B20277551,GC-9,36.0,7.0,26200.0,9860
B20277552,GC-9,36.0,6.4,19136.0,9860
B20277553,GC-9,36.0,4.901,62806.0,9860
B20277554,GC-9,36.0,5.9,20345.0,9860
B20277555,GC-9,36.0,4.9,25233.0,9860
B20277556,GC-9,36.0,4.9,28583.0,9860
B20277557,GC-9,36.0,4.78,26286.0,9860
B20277558,GC-9,36.0,4.525,14864.0,9860
B20277559,GC-9,36.0,4.9,37176.0,9860
B20277560,GC-9,36.0,6.4,35312.0,9860
B20277561,GC-9,36.0,4.9,57189.0,9860
B20277562,GC-9,36.0,4.901,73089.0,9860
B20277563,GC-9,36.0,6.1,28328.0,9860
B20277564,GC-9,36.0,6.4,38611.0,9860
B20277565,GC-9,36.0,4.9,28404.0,9860
B20277566,GC-9,36.0,4.9,28667.0,9860
B20277567,GC-9,36.0,6.1,28282.0,9860
B20277568,GC-9,36.0,5.0,139197.0,9860
B20277569,GC-9,36.0,4.75,76924.0,9860
B20277570,GC-9,36.0,4.9,29940.0,9860
B20277571,GC-9,36.0,5.0,137377.0,9860
B20277572,GC-9,36.0,4.9,38912.0,9860
B20277573,GC-9,36.0,6.4,15909.0,9860
B20277574,GC-9,36.0,4.9,87665.0,9860
B20277575,GC-9,36.0,4.9,51617.0,9860
B20277576,GC-9,36.0,4.94,73801.0,9860
B20277577,GC-9,36.0,4.9,27620.0,9860
B20277578,GC-9,36.0,4.9,26423.0,9860
B20277579,GC-9,36.0,7.0,53852.0,9860
B20277580,GC-9,36.0,6.4,127825.0,9860
B20277581,GC-9,36.0,5.7,31292.0,9860
B20277582,GC-9,36.0,10.9,48956.0,9860
B20277583,GC-9,36.0,4.9,44511.0,9860
B20277584,GC-9,36.0,6.4,18556.0,9860
B20277585,GC-9,36.0,4.9,42545.0,9860
B20277586,GC-9,36.0,4.9,28883.0,9860
B20277587,GC-9,36.0,4.9,29636.0,9860
B20277588,GC-9,36.0,4.901,37674.0,9860
B20277589,GC-9,36.0,7.0,72168.0,9860
B20277590,GC-9,36.0,4.9,28263.0,9860
B20277591,GC-9,36.0,5.3,28216.0,9860
B20277592,GC-9,36.0,4.9,30204.0,9860
B20277593,GC-9,36.0,4.9,93369.0,9860
B20277594,GC-9,36.0,4.9,41828.0,9860
B20277595,GC-9,36.0,4.901,23104.0,9860
B20277596,GC-9,36.0,4.9,22695.0,9860
B20277597,GC-9,36.0,4.95,31181.0,9860
B20277598,GC-9,36.0,4.525,15691.0,9860
B20277599,GC-9,36.0,4.9,20467.0,9860
B20277600,GC-9,36.0,5.7,30797.0,9860
B20277601,GC-9,36.0,5.7,21325.0,9860
B20277602,GC-9,36.0,4.9,28178.0,9860
B20277603,GC-9,36.0,4.9,43517.0,9860
B20277604,GC-9,36.0,6.4,99413.0,9860
B20277605,GC-9,36.0,5.08,42145.0,9860
B20277606,GC-9,36.0,6.4,30096.0,9860
B20277607,GC-9,36.0,4.9,28850.0,9860
B20277608,GC-9,36.0,6.4,47487.0,9860
B20277609,GC-9,36.0,6.4,15878.0,9860
B20277610,GC-9,36.0,4.9,28393.0,9860
B20277611,GC-9,36.0,4.9,46078.0,9860
B20277612,GC-9,36.0,5.97,36259.0,9860
B20277613,GC-9,36.0,6.4,96667.0,9860
B20277614,GC-9,36.0,5.995,21692.0,9860
B20277615,GC-9,36.0,6.4,36424.0,9860
B20277616,GC-9,36.0,4.9,49496.0,9860
B20277617,GC-9,36.0,5.4,36182.0,9860
B20277618,GC-9,36.0,4.9,50645.0,9860
B20277619,GC-9,36.0,4.9,29457.0,9860
B20277620,GC-9,36.0,4.9,30673.0,9860
B20277621,GC-9,36.0,4.901,22475.0,9860
B20277622,GC-9,36.0,6.4,121714.0,9860
B20277623,GC-9,36.0,4.75,24320.0,9860
B20277624,GC-9,36.0,4.9,40162.0,9860
B20277625,GC-9,36.0,4.9,38615.0,9860
B20277626,GC-9,36.0,6.4,29042.0,9860
B20277627,GC-9,36.0,4.901,21541.0,9860
B20277628,GC-9,36.0,6.4,30006.0,9860
B20277629,GC-9,36.0,4.9,38742.0,9860
B20277630,GC-9,36.0,5.97,36215.0,9860
B20277631,GC-9,36.0,4.9,27139.0,9860
B20277632,GC-9,36.0,4.9,25700.0,9860
B20277633,GC-9,36.0,6.1,27816.0,9860
B20277634,GC-9,36.0,5.3,32202.0,9860
B20277635,GC-9,36.0,5.22,20571.0,9860
B20277636,GC-9,36.0,4.901,67790.0,9860
B20277637,GC-9,36.0,4.9,27438.0,9860
B20277638,GC-9,36.0,10.9,51789.0,9860
B20277639,GC-9,36.0,5.08,22989.0,9860
B20277640,GC-9,36.0,4.9,22844.0,9860
B20277641,GC-9,36.0,4.901,54593.0,9860
B20277642,GC-9,36.0,4.9,39954.0,9860
B20277643,GC-9,36.0,5.08,22210.0,9860
B20277644,GC-9,36.0,7.0,120107.0,9860
B20277645,GC-9,36.0,4.901,29398.0,9860
B20277646,GC-9,36.0,4.9,26936.0,9860
B20277647,GC-9,36.0,4.9,38867.0,9860
B20277648,GC-9,36.0,4.9,18663.0,9860
B20277649,GC-9,36.0,5.9,32189.999999999996,9860
B20277650,GC-9,36.0,4.9,29227.0,9860
B20277651,GC-9,36.0,4.9,27526.0,9860
B20277652,GC-9,36.0,4.9,18590.0,9860
B20277653,GC-9,36.0,4.9,45240.0,9860
B20277654,GC-9,36.0,4.9,44398.0,9860
B20277655,GC-9,36.0,6.401,34895.0,9860
B20277656,GC-9,36.0,6.35,26054.0,9860
B20277657,GC-9,36.0,4.9,27545.0,9860
B20277658,GC-9,36.0,4.901,21986.0,9860
B20277659,GC-9,36.0,4.901,25981.0,9860
B20277660,GC-9,36.0,4.9,47227.0,9860
B20277661,GC-9,36.0,4.7,94270.0,9860
B20277662,GC-9,36.0,4.9,28504.0,9860
B20277663,GC-9,36.0,4.901,25321.0,9860
B20277664,GC-9,36.0,6.4,30371.0,9860
B20277665,GC-9,36.0,4.9,30460.0,9860
B20277666,GC-9,36.0,4.901,26496.0,9860
B20277667,GC-9,36.0,5.97,101283.0,9860
B20277668,GC-9,36.0,5.9,20473.0,9860
B20277669,GC-9,36.0,4.9,28148.0,9860
B20277670,GC-9,36.0,4.525,25450.0,9860
B20277671,GC-9,36.0,6.4,47823.0,9860
B20277672,GC-9,36.0,4.9,46830.0,9860
B20277673,GC-9,36.0,4.901,70438.0,9860
B20277674,GC-9,36.0,4.9,26996.0,9860
B20277675,GC-9,36.0,5.3,28163.0,9860
B20277676,GC-9,36.0,6.1,24602.0,9860
B20277677,GC-9,36.0,4.9,22559.0,9860
B20277678,GC-9,36.0,5.33,45313.0,9860
B20277679,GC-9,36.0,6.4,97318.0,9860
B20277680,GC-9,36.0,10.9,50844.0,9860
B20277681,GC-9,36.0,4.9,31008.0,9860
B20277682,GC-9,36.0,4.9,28818.0,9860
B20277683,GC-9,36.0,4.75,24545.0,9860
B20277684,GC-9,36.0,5.0,136077.0,9860
B20277685,GC-9,36.0,5.9,20236.0,9860
B20277686,GC-9,36.0,4.9,47032.0,9860
B20277687,GC-9,36.0,4.9,27604.0,9860
B20277688,GC-9,36.0,4.9,22237.0,9860
B20277689,GC-9,36.0,4.9,43614.0,9860
B20277690,GC-9,36.0,4.9,28067.0,9860
B20277691,GC-9,36.0,4.525,15698.0,9860
B20277692,GC-9,36.0,6.4,37154.0,9860
B20277693,GC-9,36.0,4.901,25364.0,9860
B20277694,GC-9,36.0,4.9,22416.0,9860
B20277695,GC-9,36.0,4.9,21372.0,9860
B20277696,GC-9,36.0,7.0,75710.0,9860
B20277697,GC-9,36.0,4.95,70040.0,9860
B20277698,GC-9,36.0,4.9,18432.0,9860
B20277699,GC-9,36.0,4.9,23185.0,9860
B20277700,GC-9,36.0,4.9,22212.0,9860
B20277701,GC-9,36.0,5.08,123814.0,9860
B20277702,GC-9,36.0,10.9,48802.0,9860
B20277703,GC-9,36.0,5.33,23769.0,9860
B20277704,GC-9,36.0,4.9,27085.0,9860
B20277705,UE503,38.0,4.901,26250.0,9860
B20277706,UE503,38.0,5.0,25014.0,9860
B20277707,UE503,38.0,6.4,43394.0,9860
B20277708,UE503,38.0,4.9,39406.0,9860
B20277709,UE503,38.0,4.901,61192.0,9860
B20277710,UE503,38.0,4.9,48324.0,9860
B20277711,UE503,38.0,4.9,90308.0,9860
B20277712,UE503,38.0,6.5,51876.0,9860
B20277713,UE503,38.0,4.9,43352.0,9860
B20277714,UE503,38.0,5.995,21260.0,9860
B20277715,UE503,38.0,6.1,38857.0,9860
B20277716,UE503,38.0,6.14,27125.0,9860
B20277717,UE503,38.0,4.9,27244.0,9860
B20277718,UE503,38.0,4.93,53511.0,9860
B20277719,UE503,38.0,4.9,89195.0,9860
B20277720,UE503,38.0,7.001,28311.0,9860
B20277721,UE503,38.0,4.795,41358.0,9860
B20277722,UE503,38.0,4.9,55714.0,9860
B20277723,UE503,38.0,4.901,96690.0,9860
B20277724,UE503,38.0,4.9,24233.0,9860
B20277725,UE503,38.0,4.9,57273.0,9860
B20277726,UE503,38.0,4.901,127447.0,9860
B20277727,UE503,38.0,5.98,88110.0,9860
B20277728,UE503,38.0,4.901,49296.0,9860
B20277729,UE503,38.0,4.93,53246.0,9860
B20277730,UE503,38.0,10.0,23232.0,9860
B20277731,UE503,38.0,4.9,20991.0,9860
B20277732,UE503,38.0,6.1,40485.0,9860
B20277733,UE503,38.0,4.901,21522.0,9860
B20277734,UE503,38.0,5.0,26924.0,9860
B20277735,UE503,38.0,7.001,29431.0,9860
B20277736,UE503,38.0,4.9,54357.0,9860
B20277737,UE503,38.0,4.9,55055.0,9860
B20277738,UE503,38.0,4.9,45321.0,9860
B20277739,UE503,38.0,4.9,29382.0,9860
B20277740,UE503,38.0,4.901,125705.0,9860
B20277741,UE503,38.0,4.86,131775.0,9860
B20277742,UE503,38.0,4.9,39656.0,9860
B20277743,UE503,38.0,4.9,26997.0,9860
B20277744,UE503,38.0,4.901,70040.0,9860
B20277745,UE503,38.0,5.01,84900.0,9860
B20277746,UE503,38.0,10.0,22155.0,9860
B20277747,UE503,38.0,6.45,44499.0,9860
B20277748,UE503,38.0,4.9,56047.0,9860
B20277749,UE503,38.0,4.901,42246.0,9860
B20277750,UE503,38.0,5.84,38902.0,9860
B20277751,UE503,38.0,4.9,27523.0,9860
B20277752,UE503,38.0,4.901,142628.0,9860
B20277753,UE503,38.0,4.9,34045.0,9860
B20277754,UE503,38.0,7.0,94207.0,9860
B20277755,UE503,38.0,4.93,40294.0,9860
B20277756,UE503,38.0,5.995,123015.0,9860
B20277757,UE503,38.0,5.98,141671.0,9860
B20277758,UE503,38.0,4.901,71841.0,9860
B20277759,UE503,38.0,4.9,41406.0,9860
B20277760,UE503,38.0,6.4,43296.0,9860
B20277761,UE503,38.0,4.9,41257.0,9860
B20277762,UE503,38.0,4.901,22326.0,9860
B20277763,UE503,38.0,4.901,129044.99999999999,9860
B20277764,UE503,38.0,4.901,73725.0,9860
B20277765,UE503,38.0,6.14,95235.0,9860
B20277766,UE503,38.0,5.995,68656.0,9860
B20277767,UE503,38.0,4.9,60748.0,9860
B20277768,UE503,38.0,6.14,28672.0,9860
B20277769,UE503,38.0,4.93,41400.0,9860
B20277770,UE503,38.0,6.9,42926.0,9860
B20277771,UE503,38.0,4.9,27424.0,9860
B20277772,UE503,38.0,5.01,33317.0,9860
B20277773,UE503,38.0,4.9,23274.0,9860
B20277774,UE503,38.0,4.795,25328.0,9860
B20277775,UE503,38.0,4.9,42081.0,9860
B20277776,UE503,38.0,7.001,22945.0,9860
B20277777,UE503,38.0,5.995,51703.0,9860
B20277778,UE503,38.0,4.901,23105.0,9860
B20277779,UE503,38.0,4.9,42432.0,9860
B20277780,UE503,38.0,4.901,130705.99999999999,9860
B20277781,UE503,38.0,4.9,22454.0,9860
B20277782,UE503,38.0,4.85,43571.0,9860
B20277783,UE503,38.0,4.901,131605.0,9860
B20277784,UE503,38.0,4.901,142701.0,9860
B20277785,UE503,38.0,4.901,130131.0,9860
B20277786,UE503,38.0,7.001,22417.0,9860
B20277787,UE503,38.0,6.1,42254.0,9860
B20277788,UE503,38.0,5.0,94282.0,9860
B20277789,UE503,38.0,7.001,21263.0,9860
B20277790,UE503,38.0,6.4,39853.0,9860
B20277791,UE503,38.0,4.901,96997.0,9860
B20277792,UE503,38.0,4.85,45164.0,9860
B20277793,UE503,38.0,4.901,72868.0,9860
B20277794,UE503,38.0,4.94,33458.0,9860
B20277795,UE503,38.0,4.9,64381.0,9860
B20277796,UE503,38.0,4.901,145360.0,9860
B20277797,UE503,38.0,6.1,39979.0,9860
B20277798,UE503,38.0,7.0,22298.0,9860
B20277799,UE503,38.0,4.9,58799.0,9860
B20277800,UE503,38.0,4.901,77502.0,9860
B20277801,UE503,38.0,6.1,82384.0,9860
B20277802,UE503,38.0,4.901,21714.0,9860
B20277803,UE503,38.0,4.9,35922.0,9860
B20277804,UE503,38.0,4.901,29544.0,9860
B20277805,UE503,38.0,6.0,21737.0,9860
B20277806,UE503,38.0,4.901,74983.0,9860
B20277807,UE503,38.0,6.4,44907.0,9860
B20277808,UE503,38.0,4.9,21953.0,9860
B20277809,UE503,38.0,6.45,44165.0,9860
B20277810,UE503,38.0,5.0,90285.0,9860
B20277811,UE503,38.0,6.9,21463.0,9860
B20277812,UE503,38.0,6.1,22347.0,9860
B20277813,UE503,38.0,4.85,39708.0,9860
B20277814,UE503,38.0,7.0,27488.0,9860
B20277815,UE503,38.0,4.94,35220.0,9860
B20277816,UE503,38.0,5.0,49084.0,9860
B20277817,UE503,38.0,5.0,119867.0,9860
B20277818,UE503,38.0,4.901,30284.0,9860
B20277819,UE503,38.0,4.9,59977.0,9860
B20277820,UE503,38.0,7.001,21797.0,9860
B20277821,UE503,38.0,4.94,33498.0,9860
B20277822,UE503,38.0,4.901,146971.0,9860
B20277823,UE503,38.0,4.901,142881.0,9860
B20277824,UE503,38.0,4.901,70409.0,9860
B20277825,UE503,38.0,5.98,92786.0,9860
B20277826,UE503,38.0,4.9,42108.0,9860
B20277827,UE503,38.0,4.9,57709.0,9860
B20277828,UE503,38.0,4.901,90903.0,9860
B20277829,UE503,38.0,7.001,52977.0,9860
B20277830,UE503,38.0,4.901,23390.0,9860
B20277831,UE503,38.0,10.0,22112.0,9860
B20277832,UE503,38.0,4.9,23376.0,9860
B20277833,UE503,38.0,4.901,23351.0,9860
B20277834,UE503,38.0,5.0,45539.0,9860
B20277835,UE503,38.0,7.0,22384.0,9860
B20277836,UE503,38.0,4.7,33334.0,9860
B20277837,UE503,38.0,7.001,25572.0,9860
B20277838,UE503,38.0,4.9,12401.0,9860
B20277839,UE503,38.0,4.9,40147.0,9860
B20277840,UE503,38.0,4.901,88516.0,9860
B20277841,UE503,38.0,5.01,45043.0,9860
B20277842,UE503,38.0,4.901,70807.0,9860
B20277843,UE503,38.0,5.98,89599.0,9860
B20277844,UE503,38.0,4.86,39721.0,9860
B20277845,UE503,38.0,4.9,63025.0,9860
B20277846,UE503,38.0,4.9,21971.0,9860
B20277847,UE503,38.0,4.7,33716.0,9860
B20277848,UE503,38.0,4.9,22623.0,9860
B20277849,UE503,38.0,4.9,41123.0,9860
B20277850,UE503,38.0,4.9,22916.0,9860
B20277851,UE503,38.0,4.9,39723.0,9860
B20277852,UE503,38.0,4.7,35361.0,9860
B20277853,UE503,38.0,4.901,149346.0,9860
B20277854,UE503,38.0,4.901,90781.0,9860
B20277855,UE503,38.0,6.9,29412.0,9860
B20277856,UE503,38.0,6.45,43567.0,9860
B20277857,UE503,38.0,4.9,138546.0,9860
B20277858,UE503,38.0,4.901,23532.0,9860
B20277859,UE503,38.0,4.9,25974.0,9860
B20277860,UE503,38.0,4.901,39787.0,9860
B20277861,UE503,38.0,4.9,29744.0,9860
B20277862,UE503,38.0,10.0,22082.0,9860
B20277863,UE503,38.0,5.0,87761.0,9860
B20277864,UE503,38.0,4.901,147993.0,9860
B20277865,UE503,38.0,6.9,34508.0,9860
B20277866,UE503,38.0,4.9,23137.0,9860
B20277867,UE503,38.0,4.901,74600.0,9860
B20277868,UE503,38.0,4.9,61384.0,9860
B20277869,UE503,38.0,4.901,31730.0,9860
B20277870,UE503,38.0,7.001,53874.0,9860
B20277871,UE503,38.0,4.901,23045.0,9860
B20277872,UE503,38.0,4.901,21393.0,9860
B20277873,UE503,38.0,5.0,24215.0,9860
B20277874,UE503,38.0,4.9,59495.0,9860
B20277875,UE503,38.0,4.9,44460.0,9860
B20277876,UE503,38.0,4.86,49186.0,9860
B20277877,UE503,38.0,4.9,27375.0,9860
B20277878,UE503,38.0,4.9,56228.0,9860
B20277879,UE503,38.0,4.9,44451.0,9860
B20277880,UE503,38.0,7.0,94453.0,9860
B20277881,UE503,38.0,4.901,145812.0,9860
B20277882,UE503,38.0,4.9,21956.0,9860
B20277883,UE503,38.0,5.995,71139.0,9860
B20277884,UE503,38.0,6.4,39616.0,9860
B20277885,UE503,38.0,4.901,22567.0,9860
B20277886,UE503,38.0,4.901,74006.0,9860
B20277887,UE503,38.0,6.4,23019.0,9860
B20277888,UE503,38.0,6.55,72541.0,9860
B20277889,UE503,38.0,4.85,41877.0,9860
B20277890,UE503,38.0,7.9,59720.0,9860
B20277891,UE503,38.0,4.901,89176.0,9860
B20277892,UE503,38.0,6.5,85825.0,9860
B20277893,UE503,38.0,7.001,23218.0,9860
B20277894,UE503,38.0,4.901,92374.0,9860
B20277895,UE503,38.0,5.995,77494.0,9860
B20277896,UE503,38.0,4.9,22378.0,9860
B20277897,UE503,38.0,5.01,40769.0,9860
B20277898,UE503,38.0,5.01,33129.0,9860
B20277899,UE503,38.0,7.0,32773.0,9860
B20277900,UE503,38.0,6.4,22924.0,9860
B20277901,UE503,38.0,7.9,57937.0,9860
B20277902,UE503,38.0,4.95,22433.0,9860
B20277903,UE503,38.0,5.0,25454.0,9860
B20277904,UE503,38.0,7.001,21783.0,9860
B20277905,UE503,38.0,6.5,81967.0,9860
B20277906,UE503,38.0,5.01,79290.0,9860
B20277907,GC-10,46.0,5.53,20715.0,9860
B20277908,GC-10,46.0,4.815,23634.0,9860
B20277909,GC-10,46.0,4.795,16842.0,9860
B20277910,GC-10,46.0,6.4,34222.0,9860
B20277911,GC-10,46.0,6.6,48867.0,9860
B20277912,GC-10,46.0,5.3,55755.0,9860
B20277913,GC-10,46.0,4.7,42678.0,9860
B20277914,GC-10,46.0,7.4,79748.0,9860
B20277915,GC-10,46.0,4.9,21599.0,9860
B20277916,GC-10,46.0,4.9,40704.0,9860
B20277917,GC-10,46.0,4.9,34285.0,9860
B20277918,GC-10,46.0,10.5,12652.0,9860
B20277919,GC-10,46.0,4.9,45464.0,9860
B20277920,GC-10,46.0,7.0,37808.0,9860
B20277921,GC-10,46.0,9.52,20864.0,9860
B20277922,GC-10,46.0,4.9,43877.0,9860
B20277923,GC-10,46.0,4.9,94279.0,9860
B20277924,GC-10,46.0,4.9,111310.0,9860
B20277925,GC-10,46.0,4.9,71841.0,9860
B20277926,GC-10,46.0,4.9,39817.0,9860
B20277927,GC-10,46.0,6.3,20092.0,9860
B20277928,GC-10,46.0,4.9,39947.0,9860
B20277929,GC-10,46.0,4.9,40880.0,9860
B20277930,GC-10,46.0,9.54,22850.0,9860
B20277931,GC-10,46.0,4.9,96633.0,9860
B20277932,GC-10,46.0,5.2,52722.0,9860
B20277933,GC-10,46.0,4.9,21635.0,9860
B20277934,GC-10,46.0,4.9,43613.0,9860
B20277935,GC-10,46.0,4.9,107804.0,9860
B20277936,GC-10,46.0,6.4,62563.0,9860
B20277937,GC-10,46.0,4.9,42691.0,9860
B20277938,GC-10,46.0,4.4,21788.0,9860
B20277939,GC-10,46.0,7.0,40525.0,9860
B20277940,GC-10,46.0,4.9,40448.0,9860
B20277941,GC-10,46.0,7.9,20202.0,9860
B20277942,GC-10,46.0,11.54,58721.0,9860
B20277943,GC-10,46.0,6.4,21760.0,9860
B20277944,GC-10,46.0,4.9,77151.0,9860
B20277945,GC-10,46.0,11.54,54506.0,9860
B20277946,GC-10,46.0,5.8,140862.0,9860
B20277947,GC-10,46.0,4.63,21665.0,9860
B20277948,GC-10,46.0,7.0,46887.0,9860
B20277949,GC-10,46.0,4.9,39515.0,9860
B20277950,GC-10,46.0,10.5,42051.0,9860
B20277951,GC-10,46.0,6.3,96053.0,9860
B20277952,GC-10,46.0,4.9,73197.0,9860
B20277953,GC-10,46.0,7.9,40346.0,9860
B20277954,GC-10,46.0,6.6,23299.0,9860
B20277955,GC-10,46.0,6.3,19985.0,9860
B20277956,GC-10,46.0,6.25,44604.0,9860
B20277957,GC-10,46.0,4.93,37213.0,9860
B20277958,GC-10,46.0,4.9,12454.0,9860
B20277959,GC-10,46.0,4.9,23348.0,9860
B20277960,GC-10,46.0,5.8,142756.0,9860
B20277961,GC-10,46.0,4.9,77165.0,9860
B20277962,GC-10,46.0,7.9,29692.0,9860
B20277963,GC-10,46.0,4.9,39704.0,9860
B20277964,GC-10,46.0,6.6,22537.0,9860
B20277965,GC-10,46.0,5.2,55549.0,9860
B20277966,GC-10,46.0,4.63,21816.0,9860
B20277967,GC-10,46.0,6.3,18863.0,9860
B20277968,GC-10,46.0,5.53,105097.0,9860
B20277969,GC-10,46.0,6.25,22287.0,9860
B20277970,GC-10,46.0,4.9,59885.0,9860
B20277971,GC-10,46.0,9.54,49382.0,9860
B20277972,GC-10,46.0,4.9,41945.0,9860
B20277973,GC-10,46.0,4.63,22256.0,9860
B20277974,GC-10,46.0,4.9,27093.0,9860
B20277975,GC-10,46.0,4.4,44556.0,9860
B20277976,GC-10,46.0,7.4,48604.0,9860
B20277977,GC-10,46.0,9.54,53862.0,9860
B20277978,GC-10,46.0,4.795,26544.0,9860
B20277979,GC-10,46.0,4.9,47332.0,9860
B20277980,GC-10,46.0,4.4,89528.0,9860
B20277981,GC-10,46.0,5.2,56028.0,9860
B20277982,GC-10,46.0,6.3,19538.0,9860
B20277983,GC-10,46.0,4.9,59294.0,9860
B20277984,GC-10,46.0,9.52,48911.0,9860
B20277985,GC-10,46.0,4.4,22697.0,9860
B20277986,GC-10,46.0,4.9,19283.0,9860
B20277987,GC-10,46.0,4.4,41832.0,9860
B20277988,GC-10,46.0,4.4,32238.999999999996,9860
B20277989,GC-10,46.0,6.4,69218.0,9860
B20277990,GC-10,46.0,8.65,119469.0,9860
B20277991,GC-10,46.0,4.9,35397.0,9860
B20277992,GC-10,46.0,5.3,39375.0,9860
B20277993,GC-10,46.0,4.9,23482.0,9860
B20277994,GC-10,46.0,6.4,65613.0,9860
B20277995,GC-10,46.0,4.9,47475.0,9860
B20277996,GC-10,46.0,9.54,22323.0,9860
B20277997,GC-10,46.0,4.94,37982.0,9860
B20277998,GC-10,46.0,6.3,93215.0,9860
B20277999,GC-10,46.0,4.4,75212.0,9860
B20278000,GC-10,46.0,4.4,32109.0,9860
B20278001,GC-10,46.0,6.6,17031.0,9860
B20278002,GC-10,46.0,4.93,37899.0,9860
B20278003,GC-10,46.0,5.2,51757.0,9860
B20278004,GC-10,46.0,10.5,43272.0,9860
B20278005,GC-10,46.0,4.815,46329.0,9860
B20278006,GC-10,46.0,6.4,73130.0,9860
B20278007,GC-10,46.0,6.4,19185.0,9860
B20278008,GC-10,46.0,6.25,44344.0,9860
B20278009,GC-10,46.0,5.3,42721.0,9860
B20278010,GC-10,46.0,6.4,61097.0,9860
B20278011,GC-10,46.0,4.93,80066.0,9860
B20278012,GC-10,46.0,8.65,115402.0,9860
B20278013,GC-10,46.0,4.94,61629.0,9860
B20278014,GC-10,46.0,6.4,87570.0,9860
B20278015,GC-10,46.0,4.94,63662.0,9860
B20278016,GC-10,46.0,5.2,53666.0,9860
B20278017,GC-10,46.0,4.9,33913.0,9860
B20278018,GC-10,46.0,4.9,41371.0,9860
B20278019,GC-10,46.0,6.4,21442.0,9860
B20278020,GC-10,46.0,5.53,21067.0,9860
B20278021,GC-10,46.0,6.4,73340.0,9860
B20278022,GC-10,46.0,6.3,91923.0,9860
B20278023,GC-10,46.0,4.4,70543.0,9860
B20278024,GC-10,46.0,9.52,47434.0,9860
B20278025,GC-10,46.0,6.4,22408.0,9860
B20278026,GC-10,46.0,10.5,27558.0,9860
B20278027,GC-10,46.0,7.0,41584.0,9860
B20278028,GC-10,46.0,4.4,30046.0,9860
B20278029,GC-10,46.0,4.9,76560.0,9860
B20278030,GC-10,46.0,4.4,57443.0,9860
B20278031,GC-10,46.0,9.54,24261.0,9860
B20278032,GC-10,46.0,4.4,22369.0,9860
B20278033,GC-10,46.0,7.0,40139.0,9860
B20278034,GC-10,46.0,6.4,69395.0,9860
B20278035,GC-10,46.0,11.54,98756.0,9860
B20278036,GC-10,46.0,7.4,29598.0,9860
B20278037,GC-10,46.0,11.54,56386.0,9860
B20278038,GC-10,46.0,4.9,34255.0,9860
B20278039,GC-10,46.0,4.9,29400.0,9860
B20278040,GC-10,46.0,9.54,46956.0,9860
B20278041,GC-10,46.0,6.3,18825.0,9860
B20278042,GC-10,46.0,5.3,56116.0,9860
B20278043,GC-10,46.0,6.4,24385.0,9860
B20278044,GC-10,46.0,4.4,32025.0,9860
B20278045,GC-10,46.0,10.86,24896.0,9860
B20278046,GC-10,46.0,4.9,125038.0,9860
B20278047,GC-10,46.0,4.9,58865.0,9860
B20278048,GC-10,46.0,4.9,43269.0,9860
B20278049,GC-10,46.0,4.9,21825.0,9860
B20278050,GC-10,46.0,4.9,27324.0,9860
B20278051,GC-10,46.0,4.9,12970.0,9860
B20278052,GC-10,46.0,5.3,33422.0,9860
B20278053,GC-10,46.0,4.7,46776.0,9860
B20278054,GC-10,46.0,4.9,112899.0,9860
B20278055,GC-10,46.0,5.3,51117.0,9860
B20278056,GC-10,46.0,6.4,24075.0,9860
B20278057,GC-10,46.0,9.52,40028.0,9860
B20278058,GC-10,46.0,7.4,16850.0,9860
B20278059,GC-10,46.0,5.8,143503.0,9860
B20278060,GC-10,46.0,6.4,23133.0,9860
B20278061,GC-10,46.0,5.8,142418.0,9860
B20278062,GC-10,46.0,4.9,110539.0,9860
B20278063,GC-10,46.0,11.54,55818.0,9860
B20278064,GC-10,46.0,4.4,40972.0,9860
B20278065,GC-10,46.0,4.85,92348.0,9860
B20278066,GC-10,46.0,6.3,98747.0,9860
B20278067,GC-10,46.0,6.4,78967.0,9860
B20278068,GC-10,46.0,4.9,43372.0,9860
B20278069,GC-10,46.0,5.3,33784.0,9860
B20278070,GC-10,46.0,9.54,55596.0,9860
B20278071,GC-10,46.0,4.815,97537.0,9860
B20278072,GC-10,46.0,4.9,44284.0,9860
B20278073,GC-10,46.0,4.9,48745.0,9860
B20278074,GC-10,46.0,6.4,21632.0,9860
B20278075,GC-10,46.0,6.4,70133.0,9860
B20278076,GC-10,46.0,9.54,56487.0,9860
B20278077,GC-10,46.0,10.5,70372.0,9860
B20278078,GC-10,46.0,6.4,91492.0,9860
B20278079,GC-10,46.0,6.6,23025.0,9860
B20278080,GC-10,46.0,7.0,75148.0,9860
B20278081,GC-10,46.0,7.4,16912.0,9860
B20278082,GC-10,46.0,4.85,88716.0,9860
B20278083,GC-10,46.0,5.53,20396.0,9860
B20278084,GC-10,46.0,8.65,116981.0,9860
B20278085,GC-10,46.0,4.4,42807.0,9860
B20278086,GC-10,46.0,5.3,51841.0,9860
B20278087,GC-10,46.0,4.4,69175.0,9860
B20278088,GC-10,46.0,4.4,41562.0,9860
B20278089,GC-10,46.0,4.9,29106.0,9860
B20278090,GC-10,46.0,4.4,22049.0,9860
B20278091,GC-10,46.0,6.4,66665.0,9860
B20278092,GC-10,46.0,4.815,71033.0,9860
B20278093,GC-10,46.0,4.7,95210.0,9860
B20278094,GC-10,46.0,4.9,57518.0,9860
B20278095,GC-10,46.0,9.54,115831.0,9860
B20278096,GC-10,46.0,7.4,46462.0,9860
B20278097,GC-10,46.0,6.4,23489.0,9860
B20278098,GC-10,46.0,4.94,62068.0,9860
B20278099,GC-6,37.0,4.9,32955.0,9860
B20278100,GC-6,37.0,4.75,21361.0,9860
B20278101,GC-6,37.0,7.9,60956.0,9860
B20278102,GC-6,37.0,6.4,52603.0,9860
B20278103,GC-6,37.0,6.4,22317.0,9860
B20278104,GC-6,37.0,6.07,27030.0,9860
B20278105,GC-6,37.0,4.55,131212.0,9860
B20278106,GC-6,37.0,4.9,28956.0,9860
B20278107,GC-6,37.0,6.1,61867.0,9860
B20278108,GC-6,37.0,6.4,21066.0,9860
B20278109,GC-6,37.0,4.901,22768.0,9860
B20278110,GC-6,37.0,5.55,20990.0,9860
B20278111,GC-6,37.0,6.4,53962.0,9860
B20278112,GC-6,37.0,6.4,27351.0,9860
B20278113,GC-6,37.0,6.1,57631.0,9860
B20278114,GC-6,37.0,6.4,22630.0,9860
B20278115,GC-6,37.0,5.9,40275.0,9860
B20278116,GC-6,37.0,6.55,62419.0,9860
B20278117,GC-6,37.0,6.4,96184.0,9860
B20278118,GC-6,37.0,5.27,125295.0,9860
B20278119,GC-6,37.0,4.9,41954.0,9860
B20278120,GC-6,37.0,4.9,87586.0,9860
B20278121,GC-6,37.0,4.75,38229.0,9860
B20278122,GC-6,37.0,4.9,21387.0,9860
B20278123,GC-6,37.0,4.75,111052.0,9860
B20278124,GC-6,37.0,6.65,34442.0,9860
B20278125,GC-6,37.0,7.9,13270.0,9860
B20278126,GC-6,37.0,6.2,67721.0,9860
B20278127,GC-6,37.0,6.55,40233.0,9860
B20278128,GC-6,37.0,7.9,29918.0,9860
B20278129,GC-6,37.0,4.9,20950.0,9860
B20278130,GC-6,37.0,6.55,65453.0,9860
B20278131,GC-6,37.0,6.4,95334.0,9860
B20278132,GC-6,37.0,4.9,139041.0,9860
B20278133,GC-6,37.0,5.27,75469.0,9860
B20278134,GC-6,37.0,4.9,58197.0,9860
B20278135,GC-6,37.0,4.9,26153.0,9860
B20278136,GC-6,37.0,6.7,37974.0,9860
B20278137,GC-6,37.0,4.9,65972.0,9860
B20278138,GC-6,37.0,4.9,21734.0,9860
B20278139,GC-6,37.0,4.9,21992.0,9860
B20278140,GC-6,37.0,7.9,28062.0,9860
B20278141,GC-6,37.0,4.901,70630.0,9860
B20278142,GC-6,37.0,6.65,41319.0,9860
B20278143,GC-6,37.0,4.9,40170.0,9860
B20278144,GC-6,37.0,6.55,66412.0,9860
B20278145,GC-6,37.0,4.901,21406.0,9860
B20278146,GC-6,37.0,6.65,34459.0,9860
B20278147,GC-6,37.0,6.4,15525.0,9860
B20278148,GC-6,37.0,6.25,33646.0,9860
B20278149,GC-6,37.0,7.9,26646.0,9860
B20278150,GC-6,37.0,4.9,71158.0,9860
B20278151,GC-6,37.0,4.9,21826.0,9860
B20278152,GC-6,37.0,6.4,51298.0,9860
B20278153,GC-6,37.0,6.1,67224.0,9860
B20278154,GC-6,37.0,4.901,21138.0,9860
B20278155,GC-6,37.0,6.7,39993.0,9860
B20278156,GC-6,37.0,4.9,34545.0,9860
B20278157,GC-6,37.0,4.9,35030.0,9860
B20278158,GC-6,37.0,4.6,15562.0,9860
B20278159,GC-6,37.0,4.9,106179.0,9860
B20278160,GC-6,37.0,6.4,55038.0,9860
B20278161,GC-6,37.0,4.9,38473.0,9860
B20278162,GC-6,37.0,6.2,67808.0,9860
B20278163,GC-6,37.0,4.9,28542.0,9860
B20278164,GC-6,37.0,6.07,50371.0,9860
B20278165,GC-6,37.0,7.9,58069.0,9860
B20278166,GC-6,37.0,4.9,34963.0,9860
B20278167,GC-6,37.0,4.9,33227.0,9860
B20278168,GC-6,37.0,6.4,92659.0,9860
B20278169,GC-6,37.0,4.9,51763.0,9860
B20278170,GC-6,37.0,4.9,69251.0,9860
B20278171,GC-6,37.0,4.45,87678.0,9860
B20278172,GC-6,37.0,6.25,38521.0,9860
B20278173,GC-6,37.0,4.9,62907.0,9860
B20278174,GC-6,37.0,6.1,57222.0,9860
B20278175,GC-6,37.0,6.0,63647.0,9860
B20278176,GC-6,37.0,6.4,102930.0,9860
B20278177,GC-6,37.0,6.4,130190.0,9860
B20278178,GC-6,37.0,6.36,107302.0,9860
B20278179,GC-6,37.0,4.901,27969.0,9860
B20278180,GC-6,37.0,6.1,25159.0,9860
B20278181,GC-6,37.0,6.14,21301.0,9860
B20278182,GC-6,37.0,4.6,17132.0,9860
B20278183,GC-6,37.0,5.4,60022.0,9860
B20278184,GC-6,37.0,4.9,88474.0,9860
B20278185,GC-6,37.0,4.9,93488.0,9860
B20278186,GC-6,37.0,4.9,33798.0,9860
B20278187,GC-6,37.0,4.9,24721.0,9860
B20278188,GC-6,37.0,6.1,37820.0,9860
B20278189,GC-6,37.0,6.2,71509.0,9860
B20278190,GC-6,37.0,6.55,52001.0,9860
B20278191,GC-6,37.0,4.9,21266.0,9860
B20278192,GC-6,37.0,4.901,127513.0,9860
B20278193,GC-6,37.0,6.4,27415.0,9860
B20278194,GC-6,37.0,4.45,89887.0,9860
B20278195,GC-6,37.0,5.9,42844.0,9860
B20278196,GC-6,37.0,6.4,46080.0,9860
B20278197,GC-6,37.0,4.9,34740.0,9860
B20278198,GC-6,37.0,7.9,52837.0,9860
B20278199,GC-6,37.0,6.4,104611.0,9860
B20278200,GC-6,37.0,4.9,63851.0,9860
B20278201,GC-6,37.0,5.4,57808.0,9860
B20278202,GC-6,37.0,4.9,39901.0,9860
B20278203,GC-6,37.0,4.9,41592.0,9860
B20278204,GC-6,37.0,4.901,121203.0,9860
B20278205,GC-6,37.0,6.4,22171.0,9860
B20278206,GC-6,37.0,4.9,66627.0,9860
B20278207,GC-6,37.0,6.0,64220.0,9860
B20278208,GC-6,37.0,4.9,22366.0,9860
B20278209,GC-6,37.0,6.1,34768.0,9860
B20278210,GC-6,37.0,6.4,91897.0,9860
B20278211,GC-6,37.0,4.9,40937.0,9860
B20278212,GC-6,37.0,4.901,70587.0,9860
B20278213,GC-6,37.0,4.9,22276.0,9860
B20278214,GC-6,37.0,6.4,46555.0,9860
B20278215,GC-6,37.0,4.9,34817.0,9860
B20278216,GC-6,37.0,6.4,22556.0,9860
B20278217,GC-6,37.0,6.4,27854.0,9860
B20278218,GC-6,37.0,4.9,16128.0,9860
B20278219,GC-6,37.0,4.9,22189.0,9860
B20278220,GC-6,37.0,4.9,41884.0,9860
B20278221,GC-6,37.0,5.55,16938.0,9860
B20278222,GC-6,37.0,4.9,43125.0,9860
B20278223,GC-6,37.0,6.15,100303.0,9860
B20278224,GC-6,37.0,6.0,87940.0,9860
B20278225,GC-6,37.0,4.9,32762.0,9860
B20278226,GC-6,37.0,4.9,35637.0,9860
B20278227,GC-6,37.0,6.36,110139.0,9860
B20278228,GC-6,37.0,6.65,38757.0,9860
B20278229,GC-6,37.0,6.4,57143.0,9860
B20278230,GC-6,37.0,6.9,24936.0,9860
B20278231,GC-6,37.0,4.9,21942.0,9860
B20278232,GC-6,37.0,4.9,21713.0,9860
B20278233,GC-6,37.0,6.55,54806.0,9860
B20278234,GC-6,37.0,6.25,129059.0,9860
B20278235,GC-6,37.0,4.9,52738.0,9860
B20278236,GC-6,37.0,4.9,24814.0,9860
B20278237,GC-6,37.0,4.15,73463.0,9860
B20278238,GC-6,37.0,6.9,40377.0,9860
B20278239,GC-6,37.0,6.65,33848.0,9860
B20278240,GC-6,37.0,4.9,34537.0,9860
B20278241,GC-6,37.0,6.4,21449.0,9860
B20278242,GC-6,37.0,7.9,55838.0,9860
B20278243,GC-6,37.0,7.9,14003.0,9860
B20278244,GC-6,37.0,6.1,70494.0,9860
B20278245,GC-6,37.0,6.1,38140.0,9860
B20278246,GC-6,37.0,6.4,52800.0,9860
B20278247,GC-6,37.0,4.9,71499.0,9860
B20278248,GC-6,37.0,6.2,69395.0,9860
B20278249,GC-6,37.0,6.1,57570.0,9860
B20278250,GC-6,37.0,6.4,55581.0,9860
B20278251,GC-6,37.0,4.9,54509.0,9860
B20278252,GC-6,37.0,6.4,104315.0,9860
B20278253,GC-6,37.0,4.9,25373.0,9860
B20278254,GC-6,37.0,6.4,15790.0,9860
B20278255,GC-6,37.0,6.4,22284.0,9860
B20278256,GC-6,37.0,6.25,36057.0,9860
B20278257,GC-6,37.0,4.9,69356.0,9860
B20278258,GC-6,37.0,4.9,67682.0,9860
B20278259,GC-6,37.0,4.9,21146.0,9860
B20278260,GC-6,37.0,5.9,41837.0,9860
B20278261,GC-6,37.0,4.55,71914.0,9860
B20278262,GC-6,37.0,4.9,79087.0,9860
B20278263,GC-6,37.0,4.6,16422.0,9860
B20278264,GC-6,37.0,4.9,71155.0,9860
B20278265,GC-6,37.0,6.4,22090.0,9860
B20278266,GC-6,37.0,4.9,73640.0,9860
B20278267,GC-6,37.0,4.9,101308.0,9860
B20278268,GC-6,37.0,5.55,39849.0,9860
B20278269,GC-6,37.0,6.4,15476.0,9860
B20278270,GC-6,37.0,7.9,26968.0,9860
B20278271,GC-6,37.0,6.1,25808.0,9860
B20278272,GC-6,37.0,4.9,45380.0,9860
B20278273,GC-6,37.0,6.4,21818.0,9860
B20278274,GC-6,37.0,6.1,56620.0,9860
B20278275,GC-6,37.0,4.9,78273.0,9860
B20278276,GC-6,37.0,6.55,65174.00000000001,9860
B20278277,GC-6,37.0,4.9,61604.0,9860
B20278278,GC-6,37.0,7.9,61304.0,9860
B20278279,GC-6,37.0,6.4,104834.0,9860
B20278280,GC-6,37.0,4.9,30484.0,9860
B20278281,GC-6,37.0,6.4,22511.0,9860
B20278282,GC-6,37.0,6.4,21455.0,9860
B20278283,GC-5,42.0,7.4,111090.0,9860
B20278284,GC-5,42.0,6.4,22325.0,9860
B20278285,GC-5,42.0,8.97,42825.0,9860
B20278286,GC-5,42.0,6.4,34085.0,9860
B20278287,GC-5,42.0,4.9,27652.0,9860
B20278288,GC-5,42.0,8.97,40989.0,9860
B20278289,GC-5,42.0,5.3,121685.0,9860
B20278290,GC-5,42.0,4.9,101133.0,9860
B20278291,GC-5,42.0,4.901,48104.0,9860
B20278292,GC-5,42.0,6.4,21829.0,9860
B20278293,GC-5,42.0,4.9,66853.0,9860
B20278294,GC-5,42.0,8.97,83360.0,9860
B20278295,GC-5,42.0,8.1,137427.0,9860
B20278296,GC-5,42.0,4.9,35910.0,9860
B20278297,GC-5,42.0,8.97,85789.0,9860
B20278298,GC-5,42.0,10.9,48254.0,9860
B20278299,GC-5,42.0,5.2,41772.0,9860
B20278300,GC-5,42.0,4.9,62591.0,9860
B20278301,GC-5,42.0,9.34,22683.0,9860
B20278302,GC-5,42.0,6.7,50652.0,9860
B20278303,GC-5,42.0,9.34,45289.0,9860
B20278304,GC-5,42.0,10.06,130533.99999999999,9860
B20278305,GC-5,42.0,8.1,34428.0,9860
B20278306,GC-5,42.0,4.9,42853.0,9860
B20278307,GC-5,42.0,11.0,26087.0,9860
B20278308,GC-5,42.0,4.9,126312.0,9860
B20278309,GC-5,42.0,4.9,76556.0,9860
B20278310,GC-5,42.0,4.9,25675.0,9860
B20278311,GC-5,42.0,4.9,66085.0,9860
B20278312,GC-5,42.0,5.3,22766.0,9860
B20278313,GC-5,42.0,4.9,44271.0,9860
B20278314,GC-5,42.0,4.9,36348.0,9860
B20278315,GC-5,42.0,4.9,149997.0,9860
B20278316,GC-5,42.0,6.4,17567.0,9860
B20278317,GC-5,42.0,5.3,137852.0,9860
B20278318,GC-5,42.0,10.06,73970.0,9860
B20278319,GC-5,42.0,9.34,104062.0,9860
B20278320,GC-5,42.0,5.3,80876.0,9860
B20278321,GC-5,42.0,6.4,39761.0,9860
B20278322,GC-5,42.0,4.9,96321.0,9860
B20278323,GC-5,42.0,4.9,37644.0,9860
B20278324,GC-5,42.0,8.97,121387.0,9860
B20278325,GC-5,42.0,4.9,42827.0,9860
B20278326,GC-5,42.0,5.9,119586.0,9860
B20278327,GC-5,42.0,4.9,53897.0,9860
B20278328,GC-5,42.0,10.9,137805.0,9860
B20278329,GC-5,42.0,6.4,23197.0,9860
B20278330,GC-5,42.0,4.9,50486.0,9860
B20278331,GC-5,42.0,6.4,17286.0,9860
B20278332,GC-5,42.0,4.9,94031.0,9860
B20278333,GC-5,42.0,4.9,132010.0,9860
B20278334,GC-5,42.0,4.9,12720.0,9860
B20278335,GC-5,42.0,6.6,120003.0,9860
B20278336,GC-5,42.0,4.6,39896.0,9860
B20278337,GC-5,42.0,4.9,18025.0,9860
B20278338,GC-5,42.0,4.6,39515.0,9860
B20278339,GC-5,42.0,8.1,34615.0,9860
B20278340,GC-5,42.0,4.9,109929.0,9860
B20278341,GC-5,42.0,6.4,18270.0,9860
B20278342,GC-5,42.0,4.9,142224.0,9860
B20278343,GC-5,42.0,4.9,100376.0,9860
B20278344,GC-5,42.0,4.9,49497.0,9860
B20278345,GC-5,42.0,10.9,44334.0,9860
B20278346,GC-5,42.0,3.8,122457.0,9860
B20278347,GC-5,42.0,4.9,100820.0,9860
B20278348,GC-5,42.0,4.9,67606.0,9860
B20278349,GC-5,42.0,6.7,54040.0,9860
B20278350,GC-5,42.0,6.3,65253.0,9860
B20278351,GC-5,42.0,10.9,45032.0,9860
B20278352,GC-5,42.0,10.06,22443.0,9860
B20278353,GC-5,42.0,4.9,142545.0,9860
B20278354,GC-5,42.0,4.9,93105.0,9860
B20278355,GC-5,42.0,6.4,49331.0,9860
B20278356,GC-5,42.0,4.9,33004.0,9860
B20278357,GC-5,42.0,10.0,22949.0,9860
B20278358,GC-5,42.0,4.9,40878.0,9860
B20278359,GC-5,42.0,6.3,22432.0,9860
B20278360,GC-5,42.0,10.0,22717.0,9860
B20278361,GC-5,42.0,4.9,13662.0,9860
B20278362,GC-5,42.0,6.0,144965.0,9860
B20278363,GC-5,42.0,6.6,124620.0,9860
B20278364,GC-5,42.0,10.0,35598.0,9860
B20278365,GC-5,42.0,9.34,27426.0,9860
B20278366,GC-5,42.0,6.3,45786.0,9860
B20278367,GC-5,42.0,5.2,38872.0,9860
B20278368,GC-5,42.0,5.3,22897.0,9860
B20278369,GC-5,42.0,8.78,34934.0,9860
B20278370,GC-5,42.0,6.4,34075.0,9860
B20278371,GC-5,42.0,7.4,40896.0,9860
B20278372,GC-5,42.0,7.4,29056.0,9860
B20278373,GC-5,42.0,4.901,47424.0,9860
B20278374,GC-5,42.0,10.06,78681.0,9860
B20278375,GC-5,42.0,5.3,78391.0,9860
B20278376,GC-5,42.0,5.3,22069.0,9860
B20278377,GC-5,42.0,4.9,34318.0,9860
B20278378,GC-5,42.0,11.0,93170.0,9860
B20278379,GC-5,42.0,8.97,41246.0,9860
B20278380,GC-5,42.0,4.6,37265.0,9860
B20278381,GC-5,42.0,6.7,53917.0,9860
B20278382,GC-5,42.0,11.0,23982.0,9860
B20278383,GC-5,42.0,6.4,35379.0,9860
B20278384,GC-5,42.0,4.901,109669.0,9860
B20278385,GC-5,42.0,8.78,129066.0,9860
B20278386,GC-5,42.0,6.0,35100.0,9860
B20278387,GC-5,42.0,10.9,47901.0,9860
B20278388,GC-5,42.0,11.0,21998.0,9860
B20278389,GC-5,42.0,4.9,67053.0,9860
B20278390,GC-5,42.0,3.8,16168.0,9860
B20278391,GC-5,42.0,5.3,144167.0,9860
B20278392,GC-5,42.0,5.3,34683.0,9860
B20278393,GC-5,42.0,6.6,126401.0,9860
B20278394,GC-5,42.0,7.4,29522.0,9860
B20278395,GC-5,42.0,4.9,62192.0,9860
B20278396,GC-5,42.0,5.9,72629.0,9860
B20278397,GC-5,42.0,9.34,22550.0,9860
B20278398,GC-5,42.0,8.97,119349.0,9860
B20278399,GC-5,42.0,7.4,43377.0,9860
B20278400,GC-5,42.0,10.06,74454.0,9860
B20278401,GC-5,42.0,9.34,28010.0,9860
B20278402,GC-5,42.0,4.901,22651.0,9860
B20278403,GC-5,42.0,11.0,24993.0,9860
B20278404,GC-5,42.0,6.4,36381.0,9860
B20278405,GC-5,42.0,4.9,73332.0,9860
B20278406,GC-5,42.0,5.2,76955.0,9860
B20278407,GC-5,42.0,5.3,84757.0,9860
B20278408,GC-5,42.0,8.97,80756.0,9860
B20278409,GC-5,42.0,6.4,23195.0,9860
B20278410,GC-5,42.0,4.9,32769.0,9860
B20278411,GC-5,42.0,4.9,145900.0,9860
B20278412,GC-5,42.0,4.9,97919.0,9860
B20278413,GC-5,42.0,9.34,107722.0,9860
B20278414,GC-5,42.0,6.4,28735.0,9860
B20278415,GC-5,42.0,5.7,42587.0,9860
B20278416,GC-5,42.0,4.9,38491.0,9860
B20278417,GC-5,42.0,4.9,21293.0,9860
B20278418,GC-5,42.0,4.9,34234.0,9860
B20278419,GC-5,42.0,6.4,46847.0,9860
B20278420,GC-5,42.0,3.8,126616.0,9860
B20278421,GC-5,42.0,5.2,41982.0,9860
B20278422,GC-5,42.0,5.7,40153.0,9860
B20278423,GC-5,42.0,4.9,17982.0,9860
B20278424,GC-5,42.0,10.06,84691.0,9860
B20278425,GC-5,42.0,3.8,132505.0,9860
B20278426,GC-5,42.0,9.34,110763.0,9860
B20278427,GC-5,42.0,4.9,29299.0,9860
B20278428,GC-5,42.0,6.3,22121.0,9860
B20278429,GC-5,42.0,4.9,35301.0,9860
B20278430,GC-5,42.0,5.2,40748.0,9860
B20278431,GC-5,42.0,10.0,20932.0,9860
B20278432,GC-5,42.0,8.97,86781.0,9860
B20278433,GC-5,42.0,10.9,142098.0,9860
B20278434,GC-5,42.0,6.7,73699.0,9860
B20278435,GC-5,42.0,10.0,21073.0,9860
B20278436,GC-5,42.0,10.0,33681.0,9860
B20278437,GC-5,42.0,8.78,35467.0,9860
B20278438,GC-5,42.0,6.4,28349.0,9860
B20278439,GC-5,42.0,3.8,131533.0,9860
B20278440,GC-5,42.0,5.9,21826.0,9860
B20278441,GC-5,42.0,9.34,22664.0,9860
B20278442,GC-5,42.0,6.6,46390.0,9860
B20278443,GC-5,42.0,4.9,49803.0,9860
B20278444,GC-5,42.0,4.9,33135.0,9860
B20278445,GC-5,42.0,5.3,138965.0,9860
B20278446,GC-5,42.0,4.9,60059.0,9860
B20278447,GC-5,42.0,4.9,36347.0,9860
B20278448,GC-5,42.0,9.34,27037.0,9860
B20278449,GC-5,42.0,4.9,32991.0,9860
B20278450,GC-5,42.0,4.9,26388.0,9860
B20278451,GC-5,42.0,4.9,92241.0,9860
B20278452,GC-5,42.0,6.4,44287.0,9860
B20278453,GC-5,42.0,3.8,15963.0,9860
B20278454,GC-5,42.0,5.3,142366.0,9860
B20278455,GC-5,42.0,6.4,16936.0,9860
B20278456,GC-5,42.0,4.9,12830.0,9860
B20278457,GC-5,42.0,4.9,100690.0,9860
B20278458,GC-5,42.0,4.901,108331.0,9860
B20278459,GC-8,52.0,8.28,77854.0,9860
B20278460,GC-8,52.0,8.28,82792.0,9860
B20278461,GC-8,52.0,4.9,22122.0,9860
B20278462,GC-8,52.0,4.9,55499.0,9860
B20278463,GC-8,52.0,5.9,33312.0,9860
B20278464,GC-8,52.0,4.5,88054.0,9860
B20278465,GC-8,52.0,5.9,24575.0,9860
B20278466,GC-8,52.0,8.28,79841.0,9860
B20278467,GC-8,52.0,4.9,120084.0,9860
B20278468,GC-8,52.0,7.0,29422.0,9860
B20278469,GC-8,52.0,7.9,41266.0,9860
B20278470,GC-8,52.0,5.9,30310.0,9860
B20278471,GC-8,52.0,4.9,21323.0,9860
B20278472,GC-8,52.0,7.9,42515.0,9860
B20278473,GC-8,52.0,6.4,21377.0,9860
B20278474,GC-8,52.0,6.9,31413.0,9860
B20278475,GC-8,52.0,6.9,24225.0,9860
B20278476,GC-8,52.0,7.0,54922.0,9860
B20278477,GC-8,52.0,6.9,58584.0,9860
B20278478,GC-8,52.0,6.84,45773.0,9860
B20278479,GC-8,52.0,7.0,51586.0,9860
B20278480,GC-8,52.0,6.9,21149.0,9860
B20278481,GC-8,52.0,4.9,65669.0,9860
B20278482,GC-8,52.0,5.9,42216.0,9860
B20278483,GC-8,52.0,5.9,34330.0,9860
B20278484,GC-8,52.0,5.9,76306.0,9860
B20278485,GC-8,52.0,4.9,79477.0,9860
B20278486,GC-8,52.0,5.9,29823.0,9860
B20278487,GC-8,52.0,5.9,23854.0,9860
B20278488,GC-8,52.0,4.9,22910.0,9860
B20278489,GC-8,52.0,6.9,22090.0,9860
B20278490,GC-8,52.0,7.9,42032.0,9860
B20278491,GC-8,52.0,4.9,26343.0,9860
B20278492,GC-8,52.0,5.9,111943.0,9860
B20278493,GC-8,52.0,4.9,22926.0,9860
B20278494,GC-8,52.0,5.36,49530.0,9860
B20278495,GC-8,52.0,7.0,35072.0,9860
B20278496,GC-8,52.0,4.5,41407.0,9860
B20278497,GC-8,52.0,6.9,60721.0,9860
B20278498,GC-8,52.0,5.4,16078.0,9860
B20278499,GC-8,52.0,4.9,25735.0,9860
B20278500,GC-8,52.0,4.9,23755.0,9860
B20278501,GC-8,52.0,6.9,57882.0,9860
B20278502,GC-8,52.0,7.9,86481.0,9860
B20278503,GC-8,52.0,7.0,27917.0,9860
B20278504,GC-8,52.0,4.5,36150.0,9860
B20278505,GC-8,52.0,8.28,48107.0,9860
B20278506,GC-8,52.0,5.9,54359.0,9860
B20278507,GC-8,52.0,6.84,45922.0,9860
B20278508,GC-8,52.0,4.9,82338.0,9860
B20278509,GC-8,52.0,7.0,51323.0,9860
B20278510,GC-8,52.0,8.28,21362.0,9860
B20278511,GC-8,52.0,5.4,28278.0,9860
B20278512,GC-8,52.0,4.9,54767.0,9860
B20278513,GC-8,52.0,4.901,22244.0,9860
B20278514,GC-8,52.0,7.0,43030.0,9860
B20278515,GC-8,52.0,7.0,19933.0,9860
B20278516,GC-8,52.0,4.9,23175.0,9860
B20278517,GC-8,52.0,7.9,39489.0,9860
B20278518,GC-8,52.0,6.9,29051.0,9860
B20278519,GC-8,52.0,4.9,132171.0,9860
B20278520,GC-8,52.0,5.9,28465.0,9860
B20278521,GC-8,52.0,5.9,26075.0,9860
B20278522,GC-8,52.0,5.9,21352.0,9860
B20278523,GC-8,52.0,6.84,43760.0,9860
B20278524,GC-8,52.0,4.7,37660.0,9860
B20278525,GC-8,52.0,7.0,40680.0,9860
B20278526,GC-8,52.0,4.9,55085.0,9860
B20278527,GC-8,52.0,6.4,28709.0,9860
B20278528,GC-8,52.0,6.9,24395.0,9860
B20278529,GC-8,52.0,8.9,42772.0,9860
B20278530,GC-8,52.0,4.9,57979.0,9860
B20278531,GC-8,52.0,5.9,27648.0,9860
B20278532,GC-8,52.0,5.9,28443.0,9860
B20278533,GC-8,52.0,5.9,15840.0,9860
B20278534,GC-8,52.0,5.9,25026.0,9860
B20278535,GC-8,52.0,8.28,47464.0,9860
B20278536,GC-8,52.0,4.5,24722.0,9860
B20278537,GC-8,52.0,5.9,82534.0,9860
B20278538,GC-8,52.0,4.9,34044.0,9860
B20278539,GC-8,52.0,5.9,29283.0,9860
B20278540,GC-8,52.0,5.9,24460.0,9860
B20278541,GC-8,52.0,5.9,112123.0,9860
B20278542,GC-8,52.0,5.4,15922.0,9860
B20278543,GC-8,52.0,5.15,55211.0,9860
B20278544,GC-8,52.0,5.9,31320.0,9860
B20278545,GC-8,52.0,4.7,15809.0,9860
B20278546,GC-8,52.0,4.9,132203.0,9860
B20278547,GC-8,52.0,4.9,44600.0,9860
B20278548,GC-8,52.0,5.9,36003.0,9860
B20278549,GC-8,52.0,5.9,16827.0,9860
B20278550,GC-8,52.0,6.9,60113.0,9860
B20278551,GC-8,52.0,4.9,53334.0,9860
B20278552,GC-8,52.0,4.9,22238.0,9860
B20278553,GC-8,52.0,4.9,29768.0,9860
B20278554,GC-8,52.0,5.9,34682.0,9860
B20278555,GC-8,52.0,4.9,21658.0,9860
B20278556,GC-8,52.0,5.9,30033.0,9860
B20278557,GC-8,52.0,5.4,29077.0,9860
B20278558,GC-8,52.0,5.36,39726.0,9860
B20278559,GC-8,52.0,4.5,65763.0,9860
B20278560,GC-8,52.0,7.96,71859.0,9860
B20278561,GC-8,52.0,4.9,24742.0,9860
B20278562,GC-8,52.0,4.5,40148.0,9860
B20278563,GC-8,52.0,4.9,28128.0,9860
B20278564,GC-8,52.0,5.9,26349.0,9860
B20278565,GC-8,52.0,4.5,86801.0,9860
B20278566,GC-8,52.0,4.5,35807.0,9860
B20278567,GC-8,52.0,5.9,74815.0,9860
B20278568,GC-8,52.0,5.9,23974.0,9860
B20278569,GC-8,52.0,4.9,22105.0,9860
B20278570,GC-8,52.0,5.9,16299.0,9860
B20278571,GC-8,52.0,4.9,72640.0,9860
B20278572,GC-8,52.0,4.9,116862.0,9860
B20278573,GC-8,52.0,7.96,68900.0,9860
B20278574,GC-8,52.0,5.9,32837.0,9860
B20278575,GC-8,52.0,5.15,47760.0,9860
B20278576,GC-8,52.0,5.9,28053.0,9860
B20278577,GC-8,52.0,5.9,25135.0,9860
B20278578,GC-8,52.0,5.9,27036.0,9860
B20278579,GC-8,52.0,4.9,143911.0,9860
B20278580,GC-8,52.0,4.9,36794.0,9860
B20278581,GC-8,52.0,4.9,121893.0,9860
B20278582,GC-8,52.0,4.9,29686.0,9860
B20278583,GC-8,52.0,7.0,35560.0,9860
B20278584,GC-8,52.0,5.9,21987.0,9860
B20278585,GC-8,52.0,5.15,55823.0,9860
B20278586,GC-8,52.0,5.9,26374.0,9860
B20278587,GC-8,52.0,4.9,21125.0,9860
B20278588,GC-8,52.0,7.0,20150.0,9860
B20278589,GC-8,52.0,8.28,79279.0,9860
B20278590,GC-8,52.0,7.0,23786.0,9860
B20278591,GC-8,52.0,4.9,54974.0,9860
B20278592,GC-8,52.0,6.9,21544.0,9860
B20278593,GC-8,52.0,7.0,52087.0,9860
B20278594,GC-8,52.0,4.7,16215.0,9860
B20278595,GC-8,52.0,4.9,48628.0,9860
B20278596,GC-8,52.0,6.9,22206.0,9860
B20278597,GC-8,52.0,4.9,22373.0,9860
B20278598,GC-8,52.0,5.9,83904.0,9860
B20278599,GC-8,52.0,7.0,49911.0,9860
B20278600,GC-8,52.0,5.9,75116.0,9860
B20278601,GC-8,52.0,5.9,30113.0,9860
B20278602,GC-8,52.0,4.9,137055.0,9860
B20278603,GC-8,52.0,5.9,29680.0,9860
B20278604,GC-8,52.0,4.9,23284.0,9860
B20278605,GC-8,52.0,6.9,23318.0,9860
B20278606,GC-8,52.0,4.5,43139.0,9860
B20278607,GC-8,52.0,4.9,121150.0,9860
B20278608,GC-8,52.0,11.05,92518.0,9860
B20278609,GC-8,52.0,5.9,24091.0,9860
B20278610,GC-8,52.0,4.901,22400.0,9860
B20278611,GC-8,52.0,8.9,73765.0,9860
B20278612,GC-8,52.0,8.23,65845.0,9860
B20278613,GC-8,52.0,5.9,39377.0,9860
B20278614,GC-8,52.0,5.9,29304.0,9860
B20278615,GC-8,52.0,5.15,55787.0,9860
B20278616,GC-8,52.0,4.9,22458.0,9860
B20278617,GC-8,52.0,11.05,89942.0,9860
B20278618,GC-8,52.0,7.9,41567.0,9860
B20278619,GC-8,52.0,6.9,56224.0,9860
B20278620,GC-8,52.0,6.4,42371.0,9860
B20278621,GC-8,52.0,4.9,21642.0,9860
B20278622,GC-8,52.0,5.9,34797.0,9860
B20278623,GC-8,52.0,4.9,22173.0,9860
B20278624,GC-8,52.0,5.9,76694.0,9860
B20278625,GC-8,52.0,6.9,23978.0,9860
B20278626,GC-8,52.0,5.9,35589.0,9860
B20278627,GC-8,52.0,8.4,46048.0,9860
B20278628,GC-8,52.0,7.9,56187.0,9860
B20278629,GC-8,52.0,7.0,24022.0,9860
B20278630,GC-8,52.0,6.4,62357.0,9860
B20278631,GC-3,56.0,6.1,60965.0,9860
B20278632,GC-3,56.0,7.75,33775.0,9860
B20278633,GC-3,56.0,5.9,45843.0,9860
B20278634,GC-3,56.0,4.9,21279.0,9860
B20278635,GC-3,56.0,7.75,33305.0,9860
B20278636,GC-3,56.0,7.0,30872.0,9860
B20278637,GC-3,56.0,7.0,15862.0,9860
B20278638,GC-3,56.0,7.0,42487.0,9860
B20278639,GC-3,56.0,6.1,49280.0,9860
B20278640,GC-3,56.0,5.9,31694.0,9860
B20278641,GC-3,56.0,7.0,24980.0,9860
B20278642,GC-3,56.0,7.75,42556.0,9860
B20278643,GC-3,56.0,4.4,46094.0,9860
B20278644,GC-3,56.0,7.0,15779.0,9860
B20278645,GC-3,56.0,5.6,98639.0,9860
B20278646,GC-3,56.0,7.0,17211.0,9860
B20278647,GC-3,56.0,7.75,39668.0,9860
B20278648,GC-3,56.0,8.05,20263.0,9860
B20278649,GC-3,56.0,6.1,32371.000000000004,9860
B20278650,GC-3,56.0,5.6,16504.0,9860
B20278651,GC-3,56.0,4.9,12516.0,9860
B20278652,GC-3,56.0,4.9,5869.0,9860
B20278653,GC-3,56.0,6.1,48486.0,9860
B20278654,GC-3,56.0,4.9,14657.0,9860
B20278655,GC-3,56.0,4.9,22104.0,9860
B20278656,GC-3,56.0,4.9,11145.0,9860
B20278657,GC-3,56.0,6.1,42603.0,9860
B20278658,GC-3,56.0,5.06,30237.0,9860
B20278659,GC-3,56.0,4.9,35971.0,9860
B20278660,GC-3,56.0,4.9,36380.0,9860
B20278661,GC-3,56.0,6.1,46113.0,9860
B20278662,GC-3,56.0,5.06,35516.0,9860
B20278663,GC-3,56.0,6.1,46342.0,9860
B20278664,GC-3,56.0,4.9,37505.0,9860
B20278665,GC-3,56.0,4.9,19235.0,9860
B20278666,GC-3,56.0,5.9,63658.0,9860
B20278667,GC-3,56.0,6.1,32832.0,9860
B20278668,GC-3,56.0,4.9,29216.0,9860
B20278669,GC-3,56.0,5.6,77616.0,9860
B20278670,GC-3,56.0,7.75,57123.0,9860
B20278671,GC-3,56.0,11.4,34637.0,9860
B20278672,GC-3,56.0,6.1,30048.0,9860
B20278673,GC-3,56.0,4.9,14946.0,9860
B20278674,GC-3,56.0,7.75,20006.0,9860
B20278675,GC-3,56.0,6.1,41080.0,9860
B20278676,GC-3,56.0,4.9,55922.0,9860
B20278677,GC-3,56.0,11.4,35743.0,9860
B20278678,GC-3,56.0,7.75,19615.0,9860
B20278679,GC-3,56.0,5.6,77659.0,9860
B20278680,GC-3,56.0,5.9,25112.0,9860
B20278681,GC-3,56.0,8.05,19643.0,9860
B20278682,GC-3,56.0,7.75,56521.0,9860
B20278683,GC-3,56.0,7.0,39318.0,9860
B20278684,GC-3,56.0,6.1,60504.0,9860
B20278685,GC-3,56.0,5.9,29156.0,9860
B20278686,GC-3,56.0,4.9,33287.0,9860
B20278687,GC-3,56.0,7.0,30808.0,9860
B20278688,GC-3,56.0,5.9,14343.0,9860
B20278689,GC-3,56.0,4.9,14291.0,9860
B20278690,GC-3,56.0,7.24,27539.0,9860
B20278691,GC-3,56.0,5.9,39583.0,9860
B20278692,GC-3,56.0,4.9,74510.0,9860
B20278693,GC-3,56.0,5.9,67045.0,9860
B20278694,GC-3,56.0,6.1,14053.0,9860
B20278695,GC-3,56.0,7.75,19315.0,9860
B20278696,GC-3,56.0,4.9,64986.00000000001,9860
B20278697,GC-3,56.0,7.24,27379.0,9860
B20278698,GC-3,56.0,6.1,56756.0,9860
B20278699,GC-3,56.0,6.1,56873.0,9860
B20278700,GC-3,56.0,7.0,97894.0,9860
B20278701,GC-3,56.0,6.1,41708.0,9860
B20278702,GC-3,56.0,5.9,13724.0,9860
B20278703,GC-3,56.0,6.1,49444.0,9860
B20278704,GC-3,56.0,4.9,37624.0,9860
B20278705,GC-3,56.0,7.75,19125.0,9860
B20278706,GC-3,56.0,7.0,17522.0,9860
B20278707,GC-3,56.0,7.0,99475.0,9860
B20278708,GC-3,56.0,4.9,36809.0,9860
B20278709,GC-3,56.0,7.24,28375.0,9860
B20278710,GC-3,56.0,5.9,45062.0,9860
B20278711,GC-3,56.0,6.1,54182.0,9860
B20278712,GC-3,56.0,6.1,29389.0,9860
B20278713,GC-3,56.0,7.0,97736.0,9860
B20278714,GC-3,56.0,4.9,79574.0,9860
B20278715,GC-3,56.0,7.75,99665.0,9860
B20278716,GC-3,56.0,6.1,58075.0,9860
B20278717,GC-3,56.0,4.9,19472.0,9860
B20278718,GC-3,56.0,7.0,13687.0,9860
B20278719,GC-3,56.0,7.0,13846.0,9860
B20278720,GC-3,56.0,7.0,15947.0,9860
B20278721,GC-3,56.0,4.9,10884.0,9860
B20278722,GC-3,56.0,4.9,78601.0,9860
B20278723,GC-3,56.0,4.9,21081.0,9860
B20278724,GC-3,56.0,8.05,19845.0,9860
B20278725,GC-3,56.0,4.9,22996.0,9860
B20278726,GC-3,56.0,4.9,29345.0,9860
B20278727,GC-3,56.0,4.9,36894.0,9860
B20278728,GC-3,56.0,4.9,22754.0,9860
B20278729,GC-3,56.0,6.1,36588.0,9860
B20278730,GC-3,56.0,4.9,15498.0,9860
B20278731,GC-3,56.0,4.9,26362.0,9860
B20278732,GC-3,56.0,4.9,75629.0,9860
B20278733,GC-3,56.0,6.4,11827.0,9860
B20278734,GC-3,56.0,7.75,55707.0,9860
B20278735,GC-3,56.0,7.75,20188.0,9860
B20278736,GC-3,56.0,7.75,27704.0,9860
B20278737,GC-3,56.0,4.9,6279.0,9860
B20278738,GC-3,56.0,7.75,18522.0,9860
B20278739,GC-3,56.0,4.9,67638.0,9860
B20278740,GC-3,56.0,7.75,19471.0,9860
B20278741,GC-3,56.0,6.1,33448.0,9860
B20278742,GC-3,56.0,4.9,11308.0,9860
B20278743,GC-3,56.0,4.9,21287.0,9860
B20278744,GC-3,56.0,7.0,17024.0,9860
B20278745,GC-3,56.0,4.9,14187.0,9860
B20278746,GC-3,56.0,6.1,44397.0,9860
B20278747,GC-3,56.0,4.9,13550.0,9860
B20278748,GC-3,56.0,7.0,14372.0,9860
B20278749,GC-3,56.0,5.9,48406.0,9860
B20278750,GC-3,56.0,6.1,14146.0,9860
B20278751,GC-3,56.0,5.9,30060.0,9860
B20278752,GC-3,56.0,5.6,103963.0,9860
B20278753,GC-3,56.0,4.9,20656.0,9860
B20278754,GC-3,56.0,6.4,14250.0,9860
B20278755,GC-3,56.0,6.1,55045.0,9860
B20278756,GC-3,56.0,5.9,47117.0,9860
B20278757,GC-3,56.0,6.1,55786.0,9860
B20278758,GC-3,56.0,4.9,11633.0,9860
B20278759,GC-3,56.0,4.9,20842.0,9860
B20278760,GC-3,56.0,5.06,30439.0,9860
B20278761,GC-3,56.0,7.24,21683.0,9860
B20278762,GC-3,56.0,4.9,68059.0,9860
B20278763,GC-3,56.0,6.1,31313.0,9860
B20278764,GC-3,56.0,4.9,69820.0,9860
B20278765,GC-3,56.0,6.1,58763.0,9860
B20278766,GC-3,56.0,7.0,15446.0,9860
B20278767,GC-3,56.0,4.9,19547.0,9860
B20278768,GC-3,56.0,5.6,32427.999999999996,9860
B20278769,GC-3,56.0,5.9,7209.0,9860
B20278770,GC-3,56.0,7.75,20266.0,9860
B20278771,GC-3,56.0,4.9,20764.0,9860
B20278772,GC-3,56.0,7.0,16515.0,9860
B20278773,GC-3,56.0,4.9,66591.0,9860
B20278774,GC-3,56.0,6.1,47161.0,9860
B20278775,GC-3,56.0,4.9,19527.0,9860
B20278776,GC-3,56.0,4.9,20787.0,9860
B20278777,GC-11,56.0,4.901,95952.0,9860
B20278778,GC-11,56.0,4.7,69024.0,9860
B20278779,GC-11,56.0,4.901,90286.0,9860
B20278780,GC-11,56.0,6.5,22650.0,9860
B20278781,GC-11,56.0,5.84,38596.0,9860
B20278782,GC-11,56.0,4.901,29359.0,9860
B20278783,GC-11,56.0,4.9,44510.0,9860
B20278784,GC-11,56.0,10.0,35729.0,9860
B20278785,GC-11,56.0,4.901,57787.0,9860
B20278786,GC-11,56.0,5.01,23318.0,9860
B20278787,GC-11,56.0,6.1,22038.0,9860
B20278788,GC-11,56.0,5.0,22497.0,9860
B20278789,GC-11,56.0,4.95,52428.0,9860
B20278790,GC-11,56.0,7.9,42898.0,9860
B20278791,GC-11,56.0,7.001,55536.0,9860
B20278792,GC-11,56.0,4.85,21841.0,9860
B20278793,GC-11,56.0,7.001,53314.0,9860
B20278794,GC-11,56.0,6.14,56867.0,9860
B20278795,GC-11,56.0,6.4,33016.0,9860
B20278796,GC-11,56.0,5.01,21887.0,9860
B20278797,GC-11,56.0,4.93,34942.0,9860
B20278798,GC-11,56.0,4.9,22799.0,9860
B20278799,GC-11,56.0,4.9,65161.0,9860
B20278800,GC-11,56.0,5.995,34611.0,9860
B20278801,GC-11,56.0,6.4,33101.0,9860
B20278802,GC-11,56.0,4.93,21688.0,9860
B20278803,GC-11,56.0,6.4,88139.0,9860
B20278804,GC-11,56.0,6.1,19603.0,9860
B20278805,GC-11,56.0,4.9,36476.0,9860
B20278806,GC-11,56.0,4.9,41755.0,9860
B20278807,GC-11,56.0,4.93,22520.0,9860
B20278808,GC-11,56.0,6.4,35439.0,9860
B20278809,GC-11,56.0,5.0,23011.0,9860
B20278810,GC-11,56.0,5.01,22104.0,9860
B20278811,GC-11,56.0,6.4,34777.0,9860
B20278812,GC-11,56.0,4.85,95372.0,9860
B20278813,GC-11,56.0,4.9,26947.0,9860
B20278814,GC-11,56.0,4.901,51274.0,9860
B20278815,GC-11,56.0,4.95,49611.0,9860
B20278816,GC-11,56.0,6.1,20825.0,9860
B20278817,GC-11,56.0,4.9,65075.0,9860
B20278818,GC-11,56.0,4.901,33134.0,9860
B20278819,GC-11,56.0,4.93,22580.0,9860
B20278820,GC-11,56.0,4.9,40990.0,9860
B20278821,GC-11,56.0,4.85,97978.0,9860
B20278822,GC-11,56.0,5.98,21411.0,9860
B20278823,GC-11,56.0,4.901,59118.0,9860
B20278824,GC-11,56.0,5.98,22338.0,9860
B20278825,GC-11,56.0,4.95,50892.0,9860
B20278826,GC-11,56.0,4.9,43233.0,9860
B20278827,GC-11,56.0,5.0,23137.0,9860
B20278828,GC-11,56.0,4.85,23048.0,9860
B20278829,GC-11,56.0,4.901,46126.0,9860
B20278830,GC-11,56.0,4.9,24120.0,9860
B20278831,GC-11,56.0,4.93,64406.00000000001,9860
B20278832,GC-11,56.0,4.9,42041.0,9860
B20278833,GC-11,56.0,4.85,95291.0,9860
B20278834,GC-11,56.0,4.901,45872.0,9860
B20278835,GC-11,56.0,4.9,43263.0,9860
B20278836,GC-11,56.0,4.901,148429.0,9860
B20278837,GC-11,56.0,4.901,58107.0,9860
B20278838,GC-11,56.0,4.901,62036.0,9860
B20278839,GC-11,56.0,4.901,57203.0,9860
B20278840,GC-11,56.0,6.14,55555.0,9860
B20278841,GC-11,56.0,4.9,48565.0,9860
B20278842,GC-11,56.0,5.01,33779.0,9860
B20278843,GC-11,56.0,4.901,22583.0,9860
B20278844,GC-11,56.0,4.901,42003.0,9860
B20278845,GC-11,56.0,4.9,21735.0,9860
B20278846,GC-11,56.0,5.995,27497.0,9860
B20278847,GC-11,56.0,6.0,21468.0,9860
B20278848,GC-11,56.0,4.93,34491.0,9860
B20278849,GC-11,56.0,6.5,67426.0,9860
B20278850,GC-11,56.0,6.45,58703.0,9860
B20278851,GC-11,56.0,4.9,64223.0,9860
B20278852,GC-11,56.0,4.901,22329.0,9860
B20278853,GC-11,56.0,4.9,26386.0,9860
B20278854,GC-11,56.0,4.901,55809.0,9860
B20278855,GC-11,56.0,4.9,34836.0,9860
B20278856,GC-11,56.0,4.7,69290.0,9860
B20278857,GC-11,56.0,5.84,38749.0,9860
B20278858,GC-11,56.0,4.901,26281.0,9860
B20278859,GC-11,56.0,4.901,88745.0,9860
B20278860,GC-11,56.0,4.9,41351.0,9860
B20278861,GC-11,56.0,7.0,34332.0,9860
B20278862,GC-11,56.0,5.98,91455.0,9860
B20278863,GC-11,56.0,4.9,45564.0,9860
B20278864,GC-11,56.0,5.995,34844.0,9860
B20278865,GC-11,56.0,6.4,36203.0,9860
B20278866,GC-11,56.0,4.901,33697.0,9860
B20278867,GC-11,56.0,4.901,53638.0,9860
B20278868,GC-11,56.0,10.0,84483.0,9860
B20278869,GC-11,56.0,4.9,42775.0,9860
B20278870,GC-11,56.0,4.901,45889.0,9860
B20278871,GC-11,56.0,4.9,80846.0,9860
B20278872,GC-11,56.0,4.9,28419.0,9860
B20278873,GC-11,56.0,6.45,120742.0,9860
B20278874,GC-11,56.0,4.7,27626.0,9860
B20278875,GC-11,56.0,10.0,36548.0,9860
B20278876,GC-11,56.0,4.9,38845.0,9860
B20278877,GC-11,56.0,4.901,142214.0,9860
B20278878,GC-11,56.0,4.93,32990.0,9860
B20278879,GC-11,56.0,6.45,125010.0,9860
B20278880,GC-11,56.0,4.9,34709.0,9860
B20278881,GC-11,56.0,4.9,92558.0,9860
B20278882,GC-11,56.0,7.001,51758.0,9860
B20278883,GC-11,56.0,5.0,42135.0,9860
B20278884,GC-11,56.0,4.795,39110.0,9860
B20278885,GC-11,56.0,4.7,73623.0,9860
B20278886,GC-11,56.0,4.901,93926.0,9860
B20278887,GC-11,56.0,5.01,30018.0,9860
B20278888,GC-11,56.0,5.01,23267.0,9860
B20278889,GC-11,56.0,4.901,33242.0,9860
B20278890,GC-11,56.0,6.0,21822.0,9860
B20278891,GC-11,56.0,4.9,98072.0,9860
B20278892,GC-11,56.0,4.95,39702.0,9860
B20278893,GC-11,56.0,4.901,62356.0,9860
B20278894,GC-11,56.0,4.9,40412.0,9860
B20278895,GC-11,56.0,4.9,25800.0,9860
B20278896,GC-11,56.0,5.995,34410.0,9860
B20278897,GC-11,56.0,4.9,41600.0,9860
B20278898,GC-11,56.0,4.901,50418.0,9860
B20278899,GC-11,56.0,4.901,27770.0,9860
B20278900,GC-11,56.0,4.9,22703.0,9860
B20278901,GC-11,56.0,5.84,91778.0,9860
B20278902,GC-11,56.0,5.98,21063.0,9860
B20278903,GC-11,56.0,4.7,74653.0,9860
B20278904,GC-11,56.0,5.98,22146.0,9860
B20278905,GC-11,56.0,4.9,142983.0,9860
B20278906,GC-11,56.0,4.901,52945.0,9860
B20278907,GC-11,56.0,4.9,28589.0,9860
B20278908,GC-11,56.0,6.1,22425.0,9860
B20278909,GC-11,56.0,4.901,29513.0,9860
B20278910,GC-11,56.0,4.901,55257.0,9860
B20278911,GC-11,56.0,7.001,52317.0,9860
B20278912,GC-11,56.0,7.0,141771.0,9860
B20278913,GC-11,56.0,4.9,23954.0,9860
B20278914,GC-11,56.0,5.0,21278.0,9860
B20278915,GC-11,56.0,6.0,21357.0,9860
B20278916,GC-11,56.0,4.9,23101.0,9860
B20278917,GC-11,56.0,6.4,35314.0,9860
B20278918,GC-11,56.0,4.9,34100.0,9860
B20278919,AB-2,38.83,4.901,27621.0,9860
B20278920,AB-2,38.83,3.9,73368.0,9860
B20278921,AB-2,38.83,4.9,41348.0,9860
B20278922,AB-2,38.83,3.9,77094.0,9860
B20278923,AB-2,38.83,4.9,36581.0,9860
B20278924,AB-2,38.83,7.0,28017.0,9860
B20278925,AB-2,38.83,7.0,22970.0,9860
B20278926,AB-2,38.83,4.9,29193.0,9860
B20278927,AB-2,38.83,4.9,29365.0,9860
B20278928,AB-2,38.83,6.9,23114.0,9860
B20278929,AB-2,38.83,7.0,29235.0,9860
B20278930,AB-2,38.83,6.9,33704.0,9860
B20278931,AB-2,38.83,6.4,33429.0,9860
B20278932,AB-2,38.83,7.0,57224.0,9860
B20278933,AB-2,38.83,7.0,79586.0,9860
B20278934,AB-2,38.83,4.901,33479.0,9860
B20278935,AB-2,38.83,4.9,70664.0,9860
B20278936,AB-2,38.83,7.0,28290.0,9860
B20278937,AB-2,38.83,4.9,35483.0,9860
B20278938,AB-2,38.83,4.901,31890.0,9860
B20278939,AB-2,38.83,4.9,70459.0,9860
B20278940,AB-2,38.83,3.9,28629.0,9860
B20278941,AB-2,38.83,3.9,36396.0,9860
B20278942,AB-2,38.83,7.0,65159.00000000001,9860
B20278943,AB-2,38.83,7.0,22872.0,9860
B20278944,AB-2,38.83,7.0,66480.0,9860
B20278945,AB-2,38.83,7.0,78416.0,9860
B20278946,AB-2,38.83,4.9,30395.0,9860
B20278947,AB-2,38.83,4.901,35149.0,9860
B20278948,AB-2,38.83,3.9,45741.0,9860
B20278949,AB-2,38.83,7.0,83715.0,9860
B20278950,AB-2,38.83,3.9,105143.0,9860
B20278951,AB-2,38.83,7.0,66277.0,9860
B20278952,AB-2,38.83,3.9,105482.0,9860
B20278953,AB-2,38.83,4.9,20184.0,9860
B20278954,AB-2,38.83,4.9,42556.0,9860
B20278955,AB-2,38.83,6.4,28070.0,9860
B20278956,AB-2,38.83,3.9,73706.0,9860
B20278957,AB-2,38.83,4.9,70066.0,9860
B20278958,AB-2,38.83,4.9,80627.0,9860
B20278959,AB-2,38.83,7.0,85156.0,9860
B20278960,AB-2,38.83,7.0,70463.0,9860
B20278961,AB-2,38.83,4.901,58890.0,9860
B20278962,AB-2,38.83,4.901,29748.0,9860
B20278963,AB-2,38.83,4.9,44293.0,9860
B20278964,AB-2,38.83,7.0,22388.0,9860
B20278965,AB-2,38.83,6.9,35099.0,9860
B20278966,AB-2,38.83,7.0,58184.0,9860
B20278967,AB-2,38.83,7.0,29062.0,9860
B20278968,AB-2,38.83,4.9,21848.0,9860
B20278969,AB-2,38.83,7.0,22704.0,9860
B20278970,AB-2,38.83,7.0,85661.0,9860
B20278971,AB-2,38.83,7.0,77376.0,9860
B20278972,AB-2,38.83,4.9,69213.0,9860
B20278973,AB-2,38.83,7.0,21552.0,9860
B20278974,AB-2,38.83,6.9,22537.0,9860
B20278975,AB-2,38.83,4.901,27117.0,9860
B20278976,AB-2,38.83,7.0,35548.0,9860
B20278977,AB-2,38.83,7.0,35210.0,9860
B20278978,AB-2,38.83,7.0,80027.0,9860
B20278979,AB-2,38.83,7.0,22741.0,9860
B20278980,AB-2,38.83,6.9,21468.0,9860
B20278981,AB-2,38.83,7.0,22270.0,9860
B20278982,AB-2,38.83,6.9,21300.0,9860
B20278983,AB-2,38.83,7.0,33049.0,9860
B20278984,AB-2,38.83,7.0,28159.0,9860
B20278985,AB-2,38.83,4.9,44537.0,9860
B20278986,AB-2,38.83,4.901,31701.0,9860
B20278987,AB-2,38.83,5.9,29272.0,9860
B20278988,AB-2,38.83,6.4,125599.0,9860
B20278989,AB-2,38.83,7.0,15584.0,9860
B20278990,AB-2,38.83,3.9,77125.0,9860
B20278991,AB-2,38.83,4.9,68374.0,9860
B20278992,AB-2,38.83,7.0,61897.0,9860
B20278993,AB-2,38.83,4.9,19627.0,9860
B20278994,AB-2,38.83,7.0,21890.0,9860
B20278995,AB-2,38.83,7.0,21845.0,9860
B20278996,AB-2,38.83,7.0,73478.0,9860
B20278997,AB-2,38.83,7.0,29072.0,9860
B20278998,AB-2,38.83,4.9,23443.0,9860
B20278999,AB-2,38.83,7.0,22437.0,9860
B20279000,AB-2,38.83,7.0,21695.0,9860
B20279001,AB-2,38.83,6.4,34685.0,9860
B20279002,AB-2,38.83,4.9,80527.0,9860
B20279003,AB-2,38.83,7.0,64920.0,9860
B20279004,AB-2,38.83,3.9,36212.0,9860
B20279005,AB-2,38.83,5.9,26984.0,9860
B20279006,AB-2,38.83,4.901,67844.0,9860
B20279007,AB-2,38.83,6.9,32650.0,9860
B20279008,AB-2,38.83,4.901,25576.0,9860
B20279009,AB-2,38.83,4.9,59572.0,9860
B20279010,AB-2,38.83,6.9,20982.0,9860
B20279011,AB-2,38.83,7.0,22889.0,9860
B20279012,AB-2,38.83,6.4,35710.0,9860
B20279013,AB-2,38.83,7.0,74001.0,9860
B20279014,AB-2,38.83,4.9,58661.0,9860
B20279015,AB-2,38.83,6.4,124918.0,9860
B20279016,AB-2,38.83,4.9,23436.0,9860
B20279017,AB-2,38.83,3.9,105105.0,9860
B20279018,AB-2,38.83,7.0,32360.999999999996,9860
B20279019,AB-2,38.83,7.0,28435.0,9860
B20279020,AB-2,38.83,4.9,40572.0,9860
B20279021,AB-2,38.83,4.901,34213.0,9860
B20279022,AB-2,38.83,7.0,71669.0,9860
B20279023,AB-2,38.83,4.9,25208.0,9860
B20279024,AB-2,38.83,6.4,123671.0,9860
B20279025,AB-2,38.83,7.0,59877.0,9860
B20279026,AB-2,38.83,4.9,70919.0,9860
B20279027,AB-2,38.83,7.0,22412.0,9860
B20279028,AB-2,38.83,4.9,70747.0,9860
B20279029,AB-2,38.83,4.9,68069.0,9860
B20279030,AB-2,38.83,4.9,41366.0,9860
B20279031,AB-2,38.83,4.9,42159.0,9860
B20279032,AB-2,38.83,4.901,26368.0,9860
B20279033,AB-2,38.83,4.9,65855.0,9860
B20279034,AB-2,38.83,7.0,61839.0,9860
B20279035,GC-5,38.0,4.5,21979.0,9860
B20279036,GC-5,38.0,4.9,22833.0,9860
B20279037,GC-5,38.0,4.9,16485.0,9860
B20279038,GC-5,38.0,4.9,50838.0,9860
B20279039,GC-5,38.0,4.9,19518.0,9860
B20279040,GC-5,38.0,4.9,52523.0,9860
B20279041,GC-5,38.0,6.4,34379.0,9860
B20279042,GC-5,38.0,4.9,47474.0,9860
B20279043,GC-5,38.0,4.9,45736.0,9860
B20279044,GC-5,38.0,4.9,22628.0,9860
B20279045,GC-5,38.0,4.5,50361.0,9860
B20279046,GC-5,38.0,4.9,34233.0,9860
B20279047,GC-5,38.0,4.9,33151.0,9860
B20279048,GC-5,38.0,4.901,23117.0,9860
B20279049,GC-5,38.0,4.9,22497.0,9860
B20279050,GC-5,38.0,4.9,63036.0,9860
B20279051,GC-5,38.0,4.9,21280.0,9860
B20279052,GC-5,38.0,4.901,65227.99999999999,9860
B20279053,GC-5,38.0,7.08,80269.0,9860
B20279054,GC-5,38.0,7.2,17117.0,9860
B20279055,GC-5,38.0,7.08,72940.0,9860
B20279056,GC-5,38.0,4.9,21890.0,9860
B20279057,GC-5,38.0,4.9,21239.0,9860
B20279058,GC-5,38.0,4.9,88938.0,9860
B20279059,GC-5,38.0,6.4,45733.0,9860
B20279060,GC-5,38.0,4.9,62339.0,9860
B20279061,GC-5,38.0,8.15,29012.0,9860
B20279062,GC-5,38.0,6.4,34817.0,9860
B20279063,GC-5,38.0,4.9,22400.0,9860
B20279064,GC-5,38.0,4.9,39947.0,9860
B20279065,GC-5,38.0,4.9,75781.0,9860
B20279066,GC-5,38.0,4.9,27927.0,9860
B20279067,GC-5,38.0,4.9,133403.0,9860
B20279068,GC-5,38.0,4.9,21684.0,9860
B20279069,GC-5,38.0,4.9,34866.0,9860
B20279070,GC-5,38.0,4.9,20955.0,9860
B20279071,GC-5,38.0,6.4,43861.0,9860
B20279072,GC-5,38.0,6.4,76442.0,9860
B20279073,GC-5,38.0,6.4,100287.0,9860
B20279074,GC-5,38.0,7.2,35160.0,9860
B20279075,GC-5,38.0,5.9,46563.0,9860
B20279076,GC-5,38.0,4.9,35635.0,9860
B20279077,GC-5,38.0,7.08,50115.0,9860
B20279078,GC-5,38.0,4.9,50464.0,9860
B20279079,GC-5,38.0,7.08,26735.0,9860
B20279080,GC-5,38.0,4.9,34215.0,9860
B20279081,GC-5,38.0,4.901,17410.0,9860
B20279082,GC-5,38.0,4.9,89446.0,9860
B20279083,GC-5,38.0,4.9,16519.0,9860
B20279084,GC-5,38.0,4.9,135485.0,9860
B20279085,GC-5,38.0,4.9,32655.0,9860
B20279086,GC-5,38.0,4.9,21238.0,9860
B20279087,GC-5,38.0,4.9,33621.0,9860
B20279088,GC-5,38.0,4.9,27706.0,9860
B20279089,GC-5,38.0,4.9,22691.0,9860
B20279090,GC-5,38.0,4.901,66706.0,9860
B20279091,GC-5,38.0,4.901,62052.0,9860
B20279092,GC-5,38.0,4.9,21516.0,9860
B20279093,GC-5,38.0,4.9,49943.0,9860
B20279094,GC-5,38.0,4.9,68664.0,9860
B20279095,GC-5,38.0,7.08,72017.0,9860
B20279096,GC-5,38.0,4.9,22601.0,9860
B20279097,GC-5,38.0,4.9,82914.0,9860
B20279098,GC-5,38.0,6.4,43016.0,9860
B20279099,GC-5,38.0,6.4,105876.0,9860
B20279100,GC-5,38.0,7.08,66709.0,9860
B20279101,GC-5,38.0,4.901,17449.0,9860
B20279102,GC-5,38.0,4.9,60781.0,9860
B20279103,GC-5,38.0,4.9,48147.0,9860
B20279104,GC-5,38.0,6.4,59967.0,9860
B20279105,GC-5,38.0,6.4,34798.0,9860
B20279106,GC-5,38.0,4.9,37053.0,9860
B20279107,GC-5,38.0,4.9,51001.0,9860
B20279108,GC-5,38.0,6.4,42872.0,9860
B20279109,GC-5,38.0,6.4,21282.0,9860
B20279110,GC-5,38.0,4.9,49570.0,9860
B20279111,GC-5,38.0,4.9,46013.0,9860
B20279112,GC-5,38.0,4.901,23326.0,9860
B20279113,GC-5,38.0,7.2,33745.0,9860
B20279114,GC-5,38.0,4.9,21249.0,9860
B20279115,GC-5,38.0,4.901,68427.0,9860
B20279116,GC-5,38.0,7.08,18147.0,9860
B20279117,GC-5,38.0,4.9,89611.0,9860
B20279118,GC-5,38.0,4.901,18069.0,9860
B20279119,GC-5,38.0,4.9,22579.0,9860
B20279120,GC-5,38.0,4.9,21496.0,9860
B20279121,GC-5,38.0,4.9,35282.0,9860
B20279122,GC-5,38.0,4.9,49369.0,9860
B20279123,GC-5,38.0,7.2,72448.0,9860
B20279124,GC-5,38.0,5.9,27218.0,9860
B20279125,GC-5,38.0,4.901,70088.0,9860
B20279126,GC-5,38.0,4.9,35461.0,9860
B20279127,GC-5,38.0,7.08,66962.0,9860
B20279128,GC-5,38.0,4.9,21097.0,9860
B20279129,GC-5,38.0,4.5,132434.0,9860
B20279130,GC-5,38.0,4.9,33418.0,9860
B20279131,GC-5,38.0,4.9,80410.0,9860
B20279132,GC-5,38.0,4.9,54144.0,9860
B20279133,GC-5,38.0,4.901,17699.0,9860
B20279134,GC-5,38.0,4.9,51248.0,9860
B20279135,GC-2,20.0,6.65,23277.0,9860
B20279136,GC-2,20.0,4.9,132602.0,9860
B20279137,GC-2,20.0,5.2,25676.0,9860
B20279138,GC-2,20.0,6.65,66489.0,9860
B20279139,GC-2,20.0,5.2,39776.0,9860
B20279140,GC-2,20.0,4.7,96260.0,9860
B20279141,GC-2,20.0,6.8,25077.0,9860
B20279142,GC-2,20.0,6.4,77480.0,9860
B20279143,GC-2,20.0,5.0,18400.0,9860
B20279144,GC-2,20.0,6.1,51700.0,9860
B20279145,GC-2,20.0,6.4,78961.0,9860
B20279146,GC-2,20.0,6.1,15198.0,9860
B20279147,GC-2,20.0,6.55,26235.0,9860
B20279148,GC-2,20.0,5.0,17930.0,9860
B20279149,GC-2,20.0,5.018,51166.0,9860
B20279150,GC-2,20.0,6.65,23064.0,9860
B20279151,GC-2,20.0,5.2,25270.0,9860
B20279152,GC-2,20.0,6.65,24423.0,9860
B20279153,GC-2,20.0,4.9,123196.0,9860
B20279154,GC-2,20.0,6.4,25455.0,9860
B20279155,GC-2,20.0,6.1,15846.0,9860
B20279156,GC-2,20.0,10.68,101671.0,9860
B20279157,GC-2,20.0,6.4,60575.0,9860
B20279158,GC-2,20.0,4.9,54667.0,9860
B20279159,GC-2,20.0,6.4,20845.0,9860
B20279160,GC-2,20.0,6.8,22722.0,9860
B20279161,GC-2,20.0,6.25,33192.0,9860
B20279162,GC-2,20.0,6.65,39958.0,9860
B20279163,GC-2,20.0,4.9,63164.0,9860
B20279164,GC-2,20.0,6.65,78675.0,9860
B20279165,GC-2,20.0,4.7,19889.0,9860
B20279166,GC-2,20.0,6.65,52539.0,9860
B20279167,GC-2,20.0,6.55,37391.0,9860
B20279168,GC-2,20.0,5.018,78765.0,9860
B20279169,GC-2,20.0,6.65,38220.0,9860
B20279170,GC-2,20.0,6.4,25474.0,9860
B20279171,GC-2,20.0,4.95,54501.0,9860
B20279172,GC-2,20.0,6.4,23395.0,9860
B20279173,GC-2,20.0,6.1,15639.0,9860
B20279174,GC-2,20.0,6.4,24233.0,9860
B20279175,GC-2,20.0,10.68,95299.0,9860
B20279176,GC-2,20.0,6.1,19740.0,9860
B20279177,GC-2,20.0,10.68,95251.0,9860
B20279178,GC-2,20.0,4.95,53941.0,9860
B20279179,GC-2,20.0,6.4,23365.0,9860
B20279180,GC-2,20.0,5.0,20837.0,9860
B20279181,GC-2,20.0,4.9,54432.0,9860
B20279182,GC-2,20.0,6.1,115784.0,9860
B20279183,GC-2,20.0,6.1,52672.0,9860
B20279184,GC-2,20.0,4.9,35665.0,9860
B20279185,GC-2,20.0,6.65,70346.0,9860
B20279186,GC-2,20.0,6.25,18592.0,9860
B20279187,GC-2,20.0,6.8,24416.0,9860
B20279188,GC-2,20.0,4.7,90576.0,9860
B20279189,GC-2,20.0,6.4,63807.0,9860
B20279190,GC-2,20.0,4.7,52434.0,9860
B20279191,GC-2,20.0,5.0,23927.0,9860
B20279192,GC-2,20.0,6.1,79663.0,9860
B20279193,GC-2,20.0,4.9,35982.0,9860
B20279194,GC-2,20.0,4.9,129553.0,9860
B20279195,GC-2,20.0,4.9,129806.00000000001,9860
B20279196,GC-2,20.0,4.9,34915.0,9860
B20279197,GC-2,20.0,6.4,19819.0,9860
B20279198,GC-2,20.0,6.4,19519.0,9860
B20279199,GC-2,20.0,6.65,40640.0,9860
B20279200,GC-2,20.0,6.1,60135.0,9860
B20279201,GC-2,20.0,4.9,34984.0,9860
B20279202,GC-2,20.0,5.0,12588.0,9860
B20279203,GC-2,20.0,4.9,131408.0,9860
B20279204,GC-2,20.0,6.4,19921.0,9860
B20279205,GC-2,20.0,4.9,129458.0,9860
B20279206,GC-2,20.0,4.9,56458.0,9860
B20279207,GC-2,20.0,6.4,23622.0,9860
B20279208,GC-2,20.0,6.55,28290.0,9860
B20279209,GC-2,20.0,6.8,24806.0,9860
B20279210,GC-2,20.0,6.1,32448.0,9860
B20279211,GC-2,20.0,5.018,12763.0,9860
B20279212,GC-2,20.0,4.9,34576.0,9860
B20279213,GC-2,20.0,5.0,24110.0,9860
B20279214,GC-2,20.0,6.4,21243.0,9860
B20279215,GC-2,20.0,6.1,31113.0,9860
B20279216,GC-2,20.0,6.65,41257.0,9860
B20279217,GC-2,20.0,6.65,31353.0,9860
B20279218,GC-2,20.0,6.1,33139.0,9860
B20279219,GC-2,20.0,5.018,28941.0,9860
B20279220,GC-2,20.0,6.1,54510.0,9860
B20279221,GC-2,20.0,6.55,26912.0,9860
B20279222,GC-2,20.0,5.1,47092.0,9860
B20279223,GC-2,20.0,4.9,125175.0,9860
B20279224,GC-2,20.0,6.55,35203.0,9860
B20279225,GC-2,20.0,6.25,30229.0,9860
B20279226,GC-2,20.0,6.4,139032.0,9860
B20279227,AB-2,37.5,4.9,83439.0,9860
B20279228,AB-2,37.5,4.9,34666.0,9860
B20279229,AB-2,37.5,6.92,71581.0,9860
B20279230,AB-2,37.5,4.9,63025.0,9860
B20279231,AB-2,37.5,4.9,35034.0,9860
B20279232,AB-2,37.5,4.9,82025.0,9860
B20279233,AB-2,37.5,4.9,83748.0,9860
B20279234,AB-2,37.5,4.9,60539.0,9860
B20279235,AB-2,37.5,5.6,16519.0,9860
B20279236,AB-2,37.5,11.4,21833.0,9860
B20279237,AB-2,37.5,6.92,33891.0,9860
B20279238,AB-2,37.5,4.9,35011.0,9860
B20279239,AB-2,37.5,4.9,28792.0,9860
B20279240,AB-2,37.5,4.9,36469.0,9860
B20279241,AB-2,37.5,4.9,35409.0,9860
B20279242,AB-2,37.5,4.9,62583.0,9860
B20279243,AB-2,37.5,7.9,40905.0,9860
B20279244,AB-2,37.5,4.95,68629.0,9860
B20279245,AB-2,37.5,4.95,39699.0,9860
B20279246,AB-2,37.5,11.4,22110.0,9860
B20279247,AB-2,37.5,4.95,67632.0,9860
B20279248,AB-2,37.5,4.9,29160.0,9860
B20279249,AB-2,37.5,4.9,23689.0,9860
B20279250,AB-2,37.5,4.9,35796.0,9860
B20279251,AB-2,37.5,7.9,61960.0,9860
B20279252,AB-2,37.5,7.9,62625.0,9860
B20279253,AB-2,37.5,6.92,72425.0,9860
B20279254,AB-2,37.5,4.9,40267.0,9860
B20279255,AB-2,37.5,4.9,35673.0,9860
B20279256,AB-2,37.5,10.75,21362.0,9860
B20279257,AB-2,37.5,4.9,85430.0,9860
B20279258,AB-2,37.5,4.9,35835.0,9860
B20279259,AB-2,37.5,6.92,69315.0,9860
B20279260,AB-2,37.5,4.9,87907.0,9860
B20279261,AB-2,37.5,4.95,15383.0,9860
B20279262,AB-2,37.5,6.2,32890.0,9860
B20279263,AB-2,37.5,4.9,66110.0,9860
B20279264,AB-2,37.5,5.6,22963.0,9860
B20279265,AB-2,37.5,4.95,42513.0,9860
B20279266,AB-2,37.5,4.9,36177.0,9860
B20279267,AB-2,37.5,4.9,61457.0,9860
B20279268,AB-2,37.5,6.92,40200.0,9860
B20279269,AB-2,37.5,6.92,60095.0,9860
B20279270,AB-2,37.5,4.9,22192.0,9860
B20279271,AB-2,37.5,4.9,85011.0,9860
B20279272,AB-2,37.5,5.6,22094.0,9860
B20279273,AB-2,37.5,4.9,66178.0,9860
B20279274,AB-2,37.5,6.92,71487.0,9860
B20279275,AB-2,37.5,4.9,65211.0,9860
B20279276,AB-2,37.5,4.9,23448.0,9860
B20279277,AB-2,37.5,4.9,21368.0,9860
B20279278,AB-2,37.5,4.9,41115.0,9860
B20279279,AB-2,37.5,11.4,22650.0,9860
B20279280,AB-2,37.5,10.75,22474.0,9860
B20279281,AB-2,37.5,4.9,21894.0,9860
B20279282,AB-2,37.5,6.36,71541.0,9860
B20279283,AB-2,37.5,6.36,72099.0,9860
B20279284,AB-2,37.5,6.92,68982.0,9860
B20279285,AB-2,37.5,6.2,34623.0,9860
B20279286,AB-2,37.5,4.9,59104.0,9860
B20279287,AB-2,37.5,4.9,61770.0,9860
B20279288,AB-2,37.5,4.9,35958.0,9860
B20279289,AB-2,37.5,6.4,27292.0,9860
B20279290,AB-2,37.5,4.9,60422.0,9860
B20279291,AB-2,37.5,4.9,39031.0,9860
B20279292,AB-2,37.5,5.6,15847.0,9860
B20279293,AB-2,37.5,4.9,43402.0,9860
B20279294,AB-2,37.5,4.9,64393.0,9860
B20279295,UE501,40.0,6.0,35635.0,9860
B20279296,UE501,40.0,4.9,65129.00000000001,9860
B20279297,UE501,40.0,4.9,29635.0,9860
B20279298,UE501,40.0,4.4,41432.0,9860
B20279299,UE501,40.0,7.74,34285.0,9860
B20279300,UE501,40.0,5.9,23063.0,9860
B20279301,UE501,40.0,5.9,23477.0,9860
B20279302,UE501,40.0,4.9,52765.0,9860
B20279303,UE501,40.0,3.6,57125.0,9860
B20279304,UE501,40.0,4.9,56110.0,9860
B20279305,UE501,40.0,4.9,55252.0,9860
B20279306,UE501,40.0,5.43,124034.0,9860
B20279307,UE501,40.0,6.0,46899.0,9860
B20279308,UE501,40.0,5.43,52133.0,9860
B20279309,UE501,40.0,4.9,77874.0,9860
B20279310,UE501,40.0,6.0,56355.0,9860
B20279311,UE501,40.0,4.9,62063.0,9860
B20279312,UE501,40.0,4.9,86475.0,9860
B20279313,UE501,40.0,4.9,61492.0,9860
B20279314,UE501,40.0,6.0,34327.0,9860
B20279315,UE501,40.0,4.4,42910.0,9860
B20279316,UE501,40.0,4.9,29429.0,9860
B20279317,UE501,40.0,5.43,55404.0,9860
B20279318,UE501,40.0,4.97,61589.0,9860
B20279319,UE501,40.0,4.9,29285.0,9860
B20279320,UE501,40.0,5.2,47578.0,9860
B20279321,UE501,40.0,5.43,122865.0,9860
B20279322,UE501,40.0,4.97,60861.0,9860
B20279323,UE501,40.0,5.0,42677.0,9860
B20279324,UE501,40.0,5.9,22573.0,9860
B20279325,UE501,40.0,5.4,74422.0,9860
B20279326,UE501,40.0,5.2,44598.0,9860
B20279327,UE501,40.0,5.9,22840.0,9860
B20279328,UE501,40.0,3.6,56359.0,9860
B20279329,UE501,40.0,5.43,124209.0,9860
B20279330,UE501,40.0,4.9,27699.0,9860
B20279331,UE501,40.0,4.75,133068.0,9860
B20279332,UE501,40.0,3.6,56205.0,9860
B20279333,UE501,40.0,5.2,49027.0,9860
B20279334,UE501,40.0,6.1,63710.0,9860
B20279335,UE501,40.0,5.4,72805.0,9860
B20279336,UE501,40.0,7.74,34162.0,9860
B20279337,UE501,40.0,5.9,21627.0,9860
B20279338,UE501,40.0,4.97,61894.0,9860
B20279339,UE501,40.0,4.9,58220.0,9860
B20279340,UE501,40.0,6.0,48288.0,9860
B20279341,UE501,40.0,4.9,83214.0,9860
B20279342,UE501,40.0,5.2,48108.0,9860
B20279343,UE501,40.0,4.9,24099.0,9860
B20279344,UE501,40.0,4.9,74934.0,9860
B20279345,UE501,40.0,4.9,60538.0,9860
B20279346,UE501,40.0,4.9,85241.0,9860
B20279347,UE501,40.0,4.97,58257.0,9860
B20279348,UE501,40.0,4.9,27965.0,9860
B20279349,UE501,40.0,4.4,48766.0,9860
B20279350,UE501,40.0,5.4,74077.0,9860
B20279351,UE501,40.0,4.9,71157.0,9860
B20279352,UE501,40.0,4.9,85182.0,9860
B20279353,UE501,40.0,5.43,55870.0,9860
B20279354,UE501,40.0,5.4,70656.0,9860
B20279355,UE501,40.0,6.0,46480.0,9860
B20279356,UE501,40.0,7.74,34358.0,9860
B20279357,UE501,40.0,4.9,29483.0,9860
B20279358,UE501,40.0,4.9,56478.0,9860
B20279359,SALE06,23.0,4.9,97777.0,9860
B20279360,SALE06,23.0,4.9,34487.0,9860
B20279361,SALE06,23.0,4.9,35522.0,9860
B20279362,SALE06,23.0,4.9,35214.0,9860
B20279363,SALE06,23.0,6.1,50688.0,9860
B20279364,SALE06,23.0,4.9,48472.0,9860
B20279365,SALE06,23.0,9.95,29737.0,9860
B20279366,SALE06,23.0,4.9,17735.0,9860
B20279367,SALE06,23.0,4.9,34975.0,9860
B20279368,SALE06,23.0,6.4,79746.0,9860
B20279369,SALE06,23.0,9.95,26935.0,9860
B20279370,SALE06,23.0,4.9,36502.0,9860
B20279371,SALE06,23.0,6.1,107071.0,9860
B20279372,SALE06,23.0,4.9,104335.0,9860
B20279373,SALE06,23.0,4.9,35297.0,9860
B20279374,SALE06,23.0,6.9,35185.0,9860
B20279375,SALE06,23.0,9.95,29415.0,9860
B20279376,SALE06,23.0,6.2,70086.0,9860
B20279377,SALE06,23.0,4.9,97432.0,9860
B20279378,SALE06,23.0,7.9,101420.0,9860
B20279379,SALE06,23.0,4.9,27479.0,9860
B20279380,SALE06,23.0,4.9,49390.0,9860
B20279381,SALE06,23.0,6.4,28244.0,9860
B20279382,SALE06,23.0,4.9,29053.0,9860
B20279383,SALE06,23.0,6.9,101585.0,9860
B20279384,SALE06,23.0,6.4,14598.0,9860
B20279385,SALE06,23.0,6.4,53893.0,9860
B20279386,SALE06,23.0,4.9,78557.0,9860
B20279387,SALE06,23.0,4.9,36801.0,9860
B20279388,SALE06,23.0,9.95,115029.0,9860
B20279389,SALE06,23.0,4.9,84855.0,9860
B20279390,SALE06,23.0,9.95,105056.0,9860
B20279391,SALE06,23.0,6.4,51459.0,9860
B20279392,SALE06,23.0,4.9,105807.0,9860
B20279393,SALE06,23.0,4.9,17270.0,9860
B20279394,SALE06,23.0,6.4,26470.0,9860
B20279395,SALE06,23.0,6.4,51129.0,9860
B20279396,SALE06,23.0,8.1,22179.0,9860
B20279397,SALE06,23.0,6.4,28948.0,9860
B20279398,SALE06,23.0,4.9,46630.0,9860
B20279399,SALE06,23.0,4.9,34518.0,9860
B20279400,SALE06,23.0,6.4,44424.0,9860
B20279401,SALE06,23.0,4.9,45897.0,9860
B20279402,SALE06,23.0,6.4,68984.0,9860
B20279403,SALE06,23.0,6.2,130400.0,9860
B20279404,SALE06,23.0,4.9,36597.0,9860
B20279405,SALE06,23.0,6.4,53598.0,9860
B20279406,SALE06,23.0,6.4,45907.0,9860
B20279407,SALE06,23.0,6.4,117570.0,9860
B20279408,SALE06,23.0,4.9,34190.0,9860
B20279409,42A,34.0,4.9,29014.0,9860
B20279410,42A,34.0,5.7,130128.99999999999,9860
B20279411,42A,34.0,6.1,111401.0,9860
B20279412,42A,34.0,6.1,123433.0,9860
B20279413,42A,34.0,6.1,123754.0,9860
B20279414,42A,34.0,5.7,128487.0,9860
B20279415,42A,34.0,6.1,129227.0,9860
B20279416,42A,34.0,4.901,21472.0,9860
B20279417,42A,34.0,7.25,33172.0,9860
B20279418,42A,34.0,7.25,38675.0,9860
B20279419,42A,34.0,7.25,40592.0,9860
B20279420,42A,34.0,5.41,69993.0,9860
B20279421,42A,34.0,4.901,21754.0,9860
B20279422,42A,34.0,6.1,141161.0,9860
B20279423,42A,34.0,6.1,139929.0,9860
B20279424,42A,34.0,5.7,29792.0,9860
B20279425,42A,34.0,4.901,21957.0,9860
B20279426,42A,34.0,6.1,105829.0,9860
B20279427,42A,34.0,6.1,143796.0,9860
B20279428,42A,34.0,5.11,67511.0,9860
B20279429,42A,34.0,6.1,41322.0,9860
B20279430,42A,34.0,4.9,27427.0,9860
B20279431,42A,34.0,5.7,27244.0,9860
B20279432,42A,34.0,7.25,29707.0,9860
B20279433,42A,34.0,6.1,104422.0,9860
B20279434,42A,34.0,5.7,125453.0,9860
B20279435,42A,34.0,4.901,23063.0,9860
B20279436,42A,34.0,7.25,33684.0,9860
B20279437,42A,34.0,4.9,29523.0,9860
B20279438,42A,34.0,5.7,121883.0,9860
B20279439,42A,34.0,6.1,104474.0,9860
B20279440,42A,34.0,5.41,65969.0,9860
B20279441,42A,34.0,4.901,64113.0,9860
B20279442,42A,34.0,4.901,23094.0,9860
B20279443,42A,34.0,6.1,44331.0,9860
B20279444,42A,34.0,7.25,40573.0,9860
B20279445,42A,34.0,6.1,130994.0,9860
B20279446,42A,34.0,4.901,63907.0,9860
B20279447,42A,34.0,7.25,39640.0,9860
B20279448,42A,34.0,6.29,33299.0,9860
B20279449,42A,34.0,6.1,122640.0,9860
B20279450,42A,34.0,6.1,122587.0,9860
B20279451,42A,34.0,6.29,38129.0,9860
B20279452,42A,34.0,6.1,127977.0,9860
B20279453,42A,34.0,4.901,33999.0,9860
B20279454,42A,34.0,4.901,57660.0,9860
B20279455,SALE04,27.8,5.1,64483.00000000001,9860
B20279456,SALE04,27.8,4.9,25427.0,9860
B20279457,SALE04,27.8,4.9,25788.0,9860
B20279458,SALE04,27.8,5.52,27972.0,9860
B20279459,SALE04,27.8,4.48,22785.0,9860
B20279460,SALE04,27.8,5.985,47985.0,9860
B20279461,SALE04,27.8,5.52,28958.0,9860
B20279462,SALE04,27.8,4.48,34930.0,9860
B20279463,SALE04,27.8,4.82,35097.0,9860
B20279464,SALE04,27.8,4.68,33585.0,9860
B20279465,SALE04,27.8,4.9,60444.0,9860
B20279466,SALE04,27.8,4.48,23238.0,9860
B20279467,SALE04,27.8,5.148,67308.0,9860
B20279468,SALE04,27.8,5.1,56406.0,9860
B20279469,SALE04,27.8,6.1,31281.0,9860
B20279470,SALE04,27.8,4.82,32747.999999999996,9860
B20279471,SALE04,27.8,4.9,25965.0,9860
B20279472,SALE04,27.8,4.48,23109.0,9860
B20279473,SALE04,27.8,5.1,64345.0,9860
B20279474,SALE04,27.8,4.9,59237.0,9860
B20279475,SALE04,27.8,6.01,38775.0,9860
B20279476,SALE04,27.8,6.1,42954.0,9860
B20279477,SALE04,27.8,4.48,28131.0,9860
B20279478,SALE04,27.8,4.9,105671.0,9860
B20279479,SALE04,27.8,4.9,26054.0,9860
B20279480,SALE04,27.8,5.1,47476.0,9860
B20279481,SALE04,27.8,4.68,27385.0,9860
B20279482,SALE04,27.8,5.148,65659.0,9860
B20279483,SALE04,27.8,6.1,29599.0,9860
B20279484,SALE04,27.8,4.9,62324.0,9860
B20279485,SALE04,27.8,5.1,53394.0,9860
B20279486,SALE04,27.8,6.1,30772.0,9860
B20279487,SALE04,27.8,5.985,48063.0,9860
B20279488,SALE04,27.8,4.48,35122.0,9860
B20279489,SALE04,27.8,4.48,34661.0,9860
B20279490,SALE04,27.8,5.1,62805.0,9860
B20279491,SALE04,27.8,6.1,42955.0,9860
B20279492,SALE04,27.8,4.68,29569.0,9860
B20279493,SALE04,27.8,5.1,75970.0,9860
B20279494,SALE04,27.8,5.1,53693.0,9860
B20279495,SALE04,27.8,5.1,78016.0,9860
B20279496,SALE04,27.8,5.1,81387.0,9860
B20279497,SALE04,27.8,4.48,29046.0,9860
B20279498,SALE04,27.8,4.48,22051.0,9860
B20279499,SALE04,27.8,6.01,38889.0,9860
B20279500,SALE04,27.8,4.82,35090.0,9860
B20279501,UE502,50.0,6.4,35102.0,9860
B20279502,UE502,50.0,7.0,28566.0,9860
B20279503,UE502,50.0,5.5,22767.0,9860
B20279504,UE502,50.0,3.9,100815.0,9860
B20279505,UE502,50.0,7.0,26784.0,9860
B20279506,UE502,50.0,5.03,23389.0,9860
B20279507,UE502,50.0,5.03,22671.0,9860
B20279508,UE502,50.0,4.9,51766.0,9860
B20279509,UE502,50.0,5.036,47976.0,9860
B20279510,UE502,50.0,7.0,25631.0,9860
B20279511,UE502,50.0,4.9,34547.0,9860
B20279512,UE502,50.0,4.9,36266.0,9860
B20279513,UE502,50.0,7.0,27123.0,9860
B20279514,UE502,50.0,4.525,35522.0,9860
B20279515,UE502,50.0,4.9,52274.0,9860
B20279516,UE502,50.0,4.525,32996.0,9860
B20279517,UE502,50.0,4.9,50006.0,9860
B20279518,UE502,50.0,5.03,23307.0,9860
B20279519,UE502,50.0,3.9,54685.0,9860
B20279520,UE502,50.0,6.4,36825.0,9860
B20279521,UE502,50.0,4.9,55106.0,9860
B20279522,UE502,50.0,4.9,28056.0,9860
B20279523,UE502,50.0,4.901,85919.0,9860
B20279524,UE502,50.0,5.5,23226.0,9860
B20279525,UE502,50.0,6.4,36120.0,9860
B20279526,UE502,50.0,5.99,17245.0,9860
B20279527,UE502,50.0,4.7,76871.0,9860
B20279528,UE502,50.0,4.7,71808.0,9860
B20279529,UE502,50.0,4.9,34606.0,9860
B20279530,UE502,50.0,4.525,33773.0,9860
B20279531,UE502,50.0,4.9,52549.0,9860
B20279532,UE502,50.0,4.9,21058.0,9860
B20279533,UE502,50.0,4.9,27452.0,9860
B20279534,UE502,50.0,4.901,29392.0,9860
B20279535,UE502,50.0,6.4,36771.0,9860
B20279536,UE502,50.0,4.7,75125.0,9860
B20279537,UE502,50.0,7.0,26636.0,9860
B20279538,UE502,50.0,4.901,60662.0,9860
B20279539,UE502,50.0,5.036,50315.0,9860
B20279540,UE502,50.0,5.03,22057.0,9860
B20279541,UE502,50.0,4.9,26661.0,9860
B20279542,UE502,50.0,4.525,33339.0,9860
B20279543,UE502,50.0,4.7,70381.0,9860
B20279544,UE502,50.0,5.03,23658.0,9860
B20279545,UE502,50.0,4.9,27887.0,9860
B20279546,UE502,50.0,5.99,16682.0,9860
B20279547,GC-1,55.0,4.9,56996.0,9860
B20279548,GC-1,55.0,6.14,26381.0,9860
B20279549,GC-1,55.0,7.9,29434.0,9860
B20279550,GC-1,55.0,6.1,50350.0,9860
B20279551,GC-1,55.0,5.84,17148.0,9860
B20279552,GC-1,55.0,4.9,26390.0,9860
B20279553,GC-1,55.0,6.14,25841.0,9860
B20279554,GC-1,55.0,6.1,36444.0,9860
B20279555,GC-1,55.0,4.9,49244.0,9860
B20279556,GC-1,55.0,6.1,52366.0,9860
B20279557,GC-1,55.0,6.4,30800.0,9860
B20279558,GC-1,55.0,7.9,61579.0,9860
B20279559,GC-1,55.0,6.4,28663.0,9860
B20279560,GC-1,55.0,7.9,35295.0,9860
B20279561,GC-1,55.0,7.9,30831.0,9860
B20279562,GC-1,55.0,4.9,51077.0,9860
B20279563,GC-1,55.0,4.9,26119.0,9860
B20279564,GC-1,55.0,6.1,35258.0,9860
B20279565,GC-1,55.0,4.9,124027.0,9860
B20279566,GC-1,55.0,4.9,57368.0,9860
B20279567,GC-1,55.0,7.9,61499.0,9860
B20279568,GC-1,55.0,6.2,34723.0,9860
B20279569,GC-1,55.0,4.9,106990.0,9860
B20279570,GC-1,55.0,7.9,35815.0,9860
B20279571,GC-1,55.0,4.9,107312.0,9860
B20279572,GC-1,55.0,6.4,24584.0,9860
B20279573,GC-1,55.0,4.901,28617.0,9860
B20279574,GC-1,55.0,7.9,29491.0,9860
B20279575,GC-1,55.0,7.9,38154.0,9860
B20279576,GC-1,55.0,6.2,26694.0,9860
B20279577,GC-1,55.0,6.1,35382.0,9860
B20279578,GC-1,55.0,6.07,21141.0,9860
B20279579,GC-1,55.0,4.9,27055.0,9860
B20279580,GC-1,55.0,6.36,49760.0,9860
B20279581,GC-1,55.0,6.1,37118.0,9860
B20279582,GC-1,55.0,6.07,110135.0,9860
B20279583,GC-1,55.0,6.1,36462.0,9860
B20279584,GC-1,55.0,6.4,29623.0,9860
B20279585,GC-1,55.0,6.4,29661.0,9860
B20279586,GC-1,55.0,6.2,46254.0,9860
B20279587,GC-1,55.0,6.07,20723.0,9860
B20279588,GC-1,55.0,4.9,51655.0,9860
B20279589,GC-1,55.0,6.4,28903.0,9860
B20279590,GC-1,55.0,6.4,30955.0,9860
B20279591,SALE08,36.0,6.4,22043.0,9860
B20279592,SALE08,36.0,4.901,56040.0,9860
B20279593,SALE08,36.0,4.9,18129.0,9860
B20279594,SALE08,36.0,4.9,123525.0,9860
B20279595,SALE08,36.0,4.9,48684.0,9860
B20279596,SALE08,36.0,4.9,33136.0,9860
B20279597,SALE08,36.0,6.4,28765.0,9860
B20279598,SALE08,36.0,4.9,34589.0,9860
B20279599,SALE08,36.0,4.9,51626.0,9860
B20279600,SALE08,36.0,6.4,66827.0,9860
B20279601,SALE08,36.0,4.901,35546.0,9860
B20279602,SALE08,36.0,4.9,35011.0,9860
B20279603,SALE08,36.0,4.901,40987.0,9860
B20279604,SALE08,36.0,4.9,50636.0,9860
B20279605,SALE08,36.0,6.4,34642.0,9860
B20279606,SALE08,36.0,4.901,36140.0,9860
B20279607,SALE08,36.0,6.4,66325.0,9860
B20279608,SALE08,36.0,4.9,37683.0,9860
B20279609,SALE08,36.0,4.9,53132.0,9860
B20279610,SALE08,36.0,6.4,23694.0,9860
B20279611,SALE08,36.0,6.4,29137.0,9860
B20279612,SALE08,36.0,4.9,42960.0,9860
B20279613,SALE08,36.0,4.901,56086.0,9860
B20279614,SALE08,36.0,6.4,22276.0,9860
B20279615,SALE08,36.0,4.9,34039.0,9860
B20279616,SALE08,36.0,4.901,23312.0,9860
B20279617,SALE08,36.0,4.9,123963.0,9860
B20279618,SALE08,36.0,4.9,25113.0,9860
B20279619,SALE08,36.0,4.9,44918.0,9860
B20279620,SALE08,36.0,6.4,34648.0,9860
B20279621,SALE08,36.0,4.901,23371.0,9860
B20279622,SALE08,36.0,4.9,36581.0,9860
B20279623,SALE08,36.0,6.4,66342.0,9860
B20279624,SALE08,36.0,4.9,16925.0,9860
B20279625,SALE08,36.0,6.4,29767.0,9860
B20279626,SALE08,36.0,4.9,17877.0,9860
B20279627,SALE08,36.0,6.4,22531.0,9860
B20279628,SALE08,36.0,6.4,66127.0,9860
B20279629,SALE08,36.0,4.9,42706.0,9860
B20279630,SALE08,36.0,4.901,123918.0,9860
B20279631,SALE08,36.0,4.9,41540.0,9860
B20279632,SALE08,36.0,4.901,56455.0,9860
B20279633,SALE08,36.0,4.9,123153.0,9860
B20279634,SALE08,36.0,6.4,21304.0,9860
B20279635,GC-5,32.0,4.78,124948.0,9860
B20279636,GC-5,32.0,4.9,26396.0,9860
B20279637,GC-5,32.0,5.33,29351.0,9860
B20279638,GC-5,32.0,5.4,29534.0,9860
B20279639,GC-5,32.0,4.901,73273.0,9860
B20279640,GC-5,32.0,5.4,93357.0,9860
B20279641,GC-5,32.0,4.9,54514.0,9860
B20279642,GC-5,32.0,4.78,119093.0,9860
B20279643,GC-5,32.0,5.4,100820.0,9860
B20279644,GC-5,32.0,4.901,73013.0,9860
B20279645,GC-5,32.0,5.4,53117.0,9860
B20279646,GC-5,32.0,4.525,18199.0,9860
B20279647,GC-5,32.0,4.9,91463.0,9860
B20279648,GC-5,32.0,4.9,50630.0,9860
B20279649,GC-5,32.0,4.95,23076.0,9860
B20279650,GC-5,32.0,4.901,73775.0,9860
B20279651,GC-5,32.0,4.78,52468.0,9860
B20279652,GC-5,32.0,4.9,26452.0,9860
B20279653,GC-5,32.0,4.75,37325.0,9860
B20279654,GC-5,32.0,5.995,36236.0,9860
B20279655,GC-5,32.0,5.3,22361.0,9860
B20279656,GC-5,32.0,5.3,23262.0,9860
B20279657,GC-5,32.0,6.1,21052.0,9860
B20279658,GC-5,32.0,4.95,22396.0,9860
B20279659,GC-5,32.0,4.9,96910.0,9860
B20279660,GC-5,32.0,4.9,51136.0,9860
B20279661,GC-5,32.0,4.901,71321.0,9860
B20279662,GC-5,32.0,4.525,32744.0,9860
B20279663,GC-5,32.0,5.3,22902.0,9860
B20279664,GC-5,32.0,5.08,26462.0,9860
B20279665,GC-5,32.0,4.9,57000.0,9860
B20279666,GC-5,32.0,5.4,94676.0,9860
B20279667,GC-5,32.0,5.3,22234.0,9860
B20279668,GC-5,32.0,6.1,22669.0,9860
B20279669,GC-5,32.0,6.1,21782.0,9860
B20279670,GC-5,32.0,5.4,49568.0,9860
B20279671,GC-5,32.0,4.9,53092.0,9860
B20279672,GC-5,32.0,5.4,94742.0,9860
B20279673,GC-5,32.0,5.33,30026.0,9860
B20279674,GC-5,32.0,4.95,22167.0,9860
B20279675,GC-5,32.0,5.08,68404.0,9860
B20279676,GC-5,32.0,5.33,18919.0,9860
B20279677,Z30,23.0,5.3,76105.0,9860
B20279678,Z30,23.0,9.34,43452.0,9860
B20279679,Z30,23.0,4.9,45571.0,9860
B20279680,Z30,23.0,10.9,35210.0,9860
B20279681,Z30,23.0,8.1,52655.0,9860
B20279682,Z30,23.0,9.34,132317.0,9860
B20279683,Z30,23.0,5.3,56805.0,9860
B20279684,Z30,23.0,9.34,41800.0,9860
B20279685,Z30,23.0,8.78,55932.0,9860
B20279686,Z30,23.0,9.34,42162.0,9860
B20279687,Z30,23.0,8.78,53446.0,9860
B20279688,Z30,23.0,4.9,33149.0,9860
B20279689,Z30,23.0,11.0,70692.0,9860
B20279690,Z30,23.0,11.0,32844.0,9860
B20279691,Z30,23.0,5.3,80932.0,9860
B20279692,Z30,23.0,7.4,74052.0,9860
B20279693,Z30,23.0,4.9,45623.0,9860
B20279694,Z30,23.0,10.06,35614.0,9860
B20279695,Z30,23.0,9.34,131327.0,9860
B20279696,Z30,23.0,10.06,33142.0,9860
B20279697,Z30,23.0,10.06,35231.0,9860
B20279698,Z30,23.0,9.34,36448.0,9860
B20279699,Z30,23.0,8.1,53905.0,9860
B20279700,Z30,23.0,8.97,90636.0,9860
B20279701,Z30,23.0,6.3,82190.0,9860
B20279702,Z30,23.0,5.3,78274.0,9860
B20279703,Z30,23.0,10.06,44068.0,9860
B20279704,Z30,23.0,4.9,81960.0,9860
B20279705,Z30,23.0,8.78,54773.0,9860
B20279706,Z30,23.0,10.06,35495.0,9860
B20279707,Z30,23.0,8.97,76328.0,9860
B20279708,Z30,23.0,5.3,75471.0,9860
B20279709,Z30,23.0,7.4,75104.0,9860
B20279710,Z30,23.0,6.6,43424.0,9860
B20279711,Z30,23.0,4.9,32622.999999999996,9860
B20279712,Z30,23.0,10.06,47676.0,9860
B20279713,Z30,23.0,5.3,76899.0,9860
B20279714,Z30,23.0,10.9,38149.0,9860
B20279715,Z30,23.0,6.3,77876.0,9860
B20279716,Z30,23.0,8.78,54116.0,9860
B20279717,Z30,23.0,11.0,29922.0,9860
B20279718,Z30,23.0,6.3,83050.0,9860
B20279719,SALE07,34.0,7.9,19002.0,9860
B20279720,SALE07,34.0,4.9,15485.0,9860
B20279721,SALE07,34.0,4.9,22262.0,9860
B20279722,SALE07,34.0,4.9,16754.0,9860
B20279723,SALE07,34.0,4.901,16484.0,9860
B20279724,SALE07,34.0,4.9,17678.0,9860
B20279725,SALE07,34.0,4.9,26497.0,9860
B20279726,SALE07,34.0,4.9,84233.0,9860
B20279727,SALE07,34.0,4.9,16980.0,9860
B20279728,SALE07,34.0,4.9,18177.0,9860
B20279729,SALE07,34.0,4.9,21555.0,9860
B20279730,SALE07,34.0,7.9,16969.0,9860
B20279731,SALE07,34.0,6.4,59953.0,9860
B20279732,SALE07,34.0,4.9,15645.0,9860
B20279733,SALE07,34.0,4.9,37582.0,9860
B20279734,SALE07,34.0,4.9,17202.0,9860
B20279735,SALE07,34.0,6.4,50561.0,9860
B20279736,SALE07,34.0,4.9,25926.0,9860
B20279737,SALE07,34.0,4.9,49921.0,9860
B20279738,SALE07,34.0,4.9,50320.0,9860
B20279739,SALE07,34.0,4.9,58825.0,9860
B20279740,SALE07,34.0,4.9,65592.0,9860
B20279741,SALE07,34.0,4.9,17426.0,9860
B20279742,SALE07,34.0,4.9,25468.0,9860
B20279743,SALE07,34.0,4.9,16084.0,9860
B20279744,SALE07,34.0,4.9,47292.0,9860
B20279745,SALE07,34.0,4.9,62485.0,9860
B20279746,SALE07,34.0,4.9,14943.0,9860
B20279747,SALE07,34.0,4.9,27153.0,9860
B20279748,SALE07,34.0,4.901,47739.0,9860
B20279749,SALE07,34.0,4.901,35334.0,9860
B20279750,SALE07,34.0,4.9,51281.0,9860
B20279751,SALE07,34.0,4.9,47187.0,9860
B20279752,SALE07,34.0,4.9,16041.0,9860
B20279753,SALE07,34.0,4.9,17591.0,9860
B20279754,SALE07,34.0,4.9,62578.0,9860
B20279755,SALE07,34.0,4.9,60248.0,9860
B20279756,SALE07,34.0,4.9,17858.0,9860
B20279757,SALE07,34.0,6.4,26455.0,9860
B20279758,SALE07,34.0,4.9,16004.999999999998,9860
B20279759,UE503,45.0,6.4,74267.0,9860
B20279760,UE503,45.0,4.4,16720.0,9860
B20279761,UE503,45.0,6.4,28184.0,9860
B20279762,UE503,45.0,6.4,30415.0,9860
B20279763,UE503,45.0,6.4,23689.0,9860
B20279764,UE503,45.0,5.8,96734.0,9860
B20279765,UE503,45.0,4.4,16393.0,9860
B20279766,UE503,45.0,8.65,46906.0,9860
B20279767,UE503,45.0,6.4,28452.0,9860
B20279768,UE503,45.0,6.4,38842.0,9860
B20279769,UE503,45.0,6.4,16168.0,9860
B20279770,UE503,45.0,4.4,76463.0,9860
B20279771,UE503,45.0,6.4,23524.0,9860
B20279772,UE503,45.0,4.4,23450.0,9860
B20279773,UE503,45.0,4.4,76234.0,9860
B20279774,UE503,45.0,5.8,93846.0,9860
B20279775,UE503,45.0,6.6,54296.0,9860
B20279776,UE503,45.0,7.9,45135.0,9860
B20279777,UE503,45.0,8.65,46671.0,9860
B20279778,UE503,45.0,6.4,22141.0,9860
B20279779,UE503,45.0,6.6,53440.0,9860
B20279780,UE503,45.0,8.65,46558.0,9860
B20279781,UE503,45.0,5.8,96851.0,9860
B20279782,UE503,45.0,6.4,29198.0,9860
B20279783,UE503,45.0,4.4,47153.0,9860
B20279784,UE503,45.0,7.9,46884.0,9860
B20279785,UE503,45.0,4.4,70300.0,9860
B20279786,UE503,45.0,7.9,48734.0,9860
B20279787,UE503,45.0,6.4,16517.0,9860
B20279788,UE503,45.0,7.9,40585.0,9860
B20279789,UE503,45.0,6.6,53193.0,9860
B20279790,UE503,45.0,7.9,123797.0,9860
B20279791,UE503,45.0,6.4,17193.0,9860
B20279792,UE503,45.0,6.4,23887.0,9860
B20279793,UE503,45.0,7.9,37834.0,9860
B20279794,UE503,45.0,7.9,42610.0,9860
B20279795,UE503,45.0,4.4,37035.0,9860
B20279796,UE503,45.0,4.85,60742.0,9860
B20279797,UE503,45.0,5.8,99511.0,9860
B20279798,UE503,45.0,6.6,55555.0,9860
B20279799,SALE03,24.0,7.85,22369.0,9860
B20279800,SALE03,24.0,5.37,142709.0,9860
B20279801,SALE03,24.0,4.901,117998.0,9860
B20279802,SALE03,24.0,4.9,35041.0,9860
B20279803,SALE03,24.0,5.215,41897.0,9860
B20279804,SALE03,24.0,4.9,35477.0,9860
B20279805,SALE03,24.0,4.901,122029.0,9860
B20279806,SALE03,24.0,5.37,143834.0,9860
B20279807,SALE03,24.0,4.9,30420.0,9860
B20279808,SALE03,24.0,5.215,40275.0,9860
B20279809,SALE03,24.0,4.901,101364.0,9860
B20279810,SALE03,24.0,4.901,142953.0,9860
B20279811,SALE03,24.0,4.901,85491.0,9860
B20279812,SALE03,24.0,5.215,40751.0,9860
B20279813,SALE03,24.0,5.37,146368.0,9860
B20279814,SALE03,24.0,4.901,116638.0,9860
B20279815,SALE03,24.0,7.85,21244.0,9860
B20279816,SALE03,24.0,4.9,29557.0,9860
B20279817,SALE03,24.0,5.9,49408.0,9860
B20279818,SALE03,24.0,5.215,33720.0,9860
B20279819,SALE03,24.0,4.9,34595.0,9860
B20279820,SALE03,24.0,5.215,41211.0,9860
B20279821,SALE03,24.0,4.9,34082.0,9860
B20279822,SALE03,24.0,4.901,126446.0,9860
B20279823,SALE03,24.0,4.901,119496.0,9860
B20279824,SALE03,24.0,4.901,84698.0,9860
B20279825,SALE03,24.0,4.9,128062.00000000001,9860
B20279826,SALE03,24.0,4.9,63120.0,9860
B20279827,SALE03,24.0,4.901,100537.0,9860
B20279828,SALE03,24.0,4.901,119743.0,9860
B20279829,SALE03,24.0,4.9,66769.0,9860
B20279830,SALE03,24.0,7.85,96265.0,9860
B20279831,SALE03,24.0,4.901,123780.0,9860
B20279832,SALE03,24.0,4.901,120251.0,9860
B20279833,SALE03,24.0,7.85,93307.0,9860
B20279834,SALE03,24.0,4.901,86598.0,9860
B20279835,SALE03,24.0,5.37,127564.0,9860
B20279836,SALE03,24.0,5.215,28447.0,9860
B20279837,UE505,40.0,4.9,41653.0,9860
B20279838,UE505,40.0,4.9,72018.0,9860
B20279839,UE505,40.0,4.9,24255.0,9860
B20279840,UE505,40.0,4.9,24531.0,9860
B20279841,UE505,40.0,4.9,43199.0,9860
B20279842,UE505,40.0,4.901,34968.0,9860
B20279843,UE505,40.0,4.1,41882.0,9860
B20279844,UE505,40.0,7.0,43221.0,9860
B20279845,UE505,40.0,4.901,18133.0,9860
B20279846,UE505,40.0,4.1,40340.0,9860
B20279847,UE505,40.0,4.9,84461.0,9860
B20279848,UE505,40.0,8.28,54952.0,9860
B20279849,UE505,40.0,4.9,13610.0,9860
B20279850,UE505,40.0,4.9,30253.0,9860
B20279851,UE505,40.0,4.9,126391.0,9860
B20279852,UE505,40.0,4.1,40571.0,9860
B20279853,UE505,40.0,7.0,15716.0,9860
B20279854,UE505,40.0,4.9,121117.0,9860
B20279855,UE505,40.0,4.9,85474.0,9860
B20279856,UE505,40.0,4.9,35104.0,9860
B20279857,UE505,40.0,4.901,35134.0,9860
B20279858,UE505,40.0,8.28,54078.0,9860
B20279859,UE505,40.0,4.9,13114.0,9860
B20279860,UE505,40.0,6.9,45629.0,9860
B20279861,UE505,40.0,4.9,13581.0,9860
B20279862,UE505,40.0,8.28,36111.0,9860
B20279863,UE505,40.0,7.0,16213.000000000002,9860
B20279864,UE505,40.0,4.1,121715.0,9860
B20279865,UE505,40.0,7.0,15695.0,9860
B20279866,UE505,40.0,4.9,36327.0,9860
B20279867,UE505,40.0,4.9,36391.0,9860
B20279868,UE505,40.0,4.1,43228.0,9860
B20279869,UE505,40.0,7.0,70136.0,9860
B20279870,UE505,40.0,4.9,38213.0,9860
B20279871,UE505,40.0,4.9,36456.0,9860
B20279872,UE505,40.0,4.901,34263.0,9860
B20279873,SALE05,23.0,4.901,23163.0,9860
B20279874,SALE05,23.0,6.1,14308.0,9860
B20279875,SALE05,23.0,4.53,46997.0,9860
B20279876,SALE05,23.0,7.9,21831.0,9860
B20279877,SALE05,23.0,5.944,21289.0,9860
B20279878,SALE05,23.0,6.1,40297.0,9860
B20279879,SALE05,23.0,4.84,35366.0,9860
B20279880,SALE05,23.0,4.84,21971.0,9860
B20279881,SALE05,23.0,4.9,36165.0,9860
B20279882,SALE05,23.0,5.944,23426.0,9860
B20279883,SALE05,23.0,4.901,22481.0,9860
B20279884,SALE05,23.0,7.9,23391.0,9860
B20279885,SALE05,23.0,6.1,14410.0,9860
B20279886,SALE05,23.0,6.1,39318.0,9860
B20279887,SALE05,23.0,8.1,27014.0,9860
B20279888,SALE05,23.0,6.1,48167.0,9860
B20279889,SALE05,23.0,6.105,22152.0,9860
B20279890,SALE05,23.0,5.176,29479.0,9860
B20279891,SALE05,23.0,4.9,31960.0,9860
B20279892,SALE05,23.0,4.53,44413.0,9860
B20279893,SALE05,23.0,6.105,15447.0,9860
B20279894,SALE05,23.0,6.1,41604.0,9860
B20279895,SALE05,23.0,5.176,29350.0,9860
B20279896,SALE05,23.0,4.901,22455.0,9860
B20279897,SALE05,23.0,6.3,49743.0,9860
B20279898,SALE05,23.0,4.9,34921.0,9860
B20279899,SALE05,23.0,5.348,39240.0,9860
B20279900,SALE05,23.0,4.67,23230.0,9860
B20279901,SALE05,23.0,4.53,47109.0,9860
B20279902,SALE05,23.0,6.105,22905.0,9860
B20279903,SALE05,23.0,5.348,38614.0,9860
B20279904,SALE05,23.0,4.84,21373.0,9860
B20279905,SALE05,23.0,7.9,22372.0,9860
B20279906,SALE05,23.0,6.3,49465.0,9860
B20279907,UE505,37.5,4.9,25279.0,9860
B20279908,UE505,37.5,4.4,126428.0,9860
B20279909,UE505,37.5,5.3,33840.0,9860
B20279910,UE505,37.5,5.3,27071.0,9860
B20279911,UE505,37.5,4.4,74044.0,9860
B20279912,UE505,37.5,4.9,23924.0,9860
B20279913,UE505,37.5,3.9,25398.0,9860
B20279914,UE505,37.5,3.9,27791.0,9860
B20279915,UE505,37.5,6.9,26095.0,9860
B20279916,UE505,37.5,4.9,22902.0,9860
B20279917,UE505,37.5,4.4,69493.0,9860
B20279918,UE505,37.5,4.9,58156.0,9860
B20279919,UE505,37.5,4.4,74553.0,9860
B20279920,UE505,37.5,3.9,26091.0,9860
B20279921,UE505,37.5,5.3,75239.0,9860
B20279922,UE505,37.5,5.3,29543.0,9860
B20279923,UE505,37.5,5.3,36615.0,9860
B20279924,UE505,37.5,4.9,22384.0,9860
B20279925,UE505,37.5,5.3,35320.0,9860
B20279926,UE505,37.5,3.9,25579.0,9860
B20279927,UE505,37.5,6.9,25258.0,9860
B20279928,UE505,37.5,4.9,59006.0,9860
B20279929,UE505,37.5,5.3,36150.0,9860
B20279930,UE505,37.5,3.9,66853.0,9860
B20279931,UE505,37.5,4.9,21766.0,9860
B20279932,UE505,37.5,5.3,27840.0,9860
B20279933,UE505,37.5,4.4,29998.0,9860
B20279934,UE505,37.5,5.3,28218.0,9860
B20279935,UE505,37.5,4.9,29322.0,9860
B20279936,UE505,37.5,4.9,40924.0,9860
B20279937,SALE01,34.0,9.14,25037.0,9860
B20279938,SALE01,34.0,5.75,21242.0,9860
B20279939,SALE01,34.0,5.11,89204.0,9860
B20279940,SALE01,34.0,9.14,26122.0,9860
B20279941,SALE01,34.0,4.9,78228.0,9860
B20279942,SALE01,34.0,6.1,45885.0,9860
B20279943,SALE01,34.0,5.11,90510.0,9860
B20279944,SALE01,34.0,4.9,15463.0,9860
B20279945,SALE01,34.0,6.1,37669.0,9860
B20279946,SALE01,34.0,4.9,75429.0,9860
B20279947,SALE01,34.0,6.1,49221.0,9860
B20279948,SALE01,34.0,6.1,48113.0,9860
B20279949,SALE01,34.0,4.9,15392.0,9860
B20279950,SALE01,34.0,5.75,22953.0,9860
B20279951,SALE01,34.0,4.9,75179.0,9860
B20279952,SALE01,34.0,4.9,44991.0,9860
B20279953,SALE01,34.0,4.9,44166.0,9860
B20279954,SALE01,34.0,5.11,29383.0,9860
B20279955,SALE01,34.0,5.11,21309.0,9860
B20279956,SALE01,34.0,5.11,38983.0,9860
B20279957,SALE01,34.0,9.14,26150.0,9860
B20279958,SALE01,34.0,4.901,41814.0,9860
B20279959,SALE02,24.0,6.065,12540.0,9860
B20279960,SALE02,24.0,4.9,31458.0,9860
B20279961,SALE02,24.0,4.9,131773.0,9860
B20279962,SALE02,24.0,4.9,36422.0,9860
B20279963,SALE02,24.0,4.9,31201.0,9860
B20279964,SALE02,24.0,6.065,21026.0,9860
B20279965,SALE02,24.0,4.9,38564.0,9860
B20279966,SALE02,24.0,6.065,22777.0,9860
B20279967,SALE02,24.0,4.9,12661.0,9860
B20279968,SALE02,24.0,4.9,13402.0,9860
B20279969,SALE02,24.0,4.9,33137.0,9860
B20279970,SALE02,24.0,4.9,129645.00000000001,9860
B20279971,SALE02,24.0,6.335,55433.0,9860
B20279972,SALE02,24.0,4.9,31419.0,9860
B20279973,SALE02,24.0,4.9,20249.0,9860
B20279974,SALE02,24.0,6.065,22209.0,9860
B20279975,SALE02,24.0,4.9,38563.0,9860
B20279976,SALE02,24.0,6.335,59626.0,9860
B20279977,SALE02,24.0,4.9,13571.0,9860
B20279978,SALE02,24.0,4.9,19696.0,9860
B20279979,SALE02,24.0,4.9,31159.0,9860
B20279980,SALE02,24.0,4.9,38407.0,9860
B20279981,XL2,38.0,5.21,97640.0,9860
B20279982,XL2,38.0,4.9,22409.0,9860
B20279983,XL2,38.0,5.21,45466.0,9860
B20279984,XL2,38.0,5.21,46720.0,9860
B20279985,XL2,38.0,5.21,49092.0,9860
B20279986,XL2,38.0,4.9,23056.0,9860
B20279987,XL2,38.0,5.21,93842.0,9860
B20279988,XL2,38.0,4.9,34996.0,9860
B20279989,XL2,38.0,4.9,25850.0,9860
B20279990,XL2,38.0,5.21,92480.0,9860
B20279991,XL2,38.0,4.9,35996.0,9860
B20279992,XL2,38.0,5.21,49608.0,9860
B20279993,XL2,38.0,4.9,35633.0,9860
B20279994,XL2,38.0,5.21,64226.0,9860
B20279995,XL2,38.0,5.21,93813.0,9860
B20279996,XL2,38.0,4.9,21124.0,9860
B20279997,XL2,38.0,4.9,34912.0,9860
B20279998,XL2,38.0,4.9,26895.0,9860
B20279999,XL2,38.0,4.9,65166.0,9860
B20280000,XL2,38.0,5.21,47478.0,9860
