订单号,订单重量,钢种,规格,定尺长度
B20270001,16.85,NP01,43,4450
B20270002,15.374,NP01,43,4900
B20270003,40.165,NP01,43,4550
B20270004,69.324,NP01,43,4900
B20270005,25.379,NP01,43,8970
B20270006,15.693,NP01,43,5400
B20270007,34.56,NP01,43,6840
B20270008,29.161,NP01,43,5900
B20270009,41.801,NP01,43,6400
B20270010,23.155,NP01,43,5900
B20270011,29.803,NP01,43,4900
B20270012,17.515,NP01,43,6400
B20270013,23.642,NP01,43,11400
B20270014,29.914,NP01,43,6200
B20270015,28.844,NP01,43,6400
B20270016,140.672,NP01,43,8780
B20270017,31.318,NP01,43,4900
B20270018,51.419,NP01,43,4900
B20270019,60.64,NP01,43,6780
B20270020,28.07,NP01,43,4900
B20270021,17.847,NP01,43,4900
B20270022,62.983,NP01,43,6100
B20270023,58.871,NP01,43,4900
B20270024,98.099,NP01,43,4900
B20270025,17.305,NP01,43,6400
B20270026,53.006,NP01,43,6400
B20270027,19.158,NP01,43,6100
B20270028,17.571,NP01,43,5330
B20270029,40.988,NP01,43,6350
B20270030,22.015,NP01,43,6300
B20270031,39.747,NP01,43,4700
B20270032,54.55,NP01,43,6400
B20270033,60.956,NP01,43,4900
B20270034,25.975,NP01,43,4950
B20270035,51.716,NP01,43,4900
B20270036,12.559,NP01,43,4900
B20270037,63.863,NP01,43,4900
B20270038,15.188,NP01,43,4900
B20270039,89.138,NP01,43,7000
B20270040,64.858,NP01,43,6100
B20270041,78.043,NP01,43,4900
B20270042,18.375,NP01,43,4900
B20270043,29.123,NP01,43,7750
B20270044,46.54,NP01,43,6540
B20270045,69.95,NP01,43,4900
B20270046,111.663,NP01,43,4901
B20270047,37.438,NP01,43,6400
B20270048,85.815,NP01,43,4900
B20270049,102.942,NP01,43,4900
B20270050,12.63,NP01,43,6400
B20270051,23.708,NP01,43,4900
B20270052,48.553,NP01,43,5000
B20270053,12.02,NP01,43,4900
B20270054,85.114,NP01,43,4900
B20270055,79.257,NP01,43,6400
B20270056,17.741,NP01,43,8150
B20270057,64.859,NP01,43,4900
B20270058,31.76,NP01,43,6150
B20270059,12.463,NP01,43,3800
B20270060,65.149,NP01,43,8150
B20270061,59.806,NP01,43,4901
B20270062,30.091,NP01,43,4901
B20270063,23.562,NP01,43,4900
B20270064,21.258,NP01,43,6400
B20270065,97.994,NP01,43,7750
B20270066,23.32,NP01,43,4900
B20270067,73.144,NP01,43,4900
B20270068,10.227,NP01,43,6100
B20270069,32.158,NP01,43,4900
B20270070,36.165,NP01,43,4900
B20270071,47.038,NP01,43,5700
B20270072,20.07,NP01,43,10000
B20270073,63.381,NP01,43,4900
B20270074,40.389,NP01,43,4900
B20270075,141.467,NP01,43,4900
B20270076,24.631,NP01,43,4900
B20270077,37.068,NP01,43,6400
B20270078,24.213,NP01,43,4901
B20270079,35.349,NP01,43,7400
B20270080,134.067,NP01,43,5900
B20270081,5.152,NP01,43,7750
B20270082,88.627,NP01,43,7000
B20270083,51.339,NP01,43,4900
B20270084,108.497,NP01,43,4900
B20270085,52.534,NP01,43,5300
B20270086,93.505,NP01,43,5700
B20270087,47.368,NP01,43,4900
B20270088,62.595,NP01,43,4900
B20270089,13.084,NP01,43,3800
B20270090,24.028,NP01,43,4900
B20270091,15.746,NP01,43,4900
B20270092,37.392,NP01,43,4500
B20270093,53.146,NP01,43,5400
B20270094,36.659,NP01,43,4900
B20270095,59.327,NP01,43,4900
B20270096,31.06,NP01,43,4901
B20270097,34.758,NP01,43,5900
B20270098,18.137,NP01,43,5900
B20270099,42.146,NP01,43,6900
B20270100,25.243,NP01,43,6100
B20270101,16.218,NP01,43,8780
B20270102,18.94,NP01,43,7000
B20270103,56.177,NP01,43,4900
B20270104,16.747,NP01,43,4900
B20270105,76.569,NP01,43,4900
B20270106,29.118,NP01,43,4900
B20270107,19.787,NP01,43,4900
B20270108,7.521,NP01,43,6800
B20270109,50.147,NP01,43,7000
B20270110,35.736,NP01,43,5400
B20270111,6.05,NP01,43,5360
B20270112,19.816,NP01,43,4900
B20270113,20.092,NP01,43,6150
B20270114,42.577,NP01,43,4900
B20270115,100.752,NP01,43,4901
B20270116,34.05,NP01,43,6400
B20270117,105.256,NP01,43,4900
B20270118,22.358,NP01,43,4900
B20270119,43.705,NP01,43,6400
B20270120,40.789,NP01,43,4901
B20270121,10.404,NP01,43,5900
B20270122,59.252,NP01,43,4900
B20270123,38.293,NP01,43,4900
B20270124,56.827,NP01,43,5900
B20270125,24.057,NP01,43,4900
B20270126,31.215,NP01,43,4900
B20270127,31.569,NP01,43,4900
B20270128,15.811,NP01,43,5000
B20270129,54.053,NP01,43,4900
B20270130,11.485,NP01,43,7000
B20270131,44.157,NP01,43,5900
B20270132,122.53,NP01,43,4900
B20270133,59.477,NP01,43,6700
B20270134,23.478,NP01,43,4900
B20270135,100.554,NP01,43,5400
B20270136,35.626,NP01,43,6000
B20270137,52.351,NP01,43,4900
B20270138,83.175,NP01,43,7750
B20270139,12.147,NP01,43,4900
B20270140,28.119,NP01,43,10900
B20270141,31.354,NP01,43,4900
B20270142,11.294,NP01,43,4900
B20270143,68.334,NP01,43,5060
B20270144,12.483,NP01,43,4900
B20270145,115.94,NP01,43,6400
B20270146,15.05,NP01,43,5900
B20270147,136.954,NP01,43,4900
B20270148,49.772,NP01,43,5330
B20270149,88.667,NP01,43,6100
B20270150,12.369,NP01,43,5900
B20270151,48.722,NP01,43,6150
B20270152,29.711,NP01,43,5900
B20270153,51.572,NP01,43,6600
B20270154,34.405,NP01,43,5900
B20270155,18.185,NP01,43,4900
B20270156,64.012,NP01,43,5900
B20270157,22.549,NP01,43,6400
B20270158,14.875,NP01,43,4900
B20270159,12.234,NP01,43,4900
B20270160,36.634,NP01,43,4400
B20270161,58.402,NP01,43,4900
B20270162,54.935,NP01,43,4900
B20270163,23.949,NP01,43,4550
B20270164,42.185,NP01,43,4900
B20270165,67.125,NP01,43,6650
B20270166,22.446,NP01,43,4900
B20270167,39.805,NP01,43,7750
B20270168,129.704,NP01,43,5700
B20270169,26.006,NP01,43,6540
B20270170,17.588,NP01,43,3900
B20270171,112.611,NP01,43,5900
B20270172,23.554,NP01,43,4900
B20270173,44.814,NP01,43,5400
B20270174,15.73,NP01,43,4780
B20270175,24.74,NP01,43,8900
B20270176,7.236,NP01,43,4900
B20270177,12.49,NP01,43,6300
B20270178,34.599,NP01,43,5270
B20270179,94.955,NP01,43,7000
B20270180,35.235,NP01,43,4900
B20270181,37.625,NP01,43,4900
B20270182,12.618,NP01,43,4900
B20270183,17.164,NP01,43,7750
B20270184,76.647,NP01,43,4900
B20270185,85.82,NP01,43,6100
B20270186,13.192,NP01,43,6400
B20270187,24.987,NP01,43,4900
B20270188,5.487,NP01,43,7750
B20270189,24.226,NP01,43,4500
B20270190,12.454,NP01,43,6600
B20270191,117.529,NP01,43,6100
B20270192,39.422,NP01,43,6100
B20270193,12.583,NP01,43,5900
B20270194,18.317,NP01,43,4900
B20270195,111.278,NP01,43,4900
B20270196,43.359,NP01,43,7000
B20270197,46.878,NP01,43,4900
B20270198,19.076,NP01,43,4900
B20270199,14.573,NP01,43,5900
B20270200,66.98,NP01,43,4900
B20270201,11.974,NP01,43,4900
B20270202,24.166,NP01,43,4900
B20270203,42.493,NP01,43,4900
B20270204,35.217,NP01,43,6100
B20270205,52.364,NP01,43,6140
B20270206,77.67,NP01,43,4900
B20270207,81.19,NP01,43,10060
B20270208,30.841,NP01,43,4550
B20270209,18.964,NP01,43,4900
B20270210,117.503,NP01,43,4700
B20270211,20.832,NP01,43,6400
B20270212,23.962,NP01,43,4901
B20270213,131.995,NP01,43,5200
B20270214,36.824,NP01,43,6150
B20270215,55.403,NP01,43,4400
B20270216,11.492,NP01,43,4780
B20270217,50.846,NP01,43,4900
B20270218,40.449,NP01,43,4900
B20270219,30.788,NP01,43,5900
B20270220,19.042,NP01,43,5200
B20270221,24.547,NP01,43,4900
B20270222,78.923,NP01,43,4900
B20270223,18.466,NP01,43,6100
B20270224,6.807,NP01,43,4900
B20270225,22.791,NP01,43,4450
B20270226,59.386,NP01,43,4700
B20270227,55.336,NP01,43,6550
B20270228,18.548,NP01,43,4550
B20270229,57.555,NP01,43,6400
B20270230,35.101,NP01,43,4900
B20270231,12.379,NP01,43,6400
B20270232,12.352,NP01,43,4900
B20270233,59.542,NP01,43,6140
B20270234,24.055,NP01,43,7400
B20270235,29.811,NP01,43,5200
B20270236,64.335,NP01,43,5900
B20270237,72.987,NP01,43,6900
B20270238,105.803,NP01,43,6780
B20270239,26.502,NP01,43,6100
B20270240,12.161,NP01,43,6100
B20270241,18.93,NP01,43,5970
B20270242,8.88,NP01,43,5150
B20270243,56.284,NP01,43,6300
B20270244,5.063,NP01,43,4900
B20270245,26.748,NP01,43,8970
B20270246,110.748,NP01,43,5300
B20270247,23.478,NP01,43,6400
B20270248,59.607,NP01,43,7900
B20270249,24.484,NP01,43,5400
B20270250,22.322,NP01,43,6900
B20270251,54.687,NP01,43,4900
B20270252,18.532,NP01,43,4900
B20270253,83.903,NP01,43,5080
B20270254,25.788,NP01,43,4900
B20270255,24.476,NP01,43,5900
B20270256,34.199,NP01,43,5900
B20270257,69.708,NP01,43,9000
B20270258,17.712,NP01,43,4900
B20270259,12.006,NP01,43,6100
B20270260,55.268,NP01,43,5150
B20270261,30.087,NP01,43,6070
B20270262,49.295,NP01,43,3900
B20270263,12.991,NP01,43,3900
B20270264,17.247,NP01,43,4900
B20270265,12.364,NP01,43,5300
B20270266,39.096,NP01,43,10060
B20270267,31.607,NP01,43,5900
B20270268,119.954,NP01,43,4901
B20270269,27.276,NP01,43,6400
B20270270,24.04,NP01,43,4900
B20270271,31.179,NP01,43,5900
B20270272,48.992,NP01,43,7750
B20270273,41.057,NP01,43,5900
B20270274,36.64,NP01,43,5900
B20270275,111.681,NP01,43,5900
B20270276,79.345,NP01,43,4900
B20270277,25.461,NP01,43,5400
B20270278,94.48,NP01,43,5900
B20270279,56.534,NP01,43,4900
B20270280,54.405,NP01,43,4900
B20270281,-25.418,NP01,43,6100
B20270282,27.79,NP01,43,4900
B20270283,58.314,NP01,43,5200
B20270284,11.879,NP01,43,5900
B20270285,24.198,NP01,43,4900
B20270286,34.969,NP01,43,4900
B20270287,16.068,NP01,43,4901
B20270288,23.501,NP01,43,6550
B20270289,15.46,NP01,43,6400
B20270290,23.71,NP01,43,5000
B20270291,109.581,NP01,43,4900
B20270292,37.347,NP01,43,4900
B20270293,52.198,NP01,43,4900
B20270294,36.901,NP01,43,3800
B20270295,37.047,NP01,43,4600
B20270296,22.395,NP01,43,4900
B20270297,15.238,NP01,43,7000
B20270298,41.442,NP01,43,4900
B20270299,10.826,NP01,43,4900
B20270300,70.117,NP01,43,9340
B20270301,114.402,NP01,43,5900
B20270302,14.438,NP01,43,4900
B20270303,72.975,NP01,43,5900
B20270304,23.915,NP01,43,4900
B20270305,12.618,NP01,43,5200
B20270306,70.716,NP01,43,4900
B20270307,18.108,NP01,43,11050
B20270308,3.448,NP01,43,5060
B20270309,11.992,NP01,43,6140
B20270310,11.89,NP01,43,4900
B20270311,52.676,NP01,43,7750
B20270312,50.341,NP01,43,7750
B20270313,18.421,NP01,43,7900
B20270314,19.084,NP01,43,4900
B20270315,30.753,NP01,43,4900
B20270316,41.738,NP01,43,5900
B20270317,12.545,NP01,43,4900
B20270318,28.977,NP01,43,4900
B20270319,123.717,NP01,43,6400
B20270320,37.527,NP01,43,4900
B20270321,134.438,NP01,43,4901
B20270322,48.505,NP01,43,8900
B20270323,45.803,NP01,43,4500
B20270324,31.867,NP01,43,5900
B20270325,134.189,NP01,43,6400
B20270326,3.786,NP01,43,4900
B20270327,12.643,NP01,43,6400
B20270328,23.956,NP01,43,4900
B20270329,40.447,NP01,43,4901
B20270330,11.659,NP01,43,7000
B20270331,129.303,NP01,43,9340
B20270332,87.2,NP01,43,4900
B20270333,39.093,NP01,43,4900
B20270334,63.347,NP01,43,6300
B20270335,59.707,NP01,43,5000
B20270336,40.087,NP01,43,7000
B20270337,119.509,NP01,43,6100
B20270338,17.922,NP01,43,3900
B20270339,58.901,NP01,43,4900
B20270340,12.205,NP01,43,6400
B20270341,11.536,NP01,43,4900
B20270342,36.487,NP01,43,4150
B20270343,35.063,NP01,43,4900
B20270344,12.805,NP01,43,4900
B20270345,33.252,NP01,43,4900
B20270346,38.609,NP01,43,5100
B20270347,37.581,NP01,43,4901
B20270348,34.388,NP01,43,4900
B20270349,49.168,NP01,43,4900
B20270350,18.62,NP01,43,7240
B20270351,12.161,NP01,43,6400
B20270352,61.976,NP01,43,6400
B20270353,6.205,NP01,43,6400
B20270354,44.841,NP01,43,4900
B20270355,12.971,NP01,43,6200
B20270356,16.113,NP01,43,10060
B20270357,31.627,NP01,43,4900
B20270358,22.22,NP01,43,4900
B20270359,29.95,NP01,43,4900
B20270360,99.496,NP01,43,7900
B20270361,92.59,NP01,43,10900
B20270362,77.662,NP01,43,4901
B20270363,16.466,NP01,43,4900
B20270364,125.613,NP01,43,5700
B20270365,86.889,NP01,43,7000
B20270366,48.231,NP01,43,5000
B20270367,127.579,NP01,43,5970
B20270368,41.774,NP01,43,6400
B20270369,40.897,NP01,43,4900
B20270370,67.859,NP01,43,4901
B20270371,40.604,NP01,43,6100
B20270372,129.209,NP01,43,6100
B20270373,49.517,NP01,43,6900
B20270374,41.8,NP01,43,6780
B20270375,50.035,NP01,43,8100
B20270376,33.389,NP01,43,6840
B20270377,35.749,NP01,43,4900
B20270378,79.857,NP01,43,6400
B20270379,11.912,NP01,43,4900
B20270380,25.136,NP01,43,4900
B20270381,29.993,NP01,43,9000
B20270382,23.9,NP01,43,6400
B20270383,16.091,NP01,43,4900
B20270384,24.274,NP01,43,8100
B20270385,28.143,NP01,43,4900
B20270386,12.477,NP01,43,5900
B20270387,60.213,NP01,43,5000
B20270388,29.435,NP01,43,4900
B20270389,59.28,NP01,43,4900
B20270390,44.003,NP01,43,4900
B20270391,127.646,NP01,43,4900
B20270392,35.495,NP01,43,4900
B20270393,18.609,NP01,43,5900
B20270394,17.085,NP01,43,4900
B20270395,36.522,NP01,43,3800
B20270396,40.412,NP01,43,8050
B20270397,41.801,NP01,43,4150
B20270398,86.273,NP01,43,7400
B20270399,64.939,NP01,43,3900
B20270400,84.545,NP01,43,7960
B20270401,11.959,NP01,43,4900
B20270402,24.404,NP01,43,4500
B20270403,6.245,NP01,43,4900
B20270404,17.072,NP01,43,4900
B20270405,59.611,NP01,43,7000
B20270406,64.24,NP01,43,5080
B20270407,30.683,NP01,43,4900
B20270408,17.145,NP01,43,6840
B20270409,22.567,NP01,43,6700
B20270410,94.076,NP01,43,7750
B20270411,12.55,NP01,43,5000
B20270412,18.878,NP01,43,5900
B20270413,24.15,NP01,43,4550
B20270414,25.378,NP01,43,8230
B20270415,31.155,NP01,43,6400
B20270416,92.404,NP01,43,4900
B20270417,24.743,NP01,43,4900
B20270418,14.682,NP01,43,6400
B20270419,30.219,NP01,43,6400
B20270420,36.961,NP01,43,4780
B20270421,12.168,NP01,43,5300
B20270422,12.941,NP01,43,5018
B20270423,22.831,NP01,43,6140
B20270424,77.81,NP01,43,4600
B20270425,83.134,NP01,43,6100
B20270426,36.8,NP01,43,3800
B20270427,45.741,NP01,43,5900
B20270428,23.474,NP01,43,4900
B20270429,44.557,NP01,43,5840
B20270430,73.825,NP01,43,9340
B20270431,76.048,NP01,43,6400
B20270432,99.089,NP01,43,4450
B20270433,19.495,NP01,43,5900
B20270434,89.603,NP01,43,6400
B20270435,48.226,NP01,43,4901
B20270436,41.349,NP01,43,4900
B20270437,31.642,NP01,43,4900
B20270438,12.017,NP01,43,6400
B20270439,108.235,NP01,43,8100
B20270440,66.792,NP01,43,7900
B20270441,46.045,NP01,43,6550
B20270442,48.078,NP01,43,4900
B20270443,52.613,NP01,43,7750
B20270444,12.112,NP01,43,5100
B20270445,100.145,NP01,43,6400
B20270446,45.405,NP01,43,4900
B20270447,33.178,NP01,43,8970
B20270448,85.167,NP01,43,7960
B20270449,20.482,NP01,43,6140
B20270450,124.439,NP01,43,5900
B20270451,24.116,NP01,43,4900
B20270452,9.552,NP01,43,6250
B20270453,75.606,NP01,43,4900
B20270454,11.68,NP01,43,8230
B20270455,12.675,NP01,43,5000
B20270456,113.835,NP01,43,5300
B20270457,36.943,NP01,43,4780
B20270458,84.002,NP01,43,5900
B20270459,109.906,NP01,43,4900
B20270460,106.179,NP01,43,5900
B20270461,36.156,NP01,43,7000
B20270462,25.523,NP01,43,11000
B20270463,25.453,NP01,43,6150
B20270464,99.813,NP01,43,6900
B20270465,94.207,NP01,43,5700
B20270466,7.877,NP01,43,7750
B20270467,82.845,NP01,43,5080
B20270468,41.131,NP01,43,6900
B20270469,126.553,NP01,43,4900
B20270470,27.648,NP01,43,10060
B20270471,29.591,NP01,43,6600
B20270472,23.099,NP01,43,4901
B20270473,31.71,NP01,43,8970
B20270474,23.686,NP01,43,4901
B20270475,51.286,NP01,43,4900
B20270476,12.883,NP01,43,5900
B20270477,37.143,NP01,43,4900
B20270478,20.034,NP01,43,8970
B20270479,23.315,NP01,43,8970
B20270480,12.552,NP01,43,6400
B20270481,25.262,NP01,43,7900
B20270482,129.295,NP01,43,8970
B20270483,42.189,NP01,43,5900
B20270484,31.734,NP01,43,7750
B20270485,11.775,NP01,43,6100
B20270486,41.256,NP01,43,4900
B20270487,30.053,NP01,43,6400
B20270488,41.019,NP01,43,6800
B20270489,24.365,NP01,43,4900
B20270490,57.667,NP01,43,4900
B20270491,97.077,NP01,43,6400
B20270492,23.879,NP01,43,5600
B20270493,19.539,NP01,43,4900
B20270494,15.624,NP01,43,4700
B20270495,134.503,NP01,43,4900
B20270496,42.317,NP01,43,10900
B20270497,23.286,NP01,43,6900
B20270498,26.143,NP01,43,6350
B20270499,20.615,NP01,43,6100
B20270500,61.846,NP01,43,5900
B20270501,116.799,NP01,43,8050
B20270502,29.085,NP01,43,7080
B20270503,134.083,NP01,43,5900
B20270504,18.76,NP01,43,6360
B20270505,40.639,NP01,43,5900
B20270506,46.902,NP01,43,5700
B20270507,7.906,NP01,43,4900
B20270508,30.785,NP01,43,5900
B20270509,137.62,NP01,43,6400
B20270510,60.632,NP01,43,6900
B20270511,24.581,NP01,43,4900
B20270512,17.165,NP01,43,4900
B20270513,35.856,NP01,43,4400
B20270514,24.364,NP01,43,4900
B20270515,24.045,NP01,43,4900
B20270516,28.991,NP01,43,7080
B20270517,53.02,NP01,43,4900
B20270518,35.601,NP01,43,5900
B20270519,23.899,NP01,43,5000
B20270520,18.722,NP01,43,5900
B20270521,41.178,NP01,43,4150
B20270522,24.817,NP01,43,4900
B20270523,22.584,NP01,43,7900
B20270524,15.911,NP01,43,7000
B20270525,91.294,NP01,43,9340
B20270526,38.904,NP01,43,4900
B20270527,17.021,NP01,43,4900
B20270528,82.049,NP01,43,7000
B20270529,24.401,NP01,43,4750
B20270530,69.871,NP01,43,4900
B20270531,62.161,NP01,43,5018
B20270532,41.729,NP01,43,6100
B20270533,38.843,NP01,43,5900
B20270534,63.163,NP01,43,4901
B20270535,90.594,NP01,43,4900
B20270536,31.48,NP01,43,4900
B20270537,24.482,NP01,43,8780
B20270538,49.623,NP01,43,4901
B20270539,38.938,NP01,43,6400
B20270540,19.689,NP01,43,7750
B20270541,86.494,NP01,43,5080
B20270542,18.792,NP01,43,5900
B20270543,39.788,NP01,43,4900
B20270544,82.857,NP01,43,6100
B20270545,90.184,NP01,43,7400
B20270546,41.088,NP01,43,5200
B20270547,12.335,NP01,43,6150
B20270548,25.22,NP01,43,6650
B20270549,124.41,NP01,43,4900
B20270550,16.585,NP01,43,4901
B20270551,45.163,NP01,43,5018
B20270552,36.21,NP01,43,5900
B20270553,36.649,NP01,43,4900
B20270554,48.409,NP01,43,10060
B20270555,17.23,NP01,43,4900
B20270556,43.554,NP01,43,7750
B20270557,73.739,NP01,43,7200
B20270558,53.057,NP01,43,5840
B20270559,24.558,NP01,43,6840
B20270560,23.093,NP01,43,4900
B20270561,26.774,NP01,43,4780
B20270562,45.631,NP01,43,7960
B20270563,137.837,NP01,43,5900
B20270564,57.454,NP01,43,4900
B20270565,100.82,NP01,43,7000
B20270566,18.191,NP01,43,4900
B20270567,23.041,NP01,43,4900
B20270568,28.512,NP01,43,4900
B20270569,11.738,NP01,43,5200
B20270570,14.804,NP01,43,5900
B20270571,127.352,NP01,43,4900
B20270572,93.806,NP01,43,3800
B20270573,106.541,NP01,43,4900
B20270574,16.818,NP01,43,7000
B20270575,33.513,NP01,43,4900
B20270576,25.021,NP01,43,4900
B20270577,137.921,NP01,43,5900
B20270578,23.915,NP01,43,6150
B20270579,48.233,NP01,43,4900
B20270580,23.718,NP01,43,6400
B20270581,25.642,NP01,43,5000
B20270582,15.233,NP01,43,5018
B20270583,10.095,NP01,43,6100
B20270584,42.392,NP01,43,6100
B20270585,11.755,NP01,43,4900
B20270586,60.429,NP01,43,4900
B20270587,28.241,NP01,43,5400
B20270588,12.242,NP01,43,4950
B20270589,41.981,NP01,43,6900
B20270590,22.537,NP01,43,4900
B20270591,85.868,NP01,43,6400
B20270592,78.473,NP01,43,4901
B20270593,117.058,NP01,43,4901
B20270594,110.895,NP01,43,5200
B20270595,40.185,NP01,43,6650
B20270596,25.016,NP01,43,6100
B20270597,40.121,NP01,43,10680
B20270598,15.289,NP01,43,4900
B20270599,86.269,NP01,43,4900
B20270600,29.407,NP01,43,6650
B20270601,39.753,NP01,43,6250
B20270602,41.636,NP01,43,4900
B20270603,12.717,NP01,43,5000
B20270604,50.624,NP01,43,5400
B20270605,48.239,NP01,43,5900
B20270606,43.515,NP01,43,6900
B20270607,44.11,NP01,43,7000
B20270608,106.631,NP01,43,4901
B20270609,36.443,NP01,43,4900
B20270610,6.161,NP01,43,8150
B20270611,7.039,NP01,43,4900
B20270612,35.192,NP01,43,3800
B20270613,53.807,NP01,43,10900
B20270614,5.919,NP01,43,4900
B20270615,57.543,NP01,43,6300
B20270616,25.591,NP01,43,4600
B20270617,42.343,NP01,43,9340
B20270618,19.591,NP01,43,4900
B20270619,11.628,NP01,43,5900
B20270620,60.161,NP01,43,4900
B20270621,11.801,NP01,43,6400
B20270622,42.921,NP01,43,6350
B20270623,10.066,NP01,43,3900
B20270624,29.587,NP01,43,7750
B20270625,48.31,NP01,43,4900
B20270626,39.341,NP01,43,4900
B20270627,48.465,NP01,43,4900
B20270628,20.075,NP01,43,5060
B20270629,23.843,NP01,43,4900
B20270630,59.117,NP01,43,7750
B20270631,65.712,NP01,43,7900
B20270632,72.984,NP01,43,6400
B20270633,24.515,NP01,43,6100
B20270634,29.99,NP01,43,4901
B20270635,24.733,NP01,43,4900
B20270636,39.908,NP01,43,6650
B20270637,29.017,NP01,43,7080
B20270638,81.764,NP01,43,4900
B20270639,30.238,NP01,43,5900
B20270640,12.158,NP01,43,4900
B20270641,138.584,NP01,43,7750
B20270642,55.5,NP01,43,4900
B20270643,12.334,NP01,43,6400
B20270644,5.936,NP01,43,4900
B20270645,109.475,NP01,43,4900
B20270646,15.372,NP01,43,6780
B20270647,39.394,NP01,43,4901
B20270648,9.955,NP01,43,6100
B20270649,26.137,NP01,43,6400
B20270650,34.991,NP01,43,4900
B20270651,4.751,NP01,43,5900
B20270652,15.993,NP01,43,8900
B20270653,37.901,NP01,43,6100
B20270654,30.254,NP01,43,5400
B20270655,19.987,NP01,43,5700
B20270656,111.188,NP01,43,4900
B20270657,63.378,NP01,43,4900
B20270658,87.602,NP01,43,4900
B20270659,40.704,NP01,43,8970
B20270660,19.048,NP01,43,5200
B20270661,30.502,NP01,43,5600
B20270662,44.169,NP01,43,5900
B20270663,29.898,NP01,43,4900
B20270664,115.15,NP01,43,5600
B20270665,24.66,NP01,43,7900
B20270666,44.364,NP01,43,4900
B20270667,28.388,NP01,43,4900
B20270668,15.793,NP01,43,4900
B20270669,33.013,NP01,43,8400
B20270670,24.103,NP01,43,6550
B20270671,31.778,NP01,43,5600
B20270672,97.686,NP01,43,4900
B20270673,24.015,NP01,43,7000
B20270674,36.794,NP01,43,4900
B20270675,64.806,NP01,43,4900
B20270676,146.879,NP01,43,4900
B20270677,35.567,NP01,43,4450
B20270678,30.615,NP01,43,6900
B20270679,89.247,NP01,43,4525
B20270680,119.166,NP01,43,8150
B20270681,31.11,NP01,43,4900
B20270682,16.694,NP01,43,4900
B20270683,41.019,NP01,43,6100
B20270684,64.255,NP01,43,4901
B20270685,47.1,NP01,43,7960
B20270686,84.24,NP01,43,5900
B20270687,38.672,NP01,43,5400
B20270688,137.747,NP01,43,4901
B20270689,35.279,NP01,43,6400
B20270690,70.742,NP01,43,6100
B20270691,34.712,NP01,43,4900
B20270692,114.657,NP01,43,7000
B20270693,49.948,NP01,43,5900
B20270694,4.098,NP01,43,4750
B20270695,14.863,NP01,43,4900
B20270696,29.516,NP01,43,5150
B20270697,12.273,NP01,43,4900
B20270698,28.794,NP01,43,5900
B20270699,17.626,NP01,43,4900
B20270700,18.261,NP01,43,4900
B20270701,53.547,NP01,43,4900
B20270702,87.187,NP01,43,7960
B20270703,30.064,NP01,43,4900
B20270704,21.045,NP01,43,5000
B20270705,66.074,NP01,43,4500
B20270706,108.982,NP01,43,4900
B20270707,61.081,NP01,43,8230
B20270708,116.555,NP01,43,4750
B20270709,12.05,NP01,43,4900
B20270710,46.116,NP01,43,5900
B20270711,60.663,NP01,43,4900
B20270712,66.087,NP01,43,4900
B20270713,78.458,NP01,43,4900
B20270714,25.829,NP01,43,5360
B20270715,32.969,NP01,43,10060
B20270716,30.757,NP01,43,6350
B20270717,129.613,NP01,43,5000
B20270718,88.161,NP01,43,6100
B20270719,17.764,NP01,43,10000
B20270720,30.354,NP01,43,5900
B20270721,17.924,NP01,43,4950
B20270722,54.541,NP01,43,4900
B20270723,37.861,NP01,43,7900
B20270724,23.214,NP01,43,4900
B20270725,24.246,NP01,43,6400
B20270726,29.343,NP01,43,4900
B20270727,111.562,NP01,43,4900
B20270728,5.225,NP01,43,4900
B20270729,59.068,NP01,43,5900
B20270730,49.032,NP01,43,4900
B20270731,34.723,NP01,43,6400
B20270732,54.686,NP01,43,6400
B20270733,44.526,NP01,43,6780
B20270734,21.974,NP01,43,6400
B20270735,43.315,NP01,43,4940
B20270736,32.245,NP01,43,5900
B20270737,116.752,NP01,43,4900
B20270738,49.305,NP01,43,7000
B20270739,91.007,NP01,43,6900
B20270740,35.085,NP01,43,6200
B20270741,54.962,NP01,43,4900
B20270742,31.91,NP01,43,4900
B20270743,29.827,NP01,43,5080
B20270744,12.04,NP01,43,4900
B20270745,24.15,NP01,43,6400
B20270746,22.689,NP01,43,8050
B20270747,79.077,NP01,43,4900
B20270748,46.837,NP01,43,6400
B20270749,41.031,NP01,43,6600
B20270750,16.168,NP01,43,10900
B20270751,11.524,NP01,43,4900
B20270752,25.462,NP01,43,4900
B20270753,58.005,NP01,43,6400
B20270754,36.524,NP01,43,6400
B20270755,48.4,NP01,43,4900
B20270756,67.529,NP01,43,9340
B20270757,15.825,NP01,43,4900
B20270758,23.772,NP01,43,4900
B20270759,15.937,NP01,43,4900
B20270760,139.803,NP01,43,6100
B20270761,31.378,NP01,43,4900
B20270762,64.173,NP01,43,8400
B20270763,36.181,NP01,43,5400
B20270764,17.537,NP01,43,6100
B20270765,25.793,NP01,43,6100
B20270766,64.649,NP01,43,4940
B20270767,64.007,NP01,43,4900
B20270768,29.594,NP01,43,4900
B20270769,40.823,NP01,43,4550
B20270770,24.115,NP01,43,4900
B20270771,4.795,NP01,43,6900
B20270772,43.074,NP01,43,4900
B20270773,18.126,NP01,43,5000
B20270774,120.849,NP01,43,5900
B20270775,124.306,NP01,43,6400
B20270776,108.41,NP01,43,4900
B20270777,18.358,NP01,43,10000
B20270778,21.03,NP01,43,6400
B20270779,68.276,NP01,43,4900
B20270780,36.801,NP01,43,8230
B20270781,48.685,NP01,43,5900
B20270782,37.557,NP01,43,6100
B20270783,12.526,NP01,43,4900
B20270784,49.395,NP01,43,7000
B20270785,60.869,NP01,43,11050
B20270786,61.48,NP01,43,9340
B20270787,78.445,NP01,43,6700
B20270788,36.888,NP01,43,5100
B20270789,11.986,NP01,43,4900
B20270790,12.811,NP01,43,7000
B20270791,78.56,NP01,43,4900
B20270792,90.371,NP01,43,4900
B20270793,64.679,NP01,43,4900
B20270794,25.423,NP01,43,5900
B20270795,13.273,NP01,43,4900
B20270796,128.391,NP01,43,6140
B20270797,14.998,NP01,43,4900
B20270798,39.7,NP01,43,5060
B20270799,63.957,NP01,43,6400
B20270800,51.456,NP01,43,6140
B20270801,28.582,NP01,43,4900
B20270802,34.172,NP01,43,7000
B20270803,87.107,NP01,43,4900
B20270804,11.95,NP01,43,7000
B20270805,63.829,NP01,43,4901
B20270806,52.825,NP01,43,4900
B20270807,33.808,NP01,43,8970
B20270808,12.796,NP01,43,8050
B20270809,33.634,NP01,43,6100
B20270810,58.195,NP01,43,4700
B20270811,12.245,NP01,43,4900
B20270812,121.968,NP01,43,5970
B20270813,51.822,NP01,43,6140
B20270814,91.063,NP01,43,5900
B20270815,31.055,NP01,43,4900
B20270816,22.404,NP01,43,6400
B20270817,37.594,NP01,43,4900
B20270818,12.905,NP01,43,7200
B20270819,66.173,NP01,43,10060
B20270820,46.661,NP01,43,4900
B20270821,12.395,NP01,43,5330
B20270822,16.139,NP01,43,10060
B20270823,130.007,NP01,43,4901
B20270824,24.326,NP01,43,4900
B20270825,57.482,NP01,43,4901
B20270826,65.778,NP01,43,4900
B20270827,29.585,NP01,43,5080
B20270828,27.352,NP01,43,6100
B20270829,35.046,NP01,43,4900
B20270830,24.129,NP01,43,5400
B20270831,82.05,NP01,43,8230
B20270832,6.243,NP01,43,4900
B20270833,8.918,NP01,43,4700
B20270834,64.843,NP01,43,4940
B20270835,138.111,NP01,43,8280
B20270836,56.861,NP01,43,10900
B20270837,29.689,NP01,43,4500
B20270838,41.015,NP01,43,10900
B20270839,25.749,NP01,43,5018
B20270840,6.435,NP01,43,6400
B20270841,136.294,NP01,43,4900
B20270842,41.015,NP01,43,6650
B20270843,59.983,NP01,43,7000
B20270844,38.253,NP01,43,4900
B20270845,12.221,NP01,43,4900
B20270846,28.704,NP01,43,4900
B20270847,24.952,NP01,43,4900
B20270848,108.09,NP01,43,6400
B20270849,13.264,NP01,43,4900
B20270850,28.314,NP01,43,4901
B20270851,60.033,NP01,43,5900
B20270852,42.55,NP01,43,4900
B20270853,12.536,NP01,43,5600
B20270854,22.315,NP01,43,4900
B20270855,18.077,NP01,43,4901
B20270856,57.268,NP01,43,7080
B20270857,29.044,NP01,43,4901
B20270858,54.458,NP01,43,6400
B20270859,10.486,NP01,43,6100
B20270860,22.532,NP01,43,4900
B20270861,36.783,NP01,43,4900
B20270862,32.87,NP01,43,5900
B20270863,82.038,NP01,43,6400
B20270864,18.511,NP01,43,5900
B20270865,49.809,NP01,43,4900
B20270866,11.856,NP01,43,4500
B20270867,109.934,NP01,43,4900
B20270868,112.22,NP01,43,8050
B20270869,7.581,NP01,43,6650
B20270870,30.486,NP01,43,4901
B20270871,20.942,NP01,43,5000
B20270872,42.029,NP01,43,6400
B20270873,15.753,NP01,43,4950
B20270874,41.259,NP01,43,5900
B20270875,61.632,NP01,43,5900
B20270876,131.798,NP01,43,7750
B20270877,29.043,NP01,43,6400
B20270878,25.753,NP01,43,4901
B20270879,25.477,NP01,43,6100
B20270880,25.068,NP01,43,6100
B20270881,35.241,NP01,43,6400
B20270882,23.573,NP01,43,4900
B20270883,81.719,NP01,43,5900
B20270884,69.315,NP01,43,5900
B20270885,12.703,NP01,43,4900
B20270886,45.865,NP01,43,4900
B20270887,27.001,NP01,43,8100
B20270888,76.054,NP01,43,4900
B20270889,46.97,NP01,43,4950
B20270890,99.682,NP01,43,6400
B20270891,20.344,NP01,43,6400
B20270892,141.692,NP01,43,4900
B20270893,12.565,NP01,43,11000
B20270894,75.818,NP01,43,4900
B20270895,116.629,NP01,43,4900
B20270896,74.195,NP01,43,4900
B20270897,45.097,NP01,43,5700
B20270898,39.01,NP01,43,6100
B20270899,46.399,NP01,43,5900
B20270900,107.984,NP01,43,6150
B20270901,12.261,NP01,43,4900
B20270902,72.252,NP01,43,7000
B20270903,125.737,NP01,43,4901
B20270904,24.044,NP01,43,5900
B20270905,61.302,NP01,43,6100
B20270906,18.113,NP01,43,6400
B20270907,44.288,NP01,43,4900
B20270908,59.341,NP01,43,5200
B20270909,25.802,NP01,43,7240
B20270910,26.055,NP01,43,5900
B20270911,34.222,NP01,43,4700
B20270912,41.591,NP01,43,4901
B20270913,111.249,NP01,43,5300
B20270914,48.941,NP01,43,5000
B20270915,12.59,NP01,43,5900
B20270916,64.795,NP01,43,4900
B20270917,31.25,NP01,43,4900
B20270918,24.498,NP01,43,4550
B20270919,10.507,NP01,43,6550
B20270920,24.011,NP01,43,4900
B20270921,19.657,NP01,43,6900
B20270922,48.932,NP01,43,4950
B20270923,25.375,NP01,43,6100
B20270924,10.017,NP01,43,4900
B20270925,88.023,NP01,43,6400
B20270926,22.666,NP01,43,4900
B20270927,24.149,NP01,43,5900
B20270928,47.792,NP01,43,10060
B20270929,12.214,NP01,43,4600
B20270930,23.678,NP01,43,6360
B20270931,20.598,NP01,43,6200
B20270932,92.431,NP01,43,5900
B20270933,12.203,NP01,43,5200
B20270934,26.849,NP01,43,5900
B20270935,35.853,NP01,43,4900
B20270936,19.901,NP01,43,5970
B20270937,56.777,NP01,43,4900
B20270938,43.305,NP01,43,5970
B20270939,15.417,NP01,43,7000
B20270940,31.547,NP01,43,6400
B20270941,58.004,NP01,43,5200
B20270942,50.949,NP01,43,4900
B20270943,18.987,NP01,43,4900
B20270944,140.083,NP01,43,4901
B20270945,87.474,NP01,43,4900
B20270946,129.977,NP01,43,4900
B20270947,80.916,NP01,43,4900
B20270948,48.894,NP01,43,4900
B20270949,81.131,NP01,43,7400
B20270950,42.525,NP01,43,4900
B20270951,32.87,NP01,43,4500
B20270952,39.358,NP01,43,7750
B20270953,13.179,NP01,43,4900
B20270954,83.476,NP01,43,6100
B20270955,36.958,NP01,43,5300
B20270956,11.878,NP01,43,4900
B20270957,17.815,NP01,43,4900
B20270958,23.978,NP01,43,4900
B20270959,29.504,NP01,43,5900
B20270960,12.823,NP01,43,5600
B20270961,41.28,NP01,43,6400
B20270962,78.469,NP01,43,5900
B20270963,30.177,NP01,43,6650
B20270964,99.79,NP01,43,6400
B20270965,23.049,NP01,43,10060
B20270966,31.396,NP01,43,4900
B20270967,12.888,NP01,43,6100
B20270968,44.404,NP01,43,4900
B20270969,22.805,NP01,43,4700
B20270970,94.639,NP01,43,8150
B20270971,29.252,NP01,43,10900
B20270972,42.788,NP01,43,5200
B20270973,71.959,NP01,43,7200
B20270974,44.489,NP01,43,5900
B20270975,17.107,NP01,43,5330
B20270976,72.42,NP01,43,4900
B20270977,14.48,NP01,43,4900
B20270978,57.714,NP01,43,5900
B20270979,24.229,NP01,43,9000
B20270980,14.59,NP01,43,5400
B20270981,57.416,NP01,43,4900
B20270982,64.549,NP01,43,6100
B20270983,50.217,NP01,43,6400
B20270984,67.618,NP01,43,6100
B20270985,17.374,NP01,43,5060
B20270986,24.424,NP01,43,4900
B20270987,70.532,NP01,43,4900
B20270988,12.743,NP01,43,6400
B20270989,118.483,NP01,43,4900
B20270990,55.923,NP01,43,6100
B20270991,16.145,NP01,43,4900
B20270992,50.823,NP01,43,4900
B20270993,109.01,NP01,43,4900
B20270994,77.487,NP01,43,5900
B20270995,12.816,NP01,43,5900
B20270996,56.159,NP01,43,10680
B20270997,22.117,NP01,43,4700
B20270998,56.13,NP01,43,4400
B20270999,6.62,NP01,43,7900
B20271000,9.478,NP01,43,6400
B20271001,15.866,NP01,43,4900
B20271002,131.035,NP01,43,8280
B20271003,57.034,NP01,43,4900
B20271004,48.267,NP01,43,6140
B20271005,41.274,NP01,43,5200
B20271006,41.309,NP01,43,6900
B20271007,58.085,NP01,43,4900
B20271008,6.212,NP01,43,7000
B20271009,40.005,NP01,43,6600
B20271010,29.477,NP01,43,11000
B20271011,28.719,NP01,43,9000
B20271012,6.292,NP01,43,5400
B20271013,33.011,NP01,43,4900
B20271014,63.392,NP01,43,4900
B20271015,102.266,NP01,43,7000
B20271016,64.008,NP01,43,4901
B20271017,24.704,NP01,43,5150
B20271018,11.992,NP01,43,4900
B20271019,31.209,NP01,43,4900
B20271020,66.731,NP01,43,4900
B20271021,43.641,NP01,43,5700
B20271022,36.928,NP01,43,4900
B20271023,26.316,NP01,43,4900
B20271024,13.225,NP01,43,6900
B20271025,12.59,NP01,43,6400
B20271026,55.755,NP01,43,4900
B20271027,23.85,NP01,43,5400
B20271028,45.273,NP01,43,4900
B20271029,42.733,NP01,43,5900
B20271030,23.797,NP01,43,7750
B20271031,30.656,NP01,43,6650
B20271032,12.752,NP01,43,4900
B20271033,17.792,NP01,43,4900
B20271034,14.362,NP01,43,6400
B20271035,49.524,NP01,43,4900
B20271036,12.066,NP01,43,4900
B20271037,24.697,NP01,43,4940
B20271038,10.937,NP01,43,4780
B20271039,10.152,NP01,43,4900
B20271040,55.974,NP01,43,6400
B20271041,44.301,NP01,43,6000
B20271042,115.316,NP01,43,4900
B20271043,28.401,NP01,43,5700
B20271044,4.689,NP01,43,5900
B20271045,24.84,NP01,43,7750
B20271046,59.669,NP01,43,5900
B20271047,31.819,NP01,43,6400
B20271048,96.971,NP01,43,3900
B20271049,12.175,NP01,43,3900
B20271050,14.813,NP01,43,6400
B20271051,87.222,NP01,43,4900
B20271052,107.142,NP01,43,4901
B20271053,78.845,NP01,43,11050
B20271054,19.871,NP01,43,4900
B20271055,34.171,NP01,43,7000
B20271056,30.976,NP01,43,4900
B20271057,46.742,NP01,43,4950
B20271058,11.789,NP01,43,5330
B20271059,37.824,NP01,43,6100
B20271060,17.58,NP01,43,4900
B20271061,41.444,NP01,43,5400
B20271062,23.134,NP01,43,4900
B20271063,12.781,NP01,43,6400
B20271064,17.964,NP01,43,4900
B20271065,19.015,NP01,43,4900
B20271066,64.682,NP01,43,6300
B20271067,32.559,NP01,43,7000
B20271068,28.792,NP01,43,6350
B20271069,47.236,NP01,43,4950
B20271070,74.964,NP01,43,6400
B20271071,20.561,NP01,43,5100
B20271072,31.974,NP01,43,4500
B20271073,46.551,NP01,43,4900
B20271074,25.341,NP01,43,6100
B20271075,18.358,NP01,43,4900
B20271076,18.633,NP01,43,4900
B20271077,83.131,NP01,43,6250
B20271078,75.285,NP01,43,6400
B20271079,50.766,NP01,43,6550
B20271080,21.282,NP01,43,6100
B20271081,22.244,NP01,43,4900
B20271082,39.93,NP01,43,6200
B20271083,6.221,NP01,43,4900
B20271084,92.943,NP01,43,6650
B20271085,63.153,NP01,43,5900
B20271086,54.319,NP01,43,6400
B20271087,34.111,NP01,43,7000
B20271088,137.425,NP01,43,5900
B20271089,34.339,NP01,43,4900
B20271090,18.685,NP01,43,6400
B20271091,54.641,NP01,43,4900
B20271092,11.57,NP01,43,11050
B20271093,70.452,NP01,43,4900
B20271094,45.247,NP01,43,7000
B20271095,30.677,NP01,43,4900
B20271096,49.716,NP01,43,4900
B20271097,12.639,NP01,43,4900
B20271098,7.922,NP01,43,8100
B20271099,47.93,NP01,43,4900
B20271100,63.868,NP01,43,5900
B20271101,14.222,NP01,43,4900
B20271102,43.409,NP01,43,5018
B20271103,34.058,NP01,43,6400
B20271104,10.414,NP01,43,4900
B20271105,99.352,NP01,43,4900
B20271106,21.261,NP01,43,4900
B20271107,23.003,NP01,43,4900
B20271108,116.113,NP01,43,4900
B20271109,28.99,NP01,43,5900
B20271110,42.057,NP01,43,4900
B20271111,49.709,NP01,43,5300
B20271112,20.023,NP01,43,5400
B20271113,23.303,NP01,43,4901
B20271114,50.467,NP01,43,4900
B20271115,36.717,NP01,43,5900
B20271116,36.216,NP01,43,7900
B20271117,20.53,NP01,43,4900
B20271118,11.668,NP01,43,4900
B20271119,53.557,NP01,43,6100
B20271120,51.67,NP01,43,5000
B20271121,11.591,NP01,43,6400
B20271122,30.258,NP01,43,5900
B20271123,91.877,NP01,43,4901
B20271124,31.52,NP01,43,4900
B20271125,25.581,NP01,43,4900
B20271126,37.857,NP01,43,4900
B20271127,48.148,NP01,43,10060
B20271128,50.421,NP01,43,4901
B20271129,94.993,NP01,43,7000
B20271130,63.647,NP01,43,6700
B20271131,71.443,NP01,43,4900
B20271132,34.755,NP01,43,4901
B20271133,27.675,NP01,43,4900
B20271134,4.829,NP01,43,4500
B20271135,49.099,NP01,43,6400
B20271136,19.824,NP01,43,5100
B20271137,23.462,NP01,43,5400
B20271138,3.066,NP01,43,4900
B20271139,81.62,NP01,43,5330
B20271140,18.296,NP01,43,6400
B20271141,46.24,NP01,43,4900
B20271142,57.475,NP01,43,5400
B20271143,63.839,NP01,43,7750
B20271144,35.525,NP01,43,5900
B20271145,31.411,NP01,43,4900
B20271146,19.582,NP01,43,4900
B20271147,14.892,NP01,43,7750
B20271148,23.629,NP01,43,4450
B20271149,41.382,NP01,43,5400
B20271150,42.848,NP01,43,10060
B20271151,37.2,NP01,43,5600
B20271152,12.646,NP01,43,6840
B20271153,18.995,NP01,43,4900
B20271154,50.009,NP01,43,4900
B20271155,21.591,NP01,43,9340
B20271156,32.183,NP01,43,4500
B20271157,29.48,NP01,43,4900
B20271158,110.255,NP01,43,4900
B20271159,33.398,NP01,43,4600
B20271160,33.592,NP01,43,6250
B20271161,42.928,NP01,43,4901
B20271162,36.852,NP01,43,4400
B20271163,12.761,NP01,43,8280
B20271164,60.579,NP01,43,8230
B20271165,31.544,NP01,43,7750
B20271166,24.56,NP01,43,4901
B20271167,63.162,NP01,43,4500
B20271168,30.881,NP01,43,6250
B20271169,23.497,NP01,43,6400
B20271170,103.547,NP01,43,5000
B20271171,25.046,NP01,43,6650
B20271172,33.754,NP01,43,4900
B20271173,15.062,NP01,43,4901
B20271174,24.12,NP01,43,4950
B20271175,20.567,NP01,43,4900
B20271176,37.218,NP01,43,5300
B20271177,23.755,NP01,43,4900
B20271178,51.618,NP01,43,11400
B20271179,100.23,NP01,43,4900
B20271180,17.204,NP01,43,4901
B20271181,30.349,NP01,43,4900
B20271182,15.155,NP01,43,5018
B20271183,23.587,NP01,43,4900
B20271184,30.489,NP01,43,4900
B20271185,55.09,NP01,43,4900
B20271186,32.468,NP01,43,6900
B20271187,33.295,NP01,43,5900
B20271188,26.337,NP01,43,6100
B20271189,18.155,NP01,43,6100
B20271190,44.467,NP01,43,5200
B20271191,31.552,NP01,43,4900
B20271192,43.631,NP01,43,5220
B20271193,136.401,NP01,43,8280
B20271194,40.248,NP01,43,4900
B20271195,41.216,NP01,43,5400
B20271196,15.391,NP01,43,4950
B20271197,48.9,NP01,43,6100
B20271198,14.513,NP01,43,4900
B20271199,51.72,NP01,43,4900
B20271200,69.004,NP01,43,4900
B20271201,12.298,NP01,43,6400
B20271202,14.813,NP01,43,4900
B20271203,71.486,NP01,43,4900
B20271204,128.25,NP01,43,4900
B20271205,25.165,NP01,43,6400
B20271206,43.289,NP01,43,5000
B20271207,57.798,NP01,43,7000
B20271208,77.322,NP01,43,5000
B20271209,9.44,NP01,43,4700
B20271210,29.839,NP01,43,6400
B20271211,33.423,NP01,43,6100
B20271212,29.378,NP01,43,6400
B20271213,25.33,NP01,43,7900
B20271214,23.982,NP01,43,4900
B20271215,35.719,NP01,43,4900
B20271216,39.137,NP01,43,5000
B20271217,42.71,NP01,43,6650
B20271218,67.494,NP01,43,4900
B20271219,138.882,NP01,43,5400
B20271220,24.009,NP01,43,4900
B20271221,15.487,NP01,43,6400
B20271222,47.18,NP01,43,4950
B20271223,49.09,NP01,43,4900
B20271224,134.561,NP01,43,8970
B20271225,44.403,NP01,43,4901
B20271226,29.613,NP01,43,4900
B20271227,28.321,NP01,43,6540
B20271228,24.043,NP01,43,4900
B20271229,12.084,NP01,43,5330
B20271230,31.568,NP01,43,10060
B20271231,37.591,NP01,43,4700
B20271232,63.182,NP01,43,8150
B20271233,33.16,NP01,43,4900
B20271234,38.211,NP01,43,3800
B20271235,116.384,NP01,43,7000
B20271236,29.892,NP01,43,4900
B20271237,7.354,NP01,43,5330
B20271238,14.288,NP01,43,6400
B20271239,46.557,NP01,43,4900
B20271240,12.822,NP01,43,4900
B20271241,12.68,NP01,43,4900
B20271242,23.288,NP01,43,4900
B20271243,33.53,NP01,43,6400
B20271244,74.993,NP01,43,6900
B20271245,36.836,NP01,43,5150
B20271246,88.342,NP01,43,9340
B20271247,23.888,NP01,43,9340
B20271248,8.168,NP01,43,4700
B20271249,13.238,NP01,43,4900
B20271250,21.995,NP01,43,4900
B20271251,19.721,NP01,43,5060
B20271252,87.813,NP01,43,4900
B20271253,6.286,NP01,43,5600
B20271254,15.968,NP01,43,4900
B20271255,17.688,NP01,43,4900
B20271256,18.089,NP01,43,10900
B20271257,4.72,NP01,43,7000
B20271258,113.312,NP01,43,4901
B20271259,92.244,NP01,43,5900
B20271260,47.331,NP01,43,7000
B20271261,51.138,NP01,43,6550
B20271262,11.781,NP01,43,4750
B20271263,56.076,NP01,43,4900
B20271264,23.133,NP01,43,4450
B20271265,12.206,NP01,43,9340
B20271266,49.701,NP01,43,8150
B20271267,13.017,NP01,43,6150
B20271268,70.796,NP01,43,4900
B20271269,23.146,NP01,43,4900
B20271270,19.472,NP01,43,9340
B20271271,76.539,NP01,43,4500
B20271272,84.817,NP01,43,7000
B20271273,19.291,NP01,43,8970
B20271274,12.471,NP01,43,6400
B20271275,15.742,NP01,43,4780
B20271276,40.131,NP01,43,4900
B20271277,34.597,NP01,43,5900
B20271278,54.943,NP01,43,4901
B20271279,30.786,NP01,43,6400
B20271280,44.174,NP01,43,6400
B20271281,30.784,NP01,43,6400
B20271282,24.833,NP01,43,7000
B20271283,22.237,NP01,43,6400
B20271284,30.893,NP01,43,5700
B20271285,15.723,NP01,43,6900
B20271286,11.745,NP01,43,6900
B20271287,41.401,NP01,43,5400
B20271288,19.593,NP01,43,7900
B20271289,58.291,NP01,43,6400
B20271290,22.675,NP01,43,4900
B20271291,47.246,NP01,43,6550
B20271292,50.057,NP01,43,6400
B20271293,62.396,NP01,43,5900
B20271294,63.012,NP01,43,4900
B20271295,40.507,NP01,43,6200
B20271296,24.499,NP01,43,7080
B20271297,12.561,NP01,43,4900
B20271298,23.296,NP01,43,5995
B20271299,129.137,NP01,43,6600
B20271300,124.832,NP01,43,4901
B20271301,41.926,NP01,43,4940
B20271302,59.273,NP01,43,4900
B20271303,144.177,NP01,43,4900
B20271304,26.685,NP01,43,5700
B20271305,38.726,NP01,43,4901
B20271306,93.114,NP01,43,6400
B20271307,18.577,NP01,43,8150
B20271308,12.089,NP01,43,6900
B20271309,24.789,NP01,43,6400
B20271310,49.706,NP01,43,5840
B20271311,39.927,NP01,43,6150
B20271312,49.411,NP01,43,6000
B20271313,56.758,NP01,43,4900
B20271314,30.592,NP01,43,4900
B20271315,95.537,NP01,43,3800
B20271316,23.793,NP01,43,4550
B20271317,42.061,NP01,43,6900
B20271318,26.434,NP01,43,4900
B20271319,25.821,NP01,43,8100
B20271320,25.153,NP01,43,4900
B20271321,82.181,NP01,43,4900
B20271322,23.88,NP01,43,5220
B20271323,67.493,NP01,43,4900
B20271324,33.243,NP01,43,8970
B20271325,34.973,NP01,43,6400
B20271326,12.887,NP01,43,4900
B20271327,14.589,NP01,43,4900
B20271328,29.322,NP01,43,6400
B20271329,52.126,NP01,43,4900
B20271330,24.82,NP01,43,6400
B20271331,14.872,NP01,43,5900
B20271332,47.302,NP01,43,4900
B20271333,22.854,NP01,43,4450
B20271334,53.59,NP01,43,6100
B20271335,11.586,NP01,43,4900
B20271336,29.091,NP01,43,4525
B20271337,45.463,NP01,43,4900
B20271338,77.951,NP01,43,9000
B20271339,17.489,NP01,43,4900
B20271340,22.804,NP01,43,6100
B20271341,51.707,NP01,43,4900
B20271342,63.126,NP01,43,6400
B20271343,50.222,NP01,43,4900
B20271344,23.911,NP01,43,5360
B20271345,74.699,NP01,43,4900
B20271346,24.306,NP01,43,4900
B20271347,20.603,NP01,43,10680
B20271348,14.719,NP01,43,5400
B20271349,20.508,NP01,43,4900
B20271350,26.322,NP01,43,5900
B20271351,43.516,NP01,43,11400
B20271352,11.978,NP01,43,5900
B20271353,29.662,NP01,43,6600
B20271354,34.621,NP01,43,4600
B20271355,40.026,NP01,43,6100
B20271356,42.337,NP01,43,8970
B20271357,32.09,NP01,43,5900
B20271358,22.159,NP01,43,7900
B20271359,48.133,NP01,43,4901
B20271360,62.993,NP01,43,4900
B20271361,15.991,NP01,43,4900
B20271362,20.173,NP01,43,5060
B20271363,12.402,NP01,43,3900
B20271364,140.98,NP01,43,4901
B20271365,11.867,NP01,43,6100
B20271366,53.051,NP01,43,4900
B20271367,32.262,NP01,43,6650
B20271368,51.929,NP01,43,4900
B20271369,112.562,NP01,43,5300
B20271370,39.57,NP01,43,5900
B20271371,33.165,NP01,43,4500
B20271372,83.265,NP01,43,4525
B20271373,25.162,NP01,43,6400
B20271374,28.676,NP01,43,4900
B20271375,12.568,NP01,43,6400
B20271376,125.491,NP01,43,4900
B20271377,101.746,NP01,43,4900
B20271378,29.073,NP01,43,5400
B20271379,41.776,NP01,43,4900
B20271380,75.015,NP01,43,4900
B20271381,75.501,NP01,43,5400
B20271382,119.787,NP01,43,5900
B20271383,124.103,NP01,43,6900
B20271384,50.082,NP01,43,5900
B20271385,12.393,NP01,43,4900
B20271386,43.136,NP01,43,6780
B20271387,82.831,NP01,43,6250
B20271388,16.676,NP01,43,4900
B20271389,63.519,NP01,43,7750
B20271390,69.866,NP01,43,4900
B20271391,34.394,NP01,43,4900
B20271392,50.861,NP01,43,4900
B20271393,31.026,NP01,43,4900
B20271394,50.254,NP01,43,5360
B20271395,44.039,NP01,43,6400
B20271396,83.713,NP01,43,6400
B20271397,37.882,NP01,43,11050
B20271398,35.508,NP01,43,4150
B20271399,116.815,NP01,43,4900
B20271400,6.512,NP01,43,5995
B20271401,25.031,NP01,43,8900
B20271402,25.469,NP01,43,4900
B20271403,29.586,NP01,43,4900
B20271404,138.573,NP01,43,4900
B20271405,34.036,NP01,43,4900
B20271406,57.543,NP01,43,4400
B20271407,29.329,NP01,43,7000
B20271408,14.298,NP01,43,6400
B20271409,31.983,NP01,43,5970
B20271410,31.782,NP01,43,5550
B20271411,27.907,NP01,43,4900
B20271412,11.873,NP01,43,4900
B20271413,32.565,NP01,43,4900
B20271414,71.59,NP01,43,6400
B20271415,33.908,NP01,43,5900
B20271416,28.888,NP01,43,4900
B20271417,11.608,NP01,43,4900
B20271418,24.28,NP01,43,4901
B20271419,49.74,NP01,43,4900
B20271420,64.051,NP01,43,5220
B20271421,39.309,NP01,43,6100
B20271422,51.162,NP01,43,5300
B20271423,61.067,NP01,43,4901
B20271424,49.858,NP01,43,7000
B20271425,63.952,NP01,43,6100
B20271426,16.623,NP01,43,7900
B20271427,24.165,NP01,43,6360
B20271428,58.716,NP01,43,6900
B20271429,16.714,NP01,43,4900
B20271430,113.561,NP01,43,6400
B20271431,30.059,NP01,43,4900
B20271432,67.99,NP01,43,4900
B20271433,35.257,NP01,43,4900
B20271434,31.359,NP01,43,6400
B20271435,31.654,NP01,43,4900
B20271436,64.736,NP01,43,4900
B20271437,36.785,NP01,43,5900
B20271438,32.392,NP01,43,4900
B20271439,21.626,NP01,43,6400
B20271440,130.027,NP01,43,5000
B20271441,34.081,NP01,43,4900
B20271442,64.272,NP01,43,5900
B20271443,42.894,NP01,43,4900
B20271444,54.776,NP01,43,5900
B20271445,49.097,NP01,43,4900
B20271446,42.352,NP01,43,4900
B20271447,63.345,NP01,43,5000
B20271448,32.813,NP01,43,5900
B20271449,24.772,NP01,43,4900
B20271450,110.927,NP01,43,4900
B20271451,64.722,NP01,43,5840
B20271452,20.633,NP01,43,6200
B20271453,113.384,NP01,43,6550
B20271454,22.923,NP01,43,7400
B20271455,11.808,NP01,43,4600
B20271456,17.909,NP01,43,4900
B20271457,23.497,NP01,43,4900
B20271458,94.411,NP01,43,6400
B20271459,38.9,NP01,43,6400
B20271460,40.382,NP01,43,10900
B20271461,25.227,NP01,43,4900
B20271462,18.365,NP01,43,6400
B20271463,48.702,NP01,43,6400
B20271464,6.177,NP01,43,6400
B20271465,16.364,NP01,43,6400
B20271466,57.509,NP01,43,4900
B20271467,18.063,NP01,43,9340
B20271468,30.473,NP01,43,3800
B20271469,61.59,NP01,43,5970
B20271470,43.766,NP01,43,4900
B20271471,15.649,NP01,43,4400
B20271472,19.147,NP01,43,6400
B20271473,24.44,NP01,43,4900
B20271474,32.994,NP01,43,5900
B20271475,81.91,NP01,43,7750
B20271476,28.267,NP01,43,6070
B20271477,131.312,NP01,43,5018
B20271478,120.417,NP01,43,5080
B20271479,36.531,NP01,43,5900
B20271480,119.259,NP01,43,4900
B20271481,36.825,NP01,43,5900
B20271482,19.678,NP01,43,6800
B20271483,28.367,NP01,43,4900
B20271484,59.868,NP01,43,7080
B20271485,34.688,NP01,43,5900
B20271486,14.505,NP01,43,5900
B20271487,20.537,NP01,43,5100
B20271488,30.037,NP01,43,5270
B20271489,23.914,NP01,43,5000
B20271490,6.413,NP01,43,4900
B20271491,50.43,NP01,43,5900
B20271492,3.626,NP01,43,8050
B20271493,17.165,NP01,43,7000
B20271494,30.52,NP01,43,4900
B20271495,99.948,NP01,43,7000
B20271496,123.374,NP01,43,5100
B20271497,49.773,NP01,43,5900
B20271498,31.169,NP01,43,4900
B20271499,83.02,NP01,43,7960
B20271500,12.291,NP01,43,4500
B20271501,85.676,NP01,43,7900
B20271502,64.05,NP01,43,5300
B20271503,28.246,NP01,43,6400
B20271504,21.063,NP01,43,6200
B20271505,24.308,NP01,43,4900
B20271506,49.583,NP01,43,4900
B20271507,43.238,NP01,43,4900
B20271508,47.29,NP01,43,4900
B20271509,24.429,NP01,43,6100
B20271510,12.298,NP01,43,6400
B20271511,33.273,NP01,43,5900
B20271512,29.055,NP01,43,4900
B20271513,70.759,NP01,43,5400
B20271514,41.936,NP01,43,6600
B20271515,71.819,NP01,43,5200
B20271516,24.158,NP01,43,6100
B20271517,18.677,NP01,43,4900
B20271518,60.173,NP01,43,6650
B20271519,39,NP01,43,6400
B20271520,11.89,NP01,43,6400
B20271521,71.17,NP01,43,6400
B20271522,25.383,NP01,43,4500
B20271523,18.924,NP01,43,5900
B20271524,126.547,NP01,43,6000
B20271525,40.896,NP01,43,6700
B20271526,23.244,NP01,43,4901
B20271527,18.225,NP01,43,6400
B20271528,119.299,NP01,43,5550
B20271529,16.7,NP01,43,6100
B20271530,12.017,NP01,43,4900
B20271531,49.375,NP01,43,5900
B20271532,42.623,NP01,43,7000
B20271533,22.637,NP01,43,4450
B20271534,54.998,NP01,43,4900
B20271535,10.604,NP01,43,4900
B20271536,15.788,NP01,43,6100
B20271537,16.116,NP01,43,4900
B20271538,12.415,NP01,43,5600
B20271539,105.689,NP01,43,7750
B20271540,37.254,NP01,43,4901
B20271541,22.948,NP01,43,6100
B20271542,110.338,NP01,43,4900
B20271543,55.081,NP01,43,11000
B20271544,25.825,NP01,43,4940
B20271545,12.945,NP01,43,5840
B20271546,37.78,NP01,43,5900
B20271547,43.107,NP01,43,5400
B20271548,35.991,NP01,43,5150
B20271549,41.501,NP01,43,6900
B20271550,6.627,NP01,43,5300
B20271551,11.969,NP01,43,8150
B20271552,52.111,NP01,43,4900
B20271553,12.274,NP01,43,5900
B20271554,36.146,NP01,43,4900
B20271555,29.91,NP01,43,10900
B20271556,35.061,NP01,43,3800
B20271557,66.406,NP01,43,4900
B20271558,23.623,NP01,43,7900
B20271559,23.358,NP01,43,6400
B20271560,51.005,NP01,43,7080
B20271561,61.435,NP01,43,7900
B20271562,97.432,NP01,43,7750
B20271563,65.205,NP01,43,4901
B20271564,59.94,NP01,43,6400
B20271565,22.614,NP01,43,7900
B20271566,24.498,NP01,43,4900
B20271567,29.693,NP01,43,6650
B20271568,36.038,NP01,43,5900
B20271569,39.452,NP01,43,4901
B20271570,105.323,NP01,43,4900
B20271571,45.332,NP01,43,11400
B20271572,58.962,NP01,43,7000
B20271573,52.644,NP01,43,4900
B20271574,24.501,NP01,43,6550
B20271575,12.153,NP01,43,9000
B20271576,57.792,NP01,43,4900
B20271577,6.474,NP01,43,4900
B20271578,124.702,NP01,43,8050
B20271579,62.17,NP01,43,5400
B20271580,44.32,NP01,43,4900
B20271581,22.739,NP01,43,6400
B20271582,18.538,NP01,43,5360
B20271583,55.778,NP01,43,7000
B20271584,42.442,NP01,43,6900
B20271585,30.66,NP01,43,4900
B20271586,15.185,NP01,43,5900
B20271587,15.643,NP01,43,5018
B20271588,122.058,NP01,43,5900
B20271589,97.772,NP01,43,7900
B20271590,11.925,NP01,43,5900
B20271591,89.747,NP01,43,4901
B20271592,19.508,NP01,43,6100
B20271593,62.388,NP01,43,6100
B20271594,86.315,NP01,43,6250
B20271595,11.982,NP01,43,4900
B20271596,23.204,NP01,43,4900
B20271597,32.61,NP01,43,4900
B20271598,51.821,NP01,43,4900
B20271599,85.746,NP01,43,6100
B20271600,11.642,NP01,43,6400
B20271601,57.938,NP01,43,4900
B20271602,14.167,NP01,43,4901
B20271603,29.228,NP01,43,4900
B20271604,41.568,NP01,43,6900
B20271605,18.013,NP01,43,6100
B20271606,24.06,NP01,43,4900
B20271607,74.778,NP01,43,5000
B20271608,55.375,NP01,43,4900
B20271609,32.545,NP01,43,6400
B20271610,53.53,NP01,43,5330
B20271611,61.23,NP01,43,10000
B20271612,39.367,NP01,43,6650
B20271613,49.511,NP01,43,5900
B20271614,37.496,NP01,43,5300
B20271615,54.074,NP01,43,6100
B20271616,41.575,NP01,43,4900
B20271617,25.74,NP01,43,6100
B20271618,41.125,NP01,43,8050
B20271619,95.943,NP01,43,6200
B20271620,93.475,NP01,43,5000
B20271621,68.711,NP01,43,4900
B20271622,24.6,NP01,43,4900
B20271623,36.686,NP01,43,5550
B20271624,63.282,NP01,43,6400
B20271625,95.829,NP01,43,6400
B20271626,24.147,NP01,43,6100
B20271627,28.901,NP01,43,6400
B20271628,19.126,NP01,43,9340
B20271629,16.201,NP01,43,6100
B20271630,17.886,NP01,43,4900
B20271631,41.303,NP01,43,4900
B20271632,77.465,NP01,43,9340
B20271633,44.628,NP01,43,4900
B20271634,12.699,NP01,43,5900
B20271635,76.223,NP01,43,7750
B20271636,17.826,NP01,43,4900
B20271637,30.907,NP01,43,6400
B20271638,23.347,NP01,43,7000
B20271639,4.932,NP01,43,7750
B20271640,12.618,NP01,43,5300
B20271641,131.055,NP01,43,4900
B20271642,89.295,NP01,43,4900
B20271643,12.22,NP01,43,6400
B20271644,12.147,NP01,43,5000
B20271645,19.805,NP01,43,5400
B20271646,59.393,NP01,43,4900
B20271647,35.457,NP01,43,5900
B20271648,20.128,NP01,43,3900
B20271649,29.874,NP01,43,5270
B20271650,132.636,NP01,43,4900
B20271651,123.51,NP01,43,5100
B20271652,31.696,NP01,43,4500
B20271653,147.069,NP01,43,4900
B20271654,17.466,NP01,43,6400
B20271655,22.932,NP01,43,6400
B20271656,26.498,NP01,43,8400
B20271657,34.78,NP01,43,4900
B20271658,87.667,NP01,43,5995
B20271659,117.181,NP01,43,5900
B20271660,54.087,NP01,43,6100
B20271661,12.643,NP01,43,4900
B20271662,10.023,NP01,43,6100
B20271663,67.217,NP01,43,4900
B20271664,65.672,NP01,43,5220
B20271665,6.023,NP01,43,5400
B20271666,28.968,NP01,43,5900
B20271667,91.162,NP01,43,7000
B20271668,16.663,NP01,43,4901
B20271669,20.431,NP01,43,7000
B20271670,15.444,NP01,43,4901
B20271671,81.696,NP01,43,4600
B20271672,30.913,NP01,43,8780
B20271673,24.548,NP01,43,6150
B20271674,53.338,NP01,43,5300
B20271675,39.986,NP01,43,11000
B20271676,41.861,NP01,43,6100
B20271677,12.413,NP01,43,5840
B20271678,23.094,NP01,43,6400
B20271679,8.122,NP01,43,6070
B20271680,19.258,NP01,43,4900
B20271681,26.463,NP01,43,4600
B20271682,18.058,NP01,43,4150
B20271683,55.994,NP01,43,5900
B20271684,61.184,NP01,43,5900
B20271685,23.8,NP01,43,4900
B20271686,11.521,NP01,43,4900
B20271687,69.447,NP01,43,9340
B20271688,31.993,NP01,43,6900
B20271689,113.558,NP01,43,8100
B20271690,61.095,NP01,43,4900
B20271691,30.133,NP01,43,4900
B20271692,29.697,NP01,43,8050
B20271693,11.78,NP01,43,5900
B20271694,13.008,NP01,43,6250
B20271695,12.596,NP01,43,6400
B20271696,25.583,NP01,43,8100
B20271697,19.037,NP01,43,5400
B20271698,127.285,NP01,43,4900
B20271699,61.131,NP01,43,4901
B20271700,31.301,NP01,43,4900
B20271701,51.801,NP01,43,4780
B20271702,11.607,NP01,43,8900
B20271703,38.696,NP01,43,4900
B20271704,52.35,NP01,43,4900
B20271705,63.815,NP01,43,4900
B20271706,22.054,NP01,43,4900
B20271707,81.242,NP01,43,7000
B20271708,42.728,NP01,43,6100
B20271709,40.166,NP01,43,10680
B20271710,42.309,NP01,43,6400
B20271711,101.53,NP01,43,4900
B20271712,72.89,NP01,43,7900
B20271713,74.48,NP01,43,11050
B20271714,39.983,NP01,43,5900
B20271715,3.445,NP01,43,8280
B20271716,18.553,NP01,43,5200
B20271717,27.022,NP01,43,4900
B20271718,27.822,NP01,43,5900
B20271719,52.539,NP01,43,8780
B20271720,10.286,NP01,43,4900
B20271721,64.436,NP01,43,4900
B20271722,5.851,NP01,43,7750
B20271723,35.31,NP01,43,4900
B20271724,103.464,NP01,43,7000
B20271725,37.843,NP01,43,4901
B20271726,49.258,NP01,43,6900
B20271727,40.072,NP01,43,4901
B20271728,46.363,NP01,43,5000
B20271729,137.933,NP01,43,4900
B20271730,17.24,NP01,43,4900
B20271731,31.58,NP01,43,4900
B20271732,69.596,NP01,43,4900
B20271733,26.832,NP01,43,5700
B20271734,12.173,NP01,43,4901
B20271735,12.215,NP01,43,4500
B20271736,95.009,NP01,43,5270
B20271737,21.036,NP01,43,11050
B20271738,59.023,NP01,43,8280
B20271739,46.562,NP01,43,5018
B20271740,28.994,NP01,43,5900
B20271741,50.489,NP01,43,5000
B20271742,19.921,NP01,43,6400
B20271743,24.649,NP01,43,4901
B20271744,7.638,NP01,43,6100
B20271745,11.109,NP01,43,5900
B20271746,23.131,NP01,43,7900
B20271747,51.835,NP01,43,10060
B20271748,14.318,NP01,43,4900
B20271749,21.095,NP01,43,4450
B20271750,43.531,NP01,43,4900
B20271751,22.688,NP01,43,4780
B20271752,40.09,NP01,43,11000
B20271753,42.932,NP01,43,4500
B20271754,71.722,NP01,43,7900
B20271755,55.083,NP01,43,4400
B20271756,126.904,NP01,43,6540
B20271757,89.741,NP01,43,5080
B20271758,25.837,NP01,43,6000
B20271759,25.151,NP01,43,4900
B20271760,41.61,NP01,43,4900
B20271761,33.059,NP01,43,4900
B20271762,17.332,NP01,43,3900
B20271763,7.43,NP01,43,7750
B20271764,113.086,NP01,43,6300
B20271765,20.496,NP01,43,6200
B20271766,25.071,NP01,43,11400
B20271767,42.324,NP01,43,4901
B20271768,75.795,NP01,43,5200
B20271769,34.029,NP01,43,4940
B20271770,12.48,NP01,43,6400
B20271771,32.311,NP01,43,5400
B20271772,23.463,NP01,43,6250
B20271773,72.869,NP01,43,5900
B20271774,46.907,NP01,43,6400
B20271775,18.166,NP01,43,6100
B20271776,18.668,NP01,43,6400
B20271777,23.96,NP01,43,4900
B20271778,30.385,NP01,43,5600
B20271779,14.459,NP01,43,4901
B20271780,40.011,NP01,43,6650
B20271781,128.788,NP01,43,5900
B20271782,12.515,NP01,43,5900
B20271783,25.277,NP01,43,4900
B20271784,23.459,NP01,43,4450
B20271785,25.455,NP01,43,5900
B20271786,35.357,NP01,43,7000
B20271787,30.356,NP01,43,5018
B20271788,61.091,NP01,43,7750
B20271789,30.798,NP01,43,6540
B20271790,16.662,NP01,43,4600
B20271791,12.098,NP01,43,7000
B20271792,29.707,NP01,43,6100
B20271793,8.349,NP01,43,4900
B20271794,52.047,NP01,43,4700
B20271795,72.426,NP01,43,5900
B20271796,104.652,NP01,43,5300
B20271797,60.529,NP01,43,6100
B20271798,11.63,NP01,43,6900
B20271799,3.924,NP01,43,4900
B20271800,21.27,NP01,43,5550
B20271801,33.333,NP01,43,4900
B20271802,38.962,NP01,43,7000
B20271803,50.942,NP01,43,8780
B20271804,4.656,NP01,43,6900
B20271805,26.356,NP01,43,4900
B20271806,82.127,NP01,43,5080
B20271807,18.154,NP01,43,5995
B20271808,89.341,NP01,43,4901
B20271809,23.685,NP01,43,6250
B20271810,12.804,NP01,43,6100
B20271811,17.279,NP01,43,7000
B20271812,65.129,NP01,43,4900
B20271813,38.441,NP01,43,8100
B20271814,24.374,NP01,43,6100
B20271815,132.672,NP01,43,6700
B20271816,24.474,NP01,43,6400
B20271817,34.302,NP01,43,6400
B20271818,14.999,NP01,43,4900
B20271819,53.143,NP01,43,8780
B20271820,24.926,NP01,43,4900
B20271821,27.459,NP01,43,5900
B20271822,39.766,NP01,43,4901
B20271823,32.188,NP01,43,4900
B20271824,126.652,NP01,43,6650
B20271825,16.323,NP01,43,4950
B20271826,50.787,NP01,43,6400
B20271827,126.976,NP01,43,5200
B20271828,37.102,NP01,43,5400
B20271829,12.051,NP01,43,6900
B20271830,144.959,NP01,43,4901
B20271831,32.341,NP01,43,8050
B20271832,76.827,NP01,43,7750
B20271833,38.82,NP01,43,6100
B20271834,64.842,NP01,43,6100
B20271835,65.47,NP01,43,4900
B20271836,39.902,NP01,43,6550
B20271837,33.82,NP01,43,4901
B20271838,20.625,NP01,43,5000
B20271839,14.42,NP01,43,6400
B20271840,18.64,NP01,43,5360
B20271841,23.623,NP01,43,4900
B20271842,68.284,NP01,43,4900
B20271843,59.25,NP01,43,5080
B20271844,76.265,NP01,43,5900
B20271845,6.213,NP01,43,4900
B20271846,29.59,NP01,43,4901
B20271847,35.356,NP01,43,10000
B20271848,12.297,NP01,43,4500
B20271849,92.841,NP01,43,6400
B20271850,56.681,NP01,43,4900
B20271851,27.516,NP01,43,5900
B20271852,28.648,NP01,43,4900
B20271853,53.289,NP01,43,6550
B20271854,106.194,NP01,43,4900
B20271855,129.912,NP01,43,5100
B20271856,26.956,NP01,43,8100
B20271857,43.877,NP01,43,5970
B20271858,78.314,NP01,43,6400
B20271859,37.899,NP01,43,4900
B20271860,17.135,NP01,43,6400
B20271861,25.752,NP01,43,4900
B20271862,41.464,NP01,43,4550
B20271863,109.784,NP01,43,4900
B20271864,16.298,NP01,43,8780
B20271865,31.378,NP01,43,5300
B20271866,23.84,NP01,43,6400
B20271867,64.839,NP01,43,4900
B20271868,40.638,NP01,43,4900
B20271869,42.015,NP01,43,5200
B20271870,99.492,NP01,43,5900
B20271871,29.502,NP01,43,5900
B20271872,57.031,NP01,43,4900
B20271873,12.68,NP01,43,4750
B20271874,24.143,NP01,43,10060
B20271875,132.845,NP01,43,6100
B20271876,33.765,NP01,43,5900
B20271877,27.283,NP01,43,4900
B20271878,76.016,NP01,43,4450
B20271879,30.619,NP01,43,4900
B20271880,25.291,NP01,43,6100
B20271881,58.815,NP01,43,5900
B20271882,71.04,NP01,43,4900
B20271883,29.377,NP01,43,6400
B20271884,21.146,NP01,43,8150
B20271885,46.26,NP01,43,4901
B20271886,34.651,NP01,43,4940
B20271887,49.599,NP01,43,4900
B20271888,46.777,NP01,43,6780
B20271889,24.311,NP01,43,5400
B20271890,24.317,NP01,43,4901
B20271891,40.764,NP01,43,4900
B20271892,25.705,NP01,43,6150
B20271893,100.877,NP01,43,4600
B20271894,12.32,NP01,43,4901
B20271895,132.739,NP01,43,6100
B20271896,110.511,NP01,43,7000
B20271897,55.451,NP01,43,6550
B20271898,47.245,NP01,43,6100
B20271899,37.532,NP01,43,4700
B20271900,23.614,NP01,43,4900
B20271901,56.316,NP01,43,6100
B20271902,30.387,NP01,43,7000
B20271903,20.695,NP01,43,8970
B20271904,75.299,NP01,43,4900
B20271905,26.64,NP01,43,6100
B20271906,106.592,NP01,43,4900
B20271907,12.746,NP01,43,4900
B20271908,12.025,NP01,43,6900
B20271909,28.476,NP01,43,4900
B20271910,48.251,NP01,43,4950
B20271911,52.461,NP01,43,4900
B20271912,27.898,NP01,43,4900
B20271913,30.972,NP01,43,4900
B20271914,49.227,NP01,43,5900
B20271915,27.804,NP01,43,4900
B20271916,30.259,NP01,43,7000
B20271917,50.183,NP01,43,4900
B20271918,77.769,NP01,43,6100
B20271919,114.024,NP01,43,4900
B20271920,25.197,NP01,43,4900
B20271921,36.221,NP01,43,8970
B20271922,20.652,NP01,43,4900
B20271923,43.276,NP01,43,6400
B20271924,25.204,NP01,43,4901
B20271925,34.852,NP01,43,6550
B20271926,23.362,NP01,43,4900
B20271927,24.305,NP01,43,6400
B20271928,9.455,NP01,43,4900
B20271929,32.356,NP01,43,6400
B20271930,79.228,NP01,43,6400
B20271931,31.142,NP01,43,4900
B20271932,42.034,NP01,43,6400
B20271933,74.05,NP01,43,4900
B20271934,26.889,NP01,43,4900
B20271935,39.42,NP01,43,4900
B20271936,51.959,NP01,43,4900
B20271937,23.94,NP01,43,4900
B20271938,19.996,NP01,43,4900
B20271939,29.671,NP01,43,6200
B20271940,15.099,NP01,43,6400
B20271941,25.193,NP01,43,7960
B20271942,22.214,NP01,43,7900
B20271943,26.675,NP01,43,4900
B20271944,15.309,NP01,43,4900
B20271945,31.963,NP01,43,4900
B20271946,66.403,NP01,43,8400
B20271947,31.601,NP01,43,4901
B20271948,15.686,NP01,43,5550
B20271949,41.098,NP01,43,5060
B20271950,101.518,NP01,43,4900
B20271951,70.413,NP01,43,6100
B20271952,46.955,NP01,43,5900
B20271953,42.59,NP01,43,7000
B20271954,11.707,NP01,43,4900
B20271955,3.357,NP01,43,6100
B20271956,61.667,NP01,43,8150
B20271957,24.813,NP01,43,5150
B20271958,112.107,NP01,43,6070
B20271959,11.856,NP01,43,4900
B20271960,22.855,NP01,43,6900
B20271961,15.736,NP01,43,4900
B20271962,87.343,NP01,43,8280
B20271963,31.309,NP01,43,6350
B20271964,16.117,NP01,43,4900
B20271965,35.882,NP01,43,5400
B20271966,117.647,NP01,43,4900
B20271967,16.813,NP01,43,6100
B20271968,15.524,NP01,43,8780
B20271969,12.938,NP01,43,4900
B20271970,67.671,NP01,43,7960
B20271971,115.733,NP01,43,7000
B20271972,75.462,NP01,43,4900
B20271973,79.66,NP01,43,5270
B20271974,132.838,NP01,43,5200
B20271975,21.058,NP01,43,6300
B20271976,31.385,NP01,43,4900
B20271977,33.451,NP01,43,6900
B20271978,26.355,NP01,43,4900
B20271979,34.258,NP01,43,5330
B20271980,5.935,NP01,43,5400
B20271981,12.247,NP01,43,7000
B20271982,19.964,NP01,43,4900
B20271983,20.73,NP01,43,6400
B20271984,12.507,NP01,43,8050
B20271985,25.634,NP01,43,4900
B20271986,6.109,NP01,43,7000
B20271987,24.307,NP01,43,8100
B20271988,90.704,NP01,43,4900
B20271989,73.329,NP01,43,5900
B20271990,18.698,NP01,43,10900
B20271991,96.463,NP01,43,6100
B20271992,33.112,NP01,43,5600
B20271993,40.157,NP01,43,6400
B20271994,58.739,NP01,43,7750
B20271995,24.499,NP01,43,4900
B20271996,9.326,NP01,43,4700
B20271997,19.174,NP01,43,5900
B20271998,29.853,NP01,43,4900
B20271999,18.718,NP01,43,7000
B20272000,55.351,NP01,43,4900
B20272001,34.62,NP01,43,4900
B20272002,42.557,NP01,43,5900
B20272003,18.561,NP01,43,5080
B20272004,35.992,NP01,43,5400
B20272005,37.66,NP01,43,7900
B20272006,49.864,NP01,43,5400
B20272007,27.996,NP01,43,5995
B20272008,60.975,NP01,43,6650
B20272009,57.409,NP01,43,6140
B20272010,38.287,NP01,43,6400
B20272011,12.902,NP01,43,5300
B20272012,38.858,NP01,43,4901
B20272013,37.979,NP01,43,4900
B20272014,84.61,NP01,43,6900
B20272015,49.207,NP01,43,4900
B20272016,44.892,NP01,43,6900
B20272017,17.229,NP01,43,4900
B20272018,11.94,NP01,43,6100
B20272019,12.314,NP01,43,5900
B20272020,39.35,NP01,43,6100
B20272021,83.717,NP01,43,6100
B20272022,22.525,NP01,43,6400
B20272023,62.303,NP01,43,6650
B20272024,12.394,NP01,43,4900
B20272025,12.052,NP01,43,4900
B20272026,26.794,NP01,43,4550
B20272027,4.124,NP01,43,4750
B20272028,30.998,NP01,43,4900
B20272029,34.882,NP01,43,7900
B20272030,10.442,NP01,43,6100
B20272031,11.531,NP01,43,4900
B20272032,32.931,NP01,43,7750
B20272033,83.524,NP01,43,7000
B20272034,70.791,NP01,43,4900
B20272035,25.206,NP01,43,4900
B20272036,32.229,NP01,43,4900
B20272037,58.538,NP01,43,6400
B20272038,63.826,NP01,43,4500
B20272039,31.79,NP01,43,4900
B20272040,85.399,NP01,43,5330
B20272041,12.97,NP01,43,4900
B20272042,25.172,NP01,43,8050
B20272043,15.024,NP01,43,6100
B20272044,39.954,NP01,43,4900
B20272045,46.75,NP01,43,4900
B20272046,66.822,NP01,43,5840
B20272047,61.59,NP01,43,8150
B20272048,11.493,NP01,43,6400
B20272049,36.808,NP01,43,4900
B20272050,43.04,NP01,43,6600
B20272051,48.606,NP01,43,4900
B20272052,31.083,NP01,43,7750
B20272053,22.372,NP01,43,5060
B20272054,74.541,NP01,43,9340
B20272055,39.243,NP01,43,10060
B20272056,41.197,NP01,43,6900
B20272057,18.964,NP01,43,6100
B20272058,67.377,NP01,43,4900
B20272059,19.393,NP01,43,6360
B20272060,14.321,NP01,43,4900
B20272061,14.343,NP01,43,4900
B20272062,42.351,NP01,43,11000
B20272063,30.858,NP01,43,4900
B20272064,61.31,NP01,43,5000
B20272065,50.099,NP01,43,4900
B20272066,53.627,NP01,43,9000
B20272067,25.952,NP01,43,6840
B20272068,16.497,NP01,43,5900
B20272069,17.617,NP01,43,6400
B20272070,21.141,NP01,43,7750
B20272071,24.08,NP01,43,7750
B20272072,45.784,NP01,43,6400
B20272073,29.928,NP01,43,5550
B20272074,132.486,NP01,43,7750
B20272075,42.743,NP01,43,4900
B20272076,30.076,NP01,43,4900
B20272077,76.37,NP01,43,11050
B20272078,19.448,NP01,43,4900
B20272079,25.163,NP01,43,5900
B20272080,35.424,NP01,43,6400
B20272081,10.403,NP01,43,3900
B20272082,23.656,NP01,43,6360
B20272083,32.495,NP01,43,5900
B20272084,24.845,NP01,43,11050
B20272085,30.449,NP01,43,5550
B20272086,60.281,NP01,43,6900
B20272087,20.105,NP01,43,6360
B20272088,86.281,NP01,43,4900
B20272089,15.686,NP01,43,6100
B20272090,27.524,NP01,43,6540
B20272091,93.276,NP01,43,7000
B20272092,126.923,NP01,43,4900
B20272093,12.655,NP01,43,5600
B20272094,57.919,NP01,43,4900
B20272095,19.069,NP01,43,6250
B20272096,30.723,NP01,43,4900
B20272097,16.096,NP01,43,4900
B20272098,34.713,NP01,43,5900
B20272099,10.524,NP01,43,4900
B20272100,29.905,NP01,43,4150
B20272101,48.229,NP01,43,5900
B20272102,57.341,NP01,43,4900
B20272103,115.779,NP01,43,5900
B20272104,48.593,NP01,43,4900
B20272105,29.059,NP01,43,6400
B20272106,22.2,NP01,43,4900
B20272107,144.793,NP01,43,4900
B20272108,28.591,NP01,43,6400
B20272109,18.562,NP01,43,7000
B20272110,47.446,NP01,43,4900
B20272111,49.955,NP01,43,4900
B20272112,76.128,NP01,43,4900
B20272113,43.392,NP01,43,4901
B20272114,42.808,NP01,43,5900
B20272115,119.266,NP01,43,7000
B20272116,101.849,NP01,43,6100
B20272117,25.493,NP01,43,5100
B20272118,47.242,NP01,43,4900
B20272119,114.776,NP01,43,4900
B20272120,30.387,NP01,43,4900
B20272121,27.138,NP01,43,4900
B20272122,12.637,NP01,43,7750
B20272123,12.703,NP01,43,4500
B20272124,18.372,NP01,43,4900
B20272125,83.807,NP01,43,5900
B20272126,108.412,NP01,43,6400
B20272127,72.203,NP01,43,4900
B20272128,30.024,NP01,43,4780
B20272129,35.775,NP01,43,4901
B20272130,31.325,NP01,43,6350
B20272131,35.806,NP01,43,8100
B20272132,73.854,NP01,43,4940
B20272133,24.818,NP01,43,4900
B20272134,17.978,NP01,43,4900
B20272135,42.727,NP01,43,4900
B20272136,30.519,NP01,43,4900
B20272137,37.646,NP01,43,4900
B20272138,126.837,NP01,43,4900
B20272139,50.394,NP01,43,4900
B20272140,20.443,NP01,43,6400
B20272141,136.862,NP01,43,4900
B20272142,29.729,NP01,43,7750
B20272143,20.212,NP01,43,4900
B20272144,12.789,NP01,43,6400
B20272145,19.924,NP01,43,7900
B20272146,107.088,NP01,43,4900
B20272147,44.979,NP01,43,6400
B20272148,128.02,NP01,43,5970
B20272149,78.923,NP01,43,6100
B20272150,37.035,NP01,43,7080
B20272151,24.581,NP01,43,7000
B20272152,43.407,NP01,43,4900
B20272153,57.699,NP01,43,5900
B20272154,38.501,NP01,43,5900
B20272155,138.685,NP01,43,4900
B20272156,18.622,NP01,43,5900
B20272157,35.031,NP01,43,5400
B20272158,70.417,NP01,43,4900
B20272159,31.55,NP01,43,4900
B20272160,12.873,NP01,43,5900
B20272161,74.662,NP01,43,7200
B20272162,23.611,NP01,43,6100
B20272163,78.048,NP01,43,5900
B20272164,49.802,NP01,43,4900
B20272165,25.771,NP01,43,4900
B20272166,75.078,NP01,43,5400
B20272167,82.466,NP01,43,7000
B20272168,91.242,NP01,43,4525
B20272169,132.863,NP01,43,4900
B20272170,6.672,NP01,43,7900
B20272171,23.511,NP01,43,4150
B20272172,71.729,NP01,43,4900
B20272173,47.299,NP01,43,4900
B20272174,20.186,NP01,43,5060
B20272175,94.334,NP01,43,6100
B20272176,49.804,NP01,43,4900
B20272177,60.191,NP01,43,6100
B20272178,42.401,NP01,43,5018
B20272179,141.384,NP01,43,4900
B20272180,21.645,NP01,43,6900
B20272181,62.848,NP01,43,4900
B20272182,77.125,NP01,43,4450
B20272183,22.705,NP01,43,4900
B20272184,13.115,NP01,43,6400
B20272185,76.464,NP01,43,4900
B20272186,12.427,NP01,43,3800
B20272187,31.146,NP01,43,5900
B20272188,25.639,NP01,43,6400
B20272189,42.514,NP01,43,4900
B20272190,12.531,NP01,43,4900
B20272191,12.075,NP01,43,6400
B20272192,46.957,NP01,43,5900
B20272193,43.733,NP01,43,4900
B20272194,12.475,NP01,43,5900
B20272195,41.948,NP01,43,6250
B20272196,137.217,NP01,43,7750
B20272197,47.178,NP01,43,4900
B20272198,55.629,NP01,43,6400
B20272199,55.542,NP01,43,6550
B20272200,121.674,NP01,43,5900
B20272201,16.263,NP01,43,6200
B20272202,126.273,NP01,43,5900
B20272203,31.778,NP01,43,3900
B20272204,106.662,NP01,43,4900
B20272205,115.591,NP01,43,4901
B20272206,37.231,NP01,43,4900
B20272207,29.167,NP01,43,4900
B20272208,15.854,NP01,43,6400
B20272209,37.046,NP01,43,4901
B20272210,49.496,NP01,43,7750
B20272211,40.879,NP01,43,5200
B20272212,50.516,NP01,43,6400
B20272213,61.924,NP01,43,5000
B20272214,20.544,NP01,43,4900
B20272215,31.683,NP01,43,6350
B20272216,73.882,NP01,43,4900
B20272217,29.116,NP01,43,4900
B20272218,76.456,NP01,43,7900
B20272219,49.737,NP01,43,6100
B20272220,65.612,NP01,43,4900
B20272221,33.982,NP01,43,4150
B20272222,20.916,NP01,43,6100
B20272223,126.159,NP01,43,5700
B20272224,31.614,NP01,43,6400
B20272225,75.179,NP01,43,6100
B20272226,30.487,NP01,43,6400
B20272227,46.729,NP01,43,4900
B20272228,12.85,NP01,43,7900
B20272229,51.779,NP01,43,5900
B20272230,30.506,NP01,43,4900
B20272231,33.297,NP01,43,6400
B20272232,137.639,NP01,43,5900
B20272233,22.557,NP01,43,4600
B20272234,25.043,NP01,43,4901
B20272235,19.449,NP01,43,3900
B20272236,30.328,NP01,43,4525
B20272237,48.763,NP01,43,4900
B20272238,77.442,NP01,43,4900
B20272239,80.485,NP01,43,5900
B20272240,25.006,NP01,43,4901
B20272241,23.908,NP01,43,7000
B20272242,140.901,NP01,43,5400
B20272243,90.663,NP01,43,6650
B20272244,37.156,NP01,43,5330
B20272245,24.301,NP01,43,4901
B20272246,8.078,NP01,43,7000
B20272247,45.363,NP01,43,6550
B20272248,76.035,NP01,43,9340
B20272249,11.865,NP01,43,4500
B20272250,26.325,NP01,43,4900
B20272251,22.803,NP01,43,4900
B20272252,47.003,NP01,43,6400
B20272253,29.285,NP01,43,6400
B20272254,24.148,NP01,43,8970
B20272255,43.062,NP01,43,4900
B20272256,119.231,NP01,43,5900
B20272257,19.131,NP01,43,4900
B20272258,117.035,NP01,43,4900
B20272259,14.223,NP01,43,4900
B20272260,24.123,NP01,43,4900
B20272261,45.599,NP01,43,5550
B20272262,12.39,NP01,43,6400
B20272263,14.878,NP01,43,4900
B20272264,40.152,NP01,43,6650
B20272265,48.505,NP01,43,4900
B20272266,53.631,NP01,43,4150
B20272267,23.453,NP01,43,4525
B20272268,12.387,NP01,43,9340
B20272269,6.454,NP01,43,4900
B20272270,16.15,NP01,43,4600
B20272271,94.502,NP01,43,10900
B20272272,49.066,NP01,43,4900
B20272273,89.198,NP01,43,5900
B20272274,31.793,NP01,43,7750
B20272275,58.116,NP01,43,6780
B20272276,35.163,NP01,43,4900
B20272277,11.819,NP01,43,5900
B20272278,86.523,NP01,43,6100
B20272279,31.725,NP01,43,4900
B20272280,43.486,NP01,43,6900
B20272281,30.318,NP01,43,7750
B20272282,51.886,NP01,43,6400
B20272283,34.429,NP01,43,6100
B20272284,11.953,NP01,43,4500
B20272285,50.685,NP01,43,4900
B20272286,18.085,NP01,43,4900
B20272287,25.807,NP01,43,4900
B20272288,138.531,NP01,43,4900
B20272289,11.56,NP01,43,5000
B20272290,76.005,NP01,43,7750
B20272291,70.225,NP01,43,4900
B20272292,72.916,NP01,43,4900
B20272293,28.037,NP01,43,10060
B20272294,25.211,NP01,43,4900
B20272295,47.237,NP01,43,6100
B20272296,20.201,NP01,43,4900
B20272297,31.078,NP01,43,4900
B20272298,17.465,NP01,43,4900
B20272299,23.523,NP01,43,4900
B20272300,31.888,NP01,43,11050
B20272301,41.153,NP01,43,7200
B20272302,11.947,NP01,43,5900
B20272303,15.198,NP01,43,4600
B20272304,19.342,NP01,43,4900
B20272305,49.401,NP01,43,6360
B20272306,105.135,NP01,43,6100
B20272307,104.305,NP01,43,4900
B20272308,12.153,NP01,43,4900
B20272309,30.208,NP01,43,6400
B20272310,17.959,NP01,43,4900
B20272311,41.956,NP01,43,10900
B20272312,30.188,NP01,43,4900
B20272313,91.17,NP01,43,6840
B20272314,133.837,NP01,43,4900
B20272315,35.506,NP01,43,5080
B20272316,80.384,NP01,43,5900
B20272317,25.341,NP01,43,5360
B20272318,52.899,NP01,43,8280
B20272319,15.081,NP01,43,7750
B20272320,22.232,NP01,43,4900
B20272321,44.033,NP01,43,4900
B20272322,23.409,NP01,43,4750
B20272323,3.813,NP01,43,8050
B20272324,40.703,NP01,43,5995
B20272325,69.656,NP01,43,4900
B20272326,52.81,NP01,43,7900
B20272327,11.987,NP01,43,5970
B20272328,62.54,NP01,43,4900
B20272329,19.711,NP01,43,6400
B20272330,30.125,NP01,43,4901
B20272331,38.253,NP01,43,10900
B20272332,70.971,NP01,43,6400
B20272333,11.873,NP01,43,7000
B20272334,56.329,NP01,43,5600
B20272335,33.07,NP01,43,6650
B20272336,20.539,NP01,43,4900
B20272337,23.455,NP01,43,5400
B20272338,133.371,NP01,43,4900
B20272339,32.782,NP01,43,7000
B20272340,18.452,NP01,43,6100
B20272341,132.985,NP01,43,6400
B20272342,12.282,NP01,43,4900
B20272343,10.074,NP01,43,3900
B20272344,132.371,NP01,43,8970
B20272345,30.345,NP01,43,6400
B20272346,123.305,NP01,43,4900
B20272347,86.697,NP01,43,4900
B20272348,25.016,NP01,43,6900
B20272349,34.314,NP01,43,8050
B20272350,135.121,NP01,43,4900
B20272351,119.984,NP01,43,7400
B20272352,11.418,NP01,43,5900
B20272353,59.299,NP01,43,6400
B20272354,31.574,NP01,43,7080
B20272355,54.783,NP01,43,4900
B20272356,24.315,NP01,43,4900
B20272357,6.708,NP01,43,4900
B20272358,34.879,NP01,43,4900
B20272359,8.374,NP01,43,5200
B20272360,12.426,NP01,43,4900
B20272361,39.397,NP01,43,5600
B20272362,23.374,NP01,43,6100
B20272363,29.822,NP01,43,4900
B20272364,54.294,NP01,43,4900
B20272365,39.302,NP01,43,5970
B20272366,23.018,NP01,43,4940
B20272367,25.309,NP01,43,5080
B20272368,12.391,NP01,43,10680
B20272369,48.013,NP01,43,6000
B20272370,24.927,NP01,43,6100
B20272371,29.932,NP01,43,6600
B20272372,40.286,NP01,43,8150
B20272373,71.906,NP01,43,4900
B20272374,12.27,NP01,43,7000
B20272375,10.836,NP01,43,5900
B20272376,87.883,NP01,43,5330
B20272377,17.311,NP01,43,4700
B20272378,12.547,NP01,43,5840
B20272379,36.711,NP01,43,6840
B20272380,109.166,NP01,43,6400
B20272381,67.534,NP01,43,4500
B20272382,12.989,NP01,43,4900
B20272383,91.825,NP01,43,6100
B20272384,87.024,NP01,43,4901
B20272385,101.766,NP01,43,4900
B20272386,24.511,NP01,43,6100
B20272387,18.481,NP01,43,6400
B20272388,47.038,NP01,43,4900
B20272389,72.456,NP01,43,6400
B20272390,26.114,NP01,43,4901
B20272391,44.19,NP01,43,5900
B20272392,40.072,NP01,43,7900
B20272393,51.541,NP01,43,10060
B20272394,12.412,NP01,43,6400
B20272395,133.298,NP01,43,4900
B20272396,28.435,NP01,43,4901
B20272397,15.481,NP01,43,6400
B20272398,31.506,NP01,43,7000
B20272399,34.592,NP01,43,6400
B20272400,12.104,NP01,43,4900
B20272401,39.544,NP01,43,6250
B20272402,23.903,NP01,43,5900
B20272403,17.174,NP01,43,7900
B20272404,35.121,NP01,43,5400
B20272405,15.677,NP01,43,4900
B20272406,35.064,NP01,43,4901
B20272407,62.51,NP01,43,5900
B20272408,19.055,NP01,43,4900
B20272409,6.295,NP01,43,4450
B20272410,43.04,NP01,43,4900
B20272411,17.931,NP01,43,4901
B20272412,115.502,NP01,43,7000
B20272413,51.028,NP01,43,8280
B20272414,36.356,NP01,43,6840
B20272415,20.16,NP01,43,4900
B20272416,64.021,NP01,43,5100
B20272417,32.519,NP01,43,6100
B20272418,89.771,NP01,43,6900
B20272419,12.238,NP01,43,5900
B20272420,106.495,NP01,43,10900
B20272421,24.54,NP01,43,6100
B20272422,35.225,NP01,43,4901
B20272423,27.301,NP01,43,4900
B20272424,59.437,NP01,43,4900
B20272425,22.773,NP01,43,5080
B20272426,49.023,NP01,43,5330
B20272427,56.748,NP01,43,6300
B20272428,18.314,NP01,43,8230
B20272429,29.227,NP01,43,4900
B20272430,11.955,NP01,43,6400
B20272431,98.97,NP01,43,7000
B20272432,11.944,NP01,43,6100
B20272433,11.404,NP01,43,4900
B20272434,58.037,NP01,43,6100
B20272435,38.132,NP01,43,4900
B20272436,53.539,NP01,43,4900
B20272437,77.232,NP01,43,7000
B20272438,23.208,NP01,43,4550
B20272439,18.14,NP01,43,6070
B20272440,21.622,NP01,43,6300
B20272441,20.238,NP01,43,8970
B20272442,40.963,NP01,43,6400
B20272443,72.237,NP01,43,10000
B20272444,30.934,NP01,43,8100
B20272445,54.636,NP01,43,5900
B20272446,35.473,NP01,43,5550
B20272447,43.488,NP01,43,6140
B20272448,50.588,NP01,43,5995
B20272449,33.528,NP01,43,5900
B20272450,23.196,NP01,43,5900
B20272451,24.756,NP01,43,5900
B20272452,32.565,NP01,43,4900
B20272453,23.878,NP01,43,6400
B20272454,129.105,NP01,43,5900
B20272455,12.046,NP01,43,6300
B20272456,16.247,NP01,43,6100
B20272457,94.725,NP01,43,5060
B20272458,12.124,NP01,43,4900
B20272459,18.547,NP01,43,4900
B20272460,50.873,NP01,43,4900
B20272461,16.692,NP01,43,4900
B20272462,17.242,NP01,43,7000
B20272463,22.25,NP01,43,6200
B20272464,24.094,NP01,43,4900
B20272465,8.662,NP01,43,7000
B20272466,12.241,NP01,43,9000
B20272467,40.731,NP01,43,4900
B20272468,22.359,NP01,43,4450
B20272469,48.693,NP01,43,4900
B20272470,47.727,NP01,43,6400
B20272471,71.431,NP01,43,5080
B20272472,19.88,NP01,43,7750
B20272473,24.934,NP01,43,4900
B20272474,12.588,NP01,43,4900
B20272475,53.357,NP01,43,4900
B20272476,24.105,NP01,43,4940
B20272477,101.989,NP01,43,4600
B20272478,13.252,NP01,43,4900
B20272479,58.388,NP01,43,5360
B20272480,35.881,NP01,43,4900
B20272481,12.791,NP01,43,4900
B20272482,30.045,NP01,43,4900
B20272483,93.902,NP01,43,4750
B20272484,117.031,NP01,43,4900
B20272485,38.678,NP01,43,6900
B20272486,46.664,NP01,43,6540
B20272487,67.738,NP01,43,7000
B20272488,31.165,NP01,43,5900
B20272489,50.382,NP01,43,5900
B20272490,32.707,NP01,43,5600
B20272491,53.192,NP01,43,4900
B20272492,39.093,NP01,43,11050
B20272493,50.905,NP01,43,6400
B20272494,35.606,NP01,43,4900
B20272495,76.183,NP01,43,4900
B20272496,32.344,NP01,43,4600
B20272497,14.509,NP01,43,6900
B20272498,23.273,NP01,43,4901
B20272499,46.348,NP01,43,5018
B20272500,37.008,NP01,43,3800
B20272501,20.812,NP01,43,5100
B20272502,24.689,NP01,43,8100
B20272503,58.389,NP01,43,7750
B20272504,18.895,NP01,43,4900
B20272505,31.641,NP01,43,6400
B20272506,58.867,NP01,43,5220
B20272507,148.051,NP01,43,4900
B20272508,15.666,NP01,43,4900
B20272509,121.644,NP01,43,4900
B20272510,88.653,NP01,43,4900
B20272511,99.657,NP01,43,4900
B20272512,16.621,NP01,43,7000
B20272513,17.648,NP01,43,3900
B20272514,43.261,NP01,43,4900
B20272515,79.825,NP01,43,6400
B20272516,27.452,NP01,43,5400
B20272517,11.873,NP01,43,5000
B20272518,35.701,NP01,43,9340
B20272519,33.46,NP01,43,4900
B20272520,102.505,NP01,43,7000
B20272521,38.39,NP01,43,7000
B20272522,28.642,NP01,43,4900
B20272523,50.492,NP01,43,4900
B20272524,29,NP01,43,5550
B20272525,42.85,NP01,43,4900
B20272526,17.968,NP01,43,4901
B20272527,85.568,NP01,43,5018
B20272528,133.563,NP01,43,5000
B20272529,6.374,NP01,43,4901
B20272530,12.675,NP01,43,6100
B20272531,95.356,NP01,43,6650
B20272532,12.025,NP01,43,6200
B20272533,40.519,NP01,43,6360
B20272534,41.215,NP01,43,6250
B20272535,35.434,NP01,43,5270
B20272536,20.27,NP01,43,5900
B20272537,28.968,NP01,43,5900
B20272538,28.351,NP01,43,4901
B20272539,22.325,NP01,43,4901
B20272540,33.928,NP01,43,5900
B20272541,111.554,NP01,43,4900
B20272542,28.986,NP01,43,4900
B20272543,33.416,NP01,43,4900
B20272544,20.296,NP01,43,6200
B20272545,46.795,NP01,43,5900
B20272546,35.259,NP01,43,5700
B20272547,40.514,NP01,43,7400
B20272548,33.945,NP01,43,6100
B20272549,33.235,NP01,43,4900
B20272550,44.954,NP01,43,6400
B20272551,24.062,NP01,43,4550
B20272552,3.787,NP01,43,8100
B20272553,41.559,NP01,43,5900
B20272554,88.203,NP01,43,6100
B20272555,9.163,NP01,43,4700
B20272556,17.376,NP01,43,5000
B20272557,76.035,NP01,43,5900
B20272558,68.902,NP01,43,8400
B20272559,16.551,NP01,43,4900
B20272560,32.134,NP01,43,6250
B20272561,65.612,NP01,43,4900
B20272562,5.418,NP01,43,6360
B20272563,18.252,NP01,43,5900
B20272564,71.968,NP01,43,4900
B20272565,52.022,NP01,43,7240
B20272566,82.185,NP01,43,4901
B20272567,53.84,NP01,43,5900
B20272568,49.926,NP01,43,11400
B20272569,59.535,NP01,43,6100
B20272570,57.275,NP01,43,6400
B20272571,43.776,NP01,43,6400
B20272572,58.105,NP01,43,4900
B20272573,119.57,NP01,43,5600
B20272574,27.502,NP01,43,4500
B20272575,59.669,NP01,43,6400
B20272576,16.688,NP01,43,7000
B20272577,80.607,NP01,43,6360
B20272578,19.043,NP01,43,4900
B20272579,22.931,NP01,43,8280
B20272580,68.673,NP01,43,6070
B20272581,113.319,NP01,43,6400
B20272582,49.24,NP01,43,4900
B20272583,6.008,NP01,43,6400
B20272584,24.981,NP01,43,4900
B20272585,24.07,NP01,43,6100
B20272586,18.296,NP01,43,6900
B20272587,31.634,NP01,43,5900
B20272588,36.531,NP01,43,6100
B20272589,11.994,NP01,43,5900
B20272590,51.134,NP01,43,4950
B20272591,19.681,NP01,43,8150
B20272592,19.855,NP01,43,10680
B20272593,33.252,NP01,43,4500
B20272594,118.18,NP01,43,4900
B20272595,16.867,NP01,43,8150
B20272596,135.986,NP01,43,4901
B20272597,88.968,NP01,43,4901
B20272598,43.466,NP01,43,5900
B20272599,80.088,NP01,43,5900
B20272600,16.174,NP01,43,6100
B20272601,73.826,NP01,43,6400
B20272602,35.686,NP01,43,7900
B20272603,18.873,NP01,43,5360
B20272604,41.158,NP01,43,6400
B20272605,70.213,NP01,43,4900
B20272606,5.615,NP01,43,4900
B20272607,25.891,NP01,43,6100
B20272608,23.348,NP01,43,8100
B20272609,41.362,NP01,43,5900
B20272610,60.733,NP01,43,5900
B20272611,49.096,NP01,43,6400
B20272612,124.578,NP01,43,8970
B20272613,110.625,NP01,43,4900
B20272614,126.155,NP01,43,6000
B20272615,24.822,NP01,43,4900
B20272616,45.756,NP01,43,4900
B20272617,16.933,NP01,43,6100
B20272618,36.312,NP01,43,4900
B20272619,30.635,NP01,43,6540
B20272620,29.783,NP01,43,8280
B20272621,43.21,NP01,43,6400
B20272622,54.455,NP01,43,6400
B20272623,55.16,NP01,43,10680
B20272624,101.104,NP01,43,4900
B20272625,28.156,NP01,43,4901
B20272626,18.388,NP01,43,8150
B20272627,78.747,NP01,43,4400
B20272628,19.312,NP01,43,8150
B20272629,17.612,NP01,43,5900
B20272630,17.903,NP01,43,6100
B20272631,26.136,NP01,43,4900
B20272632,43.604,NP01,43,6900
B20272633,18.62,NP01,43,4900
B20272634,51.131,NP01,43,3900
B20272635,52.33,NP01,43,5400
B20272636,21.889,NP01,43,4900
B20272637,35.068,NP01,43,6400
B20272638,28.627,NP01,43,6400
B20272639,22.44,NP01,43,4900
B20272640,28.607,NP01,43,6400
B20272641,63.428,NP01,43,5840
B20272642,41.946,NP01,43,5840
B20272643,23.992,NP01,43,6100
B20272644,12.45,NP01,43,4900
B20272645,4.611,NP01,43,6900
B20272646,144.584,NP01,43,4900
B20272647,138.044,NP01,43,5220
B20272648,22.934,NP01,43,6400
B20272649,17.723,NP01,43,4900
B20272650,61.06,NP01,43,6100
B20272651,23.745,NP01,43,8050
B20272652,12.871,NP01,43,4900
B20272653,12.579,NP01,43,11000
B20272654,96.104,NP01,43,4900
B20272655,35.172,NP01,43,4900
B20272656,106.075,NP01,43,5300
B20272657,22.659,NP01,43,6400
B20272658,25.239,NP01,43,6100
B20272659,98.779,NP01,43,7000
B20272660,59.495,NP01,43,5000
B20272661,19.496,NP01,43,4950
B20272662,6.613,NP01,43,4900
B20272663,15.504,NP01,43,7750
B20272664,30.87,NP01,43,4901
B20272665,78.475,NP01,43,5270
B20272666,20.897,NP01,43,11050
B20272667,62.204,NP01,43,5330
B20272668,45.779,NP01,43,4900
B20272669,94.403,NP01,43,6350
B20272670,17.015,NP01,43,10060
B20272671,32.569,NP01,43,4900
B20272672,30.818,NP01,43,5150
B20272673,65.206,NP01,43,4900
B20272674,16.555,NP01,43,7000
B20272675,35.038,NP01,43,6250
B20272676,49.905,NP01,43,4900
B20272677,18.372,NP01,43,7000
B20272678,49.5,NP01,43,4900
B20272679,95.254,NP01,43,5700
B20272680,50.019,NP01,43,4900
B20272681,122.638,NP01,43,6400
B20272682,65.491,NP01,43,5018
B20272683,17.143,NP01,43,5995
B20272684,48.327,NP01,43,6400
B20272685,34.427,NP01,43,9340
B20272686,24.603,NP01,43,6100
B20272687,23.636,NP01,43,5060
B20272688,24.324,NP01,43,4780
B20272689,11.953,NP01,43,4900
B20272690,45.681,NP01,43,4900
B20272691,97.677,NP01,43,4900
B20272692,22.967,NP01,43,4900
B20272693,56.395,NP01,43,4900
B20272694,24.084,NP01,43,7000
B20272695,7.778,NP01,43,6650
B20272696,30.401,NP01,43,4700
B20272697,17.218,NP01,43,6100
B20272698,73.946,NP01,43,5900
B20272699,124.36,NP01,43,4900
B20272700,16.753,NP01,43,8230
B20272701,19.054,NP01,43,6550
B20272702,30.521,NP01,43,6840
B20272703,47.882,NP01,43,4900
B20272704,12.987,NP01,43,11000
B20272705,62.705,NP01,43,9340
B20272706,52.074,NP01,43,4900
B20272707,68.449,NP01,43,9340
B20272708,20.108,NP01,43,5900
B20272709,127.063,NP01,43,4901
B20272710,80.803,NP01,43,6400
B20272711,62.655,NP01,43,5220
B20272712,28.654,NP01,43,6100
B20272713,46.056,NP01,43,4950
B20272714,12.008,NP01,43,6350
B20272715,34.971,NP01,43,6100
B20272716,17.973,NP01,43,4450
B20272717,79.841,NP01,43,5900
B20272718,30.782,NP01,43,7000
B20272719,71.677,NP01,43,5400
B20272720,7.545,NP01,43,8970
B20272721,64.763,NP01,43,7750
B20272722,31.067,NP01,43,4900
B20272723,25.855,NP01,43,4900
B20272724,12.174,NP01,43,8280
B20272725,17.515,NP01,43,6100
B20272726,43.328,NP01,43,4900
B20272727,44.269,NP01,43,4900
B20272728,17.546,NP01,43,6100
B20272729,95.523,NP01,43,7900
B20272730,35.791,NP01,43,6400
B20272731,22.352,NP01,43,4900
B20272732,95.123,NP01,43,4901
B20272733,29.462,NP01,43,4900
B20272734,15.596,NP01,43,6100
B20272735,26.387,NP01,43,4900
B20272736,53.768,NP01,43,7240
B20272737,89.853,NP01,43,6400
B20272738,25.354,NP01,43,6100
B20272739,19.12,NP01,43,4900
B20272740,11.804,NP01,43,6100
B20272741,25.249,NP01,43,4900
B20272742,15.179,NP01,43,4900
B20272743,12.031,NP01,43,4900
B20272744,100.107,NP01,43,6400
B20272745,30.376,NP01,43,6400
B20272746,19.168,NP01,43,5970
B20272747,6.286,NP01,43,4900
B20272748,56.293,NP01,43,7200
B20272749,18.763,NP01,43,7000
B20272750,27.469,NP01,43,5900
B20272751,18.442,NP01,43,4900
B20272752,12.708,NP01,43,5330
B20272753,3.416,NP01,43,5060
B20272754,12.627,NP01,43,4500
B20272755,127.817,NP01,43,8970
B20272756,65.553,NP01,43,6400
B20272757,11.71,NP01,43,4900
B20272758,38.238,NP01,43,6400
B20272759,89.889,NP01,43,6360
B20272760,15.185,NP01,43,5000
B20272761,18.173,NP01,43,7400
B20272762,32.235,NP01,43,7900
B20272763,11.787,NP01,43,4900
B20272764,48.149,NP01,43,4900
B20272765,17.987,NP01,43,4901
B20272766,18.806,NP01,43,7000
B20272767,7.536,NP01,43,6100
B20272768,137.501,NP01,43,6100
B20272769,27.832,NP01,43,5300
B20272770,77.467,NP01,43,4900
B20272771,49.87,NP01,43,5900
B20272772,23.947,NP01,43,5900
B20272773,17.604,NP01,43,4900
B20272774,77.652,NP01,43,4400
B20272775,16.692,NP01,43,5000
B20272776,25.483,NP01,43,6100
B20272777,52.802,NP01,43,8780
B20272778,12.285,NP01,43,6200
B20272779,106.279,NP01,43,7000
B20272780,39.533,NP01,43,6100
B20272781,43.313,NP01,43,4500
B20272782,11.629,NP01,43,4900
B20272783,20.713,NP01,43,6400
B20272784,57.227,NP01,43,6400
B20272785,12.958,NP01,43,6400
B20272786,74.082,NP01,43,6400
B20272787,117.185,NP01,43,4900
B20272788,28.104,NP01,43,6100
B20272789,30.592,NP01,43,6400
B20272790,132.74,NP01,43,5100
B20272791,80.867,NP01,43,7000
B20272792,35.435,NP01,43,7000
B20272793,29.76,NP01,43,4900
B20272794,24.928,NP01,43,11050
B20272795,54.578,NP01,43,5900
B20272796,29.575,NP01,43,4900
B20272797,111.164,NP01,43,4900
B20272798,62.241,NP01,43,8230
B20272799,134.962,NP01,43,4900
B20272800,50.132,NP01,43,6100
B20272801,15.414,NP01,43,4900
B20272802,20.97,NP01,43,6100
B20272803,30.87,NP01,43,4900
B20272804,49.706,NP01,43,7900
B20272805,71.473,NP01,43,5200
B20272806,33.132,NP01,43,4900
B20272807,6.058,NP01,43,7000
B20272808,18.84,NP01,43,5900
B20272809,78.127,NP01,43,5000
B20272810,36.88,NP01,43,5900
B20272811,90.868,NP01,43,4900
B20272812,132.036,NP01,43,9340
B20272813,116.999,NP01,43,4900
B20272814,17.703,NP01,43,6400
B20272815,38.607,NP01,43,4900
B20272816,32.219,NP01,43,4900
B20272817,37.207,NP01,43,4900
B20272818,81.67,NP01,43,6700
B20272819,47.628,NP01,43,5900
B20272820,58.433,NP01,43,6400
B20272821,12.184,NP01,43,5840
B20272822,15.083,NP01,43,5900
B20272823,80.253,NP01,43,4900
B20272824,24.898,NP01,43,7240
B20272825,29.69,NP01,43,7000
B20272826,29.849,NP01,43,4900
B20272827,15.74,NP01,43,5900
B20272828,35.042,NP01,43,4900
B20272829,79.683,NP01,43,4900
B20272830,62.422,NP01,43,6400
B20272831,30.549,NP01,43,6350
B20272832,99.427,NP01,43,6400
B20272833,20.733,NP01,43,6400
B20272834,18.978,NP01,43,5000
B20272835,42.914,NP01,43,6400
B20272836,39.935,NP01,43,4900
B20272837,18.704,NP01,43,7900
B20272838,76.82,NP01,43,8230
B20272839,72.883,NP01,43,4900
B20272840,31.458,NP01,43,4901
B20272841,20.811,NP01,43,5400
B20272842,130.152,NP01,43,5900
B20272843,25.69,NP01,43,4780
B20272844,11.885,NP01,43,6100
B20272845,124.472,NP01,43,5100
B20272846,6.073,NP01,43,6400
B20272847,73.159,NP01,43,5400
B20272848,26.086,NP01,43,4900
B20272849,31.568,NP01,43,6400
B20272850,100.23,NP01,43,4900
B20272851,70.047,NP01,43,4900
B20272852,14.288,NP01,43,4900
B20272853,24.588,NP01,43,5900
B20272854,23.955,NP01,43,4600
B20272855,32.866,NP01,43,4901
B20272856,63.471,NP01,43,4900
B20272857,25.173,NP01,43,4900
B20272858,18.876,NP01,43,4900
B20272859,25.538,NP01,43,5900
B20272860,12.739,NP01,43,4900
B20272861,24.78,NP01,43,4900
B20272862,12.398,NP01,43,6070
B20272863,16.325,NP01,43,5100
B20272864,31.422,NP01,43,4900
B20272865,36.434,NP01,43,4900
B20272866,11.701,NP01,43,6400
B20272867,23.376,NP01,43,4901
B20272868,61.214,NP01,43,4900
B20272869,16.689,NP01,43,9340
B20272870,17.394,NP01,43,4900
B20272871,35.014,NP01,43,4780
B20272872,46.739,NP01,43,4900
B20272873,52.671,NP01,43,4750
B20272874,31.677,NP01,43,4900
B20272875,62.63,NP01,43,7750
B20272876,22.691,NP01,43,4900
B20272877,94.646,NP01,43,8780
B20272878,74.732,NP01,43,4900
B20272879,44.858,NP01,43,4900
B20272880,89.101,NP01,43,6000
B20272881,49.078,NP01,43,8230
B20272882,38.744,NP01,43,6400
B20272883,39.182,NP01,43,5330
B20272884,25.572,NP01,43,5900
B20272885,27.087,NP01,43,5900
B20272886,33.423,NP01,43,5900
B20272887,75.497,NP01,43,9340
B20272888,54.736,NP01,43,4900
B20272889,11.747,NP01,43,7000
B20272890,106.287,NP01,43,4900
B20272891,48.858,NP01,43,5900
B20272892,83.216,NP01,43,6100
B20272893,3.27,NP01,43,4900
B20272894,5.036,NP01,43,5900
B20272895,16.065,NP01,43,4900
B20272896,26.215,NP01,43,4900
B20272897,3.892,NP01,43,4900
B20272898,61.611,NP01,43,6100
B20272899,85.225,NP01,43,6250
B20272900,23.585,NP01,43,7900
B20272901,72.525,NP01,43,6400
B20272902,56.592,NP01,43,5400
B20272903,30.676,NP01,43,6350
B20272904,58.207,NP01,43,6400
B20272905,86.202,NP01,43,4900
B20272906,46.967,NP01,43,6000
B20272907,51.801,NP01,43,4525
B20272908,6.297,NP01,43,7000
B20272909,16.353,NP01,43,4901
B20272910,123.646,NP01,43,5700
B20272911,52.73,NP01,43,7900
B20272912,4.859,NP01,43,4900
B20272913,136.098,NP01,43,4901
B20272914,35.326,NP01,43,4900
B20272915,127.826,NP01,43,7200
B20272916,42.455,NP01,43,6400
B20272917,17.749,NP01,43,3900
B20272918,31.834,NP01,43,4900
B20272919,48.625,NP01,43,4900
B20272920,23.249,NP01,43,4900
B20272921,31.513,NP01,43,5300
B20272922,36.248,NP01,43,5900
B20272923,64.236,NP01,43,5900
B20272924,56.713,NP01,43,7000
B20272925,16.708,NP01,43,7000
B20272926,47.639,NP01,43,7000
B20272927,31.123,NP01,43,4525
B20272928,11.621,NP01,43,7240
B20272929,15.011,NP01,43,6400
B20272930,35.753,NP01,43,5060
B20272931,34.523,NP01,43,5400
B20272932,49.825,NP01,43,4900
B20272933,41.633,NP01,43,5900
B20272934,16.132,NP01,43,4900
B20272935,23.408,NP01,43,5060
B20272936,5.678,NP01,43,4900
B20272937,31.523,NP01,43,4900
B20272938,32.379,NP01,43,8150
B20272939,44.305,NP01,43,6400
B20272940,18.856,NP01,43,4900
B20272941,62.361,NP01,43,4900
B20272942,124.949,NP01,43,6650
B20272943,31.913,NP01,43,4900
B20272944,75.283,NP01,43,4900
B20272945,23.704,NP01,43,4900
B20272946,11.754,NP01,43,6400
B20272947,88.004,NP01,43,6100
B20272948,16.71,NP01,43,4900
B20272949,122.103,NP01,43,6360
B20272950,20.505,NP01,43,4900
B20272951,34.013,NP01,43,6400
B20272952,117.422,NP01,43,5900
B20272953,50.53,NP01,43,6000
B20272954,36.736,NP01,43,6360
B20272955,56.211,NP01,43,4900
B20272956,25.015,NP01,43,4900
B20272957,71.236,NP01,43,4900
B20272958,32.685,NP01,43,4500
B20272959,99.086,NP01,43,6400
B20272960,39.393,NP01,43,6650
B20272961,24.837,NP01,43,4700
B20272962,37.533,NP01,43,5400
B20272963,42.799,NP01,43,5900
B20272964,108.042,NP01,43,4901
B20272965,47.699,NP01,43,5900
B20272966,99.165,NP01,43,5270
B20272967,18.622,NP01,43,6840
B20272968,114.536,NP01,43,4900
B20272969,29.457,NP01,43,5900
B20272970,146.077,NP01,43,6250
B20272971,42.901,NP01,43,6400
B20272972,11.488,NP01,43,6100
B20272973,11.953,NP01,43,4900
B20272974,117.033,NP01,43,4901
B20272975,52.792,NP01,43,5900
B20272976,132.938,NP01,43,4900
B20272977,56.908,NP01,43,4900
B20272978,87.639,NP01,43,4700
B20272979,72.27,NP01,43,6400
B20272980,16.33,NP01,43,6540
B20272981,49.34,NP01,43,5300
B20272982,14.706,NP01,43,4600
B20272983,82.117,NP01,43,7200
B20272984,28.266,NP01,43,4900
B20272985,75.952,NP01,43,4900
B20272986,35.708,NP01,43,3800
B20272987,73.87,NP01,43,4900
B20272988,50.073,NP01,43,4900
B20272989,27.88,NP01,43,4900
B20272990,16.278,NP01,43,4900
B20272991,72.105,NP01,43,8230
B20272992,31.734,NP01,43,4901
B20272993,147.355,NP01,43,6100
B20272994,18.327,NP01,43,5000
B20272995,120.012,NP01,43,5900
B20272996,5.851,NP01,43,4900
B20272997,35.893,NP01,43,5900
B20272998,88.69,NP01,43,4900
B20272999,116.594,NP01,43,6300
B20273000,54.14,NP01,43,4900
B20273001,18.471,NP01,43,7900
B20273002,38.531,NP01,43,4901
B20273003,43.173,NP01,43,4900
B20273004,31.822,NP01,43,9340
B20273005,122.658,NP01,43,5700
B20273006,96.17,NP01,43,4900
B20273007,114.897,NP01,43,4900
B20273008,18.079,NP01,43,6650
B20273009,94.82,NP01,43,4900
B20273010,24.907,NP01,43,6100
B20273011,12.642,NP01,43,6900
B20273012,126.867,NP01,43,4900
B20273013,24.488,NP01,43,4900
B20273014,70.912,NP01,43,4900
B20273015,43.124,NP01,43,7960
B20273016,22.114,NP01,43,4900
B20273017,74.582,NP01,43,4900
B20273018,118.835,NP01,43,4900
B20273019,41.132,NP01,43,4900
B20273020,17.773,NP01,43,8150
B20273021,61.795,NP01,43,5360
B20273022,34.419,NP01,43,4900
B20273023,16.205,NP01,43,4900
B20273024,51.349,NP01,43,6400
B20273025,74.041,NP01,43,4900
B20273026,62.636,NP01,43,6400
B20273027,10.009,NP01,43,6360
B20273028,37.896,NP01,43,10680
B20273029,33.1,NP01,43,6900
B20273030,12.506,NP01,43,5900
B20273031,48.176,NP01,43,11400
B20273032,32.054,NP01,43,4901
B20273033,30.279,NP01,43,7000
B20273034,4.091,NP01,43,4750
B20273035,37.624,NP01,43,5150
B20273036,87.966,NP01,43,4900
B20273037,56.987,NP01,43,4700
B20273038,20.225,NP01,43,5900
B20273039,42.643,NP01,43,5700
B20273040,26.63,NP01,43,8970
B20273041,86.015,NP01,43,4600
B20273042,60.728,NP01,43,6140
B20273043,6.133,NP01,43,11000
B20273044,30.24,NP01,43,4901
B20273045,36.191,NP01,43,6550
B20273046,43.108,NP01,43,5700
B20273047,11.515,NP01,43,6900
B20273048,26.388,NP01,43,5080
B20273049,72.139,NP01,43,5900
B20273050,86.145,NP01,43,4900
B20273051,120.984,NP01,43,6540
B20273052,21.743,NP01,43,5000
B20273053,73.17,NP01,43,4900
B20273054,23.267,NP01,43,6200
B20273055,129.983,NP01,43,6070
B20273056,34.05,NP01,43,5900
B20273057,26.45,NP01,43,6400
B20273058,44.291,NP01,43,4900
B20273059,119.043,NP01,43,4900
B20273060,24.939,NP01,43,6100
B20273061,41.052,NP01,43,4900
B20273062,61.472,NP01,43,6400
B20273063,11.591,NP01,43,4900
B20273064,30.184,NP01,43,4901
B20273065,48.419,NP01,43,5900
B20273066,34.927,NP01,43,4600
B20273067,16.986,NP01,43,4900
B20273068,49.086,NP01,43,4900
B20273069,39.665,NP01,43,6250
B20273070,30.17,NP01,43,6780
B20273071,52.898,NP01,43,6400
B20273072,7.364,NP01,43,4150
B20273073,6.349,NP01,43,4901
B20273074,145.53,NP01,43,4900
B20273075,121.655,NP01,43,5900
B20273076,5.192,NP01,43,5900
B20273077,132.42,NP01,43,4900
B20273078,116.02,NP01,43,4900
B20273079,31.319,NP01,43,9000
B20273080,51.953,NP01,43,10900
B20273081,24.41,NP01,43,7750
B20273082,65.229,NP01,43,6100
B20273083,15.297,NP01,43,4780
B20273084,37.212,NP01,43,5270
B20273085,26.646,NP01,43,4600
B20273086,59.673,NP01,43,4400
B20273087,29.723,NP01,43,4901
B20273088,11.975,NP01,43,4900
B20273089,36.15,NP01,43,4700
B20273090,114.455,NP01,43,4900
B20273091,121.388,NP01,43,6800
B20273092,92.658,NP01,43,4750
B20273093,36.392,NP01,43,4900
B20273094,41.254,NP01,43,6400
B20273095,18.163,NP01,43,4550
B20273096,33.075,NP01,43,5900
B20273097,7.91,NP01,43,4900
B20273098,50.45,NP01,43,5900
B20273099,46.055,NP01,43,8230
B20273100,27.187,NP01,43,6540
B20273101,35.433,NP01,43,4900
B20273102,31.503,NP01,43,4900
B20273103,5.969,NP01,43,5400
B20273104,20.595,NP01,43,4900
B20273105,101.725,NP01,43,7000
B20273106,30.776,NP01,43,4900
B20273107,97.43,NP01,43,6400
B20273108,125.939,NP01,43,4900
B20273109,12.056,NP01,43,4750
B20273110,35.252,NP01,43,5330
B20273111,99.154,NP01,43,5400
B20273112,35.93,NP01,43,4900
B20273113,73.212,NP01,43,4900
B20273114,73.679,NP01,43,6400
B20273115,31.005,NP01,43,7000
B20273116,46.082,NP01,43,10060
B20273117,49.016,NP01,43,10060
B20273118,90.418,NP01,43,4900
B20273119,113.794,NP01,43,5900
B20273120,61.669,NP01,43,4900
B20273121,26.78,NP01,43,6400
B20273122,17.886,NP01,43,6400
B20273123,36.987,NP01,43,3900
B20273124,26.21,NP01,43,6100
B20273125,11.553,NP01,43,4900
B20273126,60.176,NP01,43,4901
B20273127,22.021,NP01,43,6400
B20273128,15.964,NP01,43,4900
B20273129,61.777,NP01,43,4500
B20273130,32.124,NP01,43,5200
B20273131,11.997,NP01,43,6100
B20273132,121.152,NP01,43,6400
B20273133,84.527,NP01,43,7900
B20273134,21.705,NP01,43,6200
B20273135,22.985,NP01,43,8050
B20273136,106.984,NP01,43,4900
B20273137,80.98,NP01,43,4500
B20273138,38.186,NP01,43,5300
B20273139,106.421,NP01,43,6100
B20273140,136.531,NP01,43,5900
B20273141,36.371,NP01,43,4400
B20273142,126.32,NP01,43,5100
B20273143,12.537,NP01,43,6400
B20273144,53.103,NP01,43,5300
B20273145,20.703,NP01,43,7750
B20273146,15.079,NP01,43,6100
B20273147,11.594,NP01,43,7000
B20273148,26.946,NP01,43,4900
B20273149,12.717,NP01,43,4900
B20273150,23.809,NP01,43,8100
B20273151,23.942,NP01,43,7000
B20273152,26.141,NP01,43,6400
B20273153,76.228,NP01,43,4900
B20273154,75.681,NP01,43,4900
B20273155,49.358,NP01,43,4900
B20273156,134.403,NP01,43,4900
B20273157,54.231,NP01,43,6400
B20273158,23.947,NP01,43,4900
B20273159,11.842,NP01,43,5900
B20273160,42.135,NP01,43,5900
B20273161,51.466,NP01,43,8780
B20273162,25.011,NP01,43,4900
B20273163,114.724,NP01,43,6350
B20273164,66.552,NP01,43,5060
B20273165,6.077,NP01,43,7000
B20273166,24.989,NP01,43,4950
B20273167,5.954,NP01,43,6400
B20273168,50.361,NP01,43,4900
B20273169,54.093,NP01,43,11400
B20273170,23.976,NP01,43,4400
B20273171,41.44,NP01,43,6360
B20273172,15.471,NP01,43,5900
B20273173,21.105,NP01,43,4900
B20273174,36.733,NP01,43,4900
B20273175,18.101,NP01,43,5900
B20273176,30.779,NP01,43,4901
B20273177,55.394,NP01,43,5900
B20273178,10.147,NP01,43,6100
B20273179,102.403,NP01,43,6700
B20273180,24.097,NP01,43,4550
B20273181,19.164,NP01,43,5900
B20273182,41.951,NP01,43,5900
B20273183,113.767,NP01,43,4750
B20273184,25.039,NP01,43,7900
B20273185,15.709,NP01,43,6100
B20273186,31.622,NP01,43,7000
B20273187,109.4,NP01,43,11000
B20273188,20.108,NP01,43,5300
B20273189,17.031,NP01,43,10060
B20273190,20.382,NP01,43,6400
B20273191,95.15,NP01,43,7000
B20273192,58.022,NP01,43,5900
B20273193,22.625,NP01,43,7000
B20273194,48.229,NP01,43,4900
B20273195,11.828,NP01,43,4900
B20273196,31.765,NP01,43,4900
B20273197,31.984,NP01,43,7000
B20273198,72.767,NP01,43,5220
B20273199,42.747,NP01,43,4900
B20273200,71.502,NP01,43,7200
B20273201,22.388,NP01,43,4901
B20273202,123.703,NP01,43,4900
B20273203,41.07,NP01,43,10060
B20273204,12.581,NP01,43,6200
B20273205,71.46,NP01,43,5900
B20273206,35.123,NP01,43,4900
B20273207,11.355,NP01,43,7000
B20273208,58.145,NP01,43,4700
B20273209,17.436,NP01,43,4900
B20273210,18.701,NP01,43,4900
B20273211,114.477,NP01,43,5900
B20273212,43.811,NP01,43,6400
B20273213,23.421,NP01,43,4450
B20273214,68.028,NP01,43,5900
B20273215,12.19,NP01,43,5000
B20273216,34.367,NP01,43,7200
B20273217,14.734,NP01,43,4900
B20273218,35.241,NP01,43,5400
B20273219,34.639,NP01,43,5900
B20273220,35.843,NP01,43,6100
B20273221,26.161,NP01,43,4900
B20273222,32.224,NP01,43,4901
B20273223,96.509,NP01,43,4901
B20273224,120.58,NP01,43,6000
B20273225,115.374,NP01,43,4900
B20273226,72.898,NP01,43,4900
B20273227,51.895,NP01,43,4900
B20273228,44.26,NP01,43,4900
B20273229,22.626,NP01,43,5600
B20273230,69.224,NP01,43,4900
B20273231,87.309,NP01,43,4900
B20273232,5.041,NP01,43,6900
B20273233,30.264,NP01,43,4900
B20273234,30.728,NP01,43,5200
B20273235,30.001,NP01,43,4500
B20273236,18.238,NP01,43,4900
B20273237,74.941,NP01,43,6400
B20273238,18.536,NP01,43,5000
B20273239,69.139,NP01,43,4900
B20273240,18.062,NP01,43,5000
B20273241,20.731,NP01,43,5080
B20273242,34.991,NP01,43,4900
B20273243,122.649,NP01,43,4900
B20273244,37.467,NP01,43,5900
B20273245,28.546,NP01,43,7200
B20273246,34.867,NP01,43,5970
B20273247,12.066,NP01,43,6100
B20273248,36.782,NP01,43,4900
B20273249,49.294,NP01,43,8150
B20273250,49.732,NP01,43,4900
B20273251,24.6,NP01,43,4900
B20273252,94.805,NP01,43,10900
B20273253,31.158,NP01,43,8780
B20273254,48.737,NP01,43,4900
B20273255,46.926,NP01,43,4900
B20273256,22.219,NP01,43,4900
B20273257,23.565,NP01,43,6100
B20273258,28.324,NP01,43,5900
B20273259,40.066,NP01,43,6550
B20273260,26.134,NP01,43,4900
B20273261,25.278,NP01,43,6100
B20273262,34.11,NP01,43,4900
B20273263,25.405,NP01,43,6400
B20273264,14.367,NP01,43,4600
B20273265,18.111,NP01,43,6100
B20273266,118.024,NP01,43,11400
B20273267,11.649,NP01,43,4900
B20273268,29.209,NP01,43,5300
B20273269,30.484,NP01,43,6400
B20273270,31.766,NP01,43,9000
B20273271,96.909,NP01,43,4901
B20273272,67.005,NP01,43,6400
B20273273,6.42,NP01,43,6400
B20273274,24.888,NP01,43,8100
B20273275,30.847,NP01,43,4525
B20273276,48.054,NP01,43,4900
B20273277,8.394,NP01,43,7000
B20273278,12.682,NP01,43,6400
B20273279,23.25,NP01,43,4900
B20273280,14.19,NP01,43,5900
B20273281,102.227,NP01,43,7000
B20273282,139.247,NP01,43,8400
B20273283,35.827,NP01,43,4900
B20273284,11.771,NP01,43,5900
B20273285,75.576,NP01,43,4900
B20273286,53.81,NP01,43,7750
B20273287,12.927,NP01,43,5900
B20273288,5.822,NP01,43,7000
B20273289,40.813,NP01,43,4900
B20273290,19.361,NP01,43,10680
B20273291,28.151,NP01,43,5700
B20273292,30.878,NP01,43,6400
B20273293,23.846,NP01,43,4900
B20273294,32.545,NP01,43,4901
B20273295,74.119,NP01,43,5700
B20273296,35.596,NP01,43,5330
B20273297,75.709,NP01,43,4900
B20273298,30.826,NP01,43,7750
B20273299,136.534,NP01,43,4900
B20273300,14.91,NP01,43,4900
B20273301,46.112,NP01,43,6100
B20273302,58.875,NP01,43,4900
B20273303,18.642,NP01,43,6100
B20273304,3.863,NP01,43,4900
B20273305,40.542,NP01,43,5400
B20273306,118.675,NP01,43,7000
B20273307,47.573,NP01,43,5900
B20273308,78.754,NP01,43,4950
B20273309,17.076,NP01,43,3900
B20273310,114.18,NP01,43,4901
B20273311,12.574,NP01,43,5840
B20273312,74.905,NP01,43,6400
B20273313,109.018,NP01,43,4900
B20273314,65.022,NP01,43,5060
B20273315,111.946,NP01,43,4901
B20273316,86.498,NP01,43,6550
B20273317,34.987,NP01,43,5900
B20273318,111.679,NP01,43,4900
B20273319,15.481,NP01,43,4780
B20273320,25.226,NP01,43,6700
B20273321,20.129,NP01,43,4900
B20273322,53.035,NP01,43,4900
B20273323,117.401,NP01,43,4900
B20273324,30.098,NP01,43,5270
B20273325,17.875,NP01,43,6400
B20273326,62.112,NP01,43,5000
B20273327,35.409,NP01,43,4900
B20273328,51.121,NP01,43,5400
B20273329,90.75,NP01,43,4900
B20273330,41.915,NP01,43,5400
B20273331,19.012,NP01,43,6600
B20273332,46.382,NP01,43,4901
B20273333,23.319,NP01,43,8970
B20273334,38.04,NP01,43,4600
B20273335,39.491,NP01,43,7750
B20273336,46.403,NP01,43,6400
B20273337,15.369,NP01,43,4900
B20273338,34.729,NP01,43,6100
B20273339,66.503,NP01,43,5018
B20273340,28.629,NP01,43,4900
B20273341,52.903,NP01,43,4900
B20273342,51.25,NP01,43,4900
B20273343,61.688,NP01,43,4900
B20273344,62.072,NP01,43,6100
B20273345,12.483,NP01,43,7000
B20273346,39.754,NP01,43,5900
B20273347,115.568,NP01,43,5900
B20273348,29.542,NP01,43,4900
B20273349,58.664,NP01,43,6400
B20273350,21.168,NP01,43,5000
B20273351,21.278,NP01,43,4450
B20273352,44.059,NP01,43,5200
B20273353,25.938,NP01,43,6400
B20273354,27.889,NP01,43,6360
B20273355,32.805,NP01,43,4600
B20273356,14.665,NP01,43,4900
B20273357,82.718,NP01,43,5900
B20273358,48.358,NP01,43,4900
B20273359,38.374,NP01,43,4900
B20273360,78.267,NP01,43,7900
B20273361,50.005,NP01,43,5900
B20273362,40.876,NP01,43,6100
B20273363,132.054,NP01,43,5100
B20273364,50.116,NP01,43,4900
B20273365,37.54,NP01,43,4900
B20273366,81.733,NP01,43,6400
B20273367,11.063,NP01,43,4780
B20273368,102.772,NP01,43,4500
B20273369,5.053,NP01,43,6900
B20273370,53.354,NP01,43,4900
B20273371,24.152,NP01,43,6550
B20273372,19.321,NP01,43,6400
B20273373,117.879,NP01,43,4900
B20273374,35.435,NP01,43,4900
B20273375,28.721,NP01,43,4900
B20273376,109.163,NP01,43,6100
B20273377,35.875,NP01,43,5400
B20273378,76.948,NP01,43,5080
B20273379,76.945,NP01,43,5400
B20273380,42.018,NP01,43,4900
B20273381,31.696,NP01,43,6400
B20273382,48.606,NP01,43,4900
B20273383,31.181,NP01,43,6400
B20273384,42.679,NP01,43,4900
B20273385,36.675,NP01,43,7000
B20273386,17.594,NP01,43,6100
B20273387,54.804,NP01,43,4900
B20273388,42.809,NP01,43,4900
B20273389,23.365,NP01,43,5900
B20273390,33.374,NP01,43,9340
B20273391,129.473,NP01,43,4900
B20273392,35.418,NP01,43,6400
B20273393,28.663,NP01,43,5900
B20273394,37.746,NP01,43,4700
B20273395,13.034,NP01,43,4900
B20273396,105.405,NP01,43,7750
B20273397,31.639,NP01,43,8970
B20273398,17.788,NP01,43,7000
B20273399,92.855,NP01,43,6100
B20273400,65.847,NP01,43,8100
B20273401,23.715,NP01,43,7750
B20273402,37.351,NP01,43,6400
B20273403,57.004,NP01,43,10900
B20273404,121.896,NP01,43,4500
B20273405,35.623,NP01,43,6100
B20273406,24.46,NP01,43,4900
B20273407,48.648,NP01,43,3800
B20273408,25.922,NP01,43,4900
B20273409,26.052,NP01,43,4900
B20273410,111.535,NP01,43,7000
B20273411,17.217,NP01,43,3900
B20273412,43.071,NP01,43,6100
B20273413,19.118,NP01,43,3900
B20273414,129.762,NP01,43,5018
B20273415,25.292,NP01,43,5900
B20273416,43.24,NP01,43,4900
B20273417,44.651,NP01,43,4900
B20273418,37.661,NP01,43,4900
B20273419,6.644,NP01,43,7900
B20273420,22.228,NP01,43,4450
B20273421,101.991,NP01,43,4900
B20273422,34.563,NP01,43,5900
B20273423,97.323,NP01,43,4901
B20273424,53.272,NP01,43,6400
B20273425,35.223,NP01,43,8970
B20273426,23.85,NP01,43,4500
B20273427,103.027,NP01,43,4900
B20273428,18.153,NP01,43,4550
B20273429,32.982,NP01,43,4900
B20273430,87.944,NP01,43,6400
B20273431,85.049,NP01,43,6000
B20273432,99.16,NP01,43,8900
B20273433,16.631,NP01,43,10900
B20273434,49.515,NP01,43,4900
B20273435,15.405,NP01,43,4900
B20273436,26.652,NP01,43,6400
B20273437,6.048,NP01,43,4450
B20273438,69.725,NP01,43,4900
B20273439,47.261,NP01,43,6540
B20273440,109.185,NP01,43,4900
B20273441,99.994,NP01,43,7000
B20273442,133.719,NP01,43,5000
B20273443,45.738,NP01,43,5200
B20273444,12.439,NP01,43,5900
B20273445,68.066,NP01,43,5840
B20273446,46.3,NP01,43,5900
B20273447,97.82,NP01,43,4901
B20273448,30.303,NP01,43,11000
B20273449,37.256,NP01,43,4900
B20273450,11.582,NP01,43,6400
B20273451,14.546,NP01,43,4780
B20273452,5.562,NP01,43,4900
B20273453,101.175,NP01,43,4900
B20273454,38.199,NP01,43,5900
B20273455,33.758,NP01,43,7000
B20273456,30.877,NP01,43,4901
B20273457,15.53,NP01,43,6350
B20273458,90.168,NP01,43,4901
B20273459,24.022,NP01,43,4900
B20273460,18.736,NP01,43,4900
B20273461,18.977,NP01,43,6400
B20273462,37.268,NP01,43,7000
B20273463,76.244,NP01,43,8970
B20273464,11.842,NP01,43,4750
B20273465,44.2,NP01,43,6900
B20273466,53.534,NP01,43,4900
B20273467,50.765,NP01,43,5900
B20273468,63.315,NP01,43,4900
B20273469,22.559,NP01,43,4900
B20273470,23.881,NP01,43,4940
B20273471,38.073,NP01,43,4901
B20273472,40.163,NP01,43,6400
B20273473,41.334,NP01,43,11000
B20273474,111.513,NP01,43,5970
B20273475,73.838,NP01,43,4780
B20273476,15.436,NP01,43,4900
B20273477,34.542,NP01,43,4900
B20273478,47.358,NP01,43,6400
B20273479,121.013,NP01,43,7000
B20273480,25.127,NP01,43,4900
B20273481,12.939,NP01,43,5330
B20273482,42.556,NP01,43,4901
B20273483,25.202,NP01,43,6400
B20273484,45.815,NP01,43,4700
B20273485,51.698,NP01,43,11000
B20273486,22.575,NP01,43,3800
B20273487,38.734,NP01,43,8970
B20273488,19.002,NP01,43,6400
B20273489,30.544,NP01,43,6100
B20273490,107.5,NP01,43,4750
B20273491,46.835,NP01,43,6100
B20273492,24.759,NP01,43,4900
B20273493,4.881,NP01,43,5900
B20273494,17.879,NP01,43,10900
B20273495,18.354,NP01,43,5900
B20273496,36.956,NP01,43,6000
B20273497,23.423,NP01,43,6400
B20273498,30.991,NP01,43,11400
B20273499,28.275,NP01,43,6400
B20273500,115.273,NP01,43,5200
B20273501,47.91,NP01,43,4900
B20273502,24.821,NP01,43,4901
B20273503,30.441,NP01,43,5400
B20273504,39.639,NP01,43,4550
B20273505,91.937,NP01,43,4900
B20273506,8.626,NP01,43,4900
B20273507,18.816,NP01,43,4900
B20273508,14.76,NP01,43,7000
B20273509,19.74,NP01,43,5550
B20273510,53.985,NP01,43,6100
B20273511,31.339,NP01,43,6400
B20273512,23.946,NP01,43,5900
B20273513,15.712,NP01,43,4900
B20273514,6.224,NP01,43,7000
B20273515,12.359,NP01,43,6100
B20273516,23.985,NP01,43,5900
B20273517,17.136,NP01,43,4900
B20273518,149.396,NP01,43,4900
B20273519,23.955,NP01,43,4900
B20273520,12.006,NP01,43,4901
B20273521,17.094,NP01,43,4900
B20273522,18.337,NP01,43,6100
B20273523,12.506,NP01,43,7960
B20273524,68.586,NP01,43,4900
B20273525,6.956,NP01,43,4900
B20273526,48.172,NP01,43,7000
B20273527,96.052,NP01,43,4900
B20273528,56.25,NP01,43,4900
B20273529,31.645,NP01,43,6100
B20273530,29.79,NP01,43,6250
B20273531,11.906,NP01,43,7000
B20273532,29.863,NP01,43,6070
B20273533,73.103,NP01,43,4550
B20273534,32.895,C60,26.5,6400
B20273535,56.569,C60,26.5,9000
B20273536,84.612,C60,26.5,4900
B20273537,103.581,C60,26.5,4900
B20273538,47.818,C60,26.5,6780
B20273539,41.291,C60,26.5,5530
B20273540,26.362,C60,26.5,4900
B20273541,32.523,C60,26.5,6100
B20273542,37.407,C60,26.5,4800
B20273543,54.068,C60,26.5,4500
B20273544,66.475,C60,26.5,4700
B20273545,44.974,C60,26.5,4900
B20273546,56.03,C60,26.5,4750
B20273547,34.567,C60,26.5,6680
B20273548,35.776,C60,26.5,6400
B20273549,60.583,C60,26.5,6100
B20273550,64.065,C60,26.5,4900
B20273551,44.513,C60,26.5,6100
B20273552,55.656,C60,26.5,7650
B20273553,98.522,C60,26.5,4420
B20273554,23.561,C60,26.5,7000
B20273555,151.123,C60,26.5,5900
B20273556,39.511,C60,26.5,5080
B20273557,53.973,C60,26.5,4900
B20273558,36.501,C60,26.5,4900
B20273559,28.237,C60,26.5,6000
B20273560,105.612,C60,26.5,10000
B20273561,33.988,C60,26.5,7000
B20273562,52.775,C60,26.5,4900
B20273563,35.73,C60,26.5,4900
B20273564,143.255,C60,26.5,4900
B20273565,99.627,C60,26.5,5800
B20273566,46.953,C60,26.5,4900
B20273567,32.479,C60,26.5,5600
B20273568,108.942,C60,26.5,4500
B20273569,133.215,C60,26.5,4900
B20273570,42.144,C60,26.5,5000
B20273571,35.476,C60,26.5,4900
B20273572,75.192,C60,26.5,4900
B20273573,52.997,C60,26.5,6400
B20273574,31.904,C60,26.5,5900
B20273575,31.476,C60,26.5,4900
B20273576,45.431,C60,26.5,4960
B20273577,86.374,C60,26.5,6400
B20273578,156,C60,26.5,4400
B20273579,115.133,C60,26.5,6000
B20273580,71.171,C60,26.5,9340
B20273581,79.249,C60,26.5,5900
B20273582,39.752,C60,26.5,4900
B20273583,48.858,C60,26.5,6400
B20273584,138.916,C60,26.5,4900
B20273585,34.691,C60,26.5,6900
B20273586,42.252,C60,26.5,5360
B20273587,46.015,C60,26.5,6100
B20273588,150.668,C60,26.5,7750
B20273589,34.027,C60,26.5,7750
B20273590,98.405,C60,26.5,4900
B20273591,71.791,C60,26.5,4900
B20273592,82.659,C60,26.5,6400
B20273593,48.616,C60,26.5,8900
B20273594,114.544,C60,26.5,7140
B20273595,32.131,C60,26.5,5900
B20273596,77.638,C60,26.5,4901
B20273597,78.325,C60,26.5,4900
B20273598,37.204,C60,26.5,4900
B20273599,69.434,C60,26.5,4900
B20273600,49.258,C60,26.5,10060
B20273601,45.097,C60,26.5,4900
B20273602,45.191,C60,26.5,4900
B20273603,73.246,C60,26.5,4900
B20273604,63.943,C60,26.5,4901
B20273605,52.034,C60,26.5,8280
B20273606,126.927,C60,26.5,4900
B20273607,47.204,C60,26.5,4150
B20273608,39.811,C60,26.5,5000
B20273609,39.882,C60,26.5,4940
B20273610,26.48,C60,26.5,4900
B20273611,76.328,C60,26.5,4900
B20273612,54.164,C60,26.5,6400
B20273613,138.771,C60,26.5,6100
B20273614,113.528,C60,26.5,4900
B20273615,66.585,C60,26.5,4800
B20273616,38.863,C60,26.5,5060
B20273617,129.593,C60,26.5,6000
B20273618,39.488,C60,26.5,5900
B20273619,52.264,C60,26.5,6100
B20273620,101.474,C60,26.5,5900
B20273621,35.915,C60,26.5,6550
B20273622,105.767,C60,26.5,4900
B20273623,47.99,C60,26.5,5600
B20273624,36.492,C60,26.5,6100
B20273625,29.99,C60,26.5,4900
B20273626,45.685,C60,26.5,6100
B20273627,32.318,C60,26.5,4940
B20273628,33.762,C60,26.5,5900
B20273629,82.375,C60,26.5,4900
B20273630,94.28,C60,26.5,7900
B20273631,30.442,C60,26.5,4900
B20273632,38.872,C60,26.5,4420
B20273633,40.262,C60,26.5,7900
B20273634,51.716,C60,26.5,5060
B20273635,72.382,C60,26.5,5080
B20273636,45.101,C60,26.5,4900
B20273637,97.331,C60,26.5,6100
B20273638,35.072,C60,26.5,10620
B20273639,54.225,C60,26.5,4900
B20273640,71.436,C60,26.5,4900
B20273641,54.077,C60,26.5,5400
B20273642,33.285,C60,26.5,5530
B20273643,42.525,C60,26.5,8100
B20273644,40.123,C60,26.5,4900
B20273645,32.548,C60,26.5,4900
B20273646,29.949,C60,26.5,9340
B20273647,47.463,C60,26.5,4900
B20273648,33.732,C60,26.5,4900
B20273649,54.746,C60,26.5,6400
B20273650,127.849,C60,26.5,9000
B20273651,39.351,C60,26.5,4900
B20273652,32.182,C60,26.5,5080
B20273653,46.767,C60,26.5,5330
B20273654,48.743,C60,26.5,10060
B20273655,35.972,C60,26.5,4900
B20273656,94.319,C60,26.5,4900
B20273657,61.026,C60,26.5,4900
B20273658,114.888,C60,26.5,7000
B20273659,57.546,C60,26.5,6600
B20273660,38.276,C60,26.5,11120
B20273661,133.707,C60,26.5,6100
B20273662,32.562,C60,26.5,6850
B20273663,46.446,C60,26.5,4900
B20273664,33.14,C60,26.5,4900
B20273665,94.2,C60,26.5,5900
B20273666,40.005,C60,26.5,4900
B20273667,33.7,C60,26.5,5200
B20273668,125.849,C60,26.5,4500
B20273669,57.945,C60,26.5,8050
B20273670,56.113,C60,26.5,8050
B20273671,56.913,C60,26.5,6000
B20273672,26.177,C60,26.5,4800
B20273673,48.17,C60,26.5,5530
B20273674,64.424,C60,26.5,4900
B20273675,46.176,C60,26.5,5000
B20273676,68.42,C60,26.5,6300
B20273677,48.115,C60,26.5,4900
B20273678,116.469,C60,26.5,7750
B20273679,24.905,C60,26.5,7000
B20273680,124.917,C60,26.5,4900
B20273681,51.139,C60,26.5,5900
B20273682,144.105,C60,26.5,4900
B20273683,59.446,C60,26.5,9000
B20273684,140.139,C60,26.5,6100
B20273685,39.511,C60,26.5,11000
B20273686,62.558,C60,26.5,4900
B20273687,60.779,C60,26.5,4900
B20273688,76.337,C60,26.5,6100
B20273689,93.893,C60,26.5,4900
B20273690,48.59,C60,26.5,7650
B20273691,86.206,C60,26.5,6400
B20273692,32.757,C60,26.5,5900
B20273693,41.017,C60,26.5,9540
B20273694,41.703,C60,26.5,4900
B20273695,156,C60,26.5,7750
B20273696,71.944,C60,26.5,6250
B20273697,33.175,C60,26.5,4900
B20273698,34.798,C60,26.5,6100
B20273699,68.869,C60,26.5,4900
B20273700,33.632,C60,26.5,5900
B20273701,86.35,C60,26.5,4901
B20273702,30.285,C60,26.5,4900
B20273703,26.365,C60,26.5,6100
B20273704,81.962,C60,26.5,6400
B20273705,53.023,C60,26.5,6300
B20273706,36.322,C60,26.5,4900
B20273707,36.926,C60,26.5,4900
B20273708,37.608,C60,26.5,7400
B20273709,156,C60,26.5,4900
B20273710,28.627,C60,26.5,4900
B20273711,45.366,C60,26.5,4950
B20273712,133.293,C60,26.5,5150
B20273713,43.876,C60,26.5,5000
B20273714,32.028,C60,26.5,11050
B20273715,64.308,C60,26.5,4900
B20273716,34.286,C60,26.5,7000
B20273717,38.551,C60,26.5,4900
B20273718,135.564,C60,26.5,5900
B20273719,146.08,C60,26.5,5300
B20273720,82.444,C60,26.5,4900
B20273721,97.592,C60,26.5,4420
B20273722,101.682,C60,26.5,6400
B20273723,105.898,C60,26.5,4950
B20273724,26.805,C60,26.5,4900
B20273725,47.519,C60,26.5,10950
B20273726,103.826,C60,26.5,6100
B20273727,30.312,C60,26.5,7000
B20273728,73.545,C60,26.5,5900
B20273729,34.614,C60,26.5,5900
B20273730,98.212,C60,26.5,4930
B20273731,46.591,C60,26.5,5018
B20273732,50.852,C60,26.5,4900
B20273733,29.443,C60,26.5,4900
B20273734,44.208,C60,26.5,4900
B20273735,38.131,C60,26.5,8280
B20273736,109.999,C60,26.5,7750
B20273737,54.523,C60,26.5,7750
B20273738,51.664,C60,26.5,5900
B20273739,56.55,C60,26.5,10950
B20273740,37.85,C60,26.5,4900
B20273741,33.947,C60,26.5,8100
B20273742,38.927,C60,26.5,6400
B20273743,73.843,C60,26.5,4900
B20273744,121.352,C60,26.5,4900
B20273745,89.323,C60,26.5,5900
B20273746,37.909,C60,26.5,6650
B20273747,46.814,C60,26.5,7860
B20273748,153.011,C60,26.5,4900
B20273749,36.789,C60,26.5,6400
B20273750,36.358,C60,26.5,6100
B20273751,48.881,C60,26.5,11400
B20273752,152.663,C60,26.5,5150
B20273753,51.49,C60,26.5,4900
B20273754,136.523,C60,26.5,4900
B20273755,30.704,C60,26.5,7650
B20273756,143.595,C60,26.5,4900
B20273757,41.073,C60,26.5,6000
B20273758,46.362,C60,26.5,4900
B20273759,74.554,C60,26.5,4900
B20273760,37.046,C60,26.5,4900
B20273761,84.002,C60,26.5,4900
B20273762,33.652,C60,26.5,6400
B20273763,68.197,C60,26.5,5270
B20273764,38.385,C60,26.5,3800
B20273765,57.114,C60,26.5,6400
B20273766,52.333,C60,26.5,4900
B20273767,63.125,C60,26.5,4900
B20273768,41.795,C60,26.5,4830
B20273769,79.58,C60,26.5,8780
B20273770,82.438,C60,26.5,6900
B20273771,93.747,C60,26.5,4900
B20273772,82.418,C60,26.5,4900
B20273773,45.485,C60,26.5,6000
B20273774,52.423,C60,26.5,4500
B20273775,64.553,C60,26.5,9340
B20273776,137.452,C60,26.5,6650
B20273777,60.128,C60,26.5,4675
B20273778,72.102,C60,26.5,4900
B20273779,98.173,C60,26.5,8100
B20273780,25.961,C60,26.5,6000
B20273781,34.597,C60,26.5,9340
B20273782,47.556,C60,26.5,4970
B20273783,40.789,C60,26.5,4800
B20273784,51.23,C60,26.5,6700
B20273785,45.36,C60,26.5,4900
B20273786,89.745,C60,26.5,7000
B20273787,46.185,C60,26.5,6400
B20273788,50.222,C60,26.5,6100
B20273789,56.12,C60,26.5,4700
B20273790,33.156,C60,26.5,4900
B20273791,37.441,C60,26.5,4900
B20273792,37.59,C60,26.5,4900
B20273793,34.812,C60,26.5,4900
B20273794,65.442,C60,26.5,7750
B20273795,41.366,C60,26.5,4900
B20273796,47.225,C60,26.5,4900
B20273797,45.626,C60,26.5,7860
B20273798,31.924,C60,26.5,5900
B20273799,32.858,C60,26.5,7900
B20273800,122.522,C60,26.5,5150
B20273801,55.648,C60,26.5,7860
B20273802,31.33,C60,26.5,4780
B20273803,55.854,C60,26.5,4800
B20273804,40.99,C60,26.5,4900
B20273805,74.317,C60,26.5,4900
B20273806,52.24,C60,26.5,4900
B20273807,67.97,C60,26.5,4900
B20273808,38.771,C60,26.5,6400
B20273809,74.19,C60,26.5,4900
B20273810,63.138,C60,26.5,4900
B20273811,62.546,C60,26.5,4900
B20273812,28.72,C60,26.5,6400
B20273813,73.237,C60,26.5,7000
B20273814,39.454,C60,26.5,4525
B20273815,115.664,C60,26.5,4900
B20273816,69.475,C60,26.5,7000
B20273817,149.775,C60,26.5,4800
B20273818,43.898,C60,26.5,7200
B20273819,84.341,C60,26.5,4901
B20273820,40.415,C60,26.5,4900
B20273821,59.019,C60,26.5,9000
B20273822,55.432,C60,26.5,5360
B20273823,60.335,C60,26.5,8050
B20273824,113.414,C60,26.5,4900
B20273825,31.152,C60,26.5,5800
B20273826,80.271,C60,26.5,4900
B20273827,99.71,C60,26.5,4420
B20273828,57.427,C60,26.5,4900
B20273829,33.427,C60,26.5,8180
B20273830,97.8,C60,26.5,4900
B20273831,75.87,C60,26.5,7140
B20273832,34.435,C60,26.5,6840
B20273833,53.03,C60,26.5,7650
B20273834,49.587,C60,26.5,4900
B20273835,108.504,C60,26.5,6100
B20273836,44.508,C60,26.5,4900
B20273837,47.176,C60,26.5,4900
B20273838,143.479,C60,26.5,4900
B20273839,48.101,C60,26.5,5200
B20273840,32.986,C60,26.5,5400
B20273841,49.089,C60,26.5,4700
B20273842,24.657,C60,26.5,7400
B20273843,58.789,C60,26.5,7000
B20273844,92.933,C60,26.5,5900
B20273845,111.048,C60,26.5,4900
B20273846,39.03,C60,26.5,4700
B20273847,74.718,C60,26.5,5700
B20273848,87.883,C60,26.5,4700
B20273849,25.745,C60,26.5,4900
B20273850,34.715,C60,26.5,7300
B20273851,58.488,C60,26.5,8300
B20273852,32.454,C60,26.5,4800
B20273853,45.597,C60,26.5,4900
B20273854,80.229,C60,26.5,6070
B20273855,32.606,C60,26.5,4400
B20273856,156,C60,26.5,6400
B20273857,34.742,C60,26.5,6000
B20273858,36.826,C60,26.5,4900
B20273859,42.103,C60,26.5,8100
B20273860,45.744,C60,26.5,4900
B20273861,57.144,C60,26.5,5600
B20273862,28.017,C60,26.5,4970
B20273863,61.088,C60,26.5,4900
B20273864,43.549,C60,26.5,4900
B20273865,133.324,C60,26.5,4900
B20273866,89.538,C60,26.5,7000
B20273867,91.648,C60,26.5,4900
B20273868,111.816,C60,26.5,4900
B20273869,136.334,C60,26.5,9340
B20273870,33.55,C60,26.5,4900
B20273871,71.575,C60,26.5,4900
B20273872,65.782,C60,26.5,5900
B20273873,114.164,C60,26.5,7400
B20273874,64.177,C60,26.5,6400
B20273875,64.461,C60,26.5,6400
B20273876,34.057,C60,26.5,5400
B20273877,156,C60,26.5,4900
B20273878,96.742,C60,26.5,8050
B20273879,37.21,C60,26.5,5080
B20273880,46.057,C60,26.5,8300
B20273881,54.924,C60,26.5,4900
B20273882,59.009,C60,26.5,4900
B20273883,95.003,C60,26.5,4900
B20273884,26.775,C60,26.5,4900
B20273885,27.664,C60,26.5,4900
B20273886,52.414,C60,26.5,6000
B20273887,123.783,C60,26.5,6100
B20273888,46.905,C60,26.5,4900
B20273889,38.771,C60,26.5,5900
B20273890,73.481,C60,26.5,4900
B20273891,43.951,C60,26.5,4900
B20273892,110.93,C60,26.5,6140
B20273893,95.227,C60,26.5,7000
B20273894,41.365,C60,26.5,8780
B20273895,57.056,C60,26.5,4500
B20273896,116.486,C60,26.5,7750
B20273897,64.742,C60,26.5,5900
B20273898,34.31,C60,26.5,4900
B20273899,107.727,C60,26.5,5000
B20273900,136.462,C60,26.5,10060
B20273901,60.124,C60,26.5,7000
B20273902,38.738,C60,26.5,5900
B20273903,45.85,C60,26.5,4900
B20273904,54.559,C60,26.5,4900
B20273905,99.189,C60,26.5,6400
B20273906,32.733,C60,26.5,4900
B20273907,34.572,C60,26.5,4900
B20273908,78.815,C60,26.5,4900
B20273909,74.782,C60,26.5,4900
B20273910,153.017,C60,26.5,6100
B20273911,24.451,C60,26.5,4900
B20273912,97.022,C60,26.5,4900
B20273913,61.053,C60,26.5,6100
B20273914,37.745,C60,26.5,5600
B20273915,32.526,C60,26.5,6100
B20273916,38.514,C60,26.5,4800
B20273917,49.269,C60,26.5,6780
B20273918,28.29,C60,26.5,4900
B20273919,97.993,C60,26.5,7900
B20273920,33.669,C60,26.5,5300
B20273921,81.694,C60,26.5,10000
B20273922,90.442,C60,26.5,5550
B20273923,36.141,C60,26.5,4900
B20273924,32.577,C60,26.5,5900
B20273925,28.123,C60,26.5,7650
B20273926,99.839,C60,26.5,4900
B20273927,32.442,C60,26.5,7000
B20273928,41.24,C60,26.5,4900
B20273929,37.498,C60,26.5,6400
B20273930,39.534,C60,26.5,6400
B20273931,52.972,C60,26.5,4790
B20273932,105.043,C60,26.5,4675
B20273933,99.802,C60,26.5,7750
B20273934,34.064,C60,26.5,7900
B20273935,126.138,C60,26.5,6650
B20273936,55.091,C60,26.5,4900
B20273937,62.314,C60,26.5,6400
B20273938,33.373,C60,26.5,5900
B20273939,59.515,C60,26.5,4900
B20273940,56.285,C60,26.5,8970
B20273941,47.923,C60,26.5,6400
B20273942,56.662,C60,26.5,4900
B20273943,36.592,C60,26.5,4900
B20273944,33.754,C60,26.5,4900
B20273945,43.469,C60,26.5,4900
B20273946,72.387,C60,26.5,5270
B20273947,135.016,C60,26.5,6100
B20273948,52.586,C60,26.5,4900
B20273949,85.218,C60,26.5,4900
B20273950,129.747,C60,26.5,6900
B20273951,122.36,C60,26.5,6100
B20273952,34.28,C60,26.5,5360
B20273953,83.89,C60,26.5,4940
B20273954,63.11,C60,26.5,8650
B20273955,43.952,C60,26.5,4900
B20273956,50.704,C60,26.5,8120
B20273957,47.184,C60,26.5,7950
B20273958,55.743,C60,26.5,8050
B20273959,80.869,C60,26.5,6740
B20273960,101.45,C60,26.5,4900
B20273961,35.056,C60,26.5,10620
B20273962,29.278,C60,26.5,9340
B20273963,46.812,C60,26.5,4900
B20273964,53.332,C60,26.5,4900
B20273965,67.529,C60,26.5,6100
B20273966,126.671,C60,26.5,4900
B20273967,121.817,C60,26.5,6700
B20273968,38.809,C60,26.5,5900
B20273969,32.682,C60,26.5,4900
B20273970,52.974,C60,26.5,4900
B20273971,40.707,C60,26.5,4900
B20273972,85.483,C60,26.5,4800
B20273973,45.281,C60,26.5,7960
B20273974,33.901,C60,26.5,10000
B20273975,48.528,C60,26.5,7950
B20273976,27.94,C60,26.5,4900
B20273977,46.563,C60,26.5,4900
B20273978,54.733,C60,26.5,6400
B20273979,32.649,C60,26.5,4900
B20273980,28.388,C60,26.5,4900
B20273981,59.985,C60,26.5,4900
B20273982,43.488,C60,26.5,6900
B20273983,39.302,C60,26.5,5300
B20273984,42.261,C60,26.5,4901
B20273985,94.69,C60,26.5,4900
B20273986,32.376,C60,26.5,6100
B20273987,96.104,C60,26.5,7750
B20273988,45.192,C60,26.5,7000
B20273989,48.445,C60,26.5,10950
B20273990,28.059,C60,26.5,4900
B20273991,85.623,C60,26.5,5900
B20273992,39.531,C60,26.5,7000
B20273993,84.803,C60,26.5,4900
B20273994,146.62,C60,26.5,4900
B20273995,60.038,C60,26.5,6400
B20273996,56.745,C60,26.5,6600
B20273997,39.716,C60,26.5,4900
B20273998,40.003,C60,26.5,6000
B20273999,41.158,C60,26.5,5000
B20274000,39.264,C60,26.5,7000
B20274001,92.838,C60,26.5,7900
B20274002,115.435,C60,26.5,4900
B20274003,32.177,C60,26.5,4900
B20274004,40.624,C60,26.5,4900
B20274005,129.537,C60,26.5,7900
B20274006,35.189,C60,26.5,4500
B20274007,48.934,C60,26.5,6780
B20274008,31.248,C60,26.5,11540
B20274009,66.627,C60,26.5,7080
B20274010,45.532,C60,26.5,4900
B20274011,85.646,C60,26.5,4900
B20274012,85.669,C60,26.5,4900
B20274013,60.941,C60,26.5,4900
B20274014,99.028,C60,26.5,5000
B20274015,36.589,C60,26.5,6100
B20274016,58.127,C60,26.5,4900
B20274017,65.173,C60,26.5,7000
B20274018,32.182,C60,26.5,4750
B20274019,110.981,C60,26.5,4901
B20274020,58.36,C60,26.5,5060
B20274021,37.625,C60,26.5,4900
B20274022,33.824,C60,26.5,4900
B20274023,99.357,C60,26.5,8970
B20274024,56.749,C60,26.5,4900
B20274025,48.032,C60,26.5,4900
B20274026,33.954,C60,26.5,5500
B20274027,52.424,C60,26.5,5900
B20274028,121.98,C60,26.5,4900
B20274029,69.08,C60,26.5,4900
B20274030,55.393,C60,26.5,4900
B20274031,98.701,C60,26.5,6400
B20274032,35.772,C60,26.5,7750
B20274033,112.45,C60,26.5,4900
B20274034,35.291,C60,26.5,4901
B20274035,64.82,C60,26.5,7080
B20274036,105.322,C60,26.5,4900
B20274037,40.753,C60,26.5,4900
B20274038,114.076,C60,26.5,7000
B20274039,104.108,C60,26.5,7000
B20274040,82.748,C60,26.5,4900
B20274041,67.285,C60,26.5,6300
B20274042,73.412,C60,26.5,6100
B20274043,32.66,C60,26.5,4900
B20274044,104.097,C60,26.5,8970
B20274045,46.795,C60,26.5,7960
B20274046,58.865,C60,26.5,4900
B20274047,98.719,C60,26.5,4900
B20274048,34.113,C60,26.5,4901
B20274049,43.713,C60,26.5,4800
B20274050,36.354,C60,26.5,11000
B20274051,42.177,C60,26.5,4900
B20274052,127.111,C60,26.5,10950
B20274053,56.434,C60,26.5,5360
B20274054,77.493,C60,26.5,7140
B20274055,131.048,C60,26.5,9540
B20274056,133.988,C60,26.5,4900
B20274057,31.708,C60,26.5,4900
B20274058,46.761,C60,26.5,4900
B20274059,44.485,C60,26.5,4800
B20274060,78.282,C60,26.5,4900
B20274061,38.743,C60,26.5,6400
B20274062,42.567,C60,26.5,4900
B20274063,133.476,C60,26.5,5500
B20274064,43.389,C60,26.5,4400
B20274065,92.062,C60,26.5,4675
B20274066,32.762,C60,26.5,5800
B20274067,70.223,C60,26.5,6400
B20274068,61.513,C60,26.5,4750
B20274069,51.739,C60,26.5,4900
B20274070,32.704,C60,26.5,7400
B20274071,102.196,C60,26.5,4900
B20274072,36.118,C60,26.5,7400
B20274073,117.187,C60,26.5,4500
B20274074,80.15,C60,26.5,6400
B20274075,100.177,C60,26.5,4600
B20274076,55.434,C60,26.5,4500
B20274077,44.367,C60,26.5,4900
B20274078,100.168,C60,26.5,6400
B20274079,35.924,C60,26.5,8970
B20274080,58.326,C60,26.5,6100
B20274081,57.781,C60,26.5,4900
B20274082,39.993,C60,26.5,4420
B20274083,67.928,C60,26.5,9340
B20274084,74.873,C60,26.5,5700
B20274085,41.696,C60,26.5,6400
B20274086,51.088,C60,26.5,7000
B20274087,50.922,C60,26.5,4900
B20274088,117.276,C60,26.5,5150
B20274089,60.702,C60,26.5,11540
B20274090,60.818,C60,26.5,6400
B20274091,30.314,C60,26.5,4900
B20274092,33.539,C60,26.5,4800
B20274093,41.44,C60,26.5,8100
B20274094,77.02,C60,26.5,4900
B20274095,51.921,C60,26.5,8280
B20274096,26.669,C60,26.5,5900
B20274097,37.969,C60,26.5,4900
B20274098,34.976,C60,26.5,6100
B20274099,101.902,C60,26.5,5900
B20274100,43.569,C60,26.5,6150
B20274101,53.585,C60,26.5,7750
B20274102,58.841,C60,26.5,5700
B20274103,91.55,C60,26.5,4900
B20274104,83.621,C60,26.5,4900
B20274105,33.595,C60,26.5,5150
B20274106,137.539,C60,26.5,10060
B20274107,136.97,C60,26.5,8970
B20274108,32.521,C60,26.5,4830
B20274109,32.847,C60,26.5,6000
B20274110,52.394,C60,26.5,6400
B20274111,89.452,C60,26.5,6400
B20274112,43.071,C60,26.5,10900
B20274113,36.979,C60,26.5,4900
B20274114,156,C60,26.5,6400
B20274115,133.578,C60,26.5,4900
B20274116,99.625,C60,26.5,6400
B20274117,38.148,C60,26.5,4900
B20274118,82.59,C60,26.5,6400
B20274119,100.903,C60,26.5,4900
B20274120,26.982,C60,26.5,8100
B20274121,39.453,C60,26.5,5900
B20274122,54.978,C60,26.5,4900
B20274123,67.262,C60,26.5,4900
B20274124,28.162,C60,26.5,4900
B20274125,40.237,C60,26.5,4900
B20274126,66.872,C60,26.5,6000
B20274127,28.161,C60,26.5,8280
B20274128,66.579,C60,26.5,6100
B20274129,33.03,C60,26.5,5550
B20274130,45.981,C60,26.5,4900
B20274131,46.9,C60,26.5,4900
B20274132,41.912,C60,26.5,6400
B20274133,72.622,C60,26.5,6400
B20274134,51.313,C60,26.5,4900
B20274135,75.443,C60,26.5,7000
B20274136,24.955,C60,26.5,4900
B20274137,34,C60,26.5,4900
B20274138,117.405,C60,26.5,6100
B20274139,40.836,C60,26.5,4500
B20274140,62.365,C60,26.5,4900
B20274141,33.025,C60,26.5,6840
B20274142,86.649,C60,26.5,9000
B20274143,43.804,C60,26.5,7000
B20274144,41.015,C60,26.5,4900
B20274145,25.4,C60,26.5,7000
B20274146,59.459,C60,26.5,6400
B20274147,67.223,C60,26.5,6250
B20274148,27.502,C60,26.5,4900
B20274149,47.342,C60,26.5,7080
B20274150,35.323,C60,26.5,4900
B20274151,33.865,C60,26.5,6400
B20274152,106.569,C60,26.5,6360
B20274153,37.171,C60,26.5,10620
B20274154,39.58,C60,26.5,4400
B20274155,132.595,C60,26.5,5400
B20274156,45.897,C60,26.5,3820
B20274157,56.353,C60,26.5,4900
B20274158,40.283,C60,26.5,6550
B20274159,87.756,C60,26.5,4900
B20274160,132.357,C60,26.5,6740
B20274161,78.603,C60,26.5,4900
B20274162,44.882,C60,26.5,6900
B20274163,73.106,C60,26.5,6400
B20274164,39.055,C60,26.5,4960
B20274165,62.034,C60,26.5,7000
B20274166,72.321,C60,26.5,7960
B20274167,25.463,C60,26.5,10950
B20274168,47.501,C60,26.5,6400
B20274169,71.562,C60,26.5,3800
B20274170,90.412,C60,26.5,7000
B20274171,40.771,C60,26.5,5150
B20274172,152.621,C60,26.5,6100
B20274173,74.316,C60,26.5,7140
B20274174,136.229,C60,26.5,6650
B20274175,34.57,C60,26.5,4900
B20274176,83.535,C60,26.5,8050
B20274177,59.415,C60,26.5,4600
B20274178,26.134,C60,26.5,4600
B20274179,33.246,C60,26.5,4900
B20274180,115.101,C60,26.5,7750
B20274181,47.139,C60,26.5,4900
B20274182,33.574,C60,26.5,4960
B20274183,34.801,C60,26.5,6850
B20274184,99.929,C60,26.5,4970
B20274185,61.396,C60,26.5,6150
B20274186,40.129,C60,26.5,4900
B20274187,42.899,C60,26.5,4900
B20274188,62.217,C60,26.5,5550
B20274189,62.335,C60,26.5,6680
B20274190,31.669,C60,26.5,7000
B20274191,57.229,C60,26.5,5300
B20274192,83.648,C60,26.5,4900
B20274193,54.816,C60,26.5,4900
B20274194,26.721,C60,26.5,6000
B20274195,106.489,C60,26.5,4900
B20274196,35.718,C60,26.5,3820
B20274197,69.441,C60,26.5,5300
B20274198,59.894,C60,26.5,11540
B20274199,56.772,C60,26.5,4900
B20274200,26.686,C60,26.5,6100
B20274201,75.065,C60,26.5,4780
B20274202,32.359,C60,26.5,5970
B20274203,34.293,C60,26.5,4900
B20274204,35.221,C60,26.5,4900
B20274205,73.476,C60,26.5,8400
B20274206,133.859,C60,26.5,6100
B20274207,78.929,C60,26.5,5018
B20274208,32.815,C60,26.5,4900
B20274209,67.82,C60,26.5,4900
B20274210,130.77,C60,26.5,6100
B20274211,39.324,C60,26.5,4900
B20274212,115.254,C60,26.5,4900
B20274213,62.22,C60,26.5,4900
B20274214,41.293,C60,26.5,5900
B20274215,37.089,C60,26.5,4900
B20274216,27.207,C60,26.5,4900
B20274217,138.02,C60,26.5,7000
B20274218,34.715,C60,26.5,5995
B20274219,58.094,C60,26.5,6100
B20274220,52.254,C60,26.5,4900
B20274221,58.779,C60,26.5,4900
B20274222,153.122,C60,26.5,4901
B20274223,45.63,C60,26.5,7392
B20274224,50.147,C60,26.5,4900
B20274225,52.609,C60,26.5,5060
B20274226,60.448,C60,26.5,4901
B20274227,104.12,C60,26.5,4420
B20274228,33.835,C60,26.5,4800
B20274229,145.678,C60,26.5,4900
B20274230,34.964,C60,26.5,4900
B20274231,38.651,C60,26.5,7000
B20274232,46.886,C60,26.5,5900
B20274233,48.37,C60,26.5,4900
B20274234,53.043,C60,26.5,4525
B20274235,36.426,C60,26.5,4900
B20274236,32.883,C60,26.5,5900
B20274237,47.279,C60,26.5,7950
B20274238,51.462,C60,26.5,7750
B20274239,26.292,C60,26.5,6300
B20274240,66.205,C60,26.5,7900
B20274241,33.9,C60,26.5,10000
B20274242,40.995,C60,26.5,10620
B20274243,144.918,C60,26.5,7750
B20274244,62.341,C60,26.5,6680
B20274245,50.534,C60,26.5,7750
B20274246,51.087,C60,26.5,4700
B20274247,78.2,C60,26.5,6100
B20274248,119.148,C60,26.5,4900
B20274249,52.994,C60,26.5,6600
B20274250,44.761,C60,26.5,4900
B20274251,33.418,C60,26.5,7000
B20274252,47.515,C60,26.5,11400
B20274253,50.746,C60,26.5,4800
B20274254,56.097,C60,26.5,4900
B20274255,32.904,C60,26.5,5530
B20274256,97.798,C60,26.5,7000
B20274257,34.403,C60,26.5,7000
B20274258,62.541,C60,26.5,5470
B20274259,46.166,C60,26.5,3900
B20274260,73.364,C60,26.5,8900
B20274261,89.917,C60,26.5,4800
B20274262,46.398,C60,26.5,6600
B20274263,66.461,C60,26.5,7392
B20274264,45.577,C60,26.5,5900
B20274265,30.337,C60,26.5,4900
B20274266,77.793,C60,26.5,4900
B20274267,52.576,C60,26.5,4700
B20274268,46.368,C60,26.5,6000
B20274269,76.63,C60,26.5,8150
B20274270,28.062,C60,26.5,6400
B20274271,38.724,C60,26.5,6700
B20274272,94.004,C60,26.5,4900
B20274273,88.125,C60,26.5,4900
B20274274,40.788,C60,26.5,4901
B20274275,52.865,C60,26.5,4900
B20274276,58.313,C60,26.5,4900
B20274277,41.086,C60,26.5,6400
B20274278,81.752,C60,26.5,4500
B20274279,77.051,C60,26.5,4800
B20274280,116.862,C60,26.5,4900
B20274281,107.329,C60,26.5,7000
B20274282,49.34,C60,26.5,11400
B20274283,50.63,C60,26.5,4900
B20274284,31.038,C60,26.5,4900
B20274285,51.241,C60,26.5,5260
B20274286,72.027,C60,26.5,4900
B20274287,61.054,C60,26.5,4901
B20274288,57.732,C60,26.5,4900
B20274289,31.705,C60,26.5,4900
B20274290,151.8,C60,26.5,6100
B20274291,31.558,C60,26.5,7000
B20274292,92.964,C60,26.5,4800
B20274293,41.291,C60,26.5,7000
B20274294,36.824,C60,26.5,9540
B20274295,68.668,C60,26.5,4901
B20274296,34.454,C60,26.5,7200
B20274297,112.822,C60,26.5,5600
B20274298,137.433,C60,26.5,6900
B20274299,118.816,C60,26.5,4900
B20274300,58.316,C60,26.5,4750
B20274301,42.396,C60,26.5,4800
B20274302,36.358,C60,26.5,4900
B20274303,33.879,C60,26.5,5600
B20274304,39.193,C60,26.5,9540
B20274305,55.02,C60,26.5,4900
B20274306,57.361,C60,26.5,4900
B20274307,57.685,C60,26.5,4900
B20274308,44.312,C60,26.5,4900
B20274309,77.53,C60,26.5,4300
B20274310,50.634,C60,26.5,6100
B20274311,45.332,C60,26.5,6400
B20274312,66.606,C60,26.5,6100
B20274313,67.329,C60,26.5,4900
B20274314,26.582,C60,26.5,4900
B20274315,47.175,C60,26.5,4900
B20274316,34.125,C60,26.5,7000
B20274317,71.225,C60,26.5,4900
B20274318,59.478,C60,26.5,4900
B20274319,119.315,C60,26.5,6100
B20274320,47.147,C60,26.5,6900
B20274321,148.795,C60,26.5,7750
B20274322,69.618,C60,26.5,4900
B20274323,91.78,C60,26.5,6100
B20274324,33.12,C60,26.5,5995
B20274325,92.045,C60,26.5,6070
B20274326,79.212,C60,26.5,4900
B20274327,89.06,C60,26.5,4900
B20274328,54.334,C60,26.5,4900
B20274329,44.804,C60,26.5,6800
B20274330,47.616,C60,26.5,9340
B20274331,47.004,C60,26.5,4700
B20274332,52.691,C60,26.5,4900
B20274333,55.266,C60,26.5,4900
B20274334,57.728,C60,26.5,4800
B20274335,54.029,C60,26.5,8780
B20274336,52.223,C60,26.5,4900
B20274337,80.378,C60,26.5,4420
B20274338,37.579,C60,26.5,4400
B20274339,27.346,C60,26.5,9340
B20274340,45.966,C60,26.5,4900
B20274341,95.671,C60,26.5,7750
B20274342,39.749,C60,26.5,4800
B20274343,77.019,C60,26.5,8970
B20274344,37.958,C60,26.5,4900
B20274345,70.395,C60,26.5,6400
B20274346,53.498,C60,26.5,4900
B20274347,31.676,C60,26.5,5900
B20274348,49.65,C60,26.5,4900
B20274349,53.921,C60,26.5,6100
B20274350,48.634,C60,26.5,4970
B20274351,47.498,C60,26.5,6400
B20274352,114.436,C60,26.5,6100
B20274353,40.317,C60,26.5,6100
B20274354,60.289,C60,26.5,5060
B20274355,56.208,C60,26.5,7400
B20274356,150.141,C60,26.5,6400
B20274357,57.803,C60,26.5,9000
B20274358,36.481,C60,26.5,7000
B20274359,51.437,C60,26.5,4900
B20274360,63.958,C60,26.5,7750
B20274361,59.811,C60,26.5,4900
B20274362,47.381,C60,26.5,6600
B20274363,52.573,C60,26.5,6300
B20274364,40.079,C60,26.5,4900
B20274365,27.073,C60,26.5,4900
B20274366,72.848,C60,26.5,4780
B20274367,33.576,C60,26.5,4900
B20274368,141.177,C60,26.5,5150
B20274369,33.969,C60,26.5,6000
B20274370,32.896,C60,26.5,4500
B20274371,93.258,C60,26.5,4900
B20274372,34.181,C60,26.5,4700
B20274373,40.211,C60,26.5,4900
B20274374,59.792,C60,26.5,4900
B20274375,32.433,C60,26.5,4900
B20274376,35.174,C60,26.5,4900
B20274377,96.023,C60,26.5,4900
B20274378,65.071,C60,26.5,4900
B20274379,75.545,C60,26.5,8150
B20274380,33.347,C60,26.5,10900
B20274381,39.071,C60,26.5,5200
B20274382,50.022,C60,26.5,8780
B20274383,63.21,C60,26.5,7080
B20274384,33.997,C60,26.5,4900
B20274385,85.103,C60,26.5,4900
B20274386,32.969,C60,26.5,6100
B20274387,115.824,C60,26.5,6100
B20274388,34.861,C60,26.5,4900
B20274389,58.543,C60,26.5,4900
B20274390,99.372,C60,26.5,9000
B20274391,72.076,C60,26.5,6400
B20274392,71.345,C60,26.5,4900
B20274393,55.618,C60,26.5,4900
B20274394,103.842,C60,26.5,9000
B20274395,131.407,C60,26.5,4900
B20274396,50.434,C60,26.5,4900
B20274397,32.574,C60,26.5,7900
B20274398,45.14,C60,26.5,6100
B20274399,56.476,C60,26.5,4600
B20274400,71.509,C60,26.5,4900
B20274401,59.915,C60,26.5,7000
B20274402,32.862,C60,26.5,4550
B20274403,96.435,C60,26.5,7750
B20274404,136.559,C60,26.5,4900
B20274405,126.756,C60,26.5,4900
B20274406,80.762,C60,26.5,5018
B20274407,48.298,C60,26.5,4940
B20274408,60.464,C60,26.5,6780
B20274409,45.365,C60,26.5,6600
B20274410,47.14,C60,26.5,4900
B20274411,46.1,C60,26.5,8900
B20274412,28.211,C60,26.5,4900
B20274413,78.487,C60,26.5,4900
B20274414,61.153,C60,26.5,5900
B20274415,37.352,C60,26.5,3900
B20274416,44.933,C60,26.5,6100
B20274417,66.484,C60,26.5,11400
B20274418,57.413,C60,26.5,5400
B20274419,38.095,C60,26.5,4900
B20274420,48.344,C60,26.5,4900
B20274421,31.692,C60,26.5,7000
B20274422,34.901,C60,26.5,6100
B20274423,146.3,C60,26.5,8400
B20274424,42.074,C60,26.5,9540
B20274425,33.691,C60,26.5,4900
B20274426,38.426,C60,26.5,7200
B20274427,90.212,C60,26.5,4900
B20274428,38.503,C60,26.5,5060
B20274429,116.419,C60,26.5,6100
B20274430,41.627,C60,26.5,4900
B20274431,84.874,C60,26.5,4900
B20274432,148.438,C60,26.5,4900
B20274433,32.316,C60,26.5,5150
B20274434,31.871,C60,26.5,7650
B20274435,63.591,C60,26.5,10060
B20274436,38.452,C60,26.5,4900
B20274437,84.974,C60,26.5,4900
B20274438,81.871,C60,26.5,6400
B20274439,53.534,C60,26.5,8120
B20274440,68.602,C60,26.5,4900
B20274441,35.697,C60,26.5,8230
B20274442,41.876,C60,26.5,4900
B20274443,31.556,C60,26.5,7000
B20274444,31.531,C60,26.5,6300
B20274445,80.396,C60,26.5,4901
B20274446,49.973,C60,26.5,5360
B20274447,43.713,C60,26.5,4900
B20274448,78.006,C60,26.5,4900
B20274449,86.983,C60,26.5,4800
B20274450,46.096,C60,26.5,4900
B20274451,68.372,C60,26.5,4901
B20274452,60.549,C60,26.5,4900
B20274453,40.596,C60,26.5,3800
B20274454,69.591,C60,26.5,6250
B20274455,63.745,C60,26.5,7900
B20274456,112.513,C60,26.5,6400
B20274457,98.362,C60,26.5,4600
B20274458,52.794,C60,26.5,10000
B20274459,69.682,C60,26.5,6350
B20274460,94.218,C60,26.5,4900
B20274461,47.361,C60,26.5,4900
B20274462,30.132,C60,26.5,7000
B20274463,42.985,C60,26.5,4700
B20274464,45.395,C60,26.5,4900
B20274465,38.723,C60,26.5,4900
B20274466,54.766,C60,26.5,6280
B20274467,62.212,C60,26.5,4750
B20274468,152.325,C60,26.5,7750
B20274469,90.269,C60,26.5,9000
B20274470,135.942,C60,26.5,4900
B20274471,41.639,C60,26.5,4900
B20274472,35.076,C60,26.5,4525
B20274473,103.685,C60,26.5,6300
B20274474,57.379,C60,26.5,4900
B20274475,35.956,C60,26.5,4150
B20274476,24.438,C60,26.5,7400
B20274477,140.076,C60,26.5,6740
B20274478,54.456,C60,26.5,8280
B20274479,34.136,C60,26.5,4900
B20274480,90.416,C60,26.5,4900
B20274481,52.433,C60,26.5,7400
B20274482,96.673,C60,26.5,4900
B20274483,148.506,C60,26.5,4500
B20274484,33.916,C60,26.5,5300
B20274485,47.149,C60,26.5,4970
B20274486,34.575,C60,26.5,7750
B20274487,41.107,C60,26.5,9540
B20274488,53.241,C60,26.5,4900
B20274489,36.82,C60,26.5,5060
B20274490,40.961,C60,26.5,4900
B20274491,74.717,C60,26.5,4900
B20274492,87.326,C60,26.5,4800
B20274493,33.467,C60,26.5,4900
B20274494,153.371,C60,26.5,5900
B20274495,75.382,C60,26.5,6100
B20274496,34.095,C60,26.5,4900
B20274497,46.38,C60,26.5,6400
B20274498,64.77,C60,26.5,7000
B20274499,74.972,C60,26.5,4900
B20274500,54.841,C60,26.5,4800
B20274501,38.153,C60,26.5,7400
B20274502,76.447,C60,26.5,5900
B20274503,114.624,C60,26.5,4901
B20274504,34.687,C60,26.5,4900
B20274505,63.216,C60,26.5,6400
B20274506,28.118,C60,26.5,5200
B20274507,98.768,C60,26.5,4900
B20274508,99.709,C60,26.5,9000
B20274509,64.096,C60,26.5,6100
B20274510,88.209,C60,26.5,4900
B20274511,122.285,C60,26.5,4900
B20274512,58.535,C60,26.5,5400
B20274513,41.548,C60,26.5,4900
B20274514,81.05,C60,26.5,6400
B20274515,55.984,C60,26.5,4750
B20274516,34.725,C60,26.5,4900
B20274517,38.492,C60,26.5,4800
B20274518,54.281,C60,26.5,4900
B20274519,46.73,C60,26.5,5060
B20274520,59.036,C60,26.5,7000
B20274521,36.294,C60,26.5,4900
B20274522,42.679,C60,26.5,4900
B20274523,41.253,C60,26.5,9540
B20274524,54.049,C60,26.5,6680
B20274525,35.434,C60,26.5,8100
B20274526,31.719,C60,26.5,7200
B20274527,95.493,C60,26.5,4800
B20274528,76.235,C60,26.5,4900
B20274529,68.087,C60,26.5,4900
B20274530,137.071,C60,26.5,4900
B20274531,48.436,C60,26.5,5200
B20274532,60.286,C60,26.5,4901
B20274533,46.514,C60,26.5,5270
B20274534,34.411,C60,26.5,7000
B20274535,45.274,C60,26.5,6800
B20274536,34.156,C60,26.5,7000
B20274537,56.96,C60,26.5,4900
B20274538,32.641,C60,26.5,7000
B20274539,33.859,C60,26.5,5900
B20274540,31.796,C60,26.5,5900
B20274541,134.24,C60,26.5,5400
B20274542,32.843,C60,26.5,4900
B20274543,116.727,C60,26.5,7750
B20274544,93.133,C60,26.5,5900
B20274545,62.406,C60,26.5,8280
B20274546,101.149,C60,26.5,4900
B20274547,33.023,C60,26.5,5900
B20274548,35.044,C60,26.5,6900
B20274549,49.696,C60,26.5,7650
B20274550,33.831,C60,26.5,4900
B20274551,24.367,C60,26.5,4300
B20274552,81.701,C60,26.5,6780
B20274553,63.149,C60,26.5,4900
B20274554,33.501,C60,26.5,7200
B20274555,44.726,C60,26.5,5900
B20274556,59.565,C60,26.5,4900
B20274557,93.683,C60,26.5,7750
B20274558,34.879,C60,26.5,4400
B20274559,52.507,C60,26.5,6100
B20274560,50.186,C60,26.5,5900
B20274561,26.604,C60,26.5,4900
B20274562,34.622,C60,26.5,5600
B20274563,60.44,C60,26.5,6400
B20274564,34.391,C60,26.5,4900
B20274565,142.958,C60,26.5,4900
B20274566,66.017,C60,26.5,4900
B20274567,53.675,C60,26.5,8970
B20274568,63.744,C60,26.5,5900
B20274569,62.904,C60,26.5,7392
B20274570,123.014,C60,26.5,4900
B20274571,37.509,C60,26.5,4900
B20274572,39.179,C60,26.5,4900
B20274573,102.426,C60,26.5,6400
B20274574,56.858,C60,26.5,6900
B20274575,58.123,C60,26.5,7000
B20274576,62.487,C60,26.5,8400
B20274577,64.464,C60,26.5,5900
B20274578,107.849,C60,26.5,4900
B20274579,28.979,C60,26.5,4900
B20274580,37.573,C60,26.5,8230
B20274581,35.26,C60,26.5,4900
B20274582,38.742,C60,26.5,4900
B20274583,68.228,C60,26.5,5080
B20274584,72.918,C60,26.5,6400
B20274585,27.731,C60,26.5,5470
B20274586,72.984,C60,26.5,4900
B20274587,80.157,C60,26.5,4900
B20274588,51.16,C60,26.5,3820
B20274589,33.116,C60,26.5,7900
B20274590,46.055,C60,26.5,4900
B20274591,76.127,C60,26.5,4900
B20274592,41.485,C60,26.5,8100
B20274593,40.145,C60,26.5,4900
B20274594,37.864,C60,26.5,4900
B20274595,37.344,C60,26.5,5600
B20274596,77.229,C60,26.5,6400
B20274597,98.171,C60,26.5,3900
B20274598,36.904,C60,26.5,6400
B20274599,72.318,C60,26.5,4900
B20274600,62.038,C60,26.5,4900
B20274601,37.883,C60,26.5,6070
B20274602,135.138,C60,26.5,4900
B20274603,35.234,C60,26.5,7650
B20274604,111.189,C60,26.5,7000
B20274605,47.336,C60,26.5,4900
B20274606,38.259,C60,26.5,4900
B20274607,26.187,C60,26.5,4970
B20274608,47.323,C60,26.5,4900
B20274609,74.382,C60,26.5,8300
B20274610,42.865,C60,26.5,7000
B20274611,84.441,C60,26.5,4900
B20274612,99.312,C60,26.5,7000
B20274613,64.285,C60,26.5,6400
B20274614,40.788,C60,26.5,4900
B20274615,89.411,C60,26.5,7080
B20274616,29.939,C60,26.5,3900
B20274617,85.918,C60,26.5,4900
B20274618,33.349,C60,26.5,10680
B20274619,30.711,C60,26.5,4900
B20274620,91.199,C60,26.5,4800
B20274621,28.375,C60,26.5,4900
B20274622,64.412,C60,26.5,8180
B20274623,37.381,C60,26.5,4900
B20274624,131.525,C60,26.5,4900
B20274625,34.95,C60,26.5,5400
B20274626,61.242,C60,26.5,4900
B20274627,34.114,C60,26.5,4900
B20274628,90.89,C60,26.5,7000
B20274629,87.03,C60,26.5,6100
B20274630,38.881,C60,26.5,4800
B20274631,26.097,C60,26.5,4900
B20274632,46.808,C60,26.5,4900
B20274633,70.488,C60,26.5,4900
B20274634,58.875,C60,26.5,4900
B20274635,32.47,C60,26.5,4900
B20274636,30.375,C60,26.5,4900
B20274637,43.738,C60,26.5,4900
B20274638,38.357,C60,26.5,7000
B20274639,47.007,C60,26.5,4900
B20274640,72.91,C60,26.5,4900
B20274641,32.461,C60,26.5,4900
B20274642,133.386,C60,26.5,6100
B20274643,86.965,C60,26.5,4800
B20274644,53.917,C60,26.5,6250
B20274645,75.129,C60,26.5,4900
B20274646,46.179,C60,26.5,6100
B20274647,33.081,C60,26.5,4900
B20274648,37.547,C60,26.5,5060
B20274649,102.92,C60,26.5,4830
B20274650,58.662,C60,26.5,4900
B20274651,64.567,C60,26.5,10000
B20274652,50.211,C60,26.5,7400
B20274653,37.887,C60,26.5,5530
B20274654,57.465,C60,26.5,10900
B20274655,33.062,C60,26.5,5800
B20274656,147.255,C60,26.5,6400
B20274657,62.265,C60,26.5,4900
B20274658,139.958,C60,26.5,4900
B20274659,50.348,C60,26.5,4900
B20274660,33.007,C60,26.5,4900
B20274661,107.795,C60,26.5,4900
B20274662,32.261,C60,26.5,4800
B20274663,98.886,C60,26.5,6100
B20274664,64.359,C60,26.5,4900
B20274665,40.258,C60,26.5,4900
B20274666,79.552,C60,26.5,4900
B20274667,34.258,C60,26.5,5150
B20274668,28.267,C60,26.5,7300
B20274669,43.384,C60,26.5,4400
B20274670,37.211,C60,26.5,6900
B20274671,48.033,C60,26.5,7750
B20274672,35.639,C60,26.5,8970
B20274673,38.372,C60,26.5,4700
B20274674,45.21,C60,26.5,4900
B20274675,56.101,C60,26.5,4900
B20274676,34.889,C60,26.5,6400
B20274677,34.902,C60,26.5,6740
B20274678,33.151,C60,26.5,4900
B20274679,57.779,C60,26.5,4900
B20274680,147.379,C60,26.5,4900
B20274681,64.083,C60,26.5,6400
B20274682,105.304,C60,26.5,4900
B20274683,27.635,C60,26.5,4600
B20274684,55.675,C60,26.5,4900
B20274685,95.057,C60,26.5,8230
B20274686,122.246,C60,26.5,4900
B20274687,51.103,C60,26.5,6300
B20274688,78.552,C60,26.5,4900
B20274689,50.428,C60,26.5,4900
B20274690,130.865,C60,26.5,6900
B20274691,86.297,C60,26.5,4900
B20274692,27.435,C60,26.5,5900
B20274693,37.176,C60,26.5,7950
B20274694,34.21,C60,26.5,8200
B20274695,71.963,C60,26.5,4900
B20274696,36.887,C60,26.5,4900
B20274697,56.236,C60,26.5,10860
B20274698,78.332,C60,26.5,4800
B20274699,119.57,C60,26.5,4750
B20274700,38.957,C60,26.5,5900
B20274701,33.963,C60,26.5,7900
B20274702,25.389,C60,26.5,4900
B20274703,55.34,C60,26.5,10680
B20274704,26.362,C60,26.5,4930
B20274705,130.314,C60,26.5,10680
B20274706,66.131,C60,26.5,4900
B20274707,72.407,C60,26.5,4900
B20274708,84.649,C60,26.5,6400
B20274709,32.379,C60,26.5,5900
B20274710,42.163,C60,26.5,4900
B20274711,46.782,C60,26.5,5400
B20274712,40.528,C60,26.5,4830
B20274713,33.263,C60,26.5,4700
B20274714,73.218,C60,26.5,4780
B20274715,74.891,C60,26.5,4900
B20274716,26.639,C60,26.5,5900
B20274717,25.791,C60,26.5,6350
B20274718,54.673,C60,26.5,4900
B20274719,62.973,C60,26.5,4900
B20274720,69.125,C60,26.5,6250
B20274721,87.239,C60,26.5,4900
B20274722,44.585,C60,26.5,4675
B20274723,53.352,C60,26.5,6100
B20274724,38.571,C60,26.5,11050
B20274725,151.523,C60,26.5,5150
B20274726,34.008,C60,26.5,4900
B20274727,28.559,C60,26.5,6400
B20274728,54.355,C60,26.5,4900
B20274729,51.308,C60,26.5,10060
B20274730,36.411,C60,26.5,4940
B20274731,104.27,C60,26.5,4900
B20274732,55.733,C60,26.5,8200
B20274733,51.566,C60,26.5,5800
B20274734,34.778,C60,26.5,6740
B20274735,47.021,C60,26.5,5900
B20274736,60.988,C60,26.5,7000
B20274737,32.936,C60,26.5,6250
B20274738,80.341,C60,26.5,5360
B20274739,47.295,C60,26.5,4900
B20274740,73.769,C60,26.5,4900
B20274741,26.32,C60,26.5,6400
B20274742,28.455,C60,26.5,4600
B20274743,54.85,C60,26.5,6400
B20274744,75.086,C60,26.5,4900
B20274745,46.118,C60,26.5,4900
B20274746,50.018,C60,26.5,4900
B20274747,32.286,C60,26.5,5900
B20274748,34.102,C60,26.5,5300
B20274749,154.862,C60,26.5,4900
B20274750,72.215,C60,26.5,6300
B20274751,38.47,C60,26.5,4900
B20274752,80.207,C60,26.5,6650
B20274753,34.321,C60,26.5,11000
B20274754,81.79,C60,26.5,4940
B20274755,72.049,C60,26.5,4900
B20274756,77.237,C60,26.5,5050
B20274757,54.766,C60,26.5,6400
B20274758,37.683,C60,26.5,5900
B20274759,33.549,C60,26.5,4800
B20274760,63.672,C60,26.5,6400
B20274761,39.455,C60,26.5,5900
B20274762,60.362,C60,26.5,4901
B20274763,47.923,C60,26.5,5018
B20274764,34.677,C60,26.5,7000
B20274765,28.406,C60,26.5,6400
B20274766,27.329,C60,26.5,4900
B20274767,60.176,C60,26.5,7000
B20274768,56.164,C60,26.5,4900
B20274769,80.491,C60,26.5,5900
B20274770,38.268,C60,26.5,9540
B20274771,54.084,C60,26.5,7750
B20274772,51.299,C60,26.5,7000
B20274773,28.227,C60,26.5,4900
B20274774,36.872,C60,26.5,4900
B20274775,44.975,C60,26.5,5900
B20274776,47.362,C60,26.5,3900
B20274777,95.918,C60,26.5,4900
B20274778,53.406,C60,26.5,4900
B20274779,34.035,C60,26.5,5900
B20274780,31.785,C60,26.5,7300
B20274781,106.345,C60,26.5,5000
B20274782,37.684,C60,26.5,4900
B20274783,52.512,C60,26.5,9340
B20274784,34.724,C60,26.5,7200
B20274785,54.719,C60,26.5,5360
B20274786,34.779,C60,26.5,4900
B20274787,29.831,C60,26.5,7650
B20274788,52.45,C60,26.5,5900
B20274789,103.468,C60,26.5,6900
B20274790,32.12,C60,26.5,5360
B20274791,32.89,C60,26.5,4400
B20274792,54.677,C60,26.5,4900
B20274793,97.638,C60,26.5,4900
B20274794,75.228,C60,26.5,7650
B20274795,85.771,C60,26.5,4900
B20274796,31.652,C60,26.5,5900
B20274797,39.533,C60,26.5,4900
B20274798,69.004,C60,26.5,6140
B20274799,32.669,C60,26.5,4900
B20274800,39.626,C60,26.5,5300
B20274801,131.543,C60,26.5,4900
B20274802,39.017,C60,26.5,5400
B20274803,86.618,C60,26.5,7000
B20274804,40.288,C60,26.5,7400
B20274805,95.894,C60,26.5,7000
B20274806,155.108,C60,26.5,6100
B20274807,42.552,C60,26.5,6900
B20274808,90.446,C60,26.5,5050
B20274809,32.539,C60,26.5,7900
B20274810,83.807,C60,26.5,4900
B20274811,49.389,C60,26.5,7650
B20274812,34.299,C60,26.5,4400
B20274813,89.789,C60,26.5,5000
B20274814,56.181,C60,26.5,4900
B20274815,72.71,C60,26.5,6400
B20274816,53.998,C60,26.5,7240
B20274817,73.96,C60,26.5,4900
B20274818,61.205,C60,26.5,6400
B20274819,50.575,C60,26.5,6300
B20274820,39.95,C60,26.5,8180
B20274821,73.572,C60,26.5,4900
B20274822,40.953,C60,26.5,4800
B20274823,91.21,C60,26.5,7080
B20274824,76.988,C60,26.5,4900
B20274825,61.668,C60,26.5,4901
B20274826,32.376,C60,26.5,5200
B20274827,144.303,C60,26.5,7750
B20274828,33.988,C60,26.5,7200
B20274829,48.53,C60,26.5,4900
B20274830,46.529,C60,26.5,4900
B20274831,40.07,C60,26.5,10860
B20274832,73.943,C60,26.5,4900
B20274833,47.195,C60,26.5,5700
B20274834,86.118,C60,26.5,5000
B20274835,65.488,C60,26.5,4901
B20274836,56.386,C60,26.5,6800
B20274837,75.422,C60,26.5,4900
B20274838,60.149,C60,26.5,4750
B20274839,50.038,C60,26.5,6780
B20274840,32.078,C60,26.5,4900
B20274841,92.791,C60,26.5,4450
B20274842,44.571,C60,26.5,7950
B20274843,69.669,C60,26.5,6401
B20274844,46.463,C60,26.5,4900
B20274845,37.13,C60,26.5,4900
B20274846,38.278,C60,26.5,10620
B20274847,39.327,C60,26.5,4900
B20274848,151.935,C60,26.5,11120
B20274849,149.04,C60,26.5,5150
B20274850,66.201,C60,26.5,4900
B20274851,26.076,C60,26.5,4900
B20274852,63.054,C60,26.5,4900
B20274853,49.034,C60,26.5,4900
B20274854,96.805,C60,26.5,4790
B20274855,24.295,C60,26.5,7000
B20274856,44.728,C60,26.5,7000
B20274857,46.748,C60,26.5,4900
B20274858,64.437,C60,26.5,6100
B20274859,50.144,C60,26.5,4830
B20274860,137.974,C60,26.5,6900
B20274861,30.103,C60,26.5,7000
B20274862,33.808,C60,26.5,4800
B20274863,144.961,C60,26.5,4901
B20274864,44.37,C60,26.5,4800
B20274865,130.551,C60,26.5,5060
B20274866,41.839,C60,26.5,6400
B20274867,47.404,C60,26.5,5900
B20274868,50.824,C60,26.5,8050
B20274869,77.837,C60,26.5,5800
B20274870,108.101,C60,26.5,5600
B20274871,67.228,C60,26.5,4900
B20274872,103.625,C60,26.5,4790
B20274873,60.047,C60,26.5,4900
B20274874,46.699,C60,26.5,7750
B20274875,142.46,C60,26.5,4900
B20274876,45.944,C60,26.5,7860
B20274877,49.46,C60,26.5,6900
B20274878,57.127,C60,26.5,5060
B20274879,63.685,C60,26.5,4900
B20274880,125.243,C60,26.5,4900
B20274881,29.777,C60,26.5,4900
B20274882,77.694,C60,26.5,4900
B20274883,34.588,C60,26.5,5900
B20274884,33.673,C60,26.5,6400
B20274885,41.064,C60,26.5,10620
B20274886,43.783,C60,26.5,5000
B20274887,95.069,C60,26.5,4900
B20274888,46.862,C60,26.5,5900
B20274889,85.144,C60,26.5,4900
B20274890,81.88,C60,26.5,4900
B20274891,52.357,C60,26.5,7000
B20274892,35.414,C60,26.5,4900
B20274893,53.861,C60,26.5,4900
B20274894,89.495,C60,26.5,4900
B20274895,88.507,C60,26.5,7400
B20274896,57.203,C60,26.5,9340
B20274897,54.897,C60,26.5,6400
B20274898,61.559,C60,26.5,5300
B20274899,46.898,C60,26.5,5300
B20274900,53.511,C60,26.5,4150
B20274901,30.045,C60,26.5,6300
B20274902,49.97,C60,26.5,5150
B20274903,35.552,C60,26.5,4900
B20274904,72.098,C60,26.5,11050
B20274905,47.193,C60,26.5,5800
B20274906,44.931,C60,26.5,4900
B20274907,33.797,C60,26.5,5530
B20274908,47.638,C60,26.5,5800
B20274909,84.733,C60,26.5,7000
B20274910,50.816,C60,26.5,4900
B20274911,39.819,C60,26.5,10620
B20274912,58.429,C60,26.5,4900
B20274913,49.453,C60,26.5,4900
B20274914,40.578,C60,26.5,4900
B20274915,40.814,C60,26.5,4900
B20274916,41.028,C60,26.5,4900
B20274917,99.625,C60,26.5,4900
B20274918,55.386,C60,26.5,4700
B20274919,46.722,C60,26.5,5500
B20274920,40.099,C60,26.5,4900
B20274921,35.887,C60,26.5,4900
B20274922,34.464,C60,26.5,4900
B20274923,35.201,C60,26.5,6400
B20274924,37.164,C60,26.5,4900
B20274925,60.752,C60,26.5,6100
B20274926,32.828,C60,26.5,4900
B20274927,32.417,C60,26.5,7000
B20274928,46.318,C60,26.5,4900
B20274929,35.166,C60,26.5,4900
B20274930,63.076,C60,26.5,6400
B20274931,57.068,C60,26.5,6400
B20274932,31.873,C60,26.5,6300
B20274933,38.687,C60,26.5,8780
B20274934,40.939,C60,26.5,8780
B20274935,39.425,C60,26.5,6400
B20274936,74.667,C60,26.5,4900
B20274937,53.568,C60,26.5,4900
B20274938,62.302,C60,26.5,4930
B20274939,78.991,C60,26.5,4900
B20274940,38.648,C60,26.5,7650
B20274941,102.243,C60,26.5,6900
B20274942,86.052,C60,26.5,6400
B20274943,144.096,C60,26.5,7750
B20274944,47.074,C60,26.5,4950
B20274945,32.357,C60,26.5,4900
B20274946,39.843,C60,26.5,4900
B20274947,46.034,C60,26.5,6100
B20274948,33.542,C60,26.5,4900
B20274949,41.035,C60,26.5,4500
B20274950,53.72,C60,26.5,4900
B20274951,44.709,C60,26.5,5700
B20274952,34.829,C60,26.5,7000
B20274953,31.869,C60,26.5,7650
B20274954,34.205,C60,26.5,4900
B20274955,35.963,C60,26.5,7300
B20274956,32.127,C60,26.5,7000
B20274957,131.69,C60,26.5,6100
B20274958,34.042,C60,26.5,5900
B20274959,29.988,C60,26.5,4900
B20274960,43.515,C60,26.5,4900
B20274961,45.603,C60,26.5,5400
B20274962,64.046,C60,26.5,6100
B20274963,109.971,C60,26.5,7240
B20274964,39.672,C60,26.5,4900
B20274965,33.901,C60,26.5,7950
B20274966,59.961,C60,26.5,6400
B20274967,55.244,C60,26.5,4900
B20274968,44.706,C60,26.5,4900
B20274969,46.52,C60,26.5,6100
B20274970,85.615,C60,26.5,4900
B20274971,44.231,C60,26.5,5330
B20274972,52.138,C60,26.5,8050
B20274973,80.93,C60,26.5,8400
B20274974,37.593,C60,26.5,4900
B20274975,150.569,C60,26.5,4900
B20274976,60.567,C60,26.5,5900
B20274977,44.765,C60,26.5,7960
B20274978,28.192,C60,26.5,5200
B20274979,32.408,C60,26.5,8050
B20274980,58.566,C60,26.5,5300
B20274981,24.954,C60,26.5,5050
B20274982,54.295,C60,26.5,4900
B20274983,73.459,C60,26.5,8150
B20274984,36.219,C60,26.5,4400
B20274985,28.354,C60,26.5,5900
B20274986,35.557,C60,26.5,4900
B20274987,51.332,C60,26.5,6100
B20274988,67.044,C60,26.5,9340
B20274989,70.093,C60,26.5,4900
B20274990,39.753,C60,26.5,3800
B20274991,29.557,C60,26.5,8280
B20274992,30.326,C60,26.5,9000
B20274993,51.66,C60,26.5,4900
B20274994,90.515,C60,26.5,6100
B20274995,33.24,C60,26.5,8650
B20274996,52.028,C60,26.5,8050
B20274997,50.665,C60,26.5,3820
B20274998,33.518,C60,26.5,6900
B20274999,33.051,C60,26.5,4900
B20275000,23.618,C60,26.5,4900
B20275001,46.843,C60,26.5,6800
B20275002,29.306,C60,26.5,4900
B20275003,32.226,C60,26.5,8200
B20275004,33.675,C60,26.5,6400
B20275005,84.315,C60,26.5,6140
B20275006,25.595,C60,26.5,4900
B20275007,28.292,C60,26.5,4901
B20275008,143.91,C60,26.5,5060
B20275009,72.501,C60,26.5,6550
B20275010,39.492,C60,26.5,4930
B20275011,51.233,C60,26.5,6300
B20275012,44.576,C60,26.5,4900
B20275013,83.918,C60,26.5,9000
B20275014,152.202,C60,26.5,4800
B20275015,83.584,C60,26.5,4900
B20275016,45.541,C60,26.5,4900
B20275017,61.148,C60,26.5,10000
B20275018,47.451,C60,26.5,4900
B20275019,45.632,C60,26.5,7960
B20275020,79.508,C60,26.5,4900
B20275021,37.925,C60,26.5,4900
B20275022,45.053,C60,26.5,5200
B20275023,38.618,C60,26.5,4800
B20275024,45.685,C60,26.5,5330
B20275025,81.315,C60,26.5,4900
B20275026,45.087,C60,26.5,5400
B20275027,35.283,C60,26.5,6100
B20275028,154.401,C60,26.5,4900
B20275029,64.373,C60,26.5,5900
B20275030,42.739,C60,26.5,4900
B20275031,34.126,C60,26.5,7650
B20275032,45.581,C60,26.5,4900
B20275033,85.672,C60,26.5,4900
B20275034,93.761,C60,26.5,6400
B20275035,102.56,C60,26.5,6100
B20275036,76.673,C60,26.5,4900
B20275037,59.194,C60,26.5,10000
B20275038,43.963,C60,26.5,6000
B20275039,70.966,C60,26.5,9340
B20275040,43.174,C60,26.5,4900
B20275041,94.101,C60,26.5,8050
B20275042,84.627,C60,26.5,4900
B20275043,46.841,C60,26.5,8400
B20275044,81.831,C60,26.5,10000
B20275045,76.241,C60,26.5,4900
B20275046,38.454,C60,26.5,4900
B20275047,32.054,C60,26.5,7000
B20275048,44.065,C60,26.5,5700
B20275049,151.172,C60,26.5,7750
B20275050,39.75,C60,26.5,4900
B20275051,65.952,C60,26.5,5530
B20275052,41.348,C60,26.5,5150
B20275053,34.678,C60,26.5,4800
B20275054,153.231,C60,26.5,5150
B20275055,50.806,C60,26.5,6100
B20275056,50.819,C60,26.5,7750
B20275057,140.096,C60,26.5,10950
B20275058,77.493,C60,26.5,4900
B20275059,34.155,C60,26.5,6900
B20275060,50.513,C60,26.5,5900
B20275061,82.349,C60,26.5,4830
B20275062,90.4,C60,26.5,7960
B20275063,104.854,C60,26.5,4790
B20275064,73.729,C60,26.5,7140
B20275065,94.305,C60,26.5,7000
B20275066,47.735,C60,26.5,4950
B20275067,139.007,C60,26.5,4900
B20275068,67.796,C60,26.5,4900
B20275069,37.913,C60,26.5,7000
B20275070,28.448,C60,26.5,5270
B20275071,66.946,C60,26.5,6350
B20275072,45.279,C60,26.5,4901
B20275073,118.093,C60,26.5,7750
B20275074,80.253,C60,26.5,4900
B20275075,32.622,C60,26.5,4900
B20275076,59.159,C60,26.5,4800
B20275077,133.763,C60,26.5,4400
B20275078,50.113,C60,26.5,4900
B20275079,35.644,C60,26.5,8970
B20275080,50.783,C60,26.5,5900
B20275081,33.27,C60,26.5,6900
B20275082,66.571,C60,26.5,4900
B20275083,55.981,C60,26.5,4900
B20275084,145.933,C60,26.5,4900
B20275085,62.315,C60,26.5,6400
B20275086,50.537,C60,26.5,6400
B20275087,84.259,C60,26.5,4940
B20275088,70.669,C60,26.5,6250
B20275089,57.853,C60,26.5,4900
B20275090,108.806,C60,26.5,4900
B20275091,31.999,C60,26.5,6780
B20275092,50.586,C60,26.5,8120
B20275093,63.689,C60,26.5,4900
B20275094,51.023,C60,26.5,4500
B20275095,32.274,C60,26.5,5600
B20275096,45.019,C60,26.5,4800
B20275097,50.079,C60,26.5,4900
B20275098,50.1,C60,26.5,4900
B20275099,24.415,C60,26.5,7000
B20275100,92.207,C60,26.5,4900
B20275101,96.479,C60,26.5,4300
B20275102,32.654,C60,26.5,9340
B20275103,28.057,C60,26.5,4900
B20275104,27.026,C60,26.5,7300
B20275105,62.3,C60,26.5,6550
B20275106,69.994,C60,26.5,5300
B20275107,45.655,C60,26.5,4900
B20275108,62.226,C60,26.5,4901
B20275109,71.764,C60,26.5,4900
B20275110,60.853,C60,26.5,4500
B20275111,27.268,C60,26.5,7080
B20275112,55.869,C60,26.5,8200
B20275113,46.052,C60,26.5,4900
B20275114,90.127,C60,26.5,7900
B20275115,61.736,C60,26.5,4900
B20275116,68.459,C60,26.5,5300
B20275117,62.665,C60,26.5,7000
B20275118,149.901,C60,26.5,7750
B20275119,54.243,C60,26.5,4900
B20275120,61.217,C60,26.5,6600
B20275121,45.403,C60,26.5,4900
B20275122,34.749,C60,26.5,6900
B20275123,156,C60,26.5,6100
B20275124,57.742,C60,26.5,10860
B20275125,37.71,C60,26.5,4900
B20275126,97.302,C60,26.5,4900
B20275127,46.555,C60,26.5,4900
B20275128,40.719,C60,26.5,4700
B20275129,89.131,C60,26.5,7080
B20275130,32.163,C60,26.5,8650
B20275131,32.615,C60,26.5,7000
B20275132,65.421,C60,26.5,7750
B20275133,71.17,C60,26.5,4900
B20275134,42.453,C60,26.5,4901
B20275135,131.778,C60,26.5,4900
B20275136,29.031,C60,26.5,5970
B20275137,50.615,C60,26.5,8280
B20275138,68.681,C60,26.5,9340
B20275139,36.203,C60,26.5,6100
B20275140,46.696,C60,26.5,4950
B20275141,32.437,C60,26.5,4901
B20275142,88.353,C60,26.5,7000
B20275143,53.806,C60,26.5,7750
B20275144,60.591,C60,26.5,6100
B20275145,46.788,C60,26.5,5900
B20275146,59.987,C60,26.5,4900
B20275147,52.169,C60,26.5,5900
B20275148,62.97,C60,26.5,5800
B20275149,89.483,C60,26.5,5900
B20275150,58.376,C60,26.5,7750
B20275151,26.986,C60,26.5,5900
B20275152,84.251,C60,26.5,4900
B20275153,40.575,C60,26.5,8100
B20275154,144.212,C60,26.5,7750
B20275155,65.852,C60,26.5,10500
B20275156,101.852,C60,26.5,8050
B20275157,65.977,C60,26.5,4900
B20275158,111.517,C60,26.5,4901
B20275159,63.153,C60,26.5,5200
B20275160,33.634,C60,26.5,5900
B20275161,34.351,C60,26.5,10500
B20275162,63.188,C60,26.5,4900
B20275163,44.922,C60,26.5,6100
B20275164,37.065,C60,26.5,4675
B20275165,141.032,C60,26.5,4900
B20275166,34.973,C60,26.5,5300
B20275167,91.704,C60,26.5,4900
B20275168,30.201,C60,26.5,4901
B20275169,47.103,C60,26.5,6140
B20275170,50.054,C60,26.5,4970
B20275171,44.383,C60,26.5,6100
B20275172,52.668,C60,26.5,6550
B20275173,47.838,C60,26.5,8150
B20275174,112.055,C60,26.5,6400
B20275175,28.611,C60,26.5,5900
B20275176,46.895,C60,26.5,4900
B20275177,64.17,C60,26.5,5470
B20275178,32.863,C60,26.5,7750
B20275179,55.241,C60,26.5,8780
B20275180,62.926,C60,26.5,7900
B20275181,46.514,C60,26.5,4900
B20275182,38.104,C60,26.5,4900
B20275183,32.736,C60,26.5,7400
B20275184,44.103,C60,26.5,5700
B20275185,28.708,C60,26.5,5900
B20275186,32.637,C60,26.5,6250
B20275187,38.57,C60,26.5,4500
B20275188,51.419,C60,26.5,6600
B20275189,83.375,C60,26.5,5900
B20275190,59.341,C60,26.5,7000
B20275191,52.911,C60,26.5,4900
B20275192,38.289,C60,26.5,6250
B20275193,50.637,C60,26.5,4900
B20275194,52.479,C60,26.5,7750
B20275195,32.998,C60,26.5,4500
B20275196,34.571,C60,26.5,4900
B20275197,116.753,C60,26.5,4901
B20275198,83.191,C60,26.5,4900
B20275199,151.998,C60,26.5,4900
B20275200,72.682,C60,26.5,5900
B20275201,35.902,C60,26.5,4900
B20275202,25.145,C60,26.5,4300
B20275203,39.855,C60,26.5,4900
B20275204,54.265,C60,26.5,4900
B20275205,69.261,C60,26.5,4900
B20275206,99.597,C60,26.5,4900
B20275207,63.647,C60,26.5,4750
B20275208,51.953,C60,26.5,4900
B20275209,56.762,C60,26.5,4900
B20275210,55.08,C60,26.5,4900
B20275211,34.576,C60,26.5,6100
B20275212,30.132,C60,26.5,4900
B20275213,148.183,C60,26.5,7750
B20275214,87.867,C60,26.5,9340
B20275215,52.288,C60,26.5,4900
B20275216,43.662,C60,26.5,6900
B20275217,64.712,C60,26.5,4900
B20275218,50.991,C60,26.5,5400
B20275219,59.015,C60,26.5,4900
B20275220,78.901,C60,26.5,4900
B20275221,36.939,C60,26.5,4900
B20275222,50.305,C60,26.5,5220
B20275223,52.296,C60,26.5,4900
B20275224,53.854,C60,26.5,4900
B20275225,136.433,C60,26.5,6900
B20275226,57.023,C60,26.5,4300
B20275227,38.016,C60,26.5,4900
B20275228,50.979,C60,26.5,7750
B20275229,90.452,C60,26.5,7080
B20275230,57.192,C60,26.5,4600
B20275231,44.671,C60,26.5,4900
B20275232,45.817,C60,26.5,5900
B20275233,98.853,C60,26.5,4900
B20275234,77.999,C60,26.5,4900
B20275235,32.052,C60,26.5,6900
B20275236,66.493,C60,26.5,7000
B20275237,35.828,C60,26.5,4900
B20275238,97.524,C60,26.5,6360
B20275239,99.886,C60,26.5,6900
B20275240,47.405,C60,26.5,4800
B20275241,77.092,C60,26.5,5900
B20275242,117.383,C60,26.5,9520
B20275243,30.039,C60,26.5,4900
B20275244,40.68,C60,26.5,4900
B20275245,55.578,C60,26.5,4900
B20275246,68.47,C60,26.5,6350
B20275247,51.742,C60,26.5,4900
B20275248,57.993,C60,26.5,7860
B20275249,49.388,C60,26.5,4900
B20275250,26.653,C60,26.5,11300
B20275251,86.153,C60,26.5,5900
B20275252,92.921,C60,26.5,7080
B20275253,93.741,C60,26.5,7750
B20275254,106.258,C60,26.5,6100
B20275255,126.469,C60,26.5,4900
B20275256,50.299,C60,26.5,4900
B20275257,52.423,C60,26.5,6600
B20275258,122.048,C60,26.5,7650
B20275259,79.006,C60,26.5,6400
B20275260,154.956,C60,26.5,7750
B20275261,28.885,C60,26.5,6900
B20275262,59.25,C60,26.5,4901
B20275263,83.058,C60,26.5,4830
B20275264,56.072,C60,26.5,7000
B20275265,73.408,C60,26.5,4900
B20275266,35.384,C60,26.5,6400
B20275267,44.718,C60,26.5,4900
B20275268,35.792,C60,26.5,6300
B20275269,75.847,C60,26.5,4780
B20275270,107.244,C60,26.5,8970
B20275271,37.538,C60,26.5,6280
B20275272,45.328,C60,26.5,11400
B20275273,40.697,C60,26.5,5900
B20275274,58.355,C60,26.5,6400
B20275275,90.754,C60,26.5,6100
B20275276,46.295,C60,26.5,4940
B20275277,73.059,C60,26.5,4901
B20275278,82.972,C60,26.5,4900
B20275279,39.27,C60,26.5,4900
B20275280,115.625,C60,26.5,4901
B20275281,130.448,C60,26.5,6650
B20275282,39.534,C60,26.5,3800
B20275283,86.82,C60,26.5,6400
B20275284,38.613,C60,26.5,5900
B20275285,80.164,C60,26.5,4900
B20275286,40.46,C60,26.5,4900
B20275287,117.206,C60,26.5,5150
B20275288,87.594,C60,26.5,4900
B20275289,58.569,C60,26.5,4900
B20275290,47.769,C60,26.5,4900
B20275291,33.702,C60,26.5,8400
B20275292,33.079,C60,26.5,5900
B20275293,50.836,C60,26.5,7750
B20275294,46.855,C60,26.5,4300
B20275295,37.265,C60,26.5,5060
B20275296,32.289,C60,26.5,10500
B20275297,62.338,C60,26.5,6400
B20275298,62.717,C60,26.5,4901
B20275299,52.02,C60,26.5,5900
B20275300,55.513,C60,26.5,6400
B20275301,38.929,C60,26.5,6000
B20275302,61.37,C60,26.5,4900
B20275303,35.056,C60,26.5,7750
B20275304,53.653,C60,26.5,8970
B20275305,26.986,C60,26.5,6400
B20275306,88.136,C60,26.5,4900
B20275307,44.271,C60,26.5,5330
B20275308,39.724,C60,26.5,6000
B20275309,64.314,C60,26.5,4900
B20275310,33.438,C60,26.5,4900
B20275311,33.752,C60,26.5,4900
B20275312,43.503,C60,26.5,6000
B20275313,59.124,C60,26.5,4900
B20275314,37.366,C60,26.5,4900
B20275315,62.605,C60,26.5,4900
B20275316,57.13,C60,26.5,4900
B20275317,25.452,C60,26.5,7400
B20275318,34.131,C60,26.5,6400
B20275319,27.968,C60,26.5,4900
B20275320,40.735,C60,26.5,4960
B20275321,39.386,C60,26.5,4800
B20275322,146.881,C60,26.5,4900
B20275323,44.696,C60,26.5,5900
B20275324,76.05,C60,26.5,4900
B20275325,35.834,C60,26.5,6400
B20275326,65.972,C60,26.5,4900
B20275327,62.753,C60,26.5,4800
B20275328,32.674,C60,26.5,7900
B20275329,44.652,C60,26.5,5530
B20275330,100.195,C60,26.5,4790
B20275331,66.693,C60,26.5,4900
B20275332,55.021,C60,26.5,4900
B20275333,34.864,C60,26.5,6900
B20275334,107.839,C60,26.5,6100
B20275335,40.378,C60,26.5,5080
B20275336,56.348,C60,26.5,4900
B20275337,75.293,C60,26.5,4900
B20275338,86.997,C60,26.5,4940
B20275339,53.81,C60,26.5,4900
B20275340,135.869,C60,26.5,4900
B20275341,51.622,C60,26.5,10060
B20275342,29.995,C60,26.5,4900
B20275343,92.106,C60,26.5,4900
B20275344,32.22,C60,26.5,4900
B20275345,97.363,C60,26.5,8100
B20275346,33.102,C60,26.5,5400
B20275347,40.099,C60,26.5,6400
B20275348,44.315,C60,26.5,4900
B20275349,47.336,C60,26.5,5330
B20275350,102.7,C60,26.5,4900
B20275351,30.621,C60,26.5,9340
B20275352,135.083,C60,26.5,5330
B20275353,83.961,C60,26.5,4900
B20275354,40.874,C60,26.5,4900
B20275355,87.378,C60,26.5,7900
B20275356,92.689,C60,26.5,4900
B20275357,50.297,C60,26.5,6400
B20275358,35.025,C60,26.5,4900
B20275359,49.541,C60,26.5,6740
B20275360,46.687,C60,26.5,6400
B20275361,40.106,C60,26.5,5900
B20275362,62.801,C60,26.5,6680
B20275363,41.484,C60,26.5,4900
B20275364,44.307,C60,26.5,7960
B20275365,39.399,C60,26.5,6400
B20275366,44.617,C60,26.5,4900
B20275367,150.212,C60,26.5,4400
B20275368,61.274,C60,26.5,4900
B20275369,71.91,C60,26.5,8150
B20275370,45.851,C60,26.5,4900
B20275371,96.361,C60,26.5,10860
B20275372,57.844,C60,26.5,4900
B20275373,32.449,C60,26.5,4750
B20275374,47.975,C60,26.5,7950
B20275375,127.534,C60,26.5,4900
B20275376,57.171,C60,26.5,4900
B20275377,45.297,C60,26.5,5330
B20275378,131.203,C60,26.5,4900
B20275379,83.442,C60,26.5,4901
B20275380,34.691,C60,26.5,4900
B20275381,34.74,C60,26.5,4900
B20275382,109.372,C60,26.5,4900
B20275383,53.404,C60,26.5,6100
B20275384,82.367,C60,26.5,11000
B20275385,53.562,C60,26.5,10060
B20275386,77.552,C60,26.5,4900
B20275387,44.759,C60,26.5,5050
B20275388,67.632,C60,26.5,6550
B20275389,46.166,C60,26.5,6800
B20275390,81.728,C60,26.5,4901
B20275391,137.252,C60,26.5,7000
B20275392,82.308,C60,26.5,4900
B20275393,85.83,C60,26.5,5000
B20275394,44.72,C60,26.5,6400
B20275395,46.337,C60,26.5,4400
B20275396,27.24,C60,26.5,4900
B20275397,36.274,C60,26.5,5060
B20275398,30.113,C60,26.5,4900
B20275399,39.487,C60,26.5,4900
B20275400,61.084,C60,26.5,4900
B20275401,69.51,C60,26.5,6550
B20275402,46.264,C60,26.5,4900
B20275403,51.617,C60,26.5,5900
B20275404,41.928,C60,26.5,4900
B20275405,112.837,C60,26.5,7000
B20275406,147.586,C60,26.5,6250
B20275407,82.436,C60,26.5,4900
B20275408,49.832,C60,26.5,7000
B20275409,33.508,C60,26.5,5900
B20275410,33.805,C60,26.5,5300
B20275411,33.247,C60,26.5,4900
B20275412,64.953,C60,26.5,5000
B20275413,74.504,C60,26.5,6280
B20275414,46.263,C60,26.5,4900
B20275415,33.387,C60,26.5,4900
B20275416,138.969,C60,26.5,6100
B20275417,66.934,C60,26.5,4900
B20275418,50.181,C60,26.5,4900
B20275419,94.283,C60,26.5,6400
B20275420,59.252,C60,26.5,4600
B20275421,52.113,C60,26.5,7750
B20275422,67.47,C60,26.5,4900
B20275423,51.488,C60,26.5,4900
B20275424,76.424,C60,26.5,4500
B20275425,58.904,C60,26.5,10000
B20275426,41.392,C60,26.5,6400
B20275427,102.718,C60,26.5,5000
B20275428,93.115,C60,26.5,6600
B20275429,50.171,C60,26.5,4800
B20275430,46.566,C60,26.5,5700
B20275431,48.763,C60,26.5,5500
B20275432,75.6,C60,26.5,4900
B20275433,28.429,C60,26.5,9540
B20275434,104.102,C60,26.5,7000
B20275435,149.127,C60,26.5,4900
B20275436,37.737,C60,26.5,5600
B20275437,45.119,C60,26.5,4900
B20275438,37.724,C60,26.5,4900
B20275439,76.435,C60,26.5,6300
B20275440,35.927,C60,26.5,10500
B20275441,39.317,C60,26.5,4900
B20275442,33.442,C60,26.5,4900
B20275443,57.008,C60,26.5,4900
B20275444,38.454,C60,26.5,5000
B20275445,73.873,C60,26.5,7950
B20275446,32.515,C60,26.5,11000
B20275447,51.472,C60,26.5,6400
B20275448,100.506,C60,26.5,9000
B20275449,39.622,C60,26.5,4900
B20275450,60.437,C60,26.5,4450
B20275451,56.926,C60,26.5,10950
B20275452,32.377,C60,26.5,5970
B20275453,129.742,C60,26.5,4900
B20275454,33.585,C60,26.5,7750
B20275455,59.151,C60,26.5,6400
B20275456,99.351,C60,26.5,4600
B20275457,99.818,C60,26.5,4900
B20275458,63.799,C60,26.5,7000
B20275459,43.789,C60,26.5,4900
B20275460,50.484,C60,26.5,5900
B20275461,41.437,C60,26.5,4900
B20275462,54.986,C60,26.5,4901
B20275463,48.54,C60,26.5,4900
B20275464,53.151,C60,26.5,6000
B20275465,76.083,C60,26.5,4900
B20275466,105.6,C60,26.5,7750
B20275467,58.463,C60,26.5,11540
B20275468,63.322,C60,26.5,10060
B20275469,72.417,C60,26.5,6100
B20275470,39.391,C60,26.5,4800
B20275471,60.875,C60,26.5,6100
B20275472,30.045,C60,26.5,4900
B20275473,39.322,C60,26.5,4900
B20275474,136.586,C60,26.5,4900
B20275475,59.705,C60,26.5,4675
B20275476,90.737,C60,26.5,4900
B20275477,41.68,C60,26.5,4900
B20275478,63.811,C60,26.5,5900
B20275479,113.948,C60,26.5,7000
B20275480,78.862,C60,26.5,7960
B20275481,50.61,C60,26.5,6150
B20275482,107.964,C60,26.5,6900
B20275483,32.734,C60,26.5,6000
B20275484,72.493,C60,26.5,4900
B20275485,40.42,C60,26.5,4901
B20275486,37.822,C60,26.5,4930
B20275487,47.383,C60,26.5,4900
B20275488,29.459,C60,26.5,4900
B20275489,23.483,C60,26.5,11050
B20275490,115.101,C60,26.5,4900
B20275491,31.697,C60,26.5,4900
B20275492,78.797,C60,26.5,4900
B20275493,34.724,C60,26.5,4900
B20275494,44.167,C60,26.5,4150
B20275495,42.121,C60,26.5,4900
B20275496,29.348,C60,26.5,4900
B20275497,132.029,C60,26.5,6740
B20275498,54.562,C60,26.5,4700
B20275499,94.745,C60,26.5,4900
B20275500,155.265,C60,26.5,5600
B20275501,34.227,C60,26.5,6400
B20275502,41.27,C60,26.5,5530
B20275503,52.269,C60,26.5,5800
B20275504,30.9,C60,26.5,6300
B20275505,37.63,C60,26.5,4900
B20275506,85.097,C60,26.5,7960
B20275507,106.138,C60,26.5,5000
B20275508,33.866,C60,26.5,6250
B20275509,69.598,C60,26.5,6100
B20275510,35.91,C60,26.5,5200
B20275511,44.524,C60,26.5,4900
B20275512,49.827,C60,26.5,4900
B20275513,110.304,C60,26.5,4900
B20275514,55.318,C60,26.5,6400
B20275515,37.511,C60,26.5,6850
B20275516,43.862,C60,26.5,6100
B20275517,117.871,C60,26.5,4901
B20275518,34.975,C60,26.5,6400
B20275519,60.873,C60,26.5,5900
B20275520,45.478,C60,26.5,9340
B20275521,35.232,C60,26.5,10950
B20275522,49.277,C60,26.5,4900
B20275523,104.61,C60,26.5,4900
B20275524,52.618,C60,26.5,4900
B20275525,25.906,C60,26.5,4900
B20275526,150.75,C60,26.5,7750
B20275527,97.2,C60,26.5,7000
B20275528,85.886,C60,26.5,6100
B20275529,69.336,C60,26.5,6550
B20275530,63.445,C60,26.5,4900
B20275531,58.226,C60,26.5,4675
B20275532,38.836,C60,26.5,7000
B20275533,32.238,C60,26.5,4500
B20275534,85.457,C60,26.5,4800
B20275535,133.473,C60,26.5,4900
B20275536,36.798,C60,26.5,4800
B20275537,33.713,C60,26.5,6400
B20275538,33.008,C60,26.5,6900
B20275539,94.393,C60,26.5,4900
B20275540,69.011,C60,26.5,4300
B20275541,32.225,C60,26.5,4900
B20275542,31.831,C60,26.5,4900
B20275543,46.504,C60,26.5,4900
B20275544,152.935,C60,26.5,6100
B20275545,70.078,C60,26.5,4901
B20275546,99.985,C60,26.5,7750
B20275547,43.059,C60,26.5,6100
B20275548,31.863,C60,26.5,4800
B20275549,41.934,C60,26.5,4800
B20275550,94.887,C60,26.5,7000
B20275551,33.224,C60,26.5,4900
B20275552,131.975,C60,26.5,7900
B20275553,53.868,C60,26.5,4900
B20275554,80.16,C60,26.5,4420
B20275555,42.067,C60,26.5,4900
B20275556,142.791,C60,26.5,7000
B20275557,49.925,C60,26.5,4900
B20275558,97.541,C60,26.5,4900
B20275559,53.418,C60,26.5,6900
B20275560,34.838,C60,26.5,6840
B20275561,46.064,C60,26.5,7950
B20275562,45.411,C60,26.5,5200
B20275563,100.426,C60,26.5,6360
B20275564,53.508,C60,26.5,8120
B20275565,40.734,C60,26.5,4900
B20275566,73.397,C60,26.5,4900
B20275567,62.845,C60,26.5,6400
B20275568,41.004,C60,26.5,4700
B20275569,79.973,C60,26.5,4900
B20275570,35.153,C60,26.5,6900
B20275571,26.213,C60,26.5,4900
B20275572,44.699,C60,26.5,5270
B20275573,56.264,C60,26.5,6100
B20275574,74.469,C60,26.5,4900
B20275575,41.849,C60,26.5,4900
B20275576,62.943,C60,26.5,6400
B20275577,74.136,C60,26.5,4900
B20275578,90.316,C60,26.5,4900
B20275579,52.918,C60,26.5,4900
B20275580,50.249,C60,26.5,5900
B20275581,32.545,C60,26.5,6100
B20275582,44.163,C60,26.5,7000
B20275583,27.625,C60,26.5,4900
B20275584,33.938,C60,26.5,8300
B20275585,38.524,C60,26.5,4500
B20275586,108.07,C60,26.5,4900
B20275587,61.358,C60,26.5,4900
B20275588,99.403,C60,26.5,6900
B20275589,51.729,C60,26.5,4900
B20275590,32.911,C60,26.5,5900
B20275591,127.389,C60,26.5,4900
B20275592,152.079,C60,26.5,6100
B20275593,73.179,C60,26.5,4900
B20275594,109.962,C60,26.5,6400
B20275595,64.857,C60,26.5,4901
B20275596,152.953,C60,26.5,4500
B20275597,49.583,C60,26.5,4900
B20275598,101.317,C60,26.5,4900
B20275599,46.251,C60,26.5,6000
B20275600,24.212,C60,26.5,11050
B20275601,59.913,C60,26.5,5900
B20275602,43.898,C60,26.5,3900
B20275603,149.74,C60,26.5,7750
B20275604,34.13,C60,26.5,4550
B20275605,36.198,C60,26.5,4900
B20275606,43.193,C60,26.5,4900
B20275607,41.077,C60,26.5,4300
B20275608,33.195,C60,26.5,4700
B20275609,40.418,C60,26.5,4900
B20275610,42.794,C60,26.5,6400
B20275611,42.166,C60,26.5,6400
B20275612,36.782,C60,26.5,8900
B20275613,93.319,C60,26.5,5900
B20275614,56.928,C60,26.5,5100
B20275615,36.847,C60,26.5,11000
B20275616,77.687,C60,26.5,4900
B20275617,35.31,C60,26.5,4900
B20275618,80.324,C60,26.5,4900
B20275619,37.659,C60,26.5,8130
B20275620,147.037,C60,26.5,4901
B20275621,29.34,C60,26.5,6400
B20275622,57.884,C60,26.5,4900
B20275623,29.628,C60,26.5,4900
B20275624,86.262,C60,26.5,4900
B20275625,119.704,C60,26.5,4901
B20275626,46.098,C60,26.5,4900
B20275627,112.764,C60,26.5,7000
B20275628,33.265,C60,26.5,4550
B20275629,45.386,C60,26.5,8400
B20275630,82.562,C60,26.5,4900
B20275631,37.322,C60,26.5,10500
B20275632,48.093,C60,26.5,5700
B20275633,130.775,C60,26.5,4900
B20275634,64.623,C60,26.5,4900
B20275635,26.34,C60,26.5,4600
B20275636,40.518,C60,26.5,4900
B20275637,53.633,C60,26.5,6780
B20275638,28.233,C60,26.5,4900
B20275639,34.143,C60,26.5,5150
B20275640,87.197,C60,26.5,7400
B20275641,64.067,C60,26.5,8050
B20275642,34.875,C60,26.5,4900
B20275643,26.814,C60,26.5,4900
B20275644,53.7,C60,26.5,5900
B20275645,33.981,C60,26.5,6100
B20275646,34.793,C60,26.5,5900
B20275647,47.268,C60,26.5,4900
B20275648,124.539,C60,26.5,5060
B20275649,64.229,C60,26.5,6100
B20275650,28.128,C60,26.5,4901
B20275651,95.753,C60,26.5,4900
B20275652,59.991,C60,26.5,5060
B20275653,26.789,C60,26.5,6000
B20275654,60.933,C60,26.5,5900
B20275655,40.863,C60,26.5,4900
B20275656,92.446,C60,26.5,4900
B20275657,74.082,C60,26.5,5600
B20275658,39.094,C60,26.5,6650
B20275659,156,C60,26.5,4900
B20275660,94.232,C60,26.5,7000
B20275661,47.209,C60,26.5,4900
B20275662,62.046,C60,26.5,5000
B20275663,35.613,C60,26.5,6400
B20275664,52.223,C60,26.5,4900
B20275665,57.885,C60,26.5,8050
B20275666,93.189,C60,26.5,6400
B20275667,72.16,C60,26.5,4800
B20275668,37.639,C60,26.5,5200
B20275669,141.107,C60,26.5,4900
B20275670,59.141,C60,26.5,4500
B20275671,29.267,C60,26.5,4900
B20275672,57.891,C60,26.5,4900
B20275673,56.013,C60,26.5,5900
B20275674,31.89,C60,26.5,4900
B20275675,54.277,C60,26.5,5900
B20275676,132.429,C60,26.5,6400
B20275677,24.85,C60,26.5,7400
B20275678,32.55,C60,26.5,5300
B20275679,48.007,C60,26.5,4970
B20275680,48.181,C60,26.5,4940
B20275681,42.761,C60,26.5,4300
B20275682,36.876,C60,26.5,4900
B20275683,26.799,C60,26.5,4930
B20275684,91.815,C60,26.5,4900
B20275685,99.751,C60,26.5,7900
B20275686,48.126,C60,26.5,6400
B20275687,74.254,C60,26.5,4900
B20275688,55.533,C60,26.5,7400
B20275689,83.974,C60,26.5,4900
B20275690,149.582,C60,26.5,4900
B20275691,45.519,C60,26.5,7000
B20275692,104.039,C60,26.5,4900
B20275693,37.055,C60,26.5,8230
B20275694,32.712,C60,26.5,5900
B20275695,40.576,C60,26.5,4900
B20275696,39.977,C60,26.5,5900
B20275697,46.638,C60,26.5,6600
B20275698,86.278,C60,26.5,4901
B20275699,86.801,C60,26.5,4900
B20275700,47.981,C60,26.5,4900
B20275701,66.901,C60,26.5,6100
B20275702,33.599,C60,26.5,7000
B20275703,32.567,C60,26.5,4900
B20275704,50.752,C60,26.5,7650
B20275705,34.531,C60,26.5,4800
B20275706,32.535,C60,26.5,10680
B20275707,33.987,C60,26.5,4900
B20275708,40.954,C60,26.5,10620
B20275709,107.3,C60,26.5,4900
B20275710,32.047,C60,26.5,4800
B20275711,45.948,C60,26.5,4525
B20275712,54.3,C60,26.5,4900
B20275713,32.442,C60,26.5,5300
B20275714,64.322,C60,26.5,10000
B20275715,29.797,C60,26.5,8280
B20275716,85.52,C60,26.5,7000
B20275717,117.938,C60,26.5,8230
B20275718,40.691,C60,26.5,6400
B20275719,60.277,C60,26.5,5060
B20275720,110.629,C60,26.5,4901
B20275721,29.068,C60,26.5,4901
B20275722,53.966,C60,26.5,6300
B20275723,67.7,C60,26.5,4900
B20275724,63.834,C60,26.5,7750
B20275725,141.883,C60,26.5,6000
B20275726,143.398,C60,26.5,6900
B20275727,98.163,C60,26.5,4900
B20275728,131.548,C60,26.5,7392
B20275729,66.354,C60,26.5,4800
B20275730,85.91,C60,26.5,6400
B20275731,23.588,C60,26.5,4900
B20275732,32.09,C60,26.5,4900
B20275733,42.218,C60,26.5,10900
B20275734,40.987,C60,26.5,4900
B20275735,45.08,C60,26.5,5000
B20275736,63.944,C60,26.5,5300
B20275737,115.831,C60,26.5,4900
B20275738,46.334,C60,26.5,4900
B20275739,34.707,30C,45,4901
B20275740,56.029,30C,45,5080
B20275741,65.356,30C,45,4900
B20275742,40.115,30C,45,6600
B20275743,44.186,30C,45,4900
B20275744,26.032,30C,45,4900
B20275745,31.253,30C,45,4900
B20275746,31.552,30C,45,4900
B20275747,22.458,30C,45,6401
B20275748,44.829,30C,45,4900
B20275749,34.067,30C,45,4900
B20275750,53.181,30C,45,4900
B20275751,30.17,30C,45,4700
B20275752,25.492,30C,45,4900
B20275753,22.406,30C,45,7900
B20275754,13.734,30C,45,7400
B20275755,50.188,30C,45,4600
B20275756,47.394,30C,45,4940
B20275757,28.907,30C,45,4900
B20275758,48.323,30C,45,6400
B20275759,21.754,30C,45,6400
B20275760,59.066,30C,45,5080
B20275761,75.004,30C,45,5300
B20275762,54.414,30C,45,4900
B20275763,49.064,30C,45,4900
B20275764,39.437,30C,45,4900
B20275765,79.335,30C,45,5900
B20275766,23.205,30C,45,5300
B20275767,30.523,30C,45,4900
B20275768,42.114,30C,45,4900
B20275769,65.171,30C,45,4900
B20275770,34.729,30C,45,4900
B20275771,57.094,30C,45,8200
B20275772,22.595,30C,45,4420
B20275773,27.693,30C,45,9540
B20275774,22.252,30C,45,5150
B20275775,27.299,30C,45,5200
B20275776,145.563,30C,45,6400
B20275777,26.19,30C,45,6700
B20275778,27.461,30C,45,9520
B20275779,58.802,30C,45,6400
B20275780,33.884,30C,45,7080
B20275781,111.403,30C,45,7000
B20275782,132.635,30C,45,6400
B20275783,20.431,30C,45,12300
B20275784,66.624,30C,45,4900
B20275785,28.498,30C,45,4900
B20275786,15.07,30C,45,4900
B20275787,36.379,30C,45,4900
B20275788,45.279,30C,45,4900
B20275789,27.414,30C,45,6300
B20275790,41.395,30C,45,6280
B20275791,43.31,30C,45,4900
B20275792,16.102,30C,45,4600
B20275793,34.24,30C,45,4900
B20275794,124.45,30C,45,4900
B20275795,19.888,30C,45,4815
B20275796,15.936,30C,45,4900
B20275797,47.096,30C,45,4900
B20275798,48.24,30C,45,5400
B20275799,38.944,30C,45,4900
B20275800,42.447,30C,45,5900
B20275801,135.299,30C,45,6400
B20275802,44.527,30C,45,10900
B20275803,33.422,30C,45,4900
B20275804,30.018,30C,45,4900
B20275805,101.43,30C,45,4900
B20275806,22.037,30C,45,7900
B20275807,32.85,30C,45,6400
B20275808,47.305,30C,45,6401
B20275809,47.915,30C,45,4901
B20275810,146.726,30C,45,4900
B20275811,15.374,30C,45,9540
B20275812,48.518,30C,45,4900
B20275813,27.26,30C,45,5150
B20275814,55.254,30C,45,7080
B20275815,58.365,30C,45,8970
B20275816,15.56,30C,45,6400
B20275817,79.6,30C,45,5900
B20275818,62.952,30C,45,4900
B20275819,58.676,30C,45,4700
B20275820,109.572,30C,45,4900
B20275821,38.092,30C,45,5900
B20275822,29.423,30C,45,9540
B20275823,50.606,30C,45,4600
B20275824,44.288,30C,45,4900
B20275825,60.761,30C,45,5900
B20275826,36.227,30C,45,10000
B20275827,46.962,30C,45,4900
B20275828,54.259,30C,45,6280
B20275829,123.841,30C,45,4900
B20275830,35.663,30C,45,5700
B20275831,97.716,30C,45,4900
B20275832,35.404,30C,45,5700
B20275833,21.831,30C,45,4795
B20275834,31.04,30C,45,4900
B20275835,22.364,30C,45,4940
B20275836,33.543,30C,45,4900
B20275837,25.23,30C,45,7200
B20275838,29.293,30C,45,4500
B20275839,26.348,30C,45,7200
B20275840,31.551,30C,45,4900
B20275841,28.331,30C,45,5150
B20275842,17.148,30C,45,4830
B20275843,31.807,30C,45,5200
B20275844,40.664,30C,45,5330
B20275845,59.3,30C,45,6400
B20275846,60.478,30C,45,6350
B20275847,27.903,30C,45,7200
B20275848,31.919,30C,45,4900
B20275849,23.163,30C,45,4900
B20275850,30.333,30C,45,4500
B20275851,119.036,30C,45,6400
B20275852,91.435,30C,45,4930
B20275853,21.681,30C,45,4900
B20275854,93.519,30C,45,5530
B20275855,42.282,30C,45,4900
B20275856,53.708,30C,45,4900
B20275857,46.141,30C,45,4900
B20275858,35.14,30C,45,5000
B20275859,29.337,30C,45,6900
B20275860,29.7,30C,45,4900
B20275861,50.596,30C,45,6400
B20275862,62.182,30C,45,4900
B20275863,21.537,30C,45,5530
B20275864,124.91,30C,45,4900
B20275865,55.852,30C,45,6540
B20275866,38.943,30C,45,8970
B20275867,22.852,30C,45,8200
B20275868,23.275,30C,45,5300
B20275869,54.057,30C,45,6100
B20275870,24.402,30C,45,6300
B20275871,77.554,30C,45,5900
B20275872,30.408,30C,45,6400
B20275873,29.582,30C,45,7000
B20275874,74.83,30C,45,4901
B20275875,49.035,30C,45,4900
B20275876,25.844,30C,45,7900
B20275877,20.426,30C,45,4900
B20275878,24.193,30C,45,8100
B20275879,28.65,30C,45,4675
B20275880,93.613,30C,45,4940
B20275881,22.013,30C,45,10860
B20275882,59,30C,45,6540
B20275883,28.016,30C,45,6400
B20275884,89.261,30C,45,5000
B20275885,46.092,30C,45,4900
B20275886,45.106,30C,45,4900
B20275887,29.385,30C,45,4700
B20275888,21.979,30C,45,10900
B20275889,25.743,30C,45,4900
B20275890,28.964,30C,45,4900
B20275891,25.053,30C,45,5530
B20275892,87.128,30C,45,4900
B20275893,137.461,30C,45,4900
B20275894,70.356,30C,45,4830
B20275895,40.804,30C,45,6400
B20275896,114.72,30C,45,4900
B20275897,81.504,30C,45,4900
B20275898,43.589,30C,45,4815
B20275899,63.261,30C,45,4900
B20275900,81.928,30C,45,5900
B20275901,29.507,30C,45,4500
B20275902,56.199,30C,45,4700
B20275903,23.001,30C,45,8650
B20275904,127.355,30C,45,4900
B20275905,98.3,30C,45,4900
B20275906,15.831,30C,45,4900
B20275907,22.991,30C,45,4901
B20275908,48.703,30C,45,5600
B20275909,29.851,30C,45,6900
B20275910,46.609,30C,45,9520
B20275911,39.85,30C,45,6900
B20275912,34.807,30C,45,4901
B20275913,18.907,30C,45,7080
B20275914,34.416,30C,45,5300
B20275915,21.504,30C,45,5300
B20275916,24.553,30C,45,4900
B20275917,46.267,30C,45,5530
B20275918,62.971,30C,45,4900
B20275919,34.86,30C,45,7000
B20275920,59.925,30C,45,4901
B20275921,128.522,30C,45,6400
B20275922,66.935,30C,45,4900
B20275923,14.97,30C,45,3820
B20275924,43.39,30C,45,4815
B20275925,22.124,30C,45,10620
B20275926,34.357,30C,45,4900
B20275927,36.052,30C,45,4950
B20275928,53.727,30C,45,6300
B20275929,45.617,30C,45,6401
B20275930,74.367,30C,45,4900
B20275931,17.138,30C,45,4900
B20275932,22.282,30C,45,4900
B20275933,27.757,30C,45,5150
B20275934,28.933,30C,45,8650
B20275935,19.588,30C,45,4900
B20275936,42.014,30C,45,4900
B20275937,46.845,30C,45,5600
B20275938,23.247,30C,45,6850
B20275939,70.072,30C,45,4901
B20275940,87.223,30C,45,4900
B20275941,23.193,30C,45,11000
B20275942,57.226,30C,45,6250
B20275943,16.59,30C,45,6400
B20275944,28.232,30C,45,5150
B20275945,69.104,30C,45,4900
B20275946,19.849,30C,45,4900
B20275947,49.788,30C,45,4900
B20275948,68.695,30C,45,4830
B20275949,31.421,30C,45,4900
B20275950,22.383,30C,45,10860
B20275951,96.533,30C,45,4900
B20275952,58.183,30C,45,6350
B20275953,21.556,30C,45,4800
B20275954,47.084,30C,45,4901
B20275955,44.827,30C,45,5900
B20275956,27.638,30C,45,6700
B20275957,17.613,30C,45,4675
B20275958,41.824,30C,45,4900
B20275959,58.07,30C,45,6350
B20275960,82.05,30C,45,4900
B20275961,94.489,30C,45,4900
B20275962,21.59,30C,45,8650
B20275963,28.362,30C,45,5150
B20275964,121.493,30C,45,4900
B20275965,87.382,30C,45,5400
B20275966,56.476,30C,45,6400
B20275967,43.332,30C,45,4900
B20275968,74.851,30C,45,5080
B20275969,22.064,30C,45,4900
B20275970,91.603,30C,45,4900
B20275971,119.578,30C,45,4900
B20275972,41.196,30C,45,4900
B20275973,31.733,30C,45,4930
B20275974,79.139,30C,45,4900
B20275975,57.802,30C,45,6250
B20275976,22.815,30C,45,6000
B20275977,16.513,30C,45,4600
B20275978,23.28,30C,45,7900
B20275979,38.97,30C,45,4700
B20275980,60.313,30C,45,4901
B20275981,40.416,30C,45,7400
B20275982,43.441,30C,45,4900
B20275983,57.981,30C,45,4900
B20275984,34.438,30C,45,5220
B20275985,25.511,30C,45,4900
B20275986,45.676,30C,45,5530
B20275987,22.087,30C,45,4900
B20275988,40.545,30C,45,11120
B20275989,16.784,30C,45,5900
B20275990,44.074,30C,45,4900
B20275991,21.793,30C,45,4930
B20275992,37.143,30C,45,4900
B20275993,30.066,30C,45,4900
B20275994,34.881,30C,45,7400
B20275995,123.58,30C,45,4900
B20275996,39.551,30C,45,7900
B20275997,39.269,30C,45,7400
B20275998,49.735,30C,45,3820
B20275999,65.042,30C,45,4900
B20276000,25.453,30C,45,6400
B20276001,33.681,30C,45,4830
B20276002,50.103,30C,45,6400
B20276003,66.421,30C,45,4900
B20276004,72.239,30C,45,6400
B20276005,45.245,30C,45,6401
B20276006,25.73,30C,45,4900
B20276007,74.508,30C,45,6400
B20276008,39.442,30C,45,6900
B20276009,56.196,30C,45,4900
B20276010,22.59,30C,45,5150
B20276011,25.776,30C,45,8970
B20276012,55.221,30C,45,6100
B20276013,15.779,30C,45,4900
B20276014,133.233,30C,45,4900
B20276015,36.099,30C,45,4900
B20276016,46.173,30C,45,4900
B20276017,66.097,30C,45,5530
B20276018,27.502,30C,45,4900
B20276019,40.763,30C,45,4830
B20276020,23.104,30C,45,4900
B20276021,104.971,30C,45,4700
B20276022,34.591,30C,45,4900
B20276023,29.289,30C,45,4900
B20276024,42.784,30C,45,7000
B20276025,16.624,30C,45,5970
B20276026,51.767,30C,45,5300
B20276027,73.985,30C,45,5300
B20276028,126.191,30C,45,4900
B20276029,56.123,30C,45,4901
B20276030,24.177,30C,45,4900
B20276031,106.632,30C,45,5900
B20276032,48.188,30C,45,4900
B20276033,48.864,30C,45,4675
B20276034,33.896,30C,45,4900
B20276035,35.032,30C,45,4900
B20276036,30.493,30C,45,4900
B20276037,30.301,30C,45,4900
B20276038,106.16,30C,45,4900
B20276039,21.673,30C,45,5400
B20276040,16.433,30C,45,6400
B20276041,50.065,30C,45,4900
B20276042,29.362,30C,45,9540
B20276043,23.261,30C,45,8100
B20276044,26.096,30C,45,4900
B20276045,60.649,30C,45,6250
B20276046,29.443,30C,45,10620
B20276047,33.445,30C,45,4900
B20276048,27.528,30C,45,10620
B20276049,16.626,30C,45,4600
B20276050,41.157,30C,45,11120
B20276051,127.972,30C,45,4900
B20276052,49.886,30C,45,4901
B20276053,63.413,30C,45,4900
B20276054,48.216,30C,45,4675
B20276055,39.906,30C,45,6600
B20276056,25.718,30C,45,4900
B20276057,95.273,30C,45,4900
B20276058,15.968,30C,45,4900
B20276059,91.796,30C,45,5900
B20276060,72.926,30C,45,4900
B20276061,28.1,30C,45,5200
B20276062,33.975,30C,45,7000
B20276063,43.66,30C,45,8780
B20276064,47.212,30C,45,4940
B20276065,40.156,30C,45,6900
B20276066,28.397,30C,45,7000
B20276067,41.395,30C,45,4900
B20276068,13.451,30C,45,7400
B20276069,50.434,30C,45,6250
B20276070,56.341,30C,45,4900
B20276071,43.619,30C,45,8970
B20276072,36.537,30C,45,5300
B20276073,80.246,30C,45,4900
B20276074,20.328,30C,45,4940
B20276075,75.644,30C,45,6400
B20276076,34.907,30C,45,4900
B20276077,124.618,30C,45,4900
B20276078,23.206,30C,45,10620
B20276079,29.245,30C,45,9540
B20276080,67.872,30C,45,4780
B20276081,81.197,30C,45,4900
B20276082,81.41,30C,45,4900
B20276083,114.1,30C,45,4900
B20276084,35.958,30C,45,11540
B20276085,26.492,30C,45,7300
B20276086,17.751,30C,45,6401
B20276087,52.953,30C,45,4900
B20276088,18.376,30C,45,4900
B20276089,21.194,30C,45,5200
B20276090,29.341,30C,45,9520
B20276091,60.689,30C,45,4900
B20276092,21.788,30C,45,5995
B20276093,30.021,30C,45,4900
B20276094,104.37,30C,45,4900
B20276095,22.842,30C,45,6400
B20276096,63.464,30C,45,8150
B20276097,27.384,30C,45,3820
B20276098,67.138,30C,45,4901
B20276099,107.291,30C,45,4900
B20276100,35.109,30C,45,4950
B20276101,48.193,30C,45,4675
B20276102,34.05,30C,45,4900
B20276103,33.393,30C,45,5000
B20276104,28.63,30C,45,7000
B20276105,30.44,30C,45,4500
B20276106,22.725,30C,45,10620
B20276107,57.651,30C,45,6100
B20276108,54.921,30C,45,4900
B20276109,22.925,30C,45,5200
B20276110,95.702,30C,45,4900
B20276111,59.164,30C,45,4700
B20276112,42.955,30C,45,4900
B20276113,39.066,30C,45,6900
B20276114,34.821,30C,45,4950
B20276115,53.271,30C,45,3820
B20276116,33.87,30C,45,5300
B20276117,16.363,30C,45,6400
B20276118,128.074,30C,45,4900
B20276119,23.591,30C,45,4940
B20276120,21.704,30C,45,4940
B20276121,23.897,30C,45,4900
B20276122,34.122,30C,45,4900
B20276123,18.388,30C,45,4900
B20276124,16.191,30C,45,4600
B20276125,38.194,30C,45,4900
B20276126,29.2,30C,45,4900
B20276127,74.886,30C,45,4901
B20276128,33.285,30C,45,4900
B20276129,32.178,30C,45,7400
B20276130,30.667,30C,45,4900
B20276131,40.325,30C,45,4900
B20276132,30.12,30C,45,4900
B20276133,23.127,30C,45,4675
B20276134,62.621,30C,45,4900
B20276135,43.303,30C,45,4700
B20276136,20.686,30C,45,6300
B20276137,104.923,30C,45,4900
B20276138,21.324,30C,45,4940
B20276139,29.039,30C,45,4900
B20276140,33.806,30C,45,10500
B20276141,143.434,30C,45,6400
B20276142,67.915,30C,45,4900
B20276143,39.595,30C,45,4900
B20276144,37.59,30C,45,6400
B20276145,22.96,30C,45,5400
B20276146,50.096,30C,45,4901
B20276147,45.655,30C,45,8200
B20276148,14.754,30C,45,9540
B20276149,38.949,30C,45,4900
B20276150,30.339,30C,45,4901
B20276151,29.719,30C,45,4500
B20276152,35.024,30C,45,4900
B20276153,22.593,30C,45,8100
B20276154,100.374,30C,45,4630
B20276155,48.049,30C,45,7000
B20276156,49.674,30C,45,4900
B20276157,57.883,30C,45,6100
B20276158,23.629,30C,45,4900
B20276159,28.971,30C,45,6300
B20276160,24.694,30C,45,4900
B20276161,66.054,30C,45,7000
B20276162,54.159,30C,45,4750
B20276163,24.605,30C,45,4900
B20276164,42.867,30C,45,4630
B20276165,23.273,30C,45,4900
B20276166,37.574,30C,45,4900
B20276167,64.852,30C,45,4900
B20276168,47.911,30C,45,4675
B20276169,96.911,30C,45,4901
B20276170,34.776,30C,45,4900
B20276171,31.153,30C,45,4900
B20276172,23.332,30C,45,4970
B20276173,21.378,30C,45,4901
B20276174,100.453,30C,45,4900
B20276175,27.08,30C,45,4900
B20276176,33.355,30C,45,5150
B20276177,49.421,30C,45,4600
B20276178,46.238,30C,45,8150
B20276179,48.437,30C,45,8200
B20276180,34.48,30C,45,4900
B20276181,25.201,30C,45,5530
B20276182,49.023,30C,45,4900
B20276183,28.75,30C,45,4700
B20276184,40.338,30C,45,4900
B20276185,15.807,30C,45,4970
B20276186,81.991,30C,45,4900
B20276187,29.979,30C,45,6400
B20276188,41.534,30C,45,5995
B20276189,34.592,30C,45,4900
B20276190,67.131,30C,45,4780
B20276191,22.343,30C,45,5150
B20276192,21.444,30C,45,12300
B20276193,34.222,30C,45,4900
B20276194,20.836,30C,45,12300
B20276195,14.639,30C,45,3820
B20276196,60.7,30C,45,6400
B20276197,80.989,30C,45,4901
B20276198,32.02,30C,45,4901
B20276199,22.962,30C,45,4800
B20276200,33.146,30C,45,5700
B20276201,136.541,30C,45,4900
B20276202,30.612,30C,45,3800
B20276203,28.137,30C,45,9540
B20276204,36.342,30C,45,6400
B20276205,54.688,30C,45,7080
B20276206,41.778,30C,45,4900
B20276207,21.406,30C,45,4930
B20276208,44.106,30C,45,4900
B20276209,27.408,30C,45,9540
B20276210,24.97,30C,45,4525
B20276211,48.843,30C,45,6300
B20276212,63.944,30C,45,4900
B20276213,78.758,30C,45,4900
B20276214,52.119,30C,45,4900
B20276215,56.701,30C,45,4700
B20276216,46.871,30C,45,4900
B20276217,23.292,30C,45,5150
B20276218,22.217,30C,45,4675
B20276219,97.978,30C,45,5900
B20276220,31.952,30C,45,4900
B20276221,19.96,30C,45,9340
B20276222,29.231,30C,45,4940
B20276223,46.259,30C,45,6400
B20276224,49.491,30C,45,3820
B20276225,22.208,30C,45,6250
B20276226,36.092,30C,45,4900
B20276227,67.353,30C,45,4900
B20276228,23.81,30C,45,4630
B20276229,43.788,30C,45,4900
B20276230,27.548,30C,45,4900
B20276231,33.735,30C,45,5330
B20276232,56.213,30C,45,4900
B20276233,69.489,30C,45,4900
B20276234,22.228,30C,45,7300
B20276235,40.291,30C,45,6900
B20276236,34.68,30C,45,4900
B20276237,21.776,30C,45,7900
B20276238,21.444,30C,45,4901
B20276239,24.007,30C,45,8100
B20276240,24.59,30C,45,6400
B20276241,127.468,30C,45,4900
B20276242,22.445,30C,45,5550
B20276243,34.156,30C,45,4900
B20276244,24.896,30C,45,4900
B20276245,33.217,30C,45,4900
B20276246,53.132,30C,45,4901
B20276247,78.51,30C,45,4780
B20276248,22.687,30C,45,5200
B20276249,33.66,30C,45,4900
B20276250,62.156,30C,45,4900
B20276251,27.487,30C,45,4900
B20276252,41.745,30C,45,4900
B20276253,22.504,30C,45,4900
B20276254,120.249,30C,45,4900
B20276255,26.581,30C,45,5530
B20276256,29.321,30C,45,7000
B20276257,15.344,30C,45,4900
B20276258,149.615,30C,45,4900
B20276259,62.496,30C,45,4900
B20276260,32.141,30C,45,7000
B20276261,32.188,30C,45,4900
B20276262,96.317,30C,45,4900
B20276263,25.016,30C,45,4900
B20276264,25.085,30C,45,4900
B20276265,27.56,30C,45,8970
B20276266,22.453,30C,45,4930
B20276267,102.008,30C,45,5900
B20276268,139.076,30C,45,4900
B20276269,27.833,30C,45,10620
B20276270,24.715,30C,45,6400
B20276271,29.523,30C,45,4900
B20276272,116.049,30C,45,4900
B20276273,71.621,30C,45,4700
B20276274,21.749,30C,45,4900
B20276275,48.67,30C,45,4900
B20276276,32.875,30C,45,4900
B20276277,36.56,30C,45,4900
B20276278,35.552,30C,45,4970
B20276279,35.521,30C,45,5330
B20276280,56.379,30C,45,6400
B20276281,74.617,30C,45,4830
B20276282,46.161,30C,45,5970
B20276283,36.937,30C,45,7400
B20276284,69.561,30C,45,4900
B20276285,67.579,30C,45,7000
B20276286,28.118,30C,45,4900
B20276287,41.465,30C,45,10060
B20276288,61.26,30C,45,4901
B20276289,28.205,30C,45,9540
B20276290,92.7,30C,45,4420
B20276291,54.637,30C,45,7392
B20276292,28.962,30C,45,5200
B20276293,64.74,30C,45,4900
B20276294,65.841,30C,45,4900
B20276295,30.532,30C,45,4900
B20276296,16.12,30C,45,6400
B20276297,41.513,30C,45,4900
B20276298,92.836,30C,45,6350
B20276299,21.979,30C,45,4900
B20276300,30.273,30C,45,4930
B20276301,33.824,30C,45,4940
B20276302,80.022,30C,45,5300
B20276303,69.015,30C,45,6400
B20276304,35.144,30C,45,4900
B20276305,46.239,30C,45,5530
B20276306,22.301,30C,45,5995
B20276307,54.484,30C,45,5200
B20276308,21.603,30C,45,7300
B20276309,90.83,30C,45,4900
B20276310,56.481,30C,45,4900
B20276311,29.508,30C,45,6300
B20276312,104.048,30C,45,4901
B20276313,16.637,30C,45,5900
B20276314,56.788,30C,45,4900
B20276315,42.292,30C,45,6600
B20276316,29.554,30C,45,9540
B20276317,75.102,30C,45,4900
B20276318,28.544,30C,45,4700
B20276319,23.246,30C,45,6250
B20276320,21.972,30C,45,5530
B20276321,19.104,30C,45,6300
B20276322,22.721,30C,45,5300
B20276323,22.902,30C,45,5400
B20276324,51.634,30C,45,4901
B20276325,29.473,30C,45,5300
B20276326,23.36,30C,45,4900
B20276327,89.392,30C,45,9520
B20276328,109.764,30C,45,4900
B20276329,28.753,30C,45,5150
B20276330,59.008,30C,45,4901
B20276331,47.313,30C,45,4940
B20276332,44.27,30C,45,7400
B20276333,47.366,30C,45,4900
B20276334,70.567,30C,45,4830
B20276335,28.78,30C,45,4700
B20276336,68.978,30C,45,5330
B20276337,23.136,30C,45,5150
B20276338,29.211,30C,45,9540
B20276339,99.011,30C,45,6400
B20276340,23.047,30C,45,6250
B20276341,125.153,30C,45,4900
B20276342,35.183,30C,45,4900
B20276343,23.004,30C,45,5530
B20276344,46.367,30C,45,4900
B20276345,56.315,30C,45,4900
B20276346,25.479,30C,45,4900
B20276347,39.054,30C,45,4900
B20276348,22.048,30C,45,6400
B20276349,41.588,30C,45,5900
B20276350,70.175,30C,45,4900
B20276351,67.967,30C,45,4780
B20276352,33.87,30C,45,4900
B20276353,66.8,30C,45,4900
B20276354,26.895,30C,45,4900
B20276355,31.708,30C,45,4901
B20276356,24.072,30C,45,4900
B20276357,31.663,30C,45,4900
B20276358,69.971,30C,45,4900
B20276359,38.099,30C,45,4900
B20276360,41.403,30C,45,5900
B20276361,14.704,30C,45,9540
B20276362,40.782,30C,45,10060
B20276363,16.811,30C,45,5970
B20276364,50.425,30C,45,6400
B20276365,35.85,30C,45,4900
B20276366,29.744,30C,45,4900
B20276367,106.085,30C,45,4900
B20276368,15.102,30C,45,9540
B20276369,41.598,30C,45,4900
B20276370,124.395,30C,45,4900
B20276371,96.557,30C,45,4901
B20276372,21.58,30C,45,4795
B20276373,22.04,30C,45,5150
B20276374,53.823,30C,45,5470
B20276375,113.154,30C,45,4900
B20276376,13.203,30C,45,6400
B20276377,61.737,30C,45,5900
B20276378,21.827,30C,45,4900
B20276379,55.714,30C,45,7392
B20276380,28.185,30C,45,4900
B20276381,29.086,30C,45,11540
B20276382,43.314,30C,45,4630
B20276383,28.591,30C,45,4700
B20276384,16.061,30C,45,5900
B20276385,23.791,30C,45,4900
B20276386,54.824,30C,45,4700
B20276387,119.594,30C,45,4900
B20276388,70.7,30C,45,4420
B20276389,22.895,30C,45,10860
B20276390,26.165,30C,45,5530
B20276391,51.794,30C,45,5300
B20276392,22.582,30C,45,5530
B20276393,14.888,30C,45,9540
B20276394,75.834,30C,45,5300
B20276395,27.22,30C,45,10620
B20276396,12.986,30C,45,7400
B20276397,21.61,30C,45,5080
B20276398,49.143,30C,45,6400
B20276399,28.752,30C,45,4500
B20276400,71.173,30C,45,4830
B20276401,36.999,30C,45,4900
B20276402,31.356,30C,45,8100
B20276403,51.404,30C,45,6700
B20276404,52.572,30C,45,4900
B20276405,20.217,30C,45,5200
B20276406,97.945,30C,45,4900
B20276407,69.955,30C,45,6400
B20276408,29.487,30C,45,6700
B20276409,26.228,30C,45,6400
B20276410,22.005,30C,45,5530
B20276411,29.189,30C,45,12300
B20276412,63.873,30C,45,5700
B20276413,22.128,30C,45,4675
B20276414,15.655,30C,45,9540
B20276415,56.69,30C,45,4900
B20276416,47.505,30C,45,11120
B20276417,28.282,30C,45,10620
B20276418,33.663,30C,45,5220
B20276419,53.422,30C,45,4900
B20276420,41.366,30C,45,4900
B20276421,41.396,30C,45,4900
B20276422,31.514,30C,45,4900
B20276423,23.162,30C,45,5200
B20276424,30.511,30C,45,4901
B20276425,21.651,30C,45,4900
B20276426,34.55,30C,45,4900
B20276427,65.26,30C,45,4900
B20276428,29.292,30C,45,4900
B20276429,22.623,30C,45,4901
B20276430,36.079,30C,45,5000
B20276431,40.701,30C,45,6300
B20276432,69.507,30C,45,4900
B20276433,21.452,30C,45,4900
B20276434,35.014,30C,45,4900
B20276435,60.448,30C,45,6400
B20276436,52.745,30C,45,4900
B20276437,22.4,30C,45,4940
B20276438,73.351,30C,45,4900
B20276439,45.556,30C,45,4675
B20276440,49.55,30C,45,4901
B20276441,84.248,30C,45,4815
B20276442,16.286,30C,45,6400
B20276443,25.263,30C,45,9520
B20276444,65.725,30C,45,11120
B20276445,24.908,30C,45,6400
B20276446,50.079,30C,45,4900
B20276447,37.476,30C,45,4900
B20276448,140.077,30C,45,8780
B20276449,71.262,30C,45,4900
B20276450,38.237,30C,45,6400
B20276451,21.621,30C,45,10620
B20276452,62.467,30C,45,5700
B20276453,22.472,30C,45,4675
B20276454,109.678,30C,45,7000
B20276455,40.893,30C,45,4900
B20276456,37.934,30C,45,4900
B20276457,57.254,30C,45,6300
B20276458,60.861,30C,45,6400
B20276459,23.701,30C,45,4900
B20276460,22.855,30C,45,4795
B20276461,31.583,30C,45,6900
B20276462,93.443,30C,45,4900
B20276463,59.117,30C,45,4900
B20276464,70.57,30C,45,4420
B20276465,31.04,30C,45,6350
B20276466,40.176,30C,45,4900
B20276467,31.2,30C,45,4900
B20276468,63.304,30C,45,4900
B20276469,65.299,30C,45,4780
B20276470,44.466,30C,45,4900
B20276471,28.756,30C,45,4795
B20276472,29.288,30C,45,10860
B20276473,116.173,30C,45,8100
B20276474,47.598,30C,45,4900
B20276475,28.917,30C,45,5200
B20276476,43.85,30C,45,4900
B20276477,34.415,30C,45,4900
B20276478,31.048,30C,45,4900
B20276479,55.958,30C,45,6400
B20276480,106.608,30C,45,6400
B20276481,73.063,30C,45,10000
B20276482,109.088,30C,45,4900
B20276483,100.509,30C,45,4900
B20276484,34.689,30C,45,6400
B20276485,95.264,30C,45,4900
B20276486,100.211,30C,45,4900
B20276487,56.636,30C,45,8150
B20276488,38.195,30C,45,4970
B20276489,40.43,30C,45,4900
B20276490,23.359,30C,45,5000
B20276491,30.295,30C,45,6900
B20276492,26.166,30C,45,10620
B20276493,48.255,30C,45,5600
B20276494,22.868,30C,45,11000
B20276495,15.728,30C,45,9540
B20276496,102.748,30C,45,4900
B20276497,46.231,30C,45,5300
B20276498,59.05,30C,45,6400
B20276499,42.832,30C,45,4900
B20276500,16.281,30C,45,5300
B20276501,40.817,30C,45,4900
B20276502,53.937,30C,45,7392
B20276503,25.782,30C,45,10620
B20276504,53.617,30C,45,5470
B20276505,49.048,30C,45,4900
B20276506,12.845,30C,45,7400
B20276507,99.362,30C,45,4900
B20276508,24.64,30C,45,7400
B20276509,29.323,30C,45,6300
B20276510,18.355,30C,45,6900
B20276511,64.78,30C,45,7000
B20276512,31.055,30C,45,4750
B20276513,16.031,30C,45,4900
B20276514,66.858,30C,45,4420
B20276515,94.463,30C,45,8970
B20276516,60.834,30C,45,5900
B20276517,70.147,30C,45,4700
B20276518,30.97,30C,45,4901
B20276519,27.351,30C,45,10620
B20276520,34.08,30C,45,4900
B20276521,36.509,30C,45,6400
B20276522,22.902,30C,45,4795
B20276523,78.529,30C,45,4900
B20276524,27.638,30C,45,12300
B20276525,36.483,30C,45,4900
B20276526,113.469,30C,45,4900
B20276527,21.838,GB40,28,4900
B20276528,34.819,GB40,28,5900
B20276529,16.82,GB40,28,4900
B20276530,18.46,GB40,28,4500
B20276531,22.955,GB40,28,7900
B20276532,135.191,GB40,28,7750
B20276533,25.536,GB40,28,6900
B20276534,129.03,GB40,28,4900
B20276535,85.006,GB40,28,7000
B20276536,27.976,GB40,28,6250
B20276537,39.003,GB40,28,4900
B20276538,45.029,GB40,28,6780
B20276539,27.845,GB40,28,7000
B20276540,73.55,GB40,28,5900
B20276541,40.017,GB40,28,4900
B20276542,71.805,GB40,28,5900
B20276543,34.765,GB40,28,4900
B20276544,29.243,GB40,28,6250
B20276545,22.345,GB40,28,7000
B20276546,67.612,GB40,28,4900
B20276547,22.422,GB40,28,10680
B20276548,45.129,GB40,28,7750
B20276549,70.533,GB40,28,4900
B20276550,22.256,GB40,28,5900
B20276551,36.589,GB40,28,3900
B20276552,30.129,GB40,28,5200
B20276553,140.478,GB40,28,6100
B20276554,33.229,GB40,28,6100
B20276555,122.837,GB40,28,6100
B20276556,33.556,GB40,28,6200
B20276557,78.598,GB40,28,7000
B20276558,34.28,GB40,28,4900
B20276559,108.731,GB40,28,6100
B20276560,73.201,GB40,28,6100
B20276561,143.539,GB40,28,6100
B20276562,81.473,GB40,28,4900
B20276563,13.528,GB40,28,4900
B20276564,22.597,GB40,28,7000
B20276565,139.683,GB40,28,6100
B20276566,116.587,GB40,28,6650
B20276567,54.471,GB40,28,7000
B20276568,126.112,GB40,28,4400
B20276569,45.329,GB40,28,4750
B20276570,147.818,GB40,28,4550
B20276571,61.216,GB40,28,5400
B20276572,75.422,GB40,28,4900
B20276573,96.139,GB40,28,6100
B20276574,50.564,GB40,28,6400
B20276575,139.596,GB40,28,7750
B20276576,56.195,GB40,28,6650
B20276577,79.036,GB40,28,7900
B20276578,93.003,GB40,28,6400
B20276579,19.648,GB40,28,4900
B20276580,125.609,GB40,28,6100
B20276581,119.553,GB40,28,6100
B20276582,38.364,GB40,28,7000
B20276583,35.261,GB40,28,6800
B20276584,23.103,GB40,28,4900
B20276585,21.764,GB40,28,6900
B20276586,35.036,GB40,28,4900
B20276587,131.185,GB40,28,6100
B20276588,61.856,GB40,28,4900
B20276589,93.922,GB40,28,10680
B20276590,51.281,GB40,28,4900
B20276591,22.632,GB40,28,5018
B20276592,21.589,GB40,28,7000
B20276593,23.815,GB40,28,6550
B20276594,35.463,GB40,28,5900
B20276595,59.894,GB40,28,6300
B20276596,22.535,GB40,28,4900
B20276597,22.203,GB40,28,5900
B20276598,22.524,GB40,28,7000
B20276599,28.318,GB40,28,5900
B20276600,33.472,GB40,28,5060
B20276601,58.079,GB40,28,6650
B20276602,38.984,GB40,28,7000
B20276603,26.88,GB40,28,5900
B20276604,21.607,GB40,28,5360
B20276605,58.392,GB40,28,4900
B20276606,125.458,GB40,28,6100
B20276607,45.44,GB40,28,6900
B20276608,140.628,GB40,28,7750
B20276609,21.13,GB40,28,5900
B20276610,49.646,GB40,28,4500
B20276611,47.476,GB40,28,8400
B20276612,72.74,GB40,28,5000
B20276613,41.342,GB40,28,4900
B20276614,59.87,GB40,28,6550
B20276615,83.95,GB40,28,6550
B20276616,124.491,GB40,28,6100
B20276617,78.179,GB40,28,6400
B20276618,46.556,GB40,28,5200
B20276619,52.763,GB40,28,5900
B20276620,57.965,GB40,28,6100
B20276621,42.495,GB40,28,8050
B20276622,35.392,GB40,28,7960
B20276623,75.17,GB40,28,4900
B20276624,45.383,GB40,28,3900
B20276625,47.567,GB40,28,6400
B20276626,136.203,GB40,28,4900
B20276627,39.166,GB40,28,7000
B20276628,103.586,GB40,28,4900
B20276629,28.439,GB40,28,7000
B20276630,28.025,GB40,28,11400
B20276631,27.711,GB40,28,5400
B20276632,73.066,GB40,28,6100
B20276633,54.842,GB40,28,8900
B20276634,33.981,GB40,28,5600
B20276635,126.297,GB40,28,6100
B20276636,56.496,GB40,28,6100
B20276637,40.401,GB40,28,8400
B20276638,81.971,GB40,28,6360
B20276639,33.385,GB40,28,6100
B20276640,73.439,GB40,28,5900
B20276641,28.462,GB40,28,5900
B20276642,45.087,GB40,28,9000
B20276643,35.774,GB40,28,11400
B20276644,21.867,GB40,28,8230
B20276645,25.161,GB40,28,6900
B20276646,50.367,GB40,28,6100
B20276647,88.435,GB40,28,6400
B20276648,148.603,GB40,28,6100
B20276649,50.849,GB40,28,5000
B20276650,58.114,GB40,28,4900
B20276651,47.448,GB40,28,8280
B20276652,18.776,GB40,28,4900
B20276653,60.673,GB40,28,5900
B20276654,28.527,GB40,28,11050
B20276655,33.52,GB40,28,4900
B20276656,86.858,GB40,28,11050
B20276657,21.368,GB40,28,10680
B20276658,22.754,GB40,28,5900
B20276659,21.736,GB40,28,6140
B20276660,22.347,GB40,28,5900
B20276661,34.316,GB40,28,5900
B20276662,24.445,GB40,28,5200
B20276663,46.114,GB40,28,6780
B20276664,30.5,GB40,28,4900
B20276665,51.327,GB40,28,4900
B20276666,69.78,GB40,28,6400
B20276667,69.919,GB40,28,4900
B20276668,132.782,GB40,28,7750
B20276669,28.867,GB40,28,5900
B20276670,27.722,GB40,28,4500
B20276671,21.9,GB40,28,4900
B20276672,34.462,GB40,28,6400
B20276673,33.436,GB40,28,4900
B20276674,30.144,GB40,28,4900
B20276675,53.8,GB40,28,7000
B20276676,21.237,GB40,28,7000
B20276677,49.981,GB40,28,6100
B20276678,29.06,GB40,28,4900
B20276679,29.433,GB40,28,6400
B20276680,22.404,GB40,28,8230
B20276681,92.527,GB40,28,6100
B20276682,118.252,GB40,28,5400
B20276683,63.254,GB40,28,6300
B20276684,39.453,GB40,28,4900
B20276685,127.908,GB40,28,6100
B20276686,24.564,GB40,28,6400
B20276687,22.314,GB40,28,6400
B20276688,26.734,GB40,28,5900
B20276689,21.614,GB40,28,4900
B20276690,92.745,GB40,28,4950
B20276691,28.227,GB40,28,5900
B20276692,22.332,GB40,28,5360
B20276693,25.331,GB40,28,6400
B20276694,74.418,GB40,28,5900
B20276695,146.836,GB40,28,6100
B20276696,57.94,GB40,28,5900
B20276697,16.364,GB40,28,5900
B20276698,35.52,GB40,28,7960
B20276699,118.906,GB40,28,6100
B20276700,21.254,GB40,28,5900
B20276701,40.406,GB40,28,4900
B20276702,94.127,GB40,28,5900
B20276703,21.395,GB40,28,5900
B20276704,59.379,GB40,28,6650
B20276705,23.158,GB40,28,4900
B20276706,54.708,GB40,28,4900
B20276707,21.966,GB40,28,7000
B20276708,22.485,GB40,28,5900
B20276709,23.042,GB40,28,6780
B20276710,47.107,GB40,28,8050
B20276711,78.952,GB40,28,4550
B20276712,25.876,GB40,28,6400
B20276713,33.472,GB40,28,5900
B20276714,35.108,GB40,28,5900
B20276715,84.924,GB40,28,7000
B20276716,73.664,GB40,28,6400
B20276717,40.691,GB40,28,6400
B20276718,62.551,GB40,28,5900
B20276719,41.828,GB40,28,4900
B20276720,109.081,GB40,28,5150
B20276721,47.702,GB40,28,6400
B20276722,68.675,GB40,28,6100
B20276723,129.763,GB40,28,7900
B20276724,145.117,GB40,28,4500
B20276725,34.341,GB40,28,4900
B20276726,15.339,GB40,28,4600
B20276727,36.053,GB40,28,8280
B20276728,26.221,GB40,28,6400
B20276729,39.047,GB40,28,5900
B20276730,74.242,GB40,28,5000
B20276731,34.774,GB40,28,8280
B20276732,50.329,GB40,28,8050
B20276733,70.646,GB40,28,6400
B20276734,144.355,GB40,28,7750
B20276735,33.5,GB40,28,6400
B20276736,139.893,GB40,28,7750
B20276737,59.487,GB40,28,4900
B20276738,30.059,GB40,28,5000
B20276739,34.23,GB40,28,4900
B20276740,76.218,GB40,28,4900
B20276741,141.368,GB40,28,6100
B20276742,22.822,GB40,28,7000
B20276743,82.565,GB40,28,7000
B20276744,51.517,GB40,28,7000
B20276745,49.295,GB40,28,4900
B20276746,68.023,GB40,28,4600
B20276747,73.718,GB40,28,4900
B20276748,50.918,GB40,28,6100
B20276749,46.793,GB40,28,4900
B20276750,39.156,GB40,28,4900
B20276751,129.631,GB40,28,8900
B20276752,28.286,GB40,28,6250
B20276753,120.52,GB40,28,4900
B20276754,104.439,GB40,28,6100
B20276755,45.568,GB40,28,7000
B20276756,96.067,GB40,28,4900
B20276757,21.61,GB40,28,5900
B20276758,125.658,GB40,28,6100
B20276759,62.257,GB40,28,6400
B20276760,144.838,GB40,28,4500
B20276761,21.963,GB40,28,7000
B20276762,34.62,GB40,28,5900
B20276763,77.657,GB40,28,6400
B20276764,21.78,GB40,28,4900
B20276765,91.579,GB40,28,6400
B20276766,76.232,GB40,28,4900
B20276767,34.936,GB40,28,11400
B20276768,53.919,GB40,28,4700
B20276769,41.639,GB40,28,4900
B20276770,69.905,GB40,28,4900
B20276771,121.685,GB40,28,4900
B20276772,50.607,GB40,28,5900
B20276773,76.998,GB40,28,4900
B20276774,26.55,GB40,28,6400
B20276775,35.37,GB40,28,4900
B20276776,44.243,GB40,28,7750
B20276777,21.138,GB40,28,4550
B20276778,41.57,GB40,28,4900
B20276779,147.227,GB40,28,4500
B20276780,70.743,GB40,28,5900
B20276781,80.548,GB40,28,6550
B20276782,134.515,GB40,28,7750
B20276783,129.214,GB40,28,6100
B20276784,143.297,GB40,28,6100
B20276785,22.078,GB40,28,7000
B20276786,16.359,GB40,28,5270
B20276787,35.239,GB40,28,4900
B20276788,50.891,GB40,28,7000
B20276789,40.056,GB40,28,4900
B20276790,34.073,GB40,28,5900
B20276791,16.449,GB40,28,4900
B20276792,15.656,GB40,28,5270
B20276793,27.673,GB40,28,5600
B20276794,33.399,GB40,28,4900
B20276795,21.331,GB40,28,7000
B20276796,41.543,GB40,28,5900
B20276797,23.215,GB40,28,6400
B20276798,23.298,GB40,28,6400
B20276799,23.256,GB40,28,6840
B20276800,46.076,GB40,28,4900
B20276801,30.312,GB40,28,6400
B20276802,16.365,GB40,28,5900
B20276803,33.743,GB40,28,5900
B20276804,21.442,GB40,28,6100
B20276805,81.394,GB40,28,6550
B20276806,48.435,GB40,28,9000
B20276807,26.785,GB40,28,5060
B20276808,21.677,GB40,28,5900
B20276809,15.773,GB40,28,5900
B20276810,119.252,GB40,28,7900
B20276811,33.315,GB40,28,4700
B20276812,34.491,GB40,28,5900
B20276813,33.199,GB40,28,4900
B20276814,42.63,GB40,28,4900
B20276815,47.303,GB40,28,4900
B20276816,34.581,GB40,28,5900
B20276817,15.42,GB40,28,5900
B20276818,71.475,GB40,28,4900
B20276819,16.696,GB40,28,5270
B20276820,143.554,GB40,28,6100
B20276821,22.602,GB40,28,6400
B20276822,105.043,GB40,28,6100
B20276823,32.946,GB40,28,5900
B20276824,42.925,GB40,28,4900
B20276825,71.326,GB40,28,8050
B20276826,68.997,GB40,28,5900
B20276827,140.896,GB40,28,7750
B20276828,34.493,GB40,28,4900
B20276829,34.604,GB40,28,7960
B20276830,45.055,GB40,28,4900
B20276831,34.856,GB40,28,6400
B20276832,41.433,GB40,28,4900
B20276833,42.665,GB40,28,5100
B20276834,71.581,GB40,28,8050
B20276835,50.334,GB40,28,5000
B20276836,42.178,GB40,28,4900
B20276837,141.863,GB40,28,7750
B20276838,34.358,GB40,28,4900
B20276839,50.928,GB40,28,6250
B20276840,23.017,GB40,28,5900
B20276841,26.563,GB40,28,6400
B20276842,33.496,GB40,28,4900
B20276843,83.349,GB40,28,4900
B20276844,49.718,GB40,28,6100
B20276845,147.304,GB40,28,6100
B20276846,73.431,GB40,28,5900
B20276847,35.472,GB40,28,6100
B20276848,17.761,GB40,28,4900
B20276849,34.938,GB40,28,8280
B20276850,132.858,GB40,28,4900
B20276851,35.202,GB40,28,4900
B20276852,18.18,GB40,28,5200
B20276853,58.28,GB40,28,5900
B20276854,140.996,GB40,28,5600
B20276855,35.362,GB40,28,5900
B20276856,23.021,GB40,28,4900
B20276857,23.267,GB40,28,6400
B20276858,23.422,GB40,28,6400
B20276859,22.926,GB40,28,7900
B20276860,46.391,GB40,28,4450
B20276861,21.236,GB40,28,5100
B20276862,48.716,GB40,28,9000
B20276863,99.257,GB40,28,4900
B20276864,63.881,GB40,28,6150
B20276865,15.716,GB40,28,4600
B20276866,71.746,GB40,28,6100
B20276867,66.682,GB40,28,4900
B20276868,35.968,GB40,28,4900
B20276869,28.036,GB40,28,5900
B20276870,139.771,GB40,28,7750
B20276871,71.199,GB40,28,4900
B20276872,96.879,GB40,28,6400
B20276873,35.548,GB40,28,4550
B20276874,31.454,GB40,28,4900
B20276875,58.886,GB40,28,6550
B20276876,141.607,GB40,28,7750
B20276877,40.683,GB40,28,6400
B20276878,18.096,GB40,28,4900
B20276879,27.065,GB40,28,6650
B20276880,37.523,GB40,28,8280
B20276881,75.185,GB40,28,5900
B20276882,30.57,GB40,28,5000
B20276883,57.863,GB40,28,6550
B20276884,27.438,GB40,28,4900
B20276885,46.752,GB40,28,4900
B20276886,21.6,GB40,28,4550
B20276887,26.365,GB40,28,5200
B20276888,107.314,GB40,28,4901
B20276889,33.381,GB40,28,4900
B20276890,50.052,GB40,28,6100
B20276891,51.617,GB40,28,5000
B20276892,17.734,GB40,28,11400
B20276893,46.713,GB40,28,6400
B20276894,22.391,GB40,28,7240
B20276895,21.802,GB40,28,7240
B20276896,21.568,GB40,28,5900
B20276897,36.646,GB40,28,6400
B20276898,41.671,GB40,28,5900
B20276899,20.846,GB40,28,5900
B20276900,22.51,GB40,28,6900
B20276901,41.125,GB40,28,6250
B20276902,35.343,GB40,28,6150
B20276903,26.508,GB40,28,5900
B20276904,48.661,GB40,28,8280
B20276905,26.916,GB40,28,7000
B20276906,85.07,GB40,28,7000
B20276907,127.606,GB40,28,4900
B20276908,31.12,GB40,28,4900
B20276909,29.804,GB40,28,6650
B20276910,40.36,GB40,28,5900
B20276911,37.873,GB40,28,11400
B20276912,74.279,GB40,28,5000
B20276913,97.656,GB40,28,6250
B20276914,21.68,GB40,28,5600
B20276915,24.741,GB40,28,6900
B20276916,22.669,GB40,28,6840
B20276917,57.227,GB40,28,6550
B20276918,59.871,GB40,28,5900
B20276919,120.215,GB40,28,5270
B20276920,57.993,GB40,28,5900
B20276921,48.841,GB40,28,6400
B20276922,49.027,GB40,28,5900
B20276923,35.458,GB40,28,4900
B20276924,110.099,GB40,28,6100
B20276925,81.193,GB40,28,6100
B20276926,34.634,GB40,28,6550
B20276927,65.683,GB40,28,4900
B20276928,54.19,GB40,28,4900
B20276929,74.535,GB40,28,6100
B20276930,50.601,GB40,28,7000
B20276931,47.591,GB40,28,6900
B20276932,45.094,GB40,28,5100
B20276933,40.488,GB40,28,4900
B20276934,48.021,GB40,28,4450
B20276935,40.733,GB40,28,7000
B20276936,138.478,GB40,28,7750
B20276937,21.611,GB40,28,5900
B20276938,33.874,GB40,28,4900
B20276939,81.606,GB40,28,7900
B20276940,28.512,GB40,28,11050
B20276941,108.128,GB40,28,6100
B20276942,136.295,GB40,28,6100
B20276943,16.959,GB40,28,4900
B20276944,107.945,GB40,28,4901
B20276945,76.137,GB40,28,4900
B20276946,25.399,GB40,28,6550
B20276947,21.246,GB40,28,5900
B20276948,45.181,GB40,28,4900
B20276949,82.163,GB40,28,6100
B20276950,29.002,GB40,28,5900
B20276951,21.713,GB40,28,4900
B20276952,85.477,GB40,28,6550
B20276953,80.25,GB40,28,6400
B20276954,23.03,GB40,28,7900
B20276955,35.594,GB40,28,5200
B20276956,26.743,GB40,28,4400
B20276957,40.771,GB40,28,4900
B20276958,39.076,GB40,28,4900
B20276959,32.634,GB40,28,4150
B20276960,97.997,GB40,28,5900
B20276961,30.14,GB40,28,6100
B20276962,38.078,GB40,28,4900
B20276963,140.403,GB40,28,7750
B20276964,49.317,GB40,28,7900
B20276965,133.403,GB40,28,6780
B20276966,108.852,GB40,28,6100
B20276967,53.268,GB40,28,5900
B20276968,23.029,GB40,28,7000
B20276969,31.895,GB40,28,6100
B20276970,77.432,GB40,28,4900
B20276971,94.722,GB40,28,4900
B20276972,44.231,GB40,28,4450
B20276973,27.4,GB40,28,11050
B20276974,21.764,GB40,28,5900
B20276975,130.249,GB40,28,4900
B20276976,21.769,GB40,28,5900
B20276977,53.358,GB40,28,6800
B20276978,41.516,GB40,28,4900
B20276979,59.784,GB40,28,5900
B20276980,51.957,GB40,28,6100
B20276981,15.815,GB40,28,4900
B20276982,77.22,GB40,28,4900
B20276983,33.045,GB40,28,4900
B20276984,52.484,GB40,28,7000
B20276985,42.263,GB40,28,4700
B20276986,40.22,GB40,28,7000
B20276987,91.302,GB40,28,6250
B20276988,52.069,GB40,28,4900
B20276989,127.368,GB40,28,6100
B20276990,17.921,GB40,28,5200
B20276991,38.609,GB40,28,5900
B20276992,114.13,GB40,28,6100
B20276993,35.507,GB40,28,4900
B20276994,55.47,GB40,28,4900
B20276995,26.387,GB40,28,6400
B20276996,87.206,GB40,28,6100
B20276997,22.363,GB40,28,4900
B20276998,70.375,GB40,28,4500
B20276999,36.025,GB40,28,4900
B20277000,92.353,GB40,28,5600
B20277001,16.296,GB40,28,5900
B20277002,87.707,GB40,28,6100
B20277003,21.899,GB40,28,7000
B20277004,121.472,GB40,28,5400
B20277005,71.448,GB40,28,6400
B20277006,69.152,GB40,28,4500
B20277007,61.475,GB40,28,7000
B20277008,21.66,GB40,28,4900
B20277009,29.722,GB40,28,4900
B20277010,142.362,GB40,28,6100
B20277011,38.484,GB40,28,4900
B20277012,31.725,GB40,28,6100
B20277013,29.221,GB40,28,6650
B20277014,28.386,GB40,28,6400
B20277015,61.738,GB40,28,6650
B20277016,76.822,GB40,28,7750
B20277017,103.2,GB40,28,6100
B20277018,33.358,GB40,28,6100
B20277019,25.805,GB40,28,5200
B20277020,21.236,GB40,28,8400
B20277021,61.231,GB40,28,6400
B20277022,135.86,GB40,28,7750
B20277023,15.933,GB40,28,4900
B20277024,71.411,GB40,28,6400
B20277025,37.95,GB40,28,4900
B20277026,41.401,GB40,28,7000
B20277027,40.488,GB40,28,4900
B20277028,110.79,GB40,28,6100
B20277029,35.995,GC-4,32,11050
B20277030,23.484,GC-4,32,5220
B20277031,36.093,GC-4,32,7000
B20277032,28.589,GC-4,32,4900
B20277033,44.522,GC-4,32,8230
B20277034,27.464,GC-4,32,6400
B20277035,42.017,GC-4,32,4500
B20277036,30.161,GC-4,32,6400
B20277037,94.891,GC-4,32,7000
B20277038,38.986,GC-4,32,8400
B20277039,40.885,GC-4,32,4900
B20277040,112.234,GC-4,32,5900
B20277041,56.911,GC-4,32,4901
B20277042,119.387,GC-4,32,5900
B20277043,35.632,GC-4,32,11050
B20277044,127.412,GC-4,32,6900
B20277045,119.969,GC-4,32,6400
B20277046,107.15,GC-4,32,4600
B20277047,36.559,GC-4,32,5700
B20277048,43.497,GC-4,32,8280
B20277049,71.387,GC-4,32,5900
B20277050,28.505,GC-4,32,7960
B20277051,56.224,GC-4,32,5900
B20277052,120.627,GC-4,32,5900
B20277053,35.291,GC-4,32,4900
B20277054,44.726,GC-4,32,8230
B20277055,24.215,GC-4,32,5900
B20277056,83.654,GC-4,32,6540
B20277057,22.811,GC-4,32,4500
B20277058,32.144,GC-4,32,7000
B20277059,115.383,GC-4,32,5900
B20277060,20.376,GC-4,32,7000
B20277061,85.914,GC-4,32,6540
B20277062,28.567,GC-4,32,6400
B20277063,82.675,GC-4,32,5970
B20277064,126.32,GC-4,32,6900
B20277065,144.875,GC-4,32,4940
B20277066,38.731,GC-4,32,4900
B20277067,22.832,GC-4,32,5900
B20277068,22.617,GC-4,32,4500
B20277069,33.236,GC-4,32,5220
B20277070,36.922,GC-4,32,4900
B20277071,28.408,GC-4,32,6400
B20277072,114.009,GC-4,32,5900
B20277073,106.956,GC-4,32,4900
B20277074,29.435,GC-4,32,4901
B20277075,22.781,GC-4,32,4900
B20277076,125.786,GC-4,32,5900
B20277077,27.67,GC-4,32,4900
B20277078,95.131,GC-4,32,5900
B20277079,28.771,GC-4,32,4900
B20277080,77.234,GC-4,32,5900
B20277081,128.996,GC-4,32,6900
B20277082,49.065,GC-4,32,4500
B20277083,37.629,GC-4,32,4900
B20277084,124.713,GC-4,32,5900
B20277085,97.54,GC-4,32,7000
B20277086,56.305,GC-4,32,5900
B20277087,35.599,GC-4,32,7000
B20277088,88.363,GC-4,32,4900
B20277089,83.192,GC-4,32,5150
B20277090,125.131,GC-4,32,4940
B20277091,58.019,GC-4,32,5900
B20277092,28.69,GC-4,32,4900
B20277093,23.692,GC-4,32,4600
B20277094,41.275,GC-4,32,5900
B20277095,35.725,GC-4,32,5900
B20277096,46.376,GC-4,32,6350
B20277097,93.166,GC-4,32,7000
B20277098,24.69,GC-4,32,5900
B20277099,15.257,GC-4,32,4900
B20277100,26.549,GC-4,32,6780
B20277101,66.571,GC-4,32,7000
B20277102,120.15,GC-4,32,5900
B20277103,27.567,GC-4,32,6840
B20277104,31.074,GC-4,32,6900
B20277105,77.125,GC-4,32,5900
B20277106,67.286,GC-4,32,7000
B20277107,92.623,GC-4,32,5970
B20277108,15.344,GC-4,32,5220
B20277109,51.14,GC-4,32,5900
B20277110,144.238,GC-4,32,5900
B20277111,44.986,GC-4,32,4500
B20277112,41.667,GC-4,32,8400
B20277113,25.42,GC-4,32,6350
B20277114,23.858,GC-4,32,8900
B20277115,22.868,GC-4,32,5000
B20277116,61.432,GC-4,32,5900
B20277117,15.742,GC-4,32,4600
B20277118,40.021,GC-4,32,10900
B20277119,30.334,GC-4,32,4900
B20277120,93.004,GC-4,32,5900
B20277121,121.23,GC-4,32,5900
B20277122,23.064,GC-4,32,5900
B20277123,54.032,GC-4,32,4900
B20277124,61.865,GC-4,32,9000
B20277125,19.213,GC-4,32,5400
B20277126,147.1,GC-4,32,5900
B20277127,37.624,GC-4,32,4900
B20277128,40.894,GC-4,32,8230
B20277129,34.633,GC-4,32,11050
B20277130,28.289,GC-4,32,4901
B20277131,43.845,GC-4,32,4900
B20277132,52.637,GC-4,32,4900
B20277133,104.776,GC-4,32,4900
B20277134,127.331,GC-4,32,6900
B20277135,80.664,GC-4,32,6540
B20277136,62.237,GC-4,32,9000
B20277137,29.601,GC-4,32,4900
B20277138,118.369,GC-4,32,5900
B20277139,61.499,GC-4,32,9000
B20277140,149.707,GC-4,32,5900
B20277141,74.856,GC-4,32,5900
B20277142,22.554,GC-4,32,4600
B20277143,35.707,GC-4,32,4900
B20277144,15.443,GC-4,32,4900
B20277145,35.885,GC-4,32,7000
B20277146,78.071,GC-4,32,4900
B20277147,149.24,GC-4,32,5900
B20277148,23.943,GC-4,32,4500
B20277149,125.926,GC-4,32,5900
B20277150,56.153,GC-4,32,4900
B20277151,60.062,GC-4,32,5900
B20277152,45.002,GC-4,32,8230
B20277153,28.734,GC-4,32,4900
B20277154,29.224,GC-4,32,4900
B20277155,36.771,GC-4,32,4900
B20277156,58.133,GC-4,32,5900
B20277157,24.5,GC-4,32,4901
B20277158,54.312,GC-4,32,5900
B20277159,14.721,GC-4,32,4500
B20277160,24.236,GC-4,32,6400
B20277161,22.467,GC-4,32,4901
B20277162,21.755,GC-4,32,5900
B20277163,30.199,GC-4,32,7000
B20277164,31.734,GC-4,32,4901
B20277165,54.867,GC-4,32,8400
B20277166,23.854,GC-4,32,4900
B20277167,53.362,GC-4,32,4901
B20277168,23.068,GC-4,32,7900
B20277169,24.164,GC-4,32,6400
B20277170,15.058,GC-4,32,4900
B20277171,42.677,GC-4,32,4500
B20277172,119.583,GC-4,32,6900
B20277173,77.899,GC-4,32,5000
B20277174,36.676,GC-4,32,4900
B20277175,82.737,GC-4,32,4900
B20277176,23.495,GC-4,32,4500
B20277177,21.288,GC-4,32,5150
B20277178,45.033,GC-4,32,9000
B20277179,27.651,GC-4,32,4901
B20277180,55.582,GC-4,32,4900
B20277181,15.121,GC-4,32,6400
B20277182,87.782,GC-4,32,4901
B20277183,50.182,GC-4,32,9000
B20277184,31.013,GC-4,32,6400
B20277185,38.979,GC-4,32,4900
B20277186,37.463,GC-4,32,7000
B20277187,41.132,GC-4,32,7000
B20277188,23.613,GC-4,32,4900
B20277189,58.737,GC-4,32,5900
B20277190,15.625,GC-4,32,4901
B20277191,44.584,GC-4,32,8230
B20277192,54.108,GC-4,32,5900
B20277193,50.289,GC-4,32,4500
B20277194,29.074,GC-4,32,6900
B20277195,89.681,GC-4,32,5700
B20277196,149.092,GC-4,32,5900
B20277197,72.885,GC-4,32,5900
B20277198,19.653,GC-4,32,5400
B20277199,33.76,GC-4,32,4900
B20277200,28.486,GC-4,32,4900
B20277201,21.866,GC-4,32,5400
B20277202,22.342,GC-4,32,5000
B20277203,24.515,GC-4,32,5900
B20277204,126.305,GC-4,32,4940
B20277205,24.752,GC-4,32,6400
B20277206,53.09,GC-4,32,4900
B20277207,29.103,GC-4,32,6400
B20277208,26.471,GC-4,32,5220
B20277209,52.607,GC-4,32,7000
B20277210,15.583,GC-4,32,4900
B20277211,46.139,GC-4,32,4900
B20277212,25.405,GC-4,32,4500
B20277213,88.959,GC-4,32,5700
B20277214,47.213,GC-4,32,4900
B20277215,54.192,GC-4,32,4900
B20277216,23.418,GC-4,32,4901
B20277217,22.233,GC-4,32,4500
B20277218,52.278,GC-4,32,5900
B20277219,16.217,GC-4,32,5220
B20277220,24.539,GC-4,32,4500
B20277221,20.905,GC-4,32,5400
B20277222,95.318,GC-4,32,4900
B20277223,94.094,GC-4,32,5970
B20277224,37.488,GC-4,32,4900
B20277225,29.274,GC-4,32,4500
B20277226,119.789,GC-4,32,5900
B20277227,42.087,GC-4,32,4901
B20277228,57.859,GC-4,32,4900
B20277229,19.784,GC-4,32,7000
B20277230,55.417,GC-4,32,4900
B20277231,36.016,GC-4,32,11050
B20277232,121.437,GC-4,32,4940
B20277233,44.456,GC-4,32,4900
B20277234,23.237,GC-4,32,5900
B20277235,43.698,GC-4,32,4500
B20277236,32.322,GC-4,32,5900
B20277237,19.505,GC-4,32,5400
B20277238,16.965,GC-4,32,6900
B20277239,24.615,GC-4,32,4900
B20277240,43.38,GC-4,32,4900
B20277241,94.541,GC-4,32,4900
B20277242,29.11,GC-4,32,5900
B20277243,24.191,GC-4,32,4900
B20277244,20.784,GC-4,32,5400
B20277245,14.682,GC-4,32,4900
B20277246,36.993,GC-4,32,4900
B20277247,20.194,GC-4,32,8400
B20277248,26.189,GC-4,32,4900
B20277249,15.258,GC-4,32,4900
B20277250,36.809,GC-4,32,11050
B20277251,38.693,GC-4,32,4900
B20277252,47.597,GC-4,32,4900
B20277253,54.025,GC-4,32,4901
B20277254,54.728,GC-4,32,4900
B20277255,19.632,GC-4,32,8400
B20277256,52.344,GC-4,32,4900
B20277257,16.131,GC-4,32,4901
B20277258,30.78,GC-4,32,6900
B20277259,22.777,GC-4,32,5900
B20277260,24.742,GC-4,32,4900
B20277261,30.544,GC-4,32,4900
B20277262,24.47,GC-4,32,6400
B20277263,113.45,GC-4,32,6840
B20277264,142.135,GC-4,32,5900
B20277265,47.821,GC-4,32,4900
B20277266,15.35,GC-4,32,4901
B20277267,15.47,GC-4,32,4901
B20277268,34.792,GC-4,32,5900
B20277269,31.445,GC-4,32,7000
B20277270,48.576,GC-4,32,4700
B20277271,22.742,GC-4,32,4901
B20277272,23.602,GC-4,32,4600
B20277273,29.618,GC-4,32,4900
B20277274,17.478,GC-4,32,6900
B20277275,39.007,GC-4,32,4900
B20277276,23.114,GC-4,32,8900
B20277277,21.856,GC-7,52,6400
B20277278,33.109,GC-7,52,5900
B20277279,84.54,GC-7,52,5600
B20277280,72.803,GC-7,52,7240
B20277281,127.123,GC-7,52,6100
B20277282,28.058,GC-7,52,4900
B20277283,45.875,GC-7,52,7000
B20277284,130.525,GC-7,52,6400
B20277285,84.893,GC-7,52,4900
B20277286,22.352,GC-7,52,7000
B20277287,23.151,GC-7,52,4900
B20277288,104.708,GC-7,52,3900
B20277289,23.139,GC-7,52,7000
B20277290,25.704,GC-7,52,6800
B20277291,112.891,GC-7,52,6400
B20277292,42.345,GC-7,52,7000
B20277293,29.981,GC-7,52,5200
B20277294,41.957,GC-7,52,7000
B20277295,136.038,GC-7,52,6400
B20277296,134.912,GC-7,52,7750
B20277297,116.395,GC-7,52,6400
B20277298,58.255,GC-7,52,6100
B20277299,27.984,GC-7,52,5200
B20277300,41.65,GC-7,52,6100
B20277301,59.933,GC-7,52,7000
B20277302,145.952,GC-7,52,6100
B20277303,56.235,GC-7,52,4900
B20277304,140.481,GC-7,52,4900
B20277305,34.76,GC-7,52,5900
B20277306,32.988,GC-7,52,4900
B20277307,21.642,GC-7,52,4900
B20277308,49.544,GC-7,52,6100
B20277309,69.332,GC-7,52,7750
B20277310,26.45,GC-7,52,4900
B20277311,50.349,GC-7,52,5000
B20277312,45.535,GC-7,52,5200
B20277313,22.281,GC-7,52,5600
B20277314,25.756,GC-7,52,6800
B20277315,32.222,GC-7,52,4900
B20277316,16.671,GC-7,52,7750
B20277317,41.763,GC-7,52,5900
B20277318,42.773,GC-7,52,5200
B20277319,46.111,GC-7,52,4900
B20277320,66.102,GC-7,52,4900
B20277321,27.477,GC-7,52,7750
B20277322,70.596,GC-7,52,5060
B20277323,33.64,GC-7,52,5900
B20277324,46.583,GC-7,52,4900
B20277325,109.691,GC-7,52,4900
B20277326,17.216,GC-7,52,10680
B20277327,45.13,GC-7,52,5000
B20277328,24.247,GC-7,52,7000
B20277329,35.665,GC-7,52,4900
B20277330,26.122,GC-7,52,11400
B20277331,56.394,GC-7,52,7750
B20277332,57.965,GC-7,52,6100
B20277333,47.014,GC-7,52,6100
B20277334,61.218,GC-7,52,6100
B20277335,59.779,GC-7,52,5900
B20277336,58.101,GC-7,52,7000
B20277337,124.075,GC-7,52,6100
B20277338,44.756,GC-7,52,7000
B20277339,35.988,GC-7,52,4900
B20277340,29.236,GC-7,52,7750
B20277341,44.659,GC-7,52,5000
B20277342,42.403,GC-7,52,7000
B20277343,29.205,GC-7,52,4900
B20277344,19.977,GC-7,52,5900
B20277345,20.132,GC-7,52,5900
B20277346,41.291,GC-7,52,7000
B20277347,42.078,GC-7,52,7240
B20277348,65.666,GC-7,52,4900
B20277349,16.264,GC-7,52,7750
B20277350,34.907,GC-7,52,5900
B20277351,38.768,GC-7,52,7000
B20277352,45.671,GC-7,52,5200
B20277353,69.553,GC-7,52,6100
B20277354,101.719,GC-7,52,6400
B20277355,27.271,GC-7,52,11400
B20277356,59.211,GC-7,52,6100
B20277357,48.823,GC-7,52,5100
B20277358,24.487,GC-7,52,4950
B20277359,87.556,GC-7,52,4900
B20277360,25.981,GC-7,52,4900
B20277361,23.661,GC-7,52,7000
B20277362,15.359,GC-7,52,4900
B20277363,44.241,GC-7,52,5200
B20277364,23.263,GC-7,52,4900
B20277365,38.397,GC-7,52,6400
B20277366,21.551,GC-7,52,6100
B20277367,58.604,GC-7,52,7750
B20277368,31.319,GC-7,52,5060
B20277369,128.485,GC-7,52,4900
B20277370,50.677,GC-7,52,4900
B20277371,56.596,GC-7,52,7000
B20277372,21.969,GC-7,52,3900
B20277373,112.483,GC-7,52,5600
B20277374,27.069,GC-7,52,6100
B20277375,47.174,GC-7,52,5000
B20277376,29.298,GC-7,52,4400
B20277377,30.894,GC-7,52,6100
B20277378,44.916,GC-7,52,4900
B20277379,16.189,GC-7,52,6100
B20277380,29.256,GC-7,52,7750
B20277381,25.504,GC-7,52,4900
B20277382,132.559,GC-7,52,6100
B20277383,22.791,GC-7,52,4900
B20277384,46.197,GC-7,52,7000
B20277385,46.245,GC-7,52,6100
B20277386,29.937,GC-7,52,4900
B20277387,44.809,GC-7,52,7000
B20277388,66.89,GC-7,52,7000
B20277389,46.67,GC-7,52,4900
B20277390,102.965,GC-7,52,3900
B20277391,23.849,GC-7,52,4900
B20277392,61.983,GC-7,52,7000
B20277393,16.149,GC-7,52,4900
B20277394,34.328,GC-7,52,5900
B20277395,43.225,GC-7,52,5000
B20277396,20.644,GC-7,52,6100
B20277397,48.989,GC-7,52,6100
B20277398,148.955,GC-7,52,6100
B20277399,65.767,GC-7,52,7750
B20277400,28.66,GC-7,52,4900
B20277401,27.469,GC-7,52,7750
B20277402,124.389,GC-7,52,4900
B20277403,31.586,GC-7,52,5060
B20277404,15.58,GC-7,52,5000
B20277405,126.972,GC-7,52,6100
B20277406,119.657,GC-7,52,6100
B20277407,85.366,GC-7,52,4700
B20277408,100.085,GC-7,52,3900
B20277409,124.16,GC-7,52,6400
B20277410,43.807,GC-7,52,6100
B20277411,71.799,GC-7,52,5900
B20277412,35.076,GC-7,52,6400
B20277413,34.11,GC-7,52,4900
B20277414,55.145,GC-7,52,6400
B20277415,122.822,GC-7,52,4900
B20277416,42.336,GC-7,52,7000
B20277417,36.295,GC-7,52,4900
B20277418,25.809,GC-7,52,6800
B20277419,38.524,GC-7,52,5900
B20277420,61.259,GC-7,52,7000
B20277421,127.729,GC-7,52,6400
B20277422,40.772,GC-7,52,7000
B20277423,43.131,GC-7,52,3900
B20277424,104.899,GC-7,52,3900
B20277425,29.545,GC-7,52,5060
B20277426,49.789,GC-7,52,5000
B20277427,47.408,GC-7,52,4900
B20277428,25.881,GC-7,52,4900
B20277429,65.606,GC-7,52,7750
B20277430,34.313,GC-7,52,10680
B20277431,21.814,GC-7,52,4900
B20277432,39.114,GC-7,52,6400
B20277433,34.16,GC-7,52,4900
B20277434,69.005,GC-7,52,5900
B20277435,21.981,GC-7,52,8050
B20277436,22.702,GC-7,52,8050
B20277437,64.44,GC-7,52,7000
B20277438,59.947,GC-7,52,7750
B20277439,143.39,GC-7,52,7000
B20277440,44.497,GC-7,52,5000
B20277441,47.035,GC-7,52,6100
B20277442,56.682,GC-7,52,7750
B20277443,105.207,GC-7,52,3900
B20277444,65.487,GC-7,52,6100
B20277445,21.185,GC-7,52,5900
B20277446,28.154,GC-7,52,4900
B20277447,21.262,GC-7,52,8050
B20277448,26.073,GC-7,52,4950
B20277449,47.535,GC-7,52,5000
B20277450,57.509,GC-7,52,7000
B20277451,56.69,GC-7,52,4900
B20277452,102.131,GC-7,52,5018
B20277453,125.474,GC-7,52,6100
B20277454,23.227,GC-7,52,10680
B20277455,105.45,GC-7,52,3900
B20277456,29.92,GC-7,52,4900
B20277457,34.833,GC-7,52,5900
B20277458,62.002,GC-7,52,6400
B20277459,29.569,GC-7,52,4900
B20277460,59.375,GC-7,52,6100
B20277461,27.168,GC-7,52,7000
B20277462,34.581,GC-7,52,4900
B20277463,22.839,GC-7,52,8050
B20277464,37.106,GC-7,52,6400
B20277465,16.451,GC-7,52,4900
B20277466,60.241,GC-7,52,6100
B20277467,28.51,GC-7,52,7750
B20277468,46.909,GC-7,52,5200
B20277469,39.376,GC-7,52,5900
B20277470,38.46,GC-7,52,5900
B20277471,25.817,GC-7,52,4900
B20277472,31.588,GC-7,52,4900
B20277473,33.206,GC-7,52,4900
B20277474,46.988,GC-7,52,4900
B20277475,141.299,GC-7,52,4900
B20277476,41.955,GC-7,52,6800
B20277477,51.37,GC-7,52,5100
B20277478,95.956,GC-7,52,5018
B20277479,115.115,GC-7,52,4900
B20277480,92.114,GC-7,52,7750
B20277481,33.359,GC-7,52,5900
B20277482,139.271,GC-7,52,7750
B20277483,23.592,GC-7,52,4900
B20277484,40.473,GC-7,52,7000
B20277485,39.533,GC-7,52,5060
B20277486,28.175,GC-7,52,7750
B20277487,43.295,GC-7,52,7000
B20277488,34.025,GC-7,52,6400
B20277489,23.825,GC-7,52,6400
B20277490,54.799,GC-7,52,4900
B20277491,22.395,GC-7,52,5900
B20277492,27.479,GC-7,52,11400
B20277493,23.127,GC-7,52,7000
B20277494,28.182,GC-7,52,7750
B20277495,22.774,GC-7,52,4900
B20277496,121.002,GC-7,52,4700
B20277497,31.602,GC-9,36,4901
B20277498,24.983,GC-9,36,4901
B20277499,55.667,GC-9,36,4900
B20277500,42.946,GC-9,36,4900
B20277501,36.178,GC-9,36,6400
B20277502,27.709,GC-9,36,4940
B20277503,29.308,GC-9,36,4900
B20277504,133.305,GC-9,36,4901
B20277505,24.387,GC-9,36,4901
B20277506,28.228,GC-9,36,5300
B20277507,72.919,GC-9,36,4900
B20277508,23.229,GC-9,36,4900
B20277509,57.405,GC-9,36,4901
B20277510,55.512,GC-9,36,4900
B20277511,21.166,GC-9,36,4901
B20277512,20.496,GC-9,36,5220
B20277513,91.951,GC-9,36,4900
B20277514,34.624,GC-9,36,5400
B20277515,29.125,GC-9,36,4780
B20277516,47.225,GC-9,36,6540
B20277517,28.59,GC-9,36,4901
B20277518,55.526,GC-9,36,5400
B20277519,36.045,GC-9,36,6400
B20277520,35.485,GC-9,36,5400
B20277521,29.085,GC-9,36,4901
B20277522,36.239,GC-9,36,5400
B20277523,28.946,GC-9,36,4780
B20277524,30.295,GC-9,36,4901
B20277525,29.249,GC-9,36,4900
B20277526,48.898,GC-9,36,6400
B20277527,39.802,GC-9,36,5080
B20277528,25.127,GC-9,36,4901
B20277529,30.243,GC-9,36,4780
B20277530,39.439,GC-9,36,4900
B20277531,45.431,GC-9,36,4900
B20277532,28.894,GC-9,36,6350
B20277533,25.926,GC-9,36,4900
B20277534,53.157,GC-9,36,5330
B20277535,108.912,GC-9,36,4901
B20277536,41.263,GC-9,36,4900
B20277537,97.415,GC-9,36,6400
B20277538,52.553,GC-9,36,5330
B20277539,144.744,GC-9,36,5000
B20277540,70.192,GC-9,36,4940
B20277541,20.35,GC-9,36,4700
B20277542,108.583,GC-9,36,4901
B20277543,27.138,GC-9,36,4900
B20277544,21.997,GC-9,36,6400
B20277545,15.771,GC-9,36,4900
B20277546,47.152,GC-9,36,4900
B20277547,50.016,GC-9,36,10900
B20277548,90.977,GC-9,36,4900
B20277549,18.569,GC-9,36,6400
B20277550,46.661,GC-9,36,4900
B20277551,26.2,GC-9,36,7000
B20277552,19.136,GC-9,36,6400
B20277553,62.806,GC-9,36,4901
B20277554,20.345,GC-9,36,5900
B20277555,25.233,GC-9,36,4900
B20277556,28.583,GC-9,36,4900
B20277557,26.286,GC-9,36,4780
B20277558,14.864,GC-9,36,4525
B20277559,37.176,GC-9,36,4900
B20277560,35.312,GC-9,36,6400
B20277561,57.189,GC-9,36,4900
B20277562,73.089,GC-9,36,4901
B20277563,28.328,GC-9,36,6100
B20277564,38.611,GC-9,36,6400
B20277565,28.404,GC-9,36,4900
B20277566,28.667,GC-9,36,4900
B20277567,28.282,GC-9,36,6100
B20277568,139.197,GC-9,36,5000
B20277569,76.924,GC-9,36,4750
B20277570,29.94,GC-9,36,4900
B20277571,137.377,GC-9,36,5000
B20277572,38.912,GC-9,36,4900
B20277573,15.909,GC-9,36,6400
B20277574,87.665,GC-9,36,4900
B20277575,51.617,GC-9,36,4900
B20277576,73.801,GC-9,36,4940
B20277577,27.62,GC-9,36,4900
B20277578,26.423,GC-9,36,4900
B20277579,53.852,GC-9,36,7000
B20277580,127.825,GC-9,36,6400
B20277581,31.292,GC-9,36,5700
B20277582,48.956,GC-9,36,10900
B20277583,44.511,GC-9,36,4900
B20277584,18.556,GC-9,36,6400
B20277585,42.545,GC-9,36,4900
B20277586,28.883,GC-9,36,4900
B20277587,29.636,GC-9,36,4900
B20277588,37.674,GC-9,36,4901
B20277589,72.168,GC-9,36,7000
B20277590,28.263,GC-9,36,4900
B20277591,28.216,GC-9,36,5300
B20277592,30.204,GC-9,36,4900
B20277593,93.369,GC-9,36,4900
B20277594,41.828,GC-9,36,4900
B20277595,23.104,GC-9,36,4901
B20277596,22.695,GC-9,36,4900
B20277597,31.181,GC-9,36,4950
B20277598,15.691,GC-9,36,4525
B20277599,20.467,GC-9,36,4900
B20277600,30.797,GC-9,36,5700
B20277601,21.325,GC-9,36,5700
B20277602,28.178,GC-9,36,4900
B20277603,43.517,GC-9,36,4900
B20277604,99.413,GC-9,36,6400
B20277605,42.145,GC-9,36,5080
B20277606,30.096,GC-9,36,6400
B20277607,28.85,GC-9,36,4900
B20277608,47.487,GC-9,36,6400
B20277609,15.878,GC-9,36,6400
B20277610,28.393,GC-9,36,4900
B20277611,46.078,GC-9,36,4900
B20277612,36.259,GC-9,36,5970
B20277613,96.667,GC-9,36,6400
B20277614,21.692,GC-9,36,5995
B20277615,36.424,GC-9,36,6400
B20277616,49.496,GC-9,36,4900
B20277617,36.182,GC-9,36,5400
B20277618,50.645,GC-9,36,4900
B20277619,29.457,GC-9,36,4900
B20277620,30.673,GC-9,36,4900
B20277621,22.475,GC-9,36,4901
B20277622,121.714,GC-9,36,6400
B20277623,24.32,GC-9,36,4750
B20277624,40.162,GC-9,36,4900
B20277625,38.615,GC-9,36,4900
B20277626,29.042,GC-9,36,6400
B20277627,21.541,GC-9,36,4901
B20277628,30.006,GC-9,36,6400
B20277629,38.742,GC-9,36,4900
B20277630,36.215,GC-9,36,5970
B20277631,27.139,GC-9,36,4900
B20277632,25.7,GC-9,36,4900
B20277633,27.816,GC-9,36,6100
B20277634,32.202,GC-9,36,5300
B20277635,20.571,GC-9,36,5220
B20277636,67.79,GC-9,36,4901
B20277637,27.438,GC-9,36,4900
B20277638,51.789,GC-9,36,10900
B20277639,22.989,GC-9,36,5080
B20277640,22.844,GC-9,36,4900
B20277641,54.593,GC-9,36,4901
B20277642,39.954,GC-9,36,4900
B20277643,22.21,GC-9,36,5080
B20277644,120.107,GC-9,36,7000
B20277645,29.398,GC-9,36,4901
B20277646,26.936,GC-9,36,4900
B20277647,38.867,GC-9,36,4900
B20277648,18.663,GC-9,36,4900
B20277649,32.19,GC-9,36,5900
B20277650,29.227,GC-9,36,4900
B20277651,27.526,GC-9,36,4900
B20277652,18.59,GC-9,36,4900
B20277653,45.24,GC-9,36,4900
B20277654,44.398,GC-9,36,4900
B20277655,34.895,GC-9,36,6401
B20277656,26.054,GC-9,36,6350
B20277657,27.545,GC-9,36,4900
B20277658,21.986,GC-9,36,4901
B20277659,25.981,GC-9,36,4901
B20277660,47.227,GC-9,36,4900
B20277661,94.27,GC-9,36,4700
B20277662,28.504,GC-9,36,4900
B20277663,25.321,GC-9,36,4901
B20277664,30.371,GC-9,36,6400
B20277665,30.46,GC-9,36,4900
B20277666,26.496,GC-9,36,4901
B20277667,101.283,GC-9,36,5970
B20277668,20.473,GC-9,36,5900
B20277669,28.148,GC-9,36,4900
B20277670,25.45,GC-9,36,4525
B20277671,47.823,GC-9,36,6400
B20277672,46.83,GC-9,36,4900
B20277673,70.438,GC-9,36,4901
B20277674,26.996,GC-9,36,4900
B20277675,28.163,GC-9,36,5300
B20277676,24.602,GC-9,36,6100
B20277677,22.559,GC-9,36,4900
B20277678,45.313,GC-9,36,5330
B20277679,97.318,GC-9,36,6400
B20277680,50.844,GC-9,36,10900
B20277681,31.008,GC-9,36,4900
B20277682,28.818,GC-9,36,4900
B20277683,24.545,GC-9,36,4750
B20277684,136.077,GC-9,36,5000
B20277685,20.236,GC-9,36,5900
B20277686,47.032,GC-9,36,4900
B20277687,27.604,GC-9,36,4900
B20277688,22.237,GC-9,36,4900
B20277689,43.614,GC-9,36,4900
B20277690,28.067,GC-9,36,4900
B20277691,15.698,GC-9,36,4525
B20277692,37.154,GC-9,36,6400
B20277693,25.364,GC-9,36,4901
B20277694,22.416,GC-9,36,4900
B20277695,21.372,GC-9,36,4900
B20277696,75.71,GC-9,36,7000
B20277697,70.04,GC-9,36,4950
B20277698,18.432,GC-9,36,4900
B20277699,23.185,GC-9,36,4900
B20277700,22.212,GC-9,36,4900
B20277701,123.814,GC-9,36,5080
B20277702,48.802,GC-9,36,10900
B20277703,23.769,GC-9,36,5330
B20277704,27.085,GC-9,36,4900
B20277705,26.25,UE503,38,4901
B20277706,25.014,UE503,38,5000
B20277707,43.394,UE503,38,6400
B20277708,39.406,UE503,38,4900
B20277709,61.192,UE503,38,4901
B20277710,48.324,UE503,38,4900
B20277711,90.308,UE503,38,4900
B20277712,51.876,UE503,38,6500
B20277713,43.352,UE503,38,4900
B20277714,21.26,UE503,38,5995
B20277715,38.857,UE503,38,6100
B20277716,27.125,UE503,38,6140
B20277717,27.244,UE503,38,4900
B20277718,53.511,UE503,38,4930
B20277719,89.195,UE503,38,4900
B20277720,28.311,UE503,38,7001
B20277721,41.358,UE503,38,4795
B20277722,55.714,UE503,38,4900
B20277723,96.69,UE503,38,4901
B20277724,24.233,UE503,38,4900
B20277725,57.273,UE503,38,4900
B20277726,127.447,UE503,38,4901
B20277727,88.11,UE503,38,5980
B20277728,49.296,UE503,38,4901
B20277729,53.246,UE503,38,4930
B20277730,23.232,UE503,38,10000
B20277731,20.991,UE503,38,4900
B20277732,40.485,UE503,38,6100
B20277733,21.522,UE503,38,4901
B20277734,26.924,UE503,38,5000
B20277735,29.431,UE503,38,7001
B20277736,54.357,UE503,38,4900
B20277737,55.055,UE503,38,4900
B20277738,45.321,UE503,38,4900
B20277739,29.382,UE503,38,4900
B20277740,125.705,UE503,38,4901
B20277741,131.775,UE503,38,4860
B20277742,39.656,UE503,38,4900
B20277743,26.997,UE503,38,4900
B20277744,70.04,UE503,38,4901
B20277745,84.9,UE503,38,5010
B20277746,22.155,UE503,38,10000
B20277747,44.499,UE503,38,6450
B20277748,56.047,UE503,38,4900
B20277749,42.246,UE503,38,4901
B20277750,38.902,UE503,38,5840
B20277751,27.523,UE503,38,4900
B20277752,142.628,UE503,38,4901
B20277753,34.045,UE503,38,4900
B20277754,94.207,UE503,38,7000
B20277755,40.294,UE503,38,4930
B20277756,123.015,UE503,38,5995
B20277757,141.671,UE503,38,5980
B20277758,71.841,UE503,38,4901
B20277759,41.406,UE503,38,4900
B20277760,43.296,UE503,38,6400
B20277761,41.257,UE503,38,4900
B20277762,22.326,UE503,38,4901
B20277763,129.045,UE503,38,4901
B20277764,73.725,UE503,38,4901
B20277765,95.235,UE503,38,6140
B20277766,68.656,UE503,38,5995
B20277767,60.748,UE503,38,4900
B20277768,28.672,UE503,38,6140
B20277769,41.4,UE503,38,4930
B20277770,42.926,UE503,38,6900
B20277771,27.424,UE503,38,4900
B20277772,33.317,UE503,38,5010
B20277773,23.274,UE503,38,4900
B20277774,25.328,UE503,38,4795
B20277775,42.081,UE503,38,4900
B20277776,22.945,UE503,38,7001
B20277777,51.703,UE503,38,5995
B20277778,23.105,UE503,38,4901
B20277779,42.432,UE503,38,4900
B20277780,130.706,UE503,38,4901
B20277781,22.454,UE503,38,4900
B20277782,43.571,UE503,38,4850
B20277783,131.605,UE503,38,4901
B20277784,142.701,UE503,38,4901
B20277785,130.131,UE503,38,4901
B20277786,22.417,UE503,38,7001
B20277787,42.254,UE503,38,6100
B20277788,94.282,UE503,38,5000
B20277789,21.263,UE503,38,7001
B20277790,39.853,UE503,38,6400
B20277791,96.997,UE503,38,4901
B20277792,45.164,UE503,38,4850
B20277793,72.868,UE503,38,4901
B20277794,33.458,UE503,38,4940
B20277795,64.381,UE503,38,4900
B20277796,145.36,UE503,38,4901
B20277797,39.979,UE503,38,6100
B20277798,22.298,UE503,38,7000
B20277799,58.799,UE503,38,4900
B20277800,77.502,UE503,38,4901
B20277801,82.384,UE503,38,6100
B20277802,21.714,UE503,38,4901
B20277803,35.922,UE503,38,4900
B20277804,29.544,UE503,38,4901
B20277805,21.737,UE503,38,6000
B20277806,74.983,UE503,38,4901
B20277807,44.907,UE503,38,6400
B20277808,21.953,UE503,38,4900
B20277809,44.165,UE503,38,6450
B20277810,90.285,UE503,38,5000
B20277811,21.463,UE503,38,6900
B20277812,22.347,UE503,38,6100
B20277813,39.708,UE503,38,4850
B20277814,27.488,UE503,38,7000
B20277815,35.22,UE503,38,4940
B20277816,49.084,UE503,38,5000
B20277817,119.867,UE503,38,5000
B20277818,30.284,UE503,38,4901
B20277819,59.977,UE503,38,4900
B20277820,21.797,UE503,38,7001
B20277821,33.498,UE503,38,4940
B20277822,146.971,UE503,38,4901
B20277823,142.881,UE503,38,4901
B20277824,70.409,UE503,38,4901
B20277825,92.786,UE503,38,5980
B20277826,42.108,UE503,38,4900
B20277827,57.709,UE503,38,4900
B20277828,90.903,UE503,38,4901
B20277829,52.977,UE503,38,7001
B20277830,23.39,UE503,38,4901
B20277831,22.112,UE503,38,10000
B20277832,23.376,UE503,38,4900
B20277833,23.351,UE503,38,4901
B20277834,45.539,UE503,38,5000
B20277835,22.384,UE503,38,7000
B20277836,33.334,UE503,38,4700
B20277837,25.572,UE503,38,7001
B20277838,12.401,UE503,38,4900
B20277839,40.147,UE503,38,4900
B20277840,88.516,UE503,38,4901
B20277841,45.043,UE503,38,5010
B20277842,70.807,UE503,38,4901
B20277843,89.599,UE503,38,5980
B20277844,39.721,UE503,38,4860
B20277845,63.025,UE503,38,4900
B20277846,21.971,UE503,38,4900
B20277847,33.716,UE503,38,4700
B20277848,22.623,UE503,38,4900
B20277849,41.123,UE503,38,4900
B20277850,22.916,UE503,38,4900
B20277851,39.723,UE503,38,4900
B20277852,35.361,UE503,38,4700
B20277853,149.346,UE503,38,4901
B20277854,90.781,UE503,38,4901
B20277855,29.412,UE503,38,6900
B20277856,43.567,UE503,38,6450
B20277857,138.546,UE503,38,4900
B20277858,23.532,UE503,38,4901
B20277859,25.974,UE503,38,4900
B20277860,39.787,UE503,38,4901
B20277861,29.744,UE503,38,4900
B20277862,22.082,UE503,38,10000
B20277863,87.761,UE503,38,5000
B20277864,147.993,UE503,38,4901
B20277865,34.508,UE503,38,6900
B20277866,23.137,UE503,38,4900
B20277867,74.6,UE503,38,4901
B20277868,61.384,UE503,38,4900
B20277869,31.73,UE503,38,4901
B20277870,53.874,UE503,38,7001
B20277871,23.045,UE503,38,4901
B20277872,21.393,UE503,38,4901
B20277873,24.215,UE503,38,5000
B20277874,59.495,UE503,38,4900
B20277875,44.46,UE503,38,4900
B20277876,49.186,UE503,38,4860
B20277877,27.375,UE503,38,4900
B20277878,56.228,UE503,38,4900
B20277879,44.451,UE503,38,4900
B20277880,94.453,UE503,38,7000
B20277881,145.812,UE503,38,4901
B20277882,21.956,UE503,38,4900
B20277883,71.139,UE503,38,5995
B20277884,39.616,UE503,38,6400
B20277885,22.567,UE503,38,4901
B20277886,74.006,UE503,38,4901
B20277887,23.019,UE503,38,6400
B20277888,72.541,UE503,38,6550
B20277889,41.877,UE503,38,4850
B20277890,59.72,UE503,38,7900
B20277891,89.176,UE503,38,4901
B20277892,85.825,UE503,38,6500
B20277893,23.218,UE503,38,7001
B20277894,92.374,UE503,38,4901
B20277895,77.494,UE503,38,5995
B20277896,22.378,UE503,38,4900
B20277897,40.769,UE503,38,5010
B20277898,33.129,UE503,38,5010
B20277899,32.773,UE503,38,7000
B20277900,22.924,UE503,38,6400
B20277901,57.937,UE503,38,7900
B20277902,22.433,UE503,38,4950
B20277903,25.454,UE503,38,5000
B20277904,21.783,UE503,38,7001
B20277905,81.967,UE503,38,6500
B20277906,79.29,UE503,38,5010
B20277907,20.715,GC-10,46,5530
B20277908,23.634,GC-10,46,4815
B20277909,16.842,GC-10,46,4795
B20277910,34.222,GC-10,46,6400
B20277911,48.867,GC-10,46,6600
B20277912,55.755,GC-10,46,5300
B20277913,42.678,GC-10,46,4700
B20277914,79.748,GC-10,46,7400
B20277915,21.599,GC-10,46,4900
B20277916,40.704,GC-10,46,4900
B20277917,34.285,GC-10,46,4900
B20277918,12.652,GC-10,46,10500
B20277919,45.464,GC-10,46,4900
B20277920,37.808,GC-10,46,7000
B20277921,20.864,GC-10,46,9520
B20277922,43.877,GC-10,46,4900
B20277923,94.279,GC-10,46,4900
B20277924,111.31,GC-10,46,4900
B20277925,71.841,GC-10,46,4900
B20277926,39.817,GC-10,46,4900
B20277927,20.092,GC-10,46,6300
B20277928,39.947,GC-10,46,4900
B20277929,40.88,GC-10,46,4900
B20277930,22.85,GC-10,46,9540
B20277931,96.633,GC-10,46,4900
B20277932,52.722,GC-10,46,5200
B20277933,21.635,GC-10,46,4900
B20277934,43.613,GC-10,46,4900
B20277935,107.804,GC-10,46,4900
B20277936,62.563,GC-10,46,6400
B20277937,42.691,GC-10,46,4900
B20277938,21.788,GC-10,46,4400
B20277939,40.525,GC-10,46,7000
B20277940,40.448,GC-10,46,4900
B20277941,20.202,GC-10,46,7900
B20277942,58.721,GC-10,46,11540
B20277943,21.76,GC-10,46,6400
B20277944,77.151,GC-10,46,4900
B20277945,54.506,GC-10,46,11540
B20277946,140.862,GC-10,46,5800
B20277947,21.665,GC-10,46,4630
B20277948,46.887,GC-10,46,7000
B20277949,39.515,GC-10,46,4900
B20277950,42.051,GC-10,46,10500
B20277951,96.053,GC-10,46,6300
B20277952,73.197,GC-10,46,4900
B20277953,40.346,GC-10,46,7900
B20277954,23.299,GC-10,46,6600
B20277955,19.985,GC-10,46,6300
B20277956,44.604,GC-10,46,6250
B20277957,37.213,GC-10,46,4930
B20277958,12.454,GC-10,46,4900
B20277959,23.348,GC-10,46,4900
B20277960,142.756,GC-10,46,5800
B20277961,77.165,GC-10,46,4900
B20277962,29.692,GC-10,46,7900
B20277963,39.704,GC-10,46,4900
B20277964,22.537,GC-10,46,6600
B20277965,55.549,GC-10,46,5200
B20277966,21.816,GC-10,46,4630
B20277967,18.863,GC-10,46,6300
B20277968,105.097,GC-10,46,5530
B20277969,22.287,GC-10,46,6250
B20277970,59.885,GC-10,46,4900
B20277971,49.382,GC-10,46,9540
B20277972,41.945,GC-10,46,4900
B20277973,22.256,GC-10,46,4630
B20277974,27.093,GC-10,46,4900
B20277975,44.556,GC-10,46,4400
B20277976,48.604,GC-10,46,7400
B20277977,53.862,GC-10,46,9540
B20277978,26.544,GC-10,46,4795
B20277979,47.332,GC-10,46,4900
B20277980,89.528,GC-10,46,4400
B20277981,56.028,GC-10,46,5200
B20277982,19.538,GC-10,46,6300
B20277983,59.294,GC-10,46,4900
B20277984,48.911,GC-10,46,9520
B20277985,22.697,GC-10,46,4400
B20277986,19.283,GC-10,46,4900
B20277987,41.832,GC-10,46,4400
B20277988,32.239,GC-10,46,4400
B20277989,69.218,GC-10,46,6400
B20277990,119.469,GC-10,46,8650
B20277991,35.397,GC-10,46,4900
B20277992,39.375,GC-10,46,5300
B20277993,23.482,GC-10,46,4900
B20277994,65.613,GC-10,46,6400
B20277995,47.475,GC-10,46,4900
B20277996,22.323,GC-10,46,9540
B20277997,37.982,GC-10,46,4940
B20277998,93.215,GC-10,46,6300
B20277999,75.212,GC-10,46,4400
B20278000,32.109,GC-10,46,4400
B20278001,17.031,GC-10,46,6600
B20278002,37.899,GC-10,46,4930
B20278003,51.757,GC-10,46,5200
B20278004,43.272,GC-10,46,10500
B20278005,46.329,GC-10,46,4815
B20278006,73.13,GC-10,46,6400
B20278007,19.185,GC-10,46,6400
B20278008,44.344,GC-10,46,6250
B20278009,42.721,GC-10,46,5300
B20278010,61.097,GC-10,46,6400
B20278011,80.066,GC-10,46,4930
B20278012,115.402,GC-10,46,8650
B20278013,61.629,GC-10,46,4940
B20278014,87.57,GC-10,46,6400
B20278015,63.662,GC-10,46,4940
B20278016,53.666,GC-10,46,5200
B20278017,33.913,GC-10,46,4900
B20278018,41.371,GC-10,46,4900
B20278019,21.442,GC-10,46,6400
B20278020,21.067,GC-10,46,5530
B20278021,73.34,GC-10,46,6400
B20278022,91.923,GC-10,46,6300
B20278023,70.543,GC-10,46,4400
B20278024,47.434,GC-10,46,9520
B20278025,22.408,GC-10,46,6400
B20278026,27.558,GC-10,46,10500
B20278027,41.584,GC-10,46,7000
B20278028,30.046,GC-10,46,4400
B20278029,76.56,GC-10,46,4900
B20278030,57.443,GC-10,46,4400
B20278031,24.261,GC-10,46,9540
B20278032,22.369,GC-10,46,4400
B20278033,40.139,GC-10,46,7000
B20278034,69.395,GC-10,46,6400
B20278035,98.756,GC-10,46,11540
B20278036,29.598,GC-10,46,7400
B20278037,56.386,GC-10,46,11540
B20278038,34.255,GC-10,46,4900
B20278039,29.4,GC-10,46,4900
B20278040,46.956,GC-10,46,9540
B20278041,18.825,GC-10,46,6300
B20278042,56.116,GC-10,46,5300
B20278043,24.385,GC-10,46,6400
B20278044,32.025,GC-10,46,4400
B20278045,24.896,GC-10,46,10860
B20278046,125.038,GC-10,46,4900
B20278047,58.865,GC-10,46,4900
B20278048,43.269,GC-10,46,4900
B20278049,21.825,GC-10,46,4900
B20278050,27.324,GC-10,46,4900
B20278051,12.97,GC-10,46,4900
B20278052,33.422,GC-10,46,5300
B20278053,46.776,GC-10,46,4700
B20278054,112.899,GC-10,46,4900
B20278055,51.117,GC-10,46,5300
B20278056,24.075,GC-10,46,6400
B20278057,40.028,GC-10,46,9520
B20278058,16.85,GC-10,46,7400
B20278059,143.503,GC-10,46,5800
B20278060,23.133,GC-10,46,6400
B20278061,142.418,GC-10,46,5800
B20278062,110.539,GC-10,46,4900
B20278063,55.818,GC-10,46,11540
B20278064,40.972,GC-10,46,4400
B20278065,92.348,GC-10,46,4850
B20278066,98.747,GC-10,46,6300
B20278067,78.967,GC-10,46,6400
B20278068,43.372,GC-10,46,4900
B20278069,33.784,GC-10,46,5300
B20278070,55.596,GC-10,46,9540
B20278071,97.537,GC-10,46,4815
B20278072,44.284,GC-10,46,4900
B20278073,48.745,GC-10,46,4900
B20278074,21.632,GC-10,46,6400
B20278075,70.133,GC-10,46,6400
B20278076,56.487,GC-10,46,9540
B20278077,70.372,GC-10,46,10500
B20278078,91.492,GC-10,46,6400
B20278079,23.025,GC-10,46,6600
B20278080,75.148,GC-10,46,7000
B20278081,16.912,GC-10,46,7400
B20278082,88.716,GC-10,46,4850
B20278083,20.396,GC-10,46,5530
B20278084,116.981,GC-10,46,8650
B20278085,42.807,GC-10,46,4400
B20278086,51.841,GC-10,46,5300
B20278087,69.175,GC-10,46,4400
B20278088,41.562,GC-10,46,4400
B20278089,29.106,GC-10,46,4900
B20278090,22.049,GC-10,46,4400
B20278091,66.665,GC-10,46,6400
B20278092,71.033,GC-10,46,4815
B20278093,95.21,GC-10,46,4700
B20278094,57.518,GC-10,46,4900
B20278095,115.831,GC-10,46,9540
B20278096,46.462,GC-10,46,7400
B20278097,23.489,GC-10,46,6400
B20278098,62.068,GC-10,46,4940
B20278099,32.955,GC-6,37,4900
B20278100,21.361,GC-6,37,4750
B20278101,60.956,GC-6,37,7900
B20278102,52.603,GC-6,37,6400
B20278103,22.317,GC-6,37,6400
B20278104,27.03,GC-6,37,6070
B20278105,131.212,GC-6,37,4550
B20278106,28.956,GC-6,37,4900
B20278107,61.867,GC-6,37,6100
B20278108,21.066,GC-6,37,6400
B20278109,22.768,GC-6,37,4901
B20278110,20.99,GC-6,37,5550
B20278111,53.962,GC-6,37,6400
B20278112,27.351,GC-6,37,6400
B20278113,57.631,GC-6,37,6100
B20278114,22.63,GC-6,37,6400
B20278115,40.275,GC-6,37,5900
B20278116,62.419,GC-6,37,6550
B20278117,96.184,GC-6,37,6400
B20278118,125.295,GC-6,37,5270
B20278119,41.954,GC-6,37,4900
B20278120,87.586,GC-6,37,4900
B20278121,38.229,GC-6,37,4750
B20278122,21.387,GC-6,37,4900
B20278123,111.052,GC-6,37,4750
B20278124,34.442,GC-6,37,6650
B20278125,13.27,GC-6,37,7900
B20278126,67.721,GC-6,37,6200
B20278127,40.233,GC-6,37,6550
B20278128,29.918,GC-6,37,7900
B20278129,20.95,GC-6,37,4900
B20278130,65.453,GC-6,37,6550
B20278131,95.334,GC-6,37,6400
B20278132,139.041,GC-6,37,4900
B20278133,75.469,GC-6,37,5270
B20278134,58.197,GC-6,37,4900
B20278135,26.153,GC-6,37,4900
B20278136,37.974,GC-6,37,6700
B20278137,65.972,GC-6,37,4900
B20278138,21.734,GC-6,37,4900
B20278139,21.992,GC-6,37,4900
B20278140,28.062,GC-6,37,7900
B20278141,70.63,GC-6,37,4901
B20278142,41.319,GC-6,37,6650
B20278143,40.17,GC-6,37,4900
B20278144,66.412,GC-6,37,6550
B20278145,21.406,GC-6,37,4901
B20278146,34.459,GC-6,37,6650
B20278147,15.525,GC-6,37,6400
B20278148,33.646,GC-6,37,6250
B20278149,26.646,GC-6,37,7900
B20278150,71.158,GC-6,37,4900
B20278151,21.826,GC-6,37,4900
B20278152,51.298,GC-6,37,6400
B20278153,67.224,GC-6,37,6100
B20278154,21.138,GC-6,37,4901
B20278155,39.993,GC-6,37,6700
B20278156,34.545,GC-6,37,4900
B20278157,35.03,GC-6,37,4900
B20278158,15.562,GC-6,37,4600
B20278159,106.179,GC-6,37,4900
B20278160,55.038,GC-6,37,6400
B20278161,38.473,GC-6,37,4900
B20278162,67.808,GC-6,37,6200
B20278163,28.542,GC-6,37,4900
B20278164,50.371,GC-6,37,6070
B20278165,58.069,GC-6,37,7900
B20278166,34.963,GC-6,37,4900
B20278167,33.227,GC-6,37,4900
B20278168,92.659,GC-6,37,6400
B20278169,51.763,GC-6,37,4900
B20278170,69.251,GC-6,37,4900
B20278171,87.678,GC-6,37,4450
B20278172,38.521,GC-6,37,6250
B20278173,62.907,GC-6,37,4900
B20278174,57.222,GC-6,37,6100
B20278175,63.647,GC-6,37,6000
B20278176,102.93,GC-6,37,6400
B20278177,130.19,GC-6,37,6400
B20278178,107.302,GC-6,37,6360
B20278179,27.969,GC-6,37,4901
B20278180,25.159,GC-6,37,6100
B20278181,21.301,GC-6,37,6140
B20278182,17.132,GC-6,37,4600
B20278183,60.022,GC-6,37,5400
B20278184,88.474,GC-6,37,4900
B20278185,93.488,GC-6,37,4900
B20278186,33.798,GC-6,37,4900
B20278187,24.721,GC-6,37,4900
B20278188,37.82,GC-6,37,6100
B20278189,71.509,GC-6,37,6200
B20278190,52.001,GC-6,37,6550
B20278191,21.266,GC-6,37,4900
B20278192,127.513,GC-6,37,4901
B20278193,27.415,GC-6,37,6400
B20278194,89.887,GC-6,37,4450
B20278195,42.844,GC-6,37,5900
B20278196,46.08,GC-6,37,6400
B20278197,34.74,GC-6,37,4900
B20278198,52.837,GC-6,37,7900
B20278199,104.611,GC-6,37,6400
B20278200,63.851,GC-6,37,4900
B20278201,57.808,GC-6,37,5400
B20278202,39.901,GC-6,37,4900
B20278203,41.592,GC-6,37,4900
B20278204,121.203,GC-6,37,4901
B20278205,22.171,GC-6,37,6400
B20278206,66.627,GC-6,37,4900
B20278207,64.22,GC-6,37,6000
B20278208,22.366,GC-6,37,4900
B20278209,34.768,GC-6,37,6100
B20278210,91.897,GC-6,37,6400
B20278211,40.937,GC-6,37,4900
B20278212,70.587,GC-6,37,4901
B20278213,22.276,GC-6,37,4900
B20278214,46.555,GC-6,37,6400
B20278215,34.817,GC-6,37,4900
B20278216,22.556,GC-6,37,6400
B20278217,27.854,GC-6,37,6400
B20278218,16.128,GC-6,37,4900
B20278219,22.189,GC-6,37,4900
B20278220,41.884,GC-6,37,4900
B20278221,16.938,GC-6,37,5550
B20278222,43.125,GC-6,37,4900
B20278223,100.303,GC-6,37,6150
B20278224,87.94,GC-6,37,6000
B20278225,32.762,GC-6,37,4900
B20278226,35.637,GC-6,37,4900
B20278227,110.139,GC-6,37,6360
B20278228,38.757,GC-6,37,6650
B20278229,57.143,GC-6,37,6400
B20278230,24.936,GC-6,37,6900
B20278231,21.942,GC-6,37,4900
B20278232,21.713,GC-6,37,4900
B20278233,54.806,GC-6,37,6550
B20278234,129.059,GC-6,37,6250
B20278235,52.738,GC-6,37,4900
B20278236,24.814,GC-6,37,4900
B20278237,73.463,GC-6,37,4150
B20278238,40.377,GC-6,37,6900
B20278239,33.848,GC-6,37,6650
B20278240,34.537,GC-6,37,4900
B20278241,21.449,GC-6,37,6400
B20278242,55.838,GC-6,37,7900
B20278243,14.003,GC-6,37,7900
B20278244,70.494,GC-6,37,6100
B20278245,38.14,GC-6,37,6100
B20278246,52.8,GC-6,37,6400
B20278247,71.499,GC-6,37,4900
B20278248,69.395,GC-6,37,6200
B20278249,57.57,GC-6,37,6100
B20278250,55.581,GC-6,37,6400
B20278251,54.509,GC-6,37,4900
B20278252,104.315,GC-6,37,6400
B20278253,25.373,GC-6,37,4900
B20278254,15.79,GC-6,37,6400
B20278255,22.284,GC-6,37,6400
B20278256,36.057,GC-6,37,6250
B20278257,69.356,GC-6,37,4900
B20278258,67.682,GC-6,37,4900
B20278259,21.146,GC-6,37,4900
B20278260,41.837,GC-6,37,5900
B20278261,71.914,GC-6,37,4550
B20278262,79.087,GC-6,37,4900
B20278263,16.422,GC-6,37,4600
B20278264,71.155,GC-6,37,4900
B20278265,22.09,GC-6,37,6400
B20278266,73.64,GC-6,37,4900
B20278267,101.308,GC-6,37,4900
B20278268,39.849,GC-6,37,5550
B20278269,15.476,GC-6,37,6400
B20278270,26.968,GC-6,37,7900
B20278271,25.808,GC-6,37,6100
B20278272,45.38,GC-6,37,4900
B20278273,21.818,GC-6,37,6400
B20278274,56.62,GC-6,37,6100
B20278275,78.273,GC-6,37,4900
B20278276,65.174,GC-6,37,6550
B20278277,61.604,GC-6,37,4900
B20278278,61.304,GC-6,37,7900
B20278279,104.834,GC-6,37,6400
B20278280,30.484,GC-6,37,4900
B20278281,22.511,GC-6,37,6400
B20278282,21.455,GC-6,37,6400
B20278283,111.09,GC-5,42,7400
B20278284,22.325,GC-5,42,6400
B20278285,42.825,GC-5,42,8970
B20278286,34.085,GC-5,42,6400
B20278287,27.652,GC-5,42,4900
B20278288,40.989,GC-5,42,8970
B20278289,121.685,GC-5,42,5300
B20278290,101.133,GC-5,42,4900
B20278291,48.104,GC-5,42,4901
B20278292,21.829,GC-5,42,6400
B20278293,66.853,GC-5,42,4900
B20278294,83.36,GC-5,42,8970
B20278295,137.427,GC-5,42,8100
B20278296,35.91,GC-5,42,4900
B20278297,85.789,GC-5,42,8970
B20278298,48.254,GC-5,42,10900
B20278299,41.772,GC-5,42,5200
B20278300,62.591,GC-5,42,4900
B20278301,22.683,GC-5,42,9340
B20278302,50.652,GC-5,42,6700
B20278303,45.289,GC-5,42,9340
B20278304,130.534,GC-5,42,10060
B20278305,34.428,GC-5,42,8100
B20278306,42.853,GC-5,42,4900
B20278307,26.087,GC-5,42,11000
B20278308,126.312,GC-5,42,4900
B20278309,76.556,GC-5,42,4900
B20278310,25.675,GC-5,42,4900
B20278311,66.085,GC-5,42,4900
B20278312,22.766,GC-5,42,5300
B20278313,44.271,GC-5,42,4900
B20278314,36.348,GC-5,42,4900
B20278315,149.997,GC-5,42,4900
B20278316,17.567,GC-5,42,6400
B20278317,137.852,GC-5,42,5300
B20278318,73.97,GC-5,42,10060
B20278319,104.062,GC-5,42,9340
B20278320,80.876,GC-5,42,5300
B20278321,39.761,GC-5,42,6400
B20278322,96.321,GC-5,42,4900
B20278323,37.644,GC-5,42,4900
B20278324,121.387,GC-5,42,8970
B20278325,42.827,GC-5,42,4900
B20278326,119.586,GC-5,42,5900
B20278327,53.897,GC-5,42,4900
B20278328,137.805,GC-5,42,10900
B20278329,23.197,GC-5,42,6400
B20278330,50.486,GC-5,42,4900
B20278331,17.286,GC-5,42,6400
B20278332,94.031,GC-5,42,4900
B20278333,132.01,GC-5,42,4900
B20278334,12.72,GC-5,42,4900
B20278335,120.003,GC-5,42,6600
B20278336,39.896,GC-5,42,4600
B20278337,18.025,GC-5,42,4900
B20278338,39.515,GC-5,42,4600
B20278339,34.615,GC-5,42,8100
B20278340,109.929,GC-5,42,4900
B20278341,18.27,GC-5,42,6400
B20278342,142.224,GC-5,42,4900
B20278343,100.376,GC-5,42,4900
B20278344,49.497,GC-5,42,4900
B20278345,44.334,GC-5,42,10900
B20278346,122.457,GC-5,42,3800
B20278347,100.82,GC-5,42,4900
B20278348,67.606,GC-5,42,4900
B20278349,54.04,GC-5,42,6700
B20278350,65.253,GC-5,42,6300
B20278351,45.032,GC-5,42,10900
B20278352,22.443,GC-5,42,10060
B20278353,142.545,GC-5,42,4900
B20278354,93.105,GC-5,42,4900
B20278355,49.331,GC-5,42,6400
B20278356,33.004,GC-5,42,4900
B20278357,22.949,GC-5,42,10000
B20278358,40.878,GC-5,42,4900
B20278359,22.432,GC-5,42,6300
B20278360,22.717,GC-5,42,10000
B20278361,13.662,GC-5,42,4900
B20278362,144.965,GC-5,42,6000
B20278363,124.62,GC-5,42,6600
B20278364,35.598,GC-5,42,10000
B20278365,27.426,GC-5,42,9340
B20278366,45.786,GC-5,42,6300
B20278367,38.872,GC-5,42,5200
B20278368,22.897,GC-5,42,5300
B20278369,34.934,GC-5,42,8780
B20278370,34.075,GC-5,42,6400
B20278371,40.896,GC-5,42,7400
B20278372,29.056,GC-5,42,7400
B20278373,47.424,GC-5,42,4901
B20278374,78.681,GC-5,42,10060
B20278375,78.391,GC-5,42,5300
B20278376,22.069,GC-5,42,5300
B20278377,34.318,GC-5,42,4900
B20278378,93.17,GC-5,42,11000
B20278379,41.246,GC-5,42,8970
B20278380,37.265,GC-5,42,4600
B20278381,53.917,GC-5,42,6700
B20278382,23.982,GC-5,42,11000
B20278383,35.379,GC-5,42,6400
B20278384,109.669,GC-5,42,4901
B20278385,129.066,GC-5,42,8780
B20278386,35.1,GC-5,42,6000
B20278387,47.901,GC-5,42,10900
B20278388,21.998,GC-5,42,11000
B20278389,67.053,GC-5,42,4900
B20278390,16.168,GC-5,42,3800
B20278391,144.167,GC-5,42,5300
B20278392,34.683,GC-5,42,5300
B20278393,126.401,GC-5,42,6600
B20278394,29.522,GC-5,42,7400
B20278395,62.192,GC-5,42,4900
B20278396,72.629,GC-5,42,5900
B20278397,22.55,GC-5,42,9340
B20278398,119.349,GC-5,42,8970
B20278399,43.377,GC-5,42,7400
B20278400,74.454,GC-5,42,10060
B20278401,28.01,GC-5,42,9340
B20278402,22.651,GC-5,42,4901
B20278403,24.993,GC-5,42,11000
B20278404,36.381,GC-5,42,6400
B20278405,73.332,GC-5,42,4900
B20278406,76.955,GC-5,42,5200
B20278407,84.757,GC-5,42,5300
B20278408,80.756,GC-5,42,8970
B20278409,23.195,GC-5,42,6400
B20278410,32.769,GC-5,42,4900
B20278411,145.9,GC-5,42,4900
B20278412,97.919,GC-5,42,4900
B20278413,107.722,GC-5,42,9340
B20278414,28.735,GC-5,42,6400
B20278415,42.587,GC-5,42,5700
B20278416,38.491,GC-5,42,4900
B20278417,21.293,GC-5,42,4900
B20278418,34.234,GC-5,42,4900
B20278419,46.847,GC-5,42,6400
B20278420,126.616,GC-5,42,3800
B20278421,41.982,GC-5,42,5200
B20278422,40.153,GC-5,42,5700
B20278423,17.982,GC-5,42,4900
B20278424,84.691,GC-5,42,10060
B20278425,132.505,GC-5,42,3800
B20278426,110.763,GC-5,42,9340
B20278427,29.299,GC-5,42,4900
B20278428,22.121,GC-5,42,6300
B20278429,35.301,GC-5,42,4900
B20278430,40.748,GC-5,42,5200
B20278431,20.932,GC-5,42,10000
B20278432,86.781,GC-5,42,8970
B20278433,142.098,GC-5,42,10900
B20278434,73.699,GC-5,42,6700
B20278435,21.073,GC-5,42,10000
B20278436,33.681,GC-5,42,10000
B20278437,35.467,GC-5,42,8780
B20278438,28.349,GC-5,42,6400
B20278439,131.533,GC-5,42,3800
B20278440,21.826,GC-5,42,5900
B20278441,22.664,GC-5,42,9340
B20278442,46.39,GC-5,42,6600
B20278443,49.803,GC-5,42,4900
B20278444,33.135,GC-5,42,4900
B20278445,138.965,GC-5,42,5300
B20278446,60.059,GC-5,42,4900
B20278447,36.347,GC-5,42,4900
B20278448,27.037,GC-5,42,9340
B20278449,32.991,GC-5,42,4900
B20278450,26.388,GC-5,42,4900
B20278451,92.241,GC-5,42,4900
B20278452,44.287,GC-5,42,6400
B20278453,15.963,GC-5,42,3800
B20278454,142.366,GC-5,42,5300
B20278455,16.936,GC-5,42,6400
B20278456,12.83,GC-5,42,4900
B20278457,100.69,GC-5,42,4900
B20278458,108.331,GC-5,42,4901
B20278459,77.854,GC-8,52,8280
B20278460,82.792,GC-8,52,8280
B20278461,22.122,GC-8,52,4900
B20278462,55.499,GC-8,52,4900
B20278463,33.312,GC-8,52,5900
B20278464,88.054,GC-8,52,4500
B20278465,24.575,GC-8,52,5900
B20278466,79.841,GC-8,52,8280
B20278467,120.084,GC-8,52,4900
B20278468,29.422,GC-8,52,7000
B20278469,41.266,GC-8,52,7900
B20278470,30.31,GC-8,52,5900
B20278471,21.323,GC-8,52,4900
B20278472,42.515,GC-8,52,7900
B20278473,21.377,GC-8,52,6400
B20278474,31.413,GC-8,52,6900
B20278475,24.225,GC-8,52,6900
B20278476,54.922,GC-8,52,7000
B20278477,58.584,GC-8,52,6900
B20278478,45.773,GC-8,52,6840
B20278479,51.586,GC-8,52,7000
B20278480,21.149,GC-8,52,6900
B20278481,65.669,GC-8,52,4900
B20278482,42.216,GC-8,52,5900
B20278483,34.33,GC-8,52,5900
B20278484,76.306,GC-8,52,5900
B20278485,79.477,GC-8,52,4900
B20278486,29.823,GC-8,52,5900
B20278487,23.854,GC-8,52,5900
B20278488,22.91,GC-8,52,4900
B20278489,22.09,GC-8,52,6900
B20278490,42.032,GC-8,52,7900
B20278491,26.343,GC-8,52,4900
B20278492,111.943,GC-8,52,5900
B20278493,22.926,GC-8,52,4900
B20278494,49.53,GC-8,52,5360
B20278495,35.072,GC-8,52,7000
B20278496,41.407,GC-8,52,4500
B20278497,60.721,GC-8,52,6900
B20278498,16.078,GC-8,52,5400
B20278499,25.735,GC-8,52,4900
B20278500,23.755,GC-8,52,4900
B20278501,57.882,GC-8,52,6900
B20278502,86.481,GC-8,52,7900
B20278503,27.917,GC-8,52,7000
B20278504,36.15,GC-8,52,4500
B20278505,48.107,GC-8,52,8280
B20278506,54.359,GC-8,52,5900
B20278507,45.922,GC-8,52,6840
B20278508,82.338,GC-8,52,4900
B20278509,51.323,GC-8,52,7000
B20278510,21.362,GC-8,52,8280
B20278511,28.278,GC-8,52,5400
B20278512,54.767,GC-8,52,4900
B20278513,22.244,GC-8,52,4901
B20278514,43.03,GC-8,52,7000
B20278515,19.933,GC-8,52,7000
B20278516,23.175,GC-8,52,4900
B20278517,39.489,GC-8,52,7900
B20278518,29.051,GC-8,52,6900
B20278519,132.171,GC-8,52,4900
B20278520,28.465,GC-8,52,5900
B20278521,26.075,GC-8,52,5900
B20278522,21.352,GC-8,52,5900
B20278523,43.76,GC-8,52,6840
B20278524,37.66,GC-8,52,4700
B20278525,40.68,GC-8,52,7000
B20278526,55.085,GC-8,52,4900
B20278527,28.709,GC-8,52,6400
B20278528,24.395,GC-8,52,6900
B20278529,42.772,GC-8,52,8900
B20278530,57.979,GC-8,52,4900
B20278531,27.648,GC-8,52,5900
B20278532,28.443,GC-8,52,5900
B20278533,15.84,GC-8,52,5900
B20278534,25.026,GC-8,52,5900
B20278535,47.464,GC-8,52,8280
B20278536,24.722,GC-8,52,4500
B20278537,82.534,GC-8,52,5900
B20278538,34.044,GC-8,52,4900
B20278539,29.283,GC-8,52,5900
B20278540,24.46,GC-8,52,5900
B20278541,112.123,GC-8,52,5900
B20278542,15.922,GC-8,52,5400
B20278543,55.211,GC-8,52,5150
B20278544,31.32,GC-8,52,5900
B20278545,15.809,GC-8,52,4700
B20278546,132.203,GC-8,52,4900
B20278547,44.6,GC-8,52,4900
B20278548,36.003,GC-8,52,5900
B20278549,16.827,GC-8,52,5900
B20278550,60.113,GC-8,52,6900
B20278551,53.334,GC-8,52,4900
B20278552,22.238,GC-8,52,4900
B20278553,29.768,GC-8,52,4900
B20278554,34.682,GC-8,52,5900
B20278555,21.658,GC-8,52,4900
B20278556,30.033,GC-8,52,5900
B20278557,29.077,GC-8,52,5400
B20278558,39.726,GC-8,52,5360
B20278559,65.763,GC-8,52,4500
B20278560,71.859,GC-8,52,7960
B20278561,24.742,GC-8,52,4900
B20278562,40.148,GC-8,52,4500
B20278563,28.128,GC-8,52,4900
B20278564,26.349,GC-8,52,5900
B20278565,86.801,GC-8,52,4500
B20278566,35.807,GC-8,52,4500
B20278567,74.815,GC-8,52,5900
B20278568,23.974,GC-8,52,5900
B20278569,22.105,GC-8,52,4900
B20278570,16.299,GC-8,52,5900
B20278571,72.64,GC-8,52,4900
B20278572,116.862,GC-8,52,4900
B20278573,68.9,GC-8,52,7960
B20278574,32.837,GC-8,52,5900
B20278575,47.76,GC-8,52,5150
B20278576,28.053,GC-8,52,5900
B20278577,25.135,GC-8,52,5900
B20278578,27.036,GC-8,52,5900
B20278579,143.911,GC-8,52,4900
B20278580,36.794,GC-8,52,4900
B20278581,121.893,GC-8,52,4900
B20278582,29.686,GC-8,52,4900
B20278583,35.56,GC-8,52,7000
B20278584,21.987,GC-8,52,5900
B20278585,55.823,GC-8,52,5150
B20278586,26.374,GC-8,52,5900
B20278587,21.125,GC-8,52,4900
B20278588,20.15,GC-8,52,7000
B20278589,79.279,GC-8,52,8280
B20278590,23.786,GC-8,52,7000
B20278591,54.974,GC-8,52,4900
B20278592,21.544,GC-8,52,6900
B20278593,52.087,GC-8,52,7000
B20278594,16.215,GC-8,52,4700
B20278595,48.628,GC-8,52,4900
B20278596,22.206,GC-8,52,6900
B20278597,22.373,GC-8,52,4900
B20278598,83.904,GC-8,52,5900
B20278599,49.911,GC-8,52,7000
B20278600,75.116,GC-8,52,5900
B20278601,30.113,GC-8,52,5900
B20278602,137.055,GC-8,52,4900
B20278603,29.68,GC-8,52,5900
B20278604,23.284,GC-8,52,4900
B20278605,23.318,GC-8,52,6900
B20278606,43.139,GC-8,52,4500
B20278607,121.15,GC-8,52,4900
B20278608,92.518,GC-8,52,11050
B20278609,24.091,GC-8,52,5900
B20278610,22.4,GC-8,52,4901
B20278611,73.765,GC-8,52,8900
B20278612,65.845,GC-8,52,8230
B20278613,39.377,GC-8,52,5900
B20278614,29.304,GC-8,52,5900
B20278615,55.787,GC-8,52,5150
B20278616,22.458,GC-8,52,4900
B20278617,89.942,GC-8,52,11050
B20278618,41.567,GC-8,52,7900
B20278619,56.224,GC-8,52,6900
B20278620,42.371,GC-8,52,6400
B20278621,21.642,GC-8,52,4900
B20278622,34.797,GC-8,52,5900
B20278623,22.173,GC-8,52,4900
B20278624,76.694,GC-8,52,5900
B20278625,23.978,GC-8,52,6900
B20278626,35.589,GC-8,52,5900
B20278627,46.048,GC-8,52,8400
B20278628,56.187,GC-8,52,7900
B20278629,24.022,GC-8,52,7000
B20278630,62.357,GC-8,52,6400
B20278631,60.965,GC-3,56,6100
B20278632,33.775,GC-3,56,7750
B20278633,45.843,GC-3,56,5900
B20278634,21.279,GC-3,56,4900
B20278635,33.305,GC-3,56,7750
B20278636,30.872,GC-3,56,7000
B20278637,15.862,GC-3,56,7000
B20278638,42.487,GC-3,56,7000
B20278639,49.28,GC-3,56,6100
B20278640,31.694,GC-3,56,5900
B20278641,24.98,GC-3,56,7000
B20278642,42.556,GC-3,56,7750
B20278643,46.094,GC-3,56,4400
B20278644,15.779,GC-3,56,7000
B20278645,98.639,GC-3,56,5600
B20278646,17.211,GC-3,56,7000
B20278647,39.668,GC-3,56,7750
B20278648,20.263,GC-3,56,8050
B20278649,32.371,GC-3,56,6100
B20278650,16.504,GC-3,56,5600
B20278651,12.516,GC-3,56,4900
B20278652,5.869,GC-3,56,4900
B20278653,48.486,GC-3,56,6100
B20278654,14.657,GC-3,56,4900
B20278655,22.104,GC-3,56,4900
B20278656,11.145,GC-3,56,4900
B20278657,42.603,GC-3,56,6100
B20278658,30.237,GC-3,56,5060
B20278659,35.971,GC-3,56,4900
B20278660,36.38,GC-3,56,4900
B20278661,46.113,GC-3,56,6100
B20278662,35.516,GC-3,56,5060
B20278663,46.342,GC-3,56,6100
B20278664,37.505,GC-3,56,4900
B20278665,19.235,GC-3,56,4900
B20278666,63.658,GC-3,56,5900
B20278667,32.832,GC-3,56,6100
B20278668,29.216,GC-3,56,4900
B20278669,77.616,GC-3,56,5600
B20278670,57.123,GC-3,56,7750
B20278671,34.637,GC-3,56,11400
B20278672,30.048,GC-3,56,6100
B20278673,14.946,GC-3,56,4900
B20278674,20.006,GC-3,56,7750
B20278675,41.08,GC-3,56,6100
B20278676,55.922,GC-3,56,4900
B20278677,35.743,GC-3,56,11400
B20278678,19.615,GC-3,56,7750
B20278679,77.659,GC-3,56,5600
B20278680,25.112,GC-3,56,5900
B20278681,19.643,GC-3,56,8050
B20278682,56.521,GC-3,56,7750
B20278683,39.318,GC-3,56,7000
B20278684,60.504,GC-3,56,6100
B20278685,29.156,GC-3,56,5900
B20278686,33.287,GC-3,56,4900
B20278687,30.808,GC-3,56,7000
B20278688,14.343,GC-3,56,5900
B20278689,14.291,GC-3,56,4900
B20278690,27.539,GC-3,56,7240
B20278691,39.583,GC-3,56,5900
B20278692,74.51,GC-3,56,4900
B20278693,67.045,GC-3,56,5900
B20278694,14.053,GC-3,56,6100
B20278695,19.315,GC-3,56,7750
B20278696,64.986,GC-3,56,4900
B20278697,27.379,GC-3,56,7240
B20278698,56.756,GC-3,56,6100
B20278699,56.873,GC-3,56,6100
B20278700,97.894,GC-3,56,7000
B20278701,41.708,GC-3,56,6100
B20278702,13.724,GC-3,56,5900
B20278703,49.444,GC-3,56,6100
B20278704,37.624,GC-3,56,4900
B20278705,19.125,GC-3,56,7750
B20278706,17.522,GC-3,56,7000
B20278707,99.475,GC-3,56,7000
B20278708,36.809,GC-3,56,4900
B20278709,28.375,GC-3,56,7240
B20278710,45.062,GC-3,56,5900
B20278711,54.182,GC-3,56,6100
B20278712,29.389,GC-3,56,6100
B20278713,97.736,GC-3,56,7000
B20278714,79.574,GC-3,56,4900
B20278715,99.665,GC-3,56,7750
B20278716,58.075,GC-3,56,6100
B20278717,19.472,GC-3,56,4900
B20278718,13.687,GC-3,56,7000
B20278719,13.846,GC-3,56,7000
B20278720,15.947,GC-3,56,7000
B20278721,10.884,GC-3,56,4900
B20278722,78.601,GC-3,56,4900
B20278723,21.081,GC-3,56,4900
B20278724,19.845,GC-3,56,8050
B20278725,22.996,GC-3,56,4900
B20278726,29.345,GC-3,56,4900
B20278727,36.894,GC-3,56,4900
B20278728,22.754,GC-3,56,4900
B20278729,36.588,GC-3,56,6100
B20278730,15.498,GC-3,56,4900
B20278731,26.362,GC-3,56,4900
B20278732,75.629,GC-3,56,4900
B20278733,11.827,GC-3,56,6400
B20278734,55.707,GC-3,56,7750
B20278735,20.188,GC-3,56,7750
B20278736,27.704,GC-3,56,7750
B20278737,6.279,GC-3,56,4900
B20278738,18.522,GC-3,56,7750
B20278739,67.638,GC-3,56,4900
B20278740,19.471,GC-3,56,7750
B20278741,33.448,GC-3,56,6100
B20278742,11.308,GC-3,56,4900
B20278743,21.287,GC-3,56,4900
B20278744,17.024,GC-3,56,7000
B20278745,14.187,GC-3,56,4900
B20278746,44.397,GC-3,56,6100
B20278747,13.55,GC-3,56,4900
B20278748,14.372,GC-3,56,7000
B20278749,48.406,GC-3,56,5900
B20278750,14.146,GC-3,56,6100
B20278751,30.06,GC-3,56,5900
B20278752,103.963,GC-3,56,5600
B20278753,20.656,GC-3,56,4900
B20278754,14.25,GC-3,56,6400
B20278755,55.045,GC-3,56,6100
B20278756,47.117,GC-3,56,5900
B20278757,55.786,GC-3,56,6100
B20278758,11.633,GC-3,56,4900
B20278759,20.842,GC-3,56,4900
B20278760,30.439,GC-3,56,5060
B20278761,21.683,GC-3,56,7240
B20278762,68.059,GC-3,56,4900
B20278763,31.313,GC-3,56,6100
B20278764,69.82,GC-3,56,4900
B20278765,58.763,GC-3,56,6100
B20278766,15.446,GC-3,56,7000
B20278767,19.547,GC-3,56,4900
B20278768,32.428,GC-3,56,5600
B20278769,7.209,GC-3,56,5900
B20278770,20.266,GC-3,56,7750
B20278771,20.764,GC-3,56,4900
B20278772,16.515,GC-3,56,7000
B20278773,66.591,GC-3,56,4900
B20278774,47.161,GC-3,56,6100
B20278775,19.527,GC-3,56,4900
B20278776,20.787,GC-3,56,4900
B20278777,95.952,GC-11,56,4901
B20278778,69.024,GC-11,56,4700
B20278779,90.286,GC-11,56,4901
B20278780,22.65,GC-11,56,6500
B20278781,38.596,GC-11,56,5840
B20278782,29.359,GC-11,56,4901
B20278783,44.51,GC-11,56,4900
B20278784,35.729,GC-11,56,10000
B20278785,57.787,GC-11,56,4901
B20278786,23.318,GC-11,56,5010
B20278787,22.038,GC-11,56,6100
B20278788,22.497,GC-11,56,5000
B20278789,52.428,GC-11,56,4950
B20278790,42.898,GC-11,56,7900
B20278791,55.536,GC-11,56,7001
B20278792,21.841,GC-11,56,4850
B20278793,53.314,GC-11,56,7001
B20278794,56.867,GC-11,56,6140
B20278795,33.016,GC-11,56,6400
B20278796,21.887,GC-11,56,5010
B20278797,34.942,GC-11,56,4930
B20278798,22.799,GC-11,56,4900
B20278799,65.161,GC-11,56,4900
B20278800,34.611,GC-11,56,5995
B20278801,33.101,GC-11,56,6400
B20278802,21.688,GC-11,56,4930
B20278803,88.139,GC-11,56,6400
B20278804,19.603,GC-11,56,6100
B20278805,36.476,GC-11,56,4900
B20278806,41.755,GC-11,56,4900
B20278807,22.52,GC-11,56,4930
B20278808,35.439,GC-11,56,6400
B20278809,23.011,GC-11,56,5000
B20278810,22.104,GC-11,56,5010
B20278811,34.777,GC-11,56,6400
B20278812,95.372,GC-11,56,4850
B20278813,26.947,GC-11,56,4900
B20278814,51.274,GC-11,56,4901
B20278815,49.611,GC-11,56,4950
B20278816,20.825,GC-11,56,6100
B20278817,65.075,GC-11,56,4900
B20278818,33.134,GC-11,56,4901
B20278819,22.58,GC-11,56,4930
B20278820,40.99,GC-11,56,4900
B20278821,97.978,GC-11,56,4850
B20278822,21.411,GC-11,56,5980
B20278823,59.118,GC-11,56,4901
B20278824,22.338,GC-11,56,5980
B20278825,50.892,GC-11,56,4950
B20278826,43.233,GC-11,56,4900
B20278827,23.137,GC-11,56,5000
B20278828,23.048,GC-11,56,4850
B20278829,46.126,GC-11,56,4901
B20278830,24.12,GC-11,56,4900
B20278831,64.406,GC-11,56,4930
B20278832,42.041,GC-11,56,4900
B20278833,95.291,GC-11,56,4850
B20278834,45.872,GC-11,56,4901
B20278835,43.263,GC-11,56,4900
B20278836,148.429,GC-11,56,4901
B20278837,58.107,GC-11,56,4901
B20278838,62.036,GC-11,56,4901
B20278839,57.203,GC-11,56,4901
B20278840,55.555,GC-11,56,6140
B20278841,48.565,GC-11,56,4900
B20278842,33.779,GC-11,56,5010
B20278843,22.583,GC-11,56,4901
B20278844,42.003,GC-11,56,4901
B20278845,21.735,GC-11,56,4900
B20278846,27.497,GC-11,56,5995
B20278847,21.468,GC-11,56,6000
B20278848,34.491,GC-11,56,4930
B20278849,67.426,GC-11,56,6500
B20278850,58.703,GC-11,56,6450
B20278851,64.223,GC-11,56,4900
B20278852,22.329,GC-11,56,4901
B20278853,26.386,GC-11,56,4900
B20278854,55.809,GC-11,56,4901
B20278855,34.836,GC-11,56,4900
B20278856,69.29,GC-11,56,4700
B20278857,38.749,GC-11,56,5840
B20278858,26.281,GC-11,56,4901
B20278859,88.745,GC-11,56,4901
B20278860,41.351,GC-11,56,4900
B20278861,34.332,GC-11,56,7000
B20278862,91.455,GC-11,56,5980
B20278863,45.564,GC-11,56,4900
B20278864,34.844,GC-11,56,5995
B20278865,36.203,GC-11,56,6400
B20278866,33.697,GC-11,56,4901
B20278867,53.638,GC-11,56,4901
B20278868,84.483,GC-11,56,10000
B20278869,42.775,GC-11,56,4900
B20278870,45.889,GC-11,56,4901
B20278871,80.846,GC-11,56,4900
B20278872,28.419,GC-11,56,4900
B20278873,120.742,GC-11,56,6450
B20278874,27.626,GC-11,56,4700
B20278875,36.548,GC-11,56,10000
B20278876,38.845,GC-11,56,4900
B20278877,142.214,GC-11,56,4901
B20278878,32.99,GC-11,56,4930
B20278879,125.01,GC-11,56,6450
B20278880,34.709,GC-11,56,4900
B20278881,92.558,GC-11,56,4900
B20278882,51.758,GC-11,56,7001
B20278883,42.135,GC-11,56,5000
B20278884,39.11,GC-11,56,4795
B20278885,73.623,GC-11,56,4700
B20278886,93.926,GC-11,56,4901
B20278887,30.018,GC-11,56,5010
B20278888,23.267,GC-11,56,5010
B20278889,33.242,GC-11,56,4901
B20278890,21.822,GC-11,56,6000
B20278891,98.072,GC-11,56,4900
B20278892,39.702,GC-11,56,4950
B20278893,62.356,GC-11,56,4901
B20278894,40.412,GC-11,56,4900
B20278895,25.8,GC-11,56,4900
B20278896,34.41,GC-11,56,5995
B20278897,41.6,GC-11,56,4900
B20278898,50.418,GC-11,56,4901
B20278899,27.77,GC-11,56,4901
B20278900,22.703,GC-11,56,4900
B20278901,91.778,GC-11,56,5840
B20278902,21.063,GC-11,56,5980
B20278903,74.653,GC-11,56,4700
B20278904,22.146,GC-11,56,5980
B20278905,142.983,GC-11,56,4900
B20278906,52.945,GC-11,56,4901
B20278907,28.589,GC-11,56,4900
B20278908,22.425,GC-11,56,6100
B20278909,29.513,GC-11,56,4901
B20278910,55.257,GC-11,56,4901
B20278911,52.317,GC-11,56,7001
B20278912,141.771,GC-11,56,7000
B20278913,23.954,GC-11,56,4900
B20278914,21.278,GC-11,56,5000
B20278915,21.357,GC-11,56,6000
B20278916,23.101,GC-11,56,4900
B20278917,35.314,GC-11,56,6400
B20278918,34.1,GC-11,56,4900
B20278919,27.621,AB-2,38.83,4901
B20278920,73.368,AB-2,38.83,3900
B20278921,41.348,AB-2,38.83,4900
B20278922,77.094,AB-2,38.83,3900
B20278923,36.581,AB-2,38.83,4900
B20278924,28.017,AB-2,38.83,7000
B20278925,22.97,AB-2,38.83,7000
B20278926,29.193,AB-2,38.83,4900
B20278927,29.365,AB-2,38.83,4900
B20278928,23.114,AB-2,38.83,6900
B20278929,29.235,AB-2,38.83,7000
B20278930,33.704,AB-2,38.83,6900
B20278931,33.429,AB-2,38.83,6400
B20278932,57.224,AB-2,38.83,7000
B20278933,79.586,AB-2,38.83,7000
B20278934,33.479,AB-2,38.83,4901
B20278935,70.664,AB-2,38.83,4900
B20278936,28.29,AB-2,38.83,7000
B20278937,35.483,AB-2,38.83,4900
B20278938,31.89,AB-2,38.83,4901
B20278939,70.459,AB-2,38.83,4900
B20278940,28.629,AB-2,38.83,3900
B20278941,36.396,AB-2,38.83,3900
B20278942,65.159,AB-2,38.83,7000
B20278943,22.872,AB-2,38.83,7000
B20278944,66.48,AB-2,38.83,7000
B20278945,78.416,AB-2,38.83,7000
B20278946,30.395,AB-2,38.83,4900
B20278947,35.149,AB-2,38.83,4901
B20278948,45.741,AB-2,38.83,3900
B20278949,83.715,AB-2,38.83,7000
B20278950,105.143,AB-2,38.83,3900
B20278951,66.277,AB-2,38.83,7000
B20278952,105.482,AB-2,38.83,3900
B20278953,20.184,AB-2,38.83,4900
B20278954,42.556,AB-2,38.83,4900
B20278955,28.07,AB-2,38.83,6400
B20278956,73.706,AB-2,38.83,3900
B20278957,70.066,AB-2,38.83,4900
B20278958,80.627,AB-2,38.83,4900
B20278959,85.156,AB-2,38.83,7000
B20278960,70.463,AB-2,38.83,7000
B20278961,58.89,AB-2,38.83,4901
B20278962,29.748,AB-2,38.83,4901
B20278963,44.293,AB-2,38.83,4900
B20278964,22.388,AB-2,38.83,7000
B20278965,35.099,AB-2,38.83,6900
B20278966,58.184,AB-2,38.83,7000
B20278967,29.062,AB-2,38.83,7000
B20278968,21.848,AB-2,38.83,4900
B20278969,22.704,AB-2,38.83,7000
B20278970,85.661,AB-2,38.83,7000
B20278971,77.376,AB-2,38.83,7000
B20278972,69.213,AB-2,38.83,4900
B20278973,21.552,AB-2,38.83,7000
B20278974,22.537,AB-2,38.83,6900
B20278975,27.117,AB-2,38.83,4901
B20278976,35.548,AB-2,38.83,7000
B20278977,35.21,AB-2,38.83,7000
B20278978,80.027,AB-2,38.83,7000
B20278979,22.741,AB-2,38.83,7000
B20278980,21.468,AB-2,38.83,6900
B20278981,22.27,AB-2,38.83,7000
B20278982,21.3,AB-2,38.83,6900
B20278983,33.049,AB-2,38.83,7000
B20278984,28.159,AB-2,38.83,7000
B20278985,44.537,AB-2,38.83,4900
B20278986,31.701,AB-2,38.83,4901
B20278987,29.272,AB-2,38.83,5900
B20278988,125.599,AB-2,38.83,6400
B20278989,15.584,AB-2,38.83,7000
B20278990,77.125,AB-2,38.83,3900
B20278991,68.374,AB-2,38.83,4900
B20278992,61.897,AB-2,38.83,7000
B20278993,19.627,AB-2,38.83,4900
B20278994,21.89,AB-2,38.83,7000
B20278995,21.845,AB-2,38.83,7000
B20278996,73.478,AB-2,38.83,7000
B20278997,29.072,AB-2,38.83,7000
B20278998,23.443,AB-2,38.83,4900
B20278999,22.437,AB-2,38.83,7000
B20279000,21.695,AB-2,38.83,7000
B20279001,34.685,AB-2,38.83,6400
B20279002,80.527,AB-2,38.83,4900
B20279003,64.92,AB-2,38.83,7000
B20279004,36.212,AB-2,38.83,3900
B20279005,26.984,AB-2,38.83,5900
B20279006,67.844,AB-2,38.83,4901
B20279007,32.65,AB-2,38.83,6900
B20279008,25.576,AB-2,38.83,4901
B20279009,59.572,AB-2,38.83,4900
B20279010,20.982,AB-2,38.83,6900
B20279011,22.889,AB-2,38.83,7000
B20279012,35.71,AB-2,38.83,6400
B20279013,74.001,AB-2,38.83,7000
B20279014,58.661,AB-2,38.83,4900
B20279015,124.918,AB-2,38.83,6400
B20279016,23.436,AB-2,38.83,4900
B20279017,105.105,AB-2,38.83,3900
B20279018,32.361,AB-2,38.83,7000
B20279019,28.435,AB-2,38.83,7000
B20279020,40.572,AB-2,38.83,4900
B20279021,34.213,AB-2,38.83,4901
B20279022,71.669,AB-2,38.83,7000
B20279023,25.208,AB-2,38.83,4900
B20279024,123.671,AB-2,38.83,6400
B20279025,59.877,AB-2,38.83,7000
B20279026,70.919,AB-2,38.83,4900
B20279027,22.412,AB-2,38.83,7000
B20279028,70.747,AB-2,38.83,4900
B20279029,68.069,AB-2,38.83,4900
B20279030,41.366,AB-2,38.83,4900
B20279031,42.159,AB-2,38.83,4900
B20279032,26.368,AB-2,38.83,4901
B20279033,65.855,AB-2,38.83,4900
B20279034,61.839,AB-2,38.83,7000
B20279035,21.979,GC-5,38,4500
B20279036,22.833,GC-5,38,4900
B20279037,16.485,GC-5,38,4900
B20279038,50.838,GC-5,38,4900
B20279039,19.518,GC-5,38,4900
B20279040,52.523,GC-5,38,4900
B20279041,34.379,GC-5,38,6400
B20279042,47.474,GC-5,38,4900
B20279043,45.736,GC-5,38,4900
B20279044,22.628,GC-5,38,4900
B20279045,50.361,GC-5,38,4500
B20279046,34.233,GC-5,38,4900
B20279047,33.151,GC-5,38,4900
B20279048,23.117,GC-5,38,4901
B20279049,22.497,GC-5,38,4900
B20279050,63.036,GC-5,38,4900
B20279051,21.28,GC-5,38,4900
B20279052,65.228,GC-5,38,4901
B20279053,80.269,GC-5,38,7080
B20279054,17.117,GC-5,38,7200
B20279055,72.94,GC-5,38,7080
B20279056,21.89,GC-5,38,4900
B20279057,21.239,GC-5,38,4900
B20279058,88.938,GC-5,38,4900
B20279059,45.733,GC-5,38,6400
B20279060,62.339,GC-5,38,4900
B20279061,29.012,GC-5,38,8150
B20279062,34.817,GC-5,38,6400
B20279063,22.4,GC-5,38,4900
B20279064,39.947,GC-5,38,4900
B20279065,75.781,GC-5,38,4900
B20279066,27.927,GC-5,38,4900
B20279067,133.403,GC-5,38,4900
B20279068,21.684,GC-5,38,4900
B20279069,34.866,GC-5,38,4900
B20279070,20.955,GC-5,38,4900
B20279071,43.861,GC-5,38,6400
B20279072,76.442,GC-5,38,6400
B20279073,100.287,GC-5,38,6400
B20279074,35.16,GC-5,38,7200
B20279075,46.563,GC-5,38,5900
B20279076,35.635,GC-5,38,4900
B20279077,50.115,GC-5,38,7080
B20279078,50.464,GC-5,38,4900
B20279079,26.735,GC-5,38,7080
B20279080,34.215,GC-5,38,4900
B20279081,17.41,GC-5,38,4901
B20279082,89.446,GC-5,38,4900
B20279083,16.519,GC-5,38,4900
B20279084,135.485,GC-5,38,4900
B20279085,32.655,GC-5,38,4900
B20279086,21.238,GC-5,38,4900
B20279087,33.621,GC-5,38,4900
B20279088,27.706,GC-5,38,4900
B20279089,22.691,GC-5,38,4900
B20279090,66.706,GC-5,38,4901
B20279091,62.052,GC-5,38,4901
B20279092,21.516,GC-5,38,4900
B20279093,49.943,GC-5,38,4900
B20279094,68.664,GC-5,38,4900
B20279095,72.017,GC-5,38,7080
B20279096,22.601,GC-5,38,4900
B20279097,82.914,GC-5,38,4900
B20279098,43.016,GC-5,38,6400
B20279099,105.876,GC-5,38,6400
B20279100,66.709,GC-5,38,7080
B20279101,17.449,GC-5,38,4901
B20279102,60.781,GC-5,38,4900
B20279103,48.147,GC-5,38,4900
B20279104,59.967,GC-5,38,6400
B20279105,34.798,GC-5,38,6400
B20279106,37.053,GC-5,38,4900
B20279107,51.001,GC-5,38,4900
B20279108,42.872,GC-5,38,6400
B20279109,21.282,GC-5,38,6400
B20279110,49.57,GC-5,38,4900
B20279111,46.013,GC-5,38,4900
B20279112,23.326,GC-5,38,4901
B20279113,33.745,GC-5,38,7200
B20279114,21.249,GC-5,38,4900
B20279115,68.427,GC-5,38,4901
B20279116,18.147,GC-5,38,7080
B20279117,89.611,GC-5,38,4900
B20279118,18.069,GC-5,38,4901
B20279119,22.579,GC-5,38,4900
B20279120,21.496,GC-5,38,4900
B20279121,35.282,GC-5,38,4900
B20279122,49.369,GC-5,38,4900
B20279123,72.448,GC-5,38,7200
B20279124,27.218,GC-5,38,5900
B20279125,70.088,GC-5,38,4901
B20279126,35.461,GC-5,38,4900
B20279127,66.962,GC-5,38,7080
B20279128,21.097,GC-5,38,4900
B20279129,132.434,GC-5,38,4500
B20279130,33.418,GC-5,38,4900
B20279131,80.41,GC-5,38,4900
B20279132,54.144,GC-5,38,4900
B20279133,17.699,GC-5,38,4901
B20279134,51.248,GC-5,38,4900
B20279135,23.277,GC-2,20,6650
B20279136,132.602,GC-2,20,4900
B20279137,25.676,GC-2,20,5200
B20279138,66.489,GC-2,20,6650
B20279139,39.776,GC-2,20,5200
B20279140,96.26,GC-2,20,4700
B20279141,25.077,GC-2,20,6800
B20279142,77.48,GC-2,20,6400
B20279143,18.4,GC-2,20,5000
B20279144,51.7,GC-2,20,6100
B20279145,78.961,GC-2,20,6400
B20279146,15.198,GC-2,20,6100
B20279147,26.235,GC-2,20,6550
B20279148,17.93,GC-2,20,5000
B20279149,51.166,GC-2,20,5018
B20279150,23.064,GC-2,20,6650
B20279151,25.27,GC-2,20,5200
B20279152,24.423,GC-2,20,6650
B20279153,123.196,GC-2,20,4900
B20279154,25.455,GC-2,20,6400
B20279155,15.846,GC-2,20,6100
B20279156,101.671,GC-2,20,10680
B20279157,60.575,GC-2,20,6400
B20279158,54.667,GC-2,20,4900
B20279159,20.845,GC-2,20,6400
B20279160,22.722,GC-2,20,6800
B20279161,33.192,GC-2,20,6250
B20279162,39.958,GC-2,20,6650
B20279163,63.164,GC-2,20,4900
B20279164,78.675,GC-2,20,6650
B20279165,19.889,GC-2,20,4700
B20279166,52.539,GC-2,20,6650
B20279167,37.391,GC-2,20,6550
B20279168,78.765,GC-2,20,5018
B20279169,38.22,GC-2,20,6650
B20279170,25.474,GC-2,20,6400
B20279171,54.501,GC-2,20,4950
B20279172,23.395,GC-2,20,6400
B20279173,15.639,GC-2,20,6100
B20279174,24.233,GC-2,20,6400
B20279175,95.299,GC-2,20,10680
B20279176,19.74,GC-2,20,6100
B20279177,95.251,GC-2,20,10680
B20279178,53.941,GC-2,20,4950
B20279179,23.365,GC-2,20,6400
B20279180,20.837,GC-2,20,5000
B20279181,54.432,GC-2,20,4900
B20279182,115.784,GC-2,20,6100
B20279183,52.672,GC-2,20,6100
B20279184,35.665,GC-2,20,4900
B20279185,70.346,GC-2,20,6650
B20279186,18.592,GC-2,20,6250
B20279187,24.416,GC-2,20,6800
B20279188,90.576,GC-2,20,4700
B20279189,63.807,GC-2,20,6400
B20279190,52.434,GC-2,20,4700
B20279191,23.927,GC-2,20,5000
B20279192,79.663,GC-2,20,6100
B20279193,35.982,GC-2,20,4900
B20279194,129.553,GC-2,20,4900
B20279195,129.806,GC-2,20,4900
B20279196,34.915,GC-2,20,4900
B20279197,19.819,GC-2,20,6400
B20279198,19.519,GC-2,20,6400
B20279199,40.64,GC-2,20,6650
B20279200,60.135,GC-2,20,6100
B20279201,34.984,GC-2,20,4900
B20279202,12.588,GC-2,20,5000
B20279203,131.408,GC-2,20,4900
B20279204,19.921,GC-2,20,6400
B20279205,129.458,GC-2,20,4900
B20279206,56.458,GC-2,20,4900
B20279207,23.622,GC-2,20,6400
B20279208,28.29,GC-2,20,6550
B20279209,24.806,GC-2,20,6800
B20279210,32.448,GC-2,20,6100
B20279211,12.763,GC-2,20,5018
B20279212,34.576,GC-2,20,4900
B20279213,24.11,GC-2,20,5000
B20279214,21.243,GC-2,20,6400
B20279215,31.113,GC-2,20,6100
B20279216,41.257,GC-2,20,6650
B20279217,31.353,GC-2,20,6650
B20279218,33.139,GC-2,20,6100
B20279219,28.941,GC-2,20,5018
B20279220,54.51,GC-2,20,6100
B20279221,26.912,GC-2,20,6550
B20279222,47.092,GC-2,20,5100
B20279223,125.175,GC-2,20,4900
B20279224,35.203,GC-2,20,6550
B20279225,30.229,GC-2,20,6250
B20279226,139.032,GC-2,20,6400
B20279227,83.439,AB-2,37.5,4900
B20279228,34.666,AB-2,37.5,4900
B20279229,71.581,AB-2,37.5,6920
B20279230,63.025,AB-2,37.5,4900
B20279231,35.034,AB-2,37.5,4900
B20279232,82.025,AB-2,37.5,4900
B20279233,83.748,AB-2,37.5,4900
B20279234,60.539,AB-2,37.5,4900
B20279235,16.519,AB-2,37.5,5600
B20279236,21.833,AB-2,37.5,11400
B20279237,33.891,AB-2,37.5,6920
B20279238,35.011,AB-2,37.5,4900
B20279239,28.792,AB-2,37.5,4900
B20279240,36.469,AB-2,37.5,4900
B20279241,35.409,AB-2,37.5,4900
B20279242,62.583,AB-2,37.5,4900
B20279243,40.905,AB-2,37.5,7900
B20279244,68.629,AB-2,37.5,4950
B20279245,39.699,AB-2,37.5,4950
B20279246,22.11,AB-2,37.5,11400
B20279247,67.632,AB-2,37.5,4950
B20279248,29.16,AB-2,37.5,4900
B20279249,23.689,AB-2,37.5,4900
B20279250,35.796,AB-2,37.5,4900
B20279251,61.96,AB-2,37.5,7900
B20279252,62.625,AB-2,37.5,7900
B20279253,72.425,AB-2,37.5,6920
B20279254,40.267,AB-2,37.5,4900
B20279255,35.673,AB-2,37.5,4900
B20279256,21.362,AB-2,37.5,10750
B20279257,85.43,AB-2,37.5,4900
B20279258,35.835,AB-2,37.5,4900
B20279259,69.315,AB-2,37.5,6920
B20279260,87.907,AB-2,37.5,4900
B20279261,15.383,AB-2,37.5,4950
B20279262,32.89,AB-2,37.5,6200
B20279263,66.11,AB-2,37.5,4900
B20279264,22.963,AB-2,37.5,5600
B20279265,42.513,AB-2,37.5,4950
B20279266,36.177,AB-2,37.5,4900
B20279267,61.457,AB-2,37.5,4900
B20279268,40.2,AB-2,37.5,6920
B20279269,60.095,AB-2,37.5,6920
B20279270,22.192,AB-2,37.5,4900
B20279271,85.011,AB-2,37.5,4900
B20279272,22.094,AB-2,37.5,5600
B20279273,66.178,AB-2,37.5,4900
B20279274,71.487,AB-2,37.5,6920
B20279275,65.211,AB-2,37.5,4900
B20279276,23.448,AB-2,37.5,4900
B20279277,21.368,AB-2,37.5,4900
B20279278,41.115,AB-2,37.5,4900
B20279279,22.65,AB-2,37.5,11400
B20279280,22.474,AB-2,37.5,10750
B20279281,21.894,AB-2,37.5,4900
B20279282,71.541,AB-2,37.5,6360
B20279283,72.099,AB-2,37.5,6360
B20279284,68.982,AB-2,37.5,6920
B20279285,34.623,AB-2,37.5,6200
B20279286,59.104,AB-2,37.5,4900
B20279287,61.77,AB-2,37.5,4900
B20279288,35.958,AB-2,37.5,4900
B20279289,27.292,AB-2,37.5,6400
B20279290,60.422,AB-2,37.5,4900
B20279291,39.031,AB-2,37.5,4900
B20279292,15.847,AB-2,37.5,5600
B20279293,43.402,AB-2,37.5,4900
B20279294,64.393,AB-2,37.5,4900
B20279295,35.635,UE501,40,6000
B20279296,65.129,UE501,40,4900
B20279297,29.635,UE501,40,4900
B20279298,41.432,UE501,40,4400
B20279299,34.285,UE501,40,7740
B20279300,23.063,UE501,40,5900
B20279301,23.477,UE501,40,5900
B20279302,52.765,UE501,40,4900
B20279303,57.125,UE501,40,3600
B20279304,56.11,UE501,40,4900
B20279305,55.252,UE501,40,4900
B20279306,124.034,UE501,40,5430
B20279307,46.899,UE501,40,6000
B20279308,52.133,UE501,40,5430
B20279309,77.874,UE501,40,4900
B20279310,56.355,UE501,40,6000
B20279311,62.063,UE501,40,4900
B20279312,86.475,UE501,40,4900
B20279313,61.492,UE501,40,4900
B20279314,34.327,UE501,40,6000
B20279315,42.91,UE501,40,4400
B20279316,29.429,UE501,40,4900
B20279317,55.404,UE501,40,5430
B20279318,61.589,UE501,40,4970
B20279319,29.285,UE501,40,4900
B20279320,47.578,UE501,40,5200
B20279321,122.865,UE501,40,5430
B20279322,60.861,UE501,40,4970
B20279323,42.677,UE501,40,5000
B20279324,22.573,UE501,40,5900
B20279325,74.422,UE501,40,5400
B20279326,44.598,UE501,40,5200
B20279327,22.84,UE501,40,5900
B20279328,56.359,UE501,40,3600
B20279329,124.209,UE501,40,5430
B20279330,27.699,UE501,40,4900
B20279331,133.068,UE501,40,4750
B20279332,56.205,UE501,40,3600
B20279333,49.027,UE501,40,5200
B20279334,63.71,UE501,40,6100
B20279335,72.805,UE501,40,5400
B20279336,34.162,UE501,40,7740
B20279337,21.627,UE501,40,5900
B20279338,61.894,UE501,40,4970
B20279339,58.22,UE501,40,4900
B20279340,48.288,UE501,40,6000
B20279341,83.214,UE501,40,4900
B20279342,48.108,UE501,40,5200
B20279343,24.099,UE501,40,4900
B20279344,74.934,UE501,40,4900
B20279345,60.538,UE501,40,4900
B20279346,85.241,UE501,40,4900
B20279347,58.257,UE501,40,4970
B20279348,27.965,UE501,40,4900
B20279349,48.766,UE501,40,4400
B20279350,74.077,UE501,40,5400
B20279351,71.157,UE501,40,4900
B20279352,85.182,UE501,40,4900
B20279353,55.87,UE501,40,5430
B20279354,70.656,UE501,40,5400
B20279355,46.48,UE501,40,6000
B20279356,34.358,UE501,40,7740
B20279357,29.483,UE501,40,4900
B20279358,56.478,UE501,40,4900
B20279359,97.777,SALE06,23,4900
B20279360,34.487,SALE06,23,4900
B20279361,35.522,SALE06,23,4900
B20279362,35.214,SALE06,23,4900
B20279363,50.688,SALE06,23,6100
B20279364,48.472,SALE06,23,4900
B20279365,29.737,SALE06,23,9950
B20279366,17.735,SALE06,23,4900
B20279367,34.975,SALE06,23,4900
B20279368,79.746,SALE06,23,6400
B20279369,26.935,SALE06,23,9950
B20279370,36.502,SALE06,23,4900
B20279371,107.071,SALE06,23,6100
B20279372,104.335,SALE06,23,4900
B20279373,35.297,SALE06,23,4900
B20279374,35.185,SALE06,23,6900
B20279375,29.415,SALE06,23,9950
B20279376,70.086,SALE06,23,6200
B20279377,97.432,SALE06,23,4900
B20279378,101.42,SALE06,23,7900
B20279379,27.479,SALE06,23,4900
B20279380,49.39,SALE06,23,4900
B20279381,28.244,SALE06,23,6400
B20279382,29.053,SALE06,23,4900
B20279383,101.585,SALE06,23,6900
B20279384,14.598,SALE06,23,6400
B20279385,53.893,SALE06,23,6400
B20279386,78.557,SALE06,23,4900
B20279387,36.801,SALE06,23,4900
B20279388,115.029,SALE06,23,9950
B20279389,84.855,SALE06,23,4900
B20279390,105.056,SALE06,23,9950
B20279391,51.459,SALE06,23,6400
B20279392,105.807,SALE06,23,4900
B20279393,17.27,SALE06,23,4900
B20279394,26.47,SALE06,23,6400
B20279395,51.129,SALE06,23,6400
B20279396,22.179,SALE06,23,8100
B20279397,28.948,SALE06,23,6400
B20279398,46.63,SALE06,23,4900
B20279399,34.518,SALE06,23,4900
B20279400,44.424,SALE06,23,6400
B20279401,45.897,SALE06,23,4900
B20279402,68.984,SALE06,23,6400
B20279403,130.4,SALE06,23,6200
B20279404,36.597,SALE06,23,4900
B20279405,53.598,SALE06,23,6400
B20279406,45.907,SALE06,23,6400
B20279407,117.57,SALE06,23,6400
B20279408,34.19,SALE06,23,4900
B20279409,29.014,42A,34,4900
B20279410,130.129,42A,34,5700
B20279411,111.401,42A,34,6100
B20279412,123.433,42A,34,6100
B20279413,123.754,42A,34,6100
B20279414,128.487,42A,34,5700
B20279415,129.227,42A,34,6100
B20279416,21.472,42A,34,4901
B20279417,33.172,42A,34,7250
B20279418,38.675,42A,34,7250
B20279419,40.592,42A,34,7250
B20279420,69.993,42A,34,5410
B20279421,21.754,42A,34,4901
B20279422,141.161,42A,34,6100
B20279423,139.929,42A,34,6100
B20279424,29.792,42A,34,5700
B20279425,21.957,42A,34,4901
B20279426,105.829,42A,34,6100
B20279427,143.796,42A,34,6100
B20279428,67.511,42A,34,5110
B20279429,41.322,42A,34,6100
B20279430,27.427,42A,34,4900
B20279431,27.244,42A,34,5700
B20279432,29.707,42A,34,7250
B20279433,104.422,42A,34,6100
B20279434,125.453,42A,34,5700
B20279435,23.063,42A,34,4901
B20279436,33.684,42A,34,7250
B20279437,29.523,42A,34,4900
B20279438,121.883,42A,34,5700
B20279439,104.474,42A,34,6100
B20279440,65.969,42A,34,5410
B20279441,64.113,42A,34,4901
B20279442,23.094,42A,34,4901
B20279443,44.331,42A,34,6100
B20279444,40.573,42A,34,7250
B20279445,130.994,42A,34,6100
B20279446,63.907,42A,34,4901
B20279447,39.64,42A,34,7250
B20279448,33.299,42A,34,6290
B20279449,122.64,42A,34,6100
B20279450,122.587,42A,34,6100
B20279451,38.129,42A,34,6290
B20279452,127.977,42A,34,6100
B20279453,33.999,42A,34,4901
B20279454,57.66,42A,34,4901
B20279455,64.483,SALE04,27.8,5100
B20279456,25.427,SALE04,27.8,4900
B20279457,25.788,SALE04,27.8,4900
B20279458,27.972,SALE04,27.8,5520
B20279459,22.785,SALE04,27.8,4480
B20279460,47.985,SALE04,27.8,5985
B20279461,28.958,SALE04,27.8,5520
B20279462,34.93,SALE04,27.8,4480
B20279463,35.097,SALE04,27.8,4820
B20279464,33.585,SALE04,27.8,4680
B20279465,60.444,SALE04,27.8,4900
B20279466,23.238,SALE04,27.8,4480
B20279467,67.308,SALE04,27.8,5148
B20279468,56.406,SALE04,27.8,5100
B20279469,31.281,SALE04,27.8,6100
B20279470,32.748,SALE04,27.8,4820
B20279471,25.965,SALE04,27.8,4900
B20279472,23.109,SALE04,27.8,4480
B20279473,64.345,SALE04,27.8,5100
B20279474,59.237,SALE04,27.8,4900
B20279475,38.775,SALE04,27.8,6010
B20279476,42.954,SALE04,27.8,6100
B20279477,28.131,SALE04,27.8,4480
B20279478,105.671,SALE04,27.8,4900
B20279479,26.054,SALE04,27.8,4900
B20279480,47.476,SALE04,27.8,5100
B20279481,27.385,SALE04,27.8,4680
B20279482,65.659,SALE04,27.8,5148
B20279483,29.599,SALE04,27.8,6100
B20279484,62.324,SALE04,27.8,4900
B20279485,53.394,SALE04,27.8,5100
B20279486,30.772,SALE04,27.8,6100
B20279487,48.063,SALE04,27.8,5985
B20279488,35.122,SALE04,27.8,4480
B20279489,34.661,SALE04,27.8,4480
B20279490,62.805,SALE04,27.8,5100
B20279491,42.955,SALE04,27.8,6100
B20279492,29.569,SALE04,27.8,4680
B20279493,75.97,SALE04,27.8,5100
B20279494,53.693,SALE04,27.8,5100
B20279495,78.016,SALE04,27.8,5100
B20279496,81.387,SALE04,27.8,5100
B20279497,29.046,SALE04,27.8,4480
B20279498,22.051,SALE04,27.8,4480
B20279499,38.889,SALE04,27.8,6010
B20279500,35.09,SALE04,27.8,4820
B20279501,35.102,UE502,50,6400
B20279502,28.566,UE502,50,7000
B20279503,22.767,UE502,50,5500
B20279504,100.815,UE502,50,3900
B20279505,26.784,UE502,50,7000
B20279506,23.389,UE502,50,5030
B20279507,22.671,UE502,50,5030
B20279508,51.766,UE502,50,4900
B20279509,47.976,UE502,50,5036
B20279510,25.631,UE502,50,7000
B20279511,34.547,UE502,50,4900
B20279512,36.266,UE502,50,4900
B20279513,27.123,UE502,50,7000
B20279514,35.522,UE502,50,4525
B20279515,52.274,UE502,50,4900
B20279516,32.996,UE502,50,4525
B20279517,50.006,UE502,50,4900
B20279518,23.307,UE502,50,5030
B20279519,54.685,UE502,50,3900
B20279520,36.825,UE502,50,6400
B20279521,55.106,UE502,50,4900
B20279522,28.056,UE502,50,4900
B20279523,85.919,UE502,50,4901
B20279524,23.226,UE502,50,5500
B20279525,36.12,UE502,50,6400
B20279526,17.245,UE502,50,5990
B20279527,76.871,UE502,50,4700
B20279528,71.808,UE502,50,4700
B20279529,34.606,UE502,50,4900
B20279530,33.773,UE502,50,4525
B20279531,52.549,UE502,50,4900
B20279532,21.058,UE502,50,4900
B20279533,27.452,UE502,50,4900
B20279534,29.392,UE502,50,4901
B20279535,36.771,UE502,50,6400
B20279536,75.125,UE502,50,4700
B20279537,26.636,UE502,50,7000
B20279538,60.662,UE502,50,4901
B20279539,50.315,UE502,50,5036
B20279540,22.057,UE502,50,5030
B20279541,26.661,UE502,50,4900
B20279542,33.339,UE502,50,4525
B20279543,70.381,UE502,50,4700
B20279544,23.658,UE502,50,5030
B20279545,27.887,UE502,50,4900
B20279546,16.682,UE502,50,5990
B20279547,56.996,GC-1,55,4900
B20279548,26.381,GC-1,55,6140
B20279549,29.434,GC-1,55,7900
B20279550,50.35,GC-1,55,6100
B20279551,17.148,GC-1,55,5840
B20279552,26.39,GC-1,55,4900
B20279553,25.841,GC-1,55,6140
B20279554,36.444,GC-1,55,6100
B20279555,49.244,GC-1,55,4900
B20279556,52.366,GC-1,55,6100
B20279557,30.8,GC-1,55,6400
B20279558,61.579,GC-1,55,7900
B20279559,28.663,GC-1,55,6400
B20279560,35.295,GC-1,55,7900
B20279561,30.831,GC-1,55,7900
B20279562,51.077,GC-1,55,4900
B20279563,26.119,GC-1,55,4900
B20279564,35.258,GC-1,55,6100
B20279565,124.027,GC-1,55,4900
B20279566,57.368,GC-1,55,4900
B20279567,61.499,GC-1,55,7900
B20279568,34.723,GC-1,55,6200
B20279569,106.99,GC-1,55,4900
B20279570,35.815,GC-1,55,7900
B20279571,107.312,GC-1,55,4900
B20279572,24.584,GC-1,55,6400
B20279573,28.617,GC-1,55,4901
B20279574,29.491,GC-1,55,7900
B20279575,38.154,GC-1,55,7900
B20279576,26.694,GC-1,55,6200
B20279577,35.382,GC-1,55,6100
B20279578,21.141,GC-1,55,6070
B20279579,27.055,GC-1,55,4900
B20279580,49.76,GC-1,55,6360
B20279581,37.118,GC-1,55,6100
B20279582,110.135,GC-1,55,6070
B20279583,36.462,GC-1,55,6100
B20279584,29.623,GC-1,55,6400
B20279585,29.661,GC-1,55,6400
B20279586,46.254,GC-1,55,6200
B20279587,20.723,GC-1,55,6070
B20279588,51.655,GC-1,55,4900
B20279589,28.903,GC-1,55,6400
B20279590,30.955,GC-1,55,6400
B20279591,22.043,SALE08,36,6400
B20279592,56.04,SALE08,36,4901
B20279593,18.129,SALE08,36,4900
B20279594,123.525,SALE08,36,4900
B20279595,48.684,SALE08,36,4900
B20279596,33.136,SALE08,36,4900
B20279597,28.765,SALE08,36,6400
B20279598,34.589,SALE08,36,4900
B20279599,51.626,SALE08,36,4900
B20279600,66.827,SALE08,36,6400
B20279601,35.546,SALE08,36,4901
B20279602,35.011,SALE08,36,4900
B20279603,40.987,SALE08,36,4901
B20279604,50.636,SALE08,36,4900
B20279605,34.642,SALE08,36,6400
B20279606,36.14,SALE08,36,4901
B20279607,66.325,SALE08,36,6400
B20279608,37.683,SALE08,36,4900
B20279609,53.132,SALE08,36,4900
B20279610,23.694,SALE08,36,6400
B20279611,29.137,SALE08,36,6400
B20279612,42.96,SALE08,36,4900
B20279613,56.086,SALE08,36,4901
B20279614,22.276,SALE08,36,6400
B20279615,34.039,SALE08,36,4900
B20279616,23.312,SALE08,36,4901
B20279617,123.963,SALE08,36,4900
B20279618,25.113,SALE08,36,4900
B20279619,44.918,SALE08,36,4900
B20279620,34.648,SALE08,36,6400
B20279621,23.371,SALE08,36,4901
B20279622,36.581,SALE08,36,4900
B20279623,66.342,SALE08,36,6400
B20279624,16.925,SALE08,36,4900
B20279625,29.767,SALE08,36,6400
B20279626,17.877,SALE08,36,4900
B20279627,22.531,SALE08,36,6400
B20279628,66.127,SALE08,36,6400
B20279629,42.706,SALE08,36,4900
B20279630,123.918,SALE08,36,4901
B20279631,41.54,SALE08,36,4900
B20279632,56.455,SALE08,36,4901
B20279633,123.153,SALE08,36,4900
B20279634,21.304,SALE08,36,6400
B20279635,124.948,GC-5,32,4780
B20279636,26.396,GC-5,32,4900
B20279637,29.351,GC-5,32,5330
B20279638,29.534,GC-5,32,5400
B20279639,73.273,GC-5,32,4901
B20279640,93.357,GC-5,32,5400
B20279641,54.514,GC-5,32,4900
B20279642,119.093,GC-5,32,4780
B20279643,100.82,GC-5,32,5400
B20279644,73.013,GC-5,32,4901
B20279645,53.117,GC-5,32,5400
B20279646,18.199,GC-5,32,4525
B20279647,91.463,GC-5,32,4900
B20279648,50.63,GC-5,32,4900
B20279649,23.076,GC-5,32,4950
B20279650,73.775,GC-5,32,4901
B20279651,52.468,GC-5,32,4780
B20279652,26.452,GC-5,32,4900
B20279653,37.325,GC-5,32,4750
B20279654,36.236,GC-5,32,5995
B20279655,22.361,GC-5,32,5300
B20279656,23.262,GC-5,32,5300
B20279657,21.052,GC-5,32,6100
B20279658,22.396,GC-5,32,4950
B20279659,96.91,GC-5,32,4900
B20279660,51.136,GC-5,32,4900
B20279661,71.321,GC-5,32,4901
B20279662,32.744,GC-5,32,4525
B20279663,22.902,GC-5,32,5300
B20279664,26.462,GC-5,32,5080
B20279665,57,GC-5,32,4900
B20279666,94.676,GC-5,32,5400
B20279667,22.234,GC-5,32,5300
B20279668,22.669,GC-5,32,6100
B20279669,21.782,GC-5,32,6100
B20279670,49.568,GC-5,32,5400
B20279671,53.092,GC-5,32,4900
B20279672,94.742,GC-5,32,5400
B20279673,30.026,GC-5,32,5330
B20279674,22.167,GC-5,32,4950
B20279675,68.404,GC-5,32,5080
B20279676,18.919,GC-5,32,5330
B20279677,76.105,Z30,23,5300
B20279678,43.452,Z30,23,9340
B20279679,45.571,Z30,23,4900
B20279680,35.21,Z30,23,10900
B20279681,52.655,Z30,23,8100
B20279682,132.317,Z30,23,9340
B20279683,56.805,Z30,23,5300
B20279684,41.8,Z30,23,9340
B20279685,55.932,Z30,23,8780
B20279686,42.162,Z30,23,9340
B20279687,53.446,Z30,23,8780
B20279688,33.149,Z30,23,4900
B20279689,70.692,Z30,23,11000
B20279690,32.844,Z30,23,11000
B20279691,80.932,Z30,23,5300
B20279692,74.052,Z30,23,7400
B20279693,45.623,Z30,23,4900
B20279694,35.614,Z30,23,10060
B20279695,131.327,Z30,23,9340
B20279696,33.142,Z30,23,10060
B20279697,35.231,Z30,23,10060
B20279698,36.448,Z30,23,9340
B20279699,53.905,Z30,23,8100
B20279700,90.636,Z30,23,8970
B20279701,82.19,Z30,23,6300
B20279702,78.274,Z30,23,5300
B20279703,44.068,Z30,23,10060
B20279704,81.96,Z30,23,4900
B20279705,54.773,Z30,23,8780
B20279706,35.495,Z30,23,10060
B20279707,76.328,Z30,23,8970
B20279708,75.471,Z30,23,5300
B20279709,75.104,Z30,23,7400
B20279710,43.424,Z30,23,6600
B20279711,32.623,Z30,23,4900
B20279712,47.676,Z30,23,10060
B20279713,76.899,Z30,23,5300
B20279714,38.149,Z30,23,10900
B20279715,77.876,Z30,23,6300
B20279716,54.116,Z30,23,8780
B20279717,29.922,Z30,23,11000
B20279718,83.05,Z30,23,6300
B20279719,19.002,SALE07,34,7900
B20279720,15.485,SALE07,34,4900
B20279721,22.262,SALE07,34,4900
B20279722,16.754,SALE07,34,4900
B20279723,16.484,SALE07,34,4901
B20279724,17.678,SALE07,34,4900
B20279725,26.497,SALE07,34,4900
B20279726,84.233,SALE07,34,4900
B20279727,16.98,SALE07,34,4900
B20279728,18.177,SALE07,34,4900
B20279729,21.555,SALE07,34,4900
B20279730,16.969,SALE07,34,7900
B20279731,59.953,SALE07,34,6400
B20279732,15.645,SALE07,34,4900
B20279733,37.582,SALE07,34,4900
B20279734,17.202,SALE07,34,4900
B20279735,50.561,SALE07,34,6400
B20279736,25.926,SALE07,34,4900
B20279737,49.921,SALE07,34,4900
B20279738,50.32,SALE07,34,4900
B20279739,58.825,SALE07,34,4900
B20279740,65.592,SALE07,34,4900
B20279741,17.426,SALE07,34,4900
B20279742,25.468,SALE07,34,4900
B20279743,16.084,SALE07,34,4900
B20279744,47.292,SALE07,34,4900
B20279745,62.485,SALE07,34,4900
B20279746,14.943,SALE07,34,4900
B20279747,27.153,SALE07,34,4900
B20279748,47.739,SALE07,34,4901
B20279749,35.334,SALE07,34,4901
B20279750,51.281,SALE07,34,4900
B20279751,47.187,SALE07,34,4900
B20279752,16.041,SALE07,34,4900
B20279753,17.591,SALE07,34,4900
B20279754,62.578,SALE07,34,4900
B20279755,60.248,SALE07,34,4900
B20279756,17.858,SALE07,34,4900
B20279757,26.455,SALE07,34,6400
B20279758,16.005,SALE07,34,4900
B20279759,74.267,UE503,45,6400
B20279760,16.72,UE503,45,4400
B20279761,28.184,UE503,45,6400
B20279762,30.415,UE503,45,6400
B20279763,23.689,UE503,45,6400
B20279764,96.734,UE503,45,5800
B20279765,16.393,UE503,45,4400
B20279766,46.906,UE503,45,8650
B20279767,28.452,UE503,45,6400
B20279768,38.842,UE503,45,6400
B20279769,16.168,UE503,45,6400
B20279770,76.463,UE503,45,4400
B20279771,23.524,UE503,45,6400
B20279772,23.45,UE503,45,4400
B20279773,76.234,UE503,45,4400
B20279774,93.846,UE503,45,5800
B20279775,54.296,UE503,45,6600
B20279776,45.135,UE503,45,7900
B20279777,46.671,UE503,45,8650
B20279778,22.141,UE503,45,6400
B20279779,53.44,UE503,45,6600
B20279780,46.558,UE503,45,8650
B20279781,96.851,UE503,45,5800
B20279782,29.198,UE503,45,6400
B20279783,47.153,UE503,45,4400
B20279784,46.884,UE503,45,7900
B20279785,70.3,UE503,45,4400
B20279786,48.734,UE503,45,7900
B20279787,16.517,UE503,45,6400
B20279788,40.585,UE503,45,7900
B20279789,53.193,UE503,45,6600
B20279790,123.797,UE503,45,7900
B20279791,17.193,UE503,45,6400
B20279792,23.887,UE503,45,6400
B20279793,37.834,UE503,45,7900
B20279794,42.61,UE503,45,7900
B20279795,37.035,UE503,45,4400
B20279796,60.742,UE503,45,4850
B20279797,99.511,UE503,45,5800
B20279798,55.555,UE503,45,6600
B20279799,22.369,SALE03,24,7850
B20279800,142.709,SALE03,24,5370
B20279801,117.998,SALE03,24,4901
B20279802,35.041,SALE03,24,4900
B20279803,41.897,SALE03,24,5215
B20279804,35.477,SALE03,24,4900
B20279805,122.029,SALE03,24,4901
B20279806,143.834,SALE03,24,5370
B20279807,30.42,SALE03,24,4900
B20279808,40.275,SALE03,24,5215
B20279809,101.364,SALE03,24,4901
B20279810,142.953,SALE03,24,4901
B20279811,85.491,SALE03,24,4901
B20279812,40.751,SALE03,24,5215
B20279813,146.368,SALE03,24,5370
B20279814,116.638,SALE03,24,4901
B20279815,21.244,SALE03,24,7850
B20279816,29.557,SALE03,24,4900
B20279817,49.408,SALE03,24,5900
B20279818,33.72,SALE03,24,5215
B20279819,34.595,SALE03,24,4900
B20279820,41.211,SALE03,24,5215
B20279821,34.082,SALE03,24,4900
B20279822,126.446,SALE03,24,4901
B20279823,119.496,SALE03,24,4901
B20279824,84.698,SALE03,24,4901
B20279825,128.062,SALE03,24,4900
B20279826,63.12,SALE03,24,4900
B20279827,100.537,SALE03,24,4901
B20279828,119.743,SALE03,24,4901
B20279829,66.769,SALE03,24,4900
B20279830,96.265,SALE03,24,7850
B20279831,123.78,SALE03,24,4901
B20279832,120.251,SALE03,24,4901
B20279833,93.307,SALE03,24,7850
B20279834,86.598,SALE03,24,4901
B20279835,127.564,SALE03,24,5370
B20279836,28.447,SALE03,24,5215
B20279837,41.653,UE505,40,4900
B20279838,72.018,UE505,40,4900
B20279839,24.255,UE505,40,4900
B20279840,24.531,UE505,40,4900
B20279841,43.199,UE505,40,4900
B20279842,34.968,UE505,40,4901
B20279843,41.882,UE505,40,4100
B20279844,43.221,UE505,40,7000
B20279845,18.133,UE505,40,4901
B20279846,40.34,UE505,40,4100
B20279847,84.461,UE505,40,4900
B20279848,54.952,UE505,40,8280
B20279849,13.61,UE505,40,4900
B20279850,30.253,UE505,40,4900
B20279851,126.391,UE505,40,4900
B20279852,40.571,UE505,40,4100
B20279853,15.716,UE505,40,7000
B20279854,121.117,UE505,40,4900
B20279855,85.474,UE505,40,4900
B20279856,35.104,UE505,40,4900
B20279857,35.134,UE505,40,4901
B20279858,54.078,UE505,40,8280
B20279859,13.114,UE505,40,4900
B20279860,45.629,UE505,40,6900
B20279861,13.581,UE505,40,4900
B20279862,36.111,UE505,40,8280
B20279863,16.213,UE505,40,7000
B20279864,121.715,UE505,40,4100
B20279865,15.695,UE505,40,7000
B20279866,36.327,UE505,40,4900
B20279867,36.391,UE505,40,4900
B20279868,43.228,UE505,40,4100
B20279869,70.136,UE505,40,7000
B20279870,38.213,UE505,40,4900
B20279871,36.456,UE505,40,4900
B20279872,34.263,UE505,40,4901
B20279873,23.163,SALE05,23,4901
B20279874,14.308,SALE05,23,6100
B20279875,46.997,SALE05,23,4530
B20279876,21.831,SALE05,23,7900
B20279877,21.289,SALE05,23,5944
B20279878,40.297,SALE05,23,6100
B20279879,35.366,SALE05,23,4840
B20279880,21.971,SALE05,23,4840
B20279881,36.165,SALE05,23,4900
B20279882,23.426,SALE05,23,5944
B20279883,22.481,SALE05,23,4901
B20279884,23.391,SALE05,23,7900
B20279885,14.41,SALE05,23,6100
B20279886,39.318,SALE05,23,6100
B20279887,27.014,SALE05,23,8100
B20279888,48.167,SALE05,23,6100
B20279889,22.152,SALE05,23,6105
B20279890,29.479,SALE05,23,5176
B20279891,31.96,SALE05,23,4900
B20279892,44.413,SALE05,23,4530
B20279893,15.447,SALE05,23,6105
B20279894,41.604,SALE05,23,6100
B20279895,29.35,SALE05,23,5176
B20279896,22.455,SALE05,23,4901
B20279897,49.743,SALE05,23,6300
B20279898,34.921,SALE05,23,4900
B20279899,39.24,SALE05,23,5348
B20279900,23.23,SALE05,23,4670
B20279901,47.109,SALE05,23,4530
B20279902,22.905,SALE05,23,6105
B20279903,38.614,SALE05,23,5348
B20279904,21.373,SALE05,23,4840
B20279905,22.372,SALE05,23,7900
B20279906,49.465,SALE05,23,6300
B20279907,25.279,UE505,37.5,4900
B20279908,126.428,UE505,37.5,4400
B20279909,33.84,UE505,37.5,5300
B20279910,27.071,UE505,37.5,5300
B20279911,74.044,UE505,37.5,4400
B20279912,23.924,UE505,37.5,4900
B20279913,25.398,UE505,37.5,3900
B20279914,27.791,UE505,37.5,3900
B20279915,26.095,UE505,37.5,6900
B20279916,22.902,UE505,37.5,4900
B20279917,69.493,UE505,37.5,4400
B20279918,58.156,UE505,37.5,4900
B20279919,74.553,UE505,37.5,4400
B20279920,26.091,UE505,37.5,3900
B20279921,75.239,UE505,37.5,5300
B20279922,29.543,UE505,37.5,5300
B20279923,36.615,UE505,37.5,5300
B20279924,22.384,UE505,37.5,4900
B20279925,35.32,UE505,37.5,5300
B20279926,25.579,UE505,37.5,3900
B20279927,25.258,UE505,37.5,6900
B20279928,59.006,UE505,37.5,4900
B20279929,36.15,UE505,37.5,5300
B20279930,66.853,UE505,37.5,3900
B20279931,21.766,UE505,37.5,4900
B20279932,27.84,UE505,37.5,5300
B20279933,29.998,UE505,37.5,4400
B20279934,28.218,UE505,37.5,5300
B20279935,29.322,UE505,37.5,4900
B20279936,40.924,UE505,37.5,4900
B20279937,25.037,SALE01,34,9140
B20279938,21.242,SALE01,34,5750
B20279939,89.204,SALE01,34,5110
B20279940,26.122,SALE01,34,9140
B20279941,78.228,SALE01,34,4900
B20279942,45.885,SALE01,34,6100
B20279943,90.51,SALE01,34,5110
B20279944,15.463,SALE01,34,4900
B20279945,37.669,SALE01,34,6100
B20279946,75.429,SALE01,34,4900
B20279947,49.221,SALE01,34,6100
B20279948,48.113,SALE01,34,6100
B20279949,15.392,SALE01,34,4900
B20279950,22.953,SALE01,34,5750
B20279951,75.179,SALE01,34,4900
B20279952,44.991,SALE01,34,4900
B20279953,44.166,SALE01,34,4900
B20279954,29.383,SALE01,34,5110
B20279955,21.309,SALE01,34,5110
B20279956,38.983,SALE01,34,5110
B20279957,26.15,SALE01,34,9140
B20279958,41.814,SALE01,34,4901
B20279959,12.54,SALE02,24,6065
B20279960,31.458,SALE02,24,4900
B20279961,131.773,SALE02,24,4900
B20279962,36.422,SALE02,24,4900
B20279963,31.201,SALE02,24,4900
B20279964,21.026,SALE02,24,6065
B20279965,38.564,SALE02,24,4900
B20279966,22.777,SALE02,24,6065
B20279967,12.661,SALE02,24,4900
B20279968,13.402,SALE02,24,4900
B20279969,33.137,SALE02,24,4900
B20279970,129.645,SALE02,24,4900
B20279971,55.433,SALE02,24,6335
B20279972,31.419,SALE02,24,4900
B20279973,20.249,SALE02,24,4900
B20279974,22.209,SALE02,24,6065
B20279975,38.563,SALE02,24,4900
B20279976,59.626,SALE02,24,6335
B20279977,13.571,SALE02,24,4900
B20279978,19.696,SALE02,24,4900
B20279979,31.159,SALE02,24,4900
B20279980,38.407,SALE02,24,4900
B20279981,97.64,XL2,38,5210
B20279982,22.409,XL2,38,4900
B20279983,45.466,XL2,38,5210
B20279984,46.72,XL2,38,5210
B20279985,49.092,XL2,38,5210
B20279986,23.056,XL2,38,4900
B20279987,93.842,XL2,38,5210
B20279988,34.996,XL2,38,4900
B20279989,25.85,XL2,38,4900
B20279990,92.48,XL2,38,5210
B20279991,35.996,XL2,38,4900
B20279992,49.608,XL2,38,5210
B20279993,35.633,XL2,38,4900
B20279994,64.226,XL2,38,5210
B20279995,93.813,XL2,38,5210
B20279996,21.124,XL2,38,4900
B20279997,34.912,XL2,38,4900
B20279998,26.895,XL2,38,4900
B20279999,65.166,XL2,38,4900
B20280000,47.478,XL2,38,5210
